Gene	n_pathogenic_likely_pathogenic	n_plp_ge1star
-	62	37
A-GAMMA3'E;BGLT3;HBE1;HBG1;HBG2;HS-E1;LOC106099064;LOC106099065;LOC109951029	1	0
A2ML1	1	1
A4GALT	1	0
AAAS	125	120
AAGAB	32	30
AAR2	1	0
AARS1	85	77
AARS2	74	70
AARS2;POLR1C	1	1
AASS	23	17
ABAT	46	43
ABCA1	83	69
ABCA12	214	204
ABCA12;SNHG31	3	3
ABCA13	4	4
ABCA2	17	16
ABCA3	149	143
ABCA4	1536	1442
ABCA4;LOC126805793	8	8
ABCA4;LOC126805794	5	5
ABCA5	9	8
ABCA7	25	22
ABCA8	1	0
ABCB1	4	0
ABCB11	394	390
ABCB4	257	251
ABCB6	9	1
ABCB7	10	7
ABCB7;LOC130068449;UPRT	1	1
ABCC1	1	0
ABCC1;ABCC6;CEP20;LOC112340382;LOC121587532;LOC125146420;LOC125146421;LOC126862300;MYH11	1	0
ABCC2	212	206
ABCC6	309	232
ABCC6;LOC125146421	1	1
ABCC8	482	472
ABCC9	108	102
ABCD1	522	511
ABCD1;PLXNB3-AS1	5	5
ABCD3	1	0
ABCD4	47	45
ABCG5	68	63
ABCG5;DYNC2LI1	4	4
ABCG8	64	60
ABHD12	62	53
ABHD12;LOC126863008	1	1
ABHD14A-ACY1;ACY1	2	2
ABHD16A	8	5
ABHD5	33	25
ABL1	27	19
ACACA	2	0
ACAD8	38	37
ACAD9	196	195
ACADM	387	375
ACADS	96	85
ACADSB	45	45
ACADVL	542	524
ACADVL;DLG4	1	1
ACADVL;DVL2	4	4
ACAN	227	196
ACAT1	217	216
ACBD5	24	23
ACBD6	7	4
ACD	6	6
ACE	68	65
ACER3	6	5
ACKR1	1	0
ACKR3	1	0
ACO2	88	76
ACO2;LOC130067544	3	2
ACO2;POLR3H	6	6
ACOT1	1	0
ACOX1	82	77
ACOX2	2	1
ACP4	13	9
ACP5	42	38
ACP6	1	1
ACR	1	0
ACR;LOC105373100;LOC126863188;LOC130067888;RABL2B;SHANK3	2	0
ACR;LOC105373100;LOC126863188;LOC130067888;SHANK3	6	3
ACSF3	191	190
ACSF3;CDH15;LINC00304;LINC02138;LOC125177394;LOC130059792;LOC130059793;LOC130059794;LOC132090442	1	1
ACSL4	15	11
ACSL5	1	0
ACTA1	242	231
ACTA2	41	37
ACTA2;ACTA2-AS1	2	2
ACTB	145	122
ACTC1	25	24
ACTC1;GJD2-DT	2	2
ACTG1	64	61
ACTG2	42	39
ACTL6B	57	39
ACTL6B;TFR2	1	1
ACTL7A	8	2
ACTL9	3	0
ACTN1	24	19
ACTN2	27	23
ACTN4	19	13
ACTR2	1	1
ACTRT3;LOC110806306;TERC	1	0
ACVR1	10	5
ACVR1B	3	0
ACVR2A;LOC126806366;LOC129934884;LOC129934885;LOC129934886;LOC129934887;LOC129934888;MBD5;ORC4	3	1
ACVRL1	578	561
ACY1	13	8
ADA	172	169
ADA2	90	86
ADA;PKIG	1	1
ADAD2	1	1
ADAM10	4	0
ADAM17	26	25
ADAM17;IAH1	1	1
ADAM22	8	5
ADAM9	33	27
ADAM9;LOC130000261	1	1
ADAMTS1	1	1
ADAMTS10	37	33
ADAMTS13	144	122
ADAMTS15	5	2
ADAMTS16	1	0
ADAMTS17	74	69
ADAMTS18	66	63
ADAMTS19	11	6
ADAMTS2	128	123
ADAMTS3	3	1
ADAMTS6	1	1
ADAMTS9	1	0
ADAMTSL1;CNTLN;LOC114827838;LOC126860587;LOC130001567;LOC132089669;MIR3152;SH3GL2	1	0
ADAMTSL2	25	19
ADAMTSL4	168	166
ADAMTSL4;ADAMTSL4-AS1;ADAMTSL4-AS2	1	1
ADAMTSL4;ADAMTSL4-AS2	9	9
ADAMTSL4;LOC129931410	2	2
ADAR	116	99
ADARB1	6	0
ADAT3	4	3
ADAT3;SCAMP4	1	1
ADCY1	1	1
ADCY10	32	31
ADCY3	13	8
ADCY5	57	50
ADCY6	3	0
ADD1	1	0
ADD3	1	1
ADGB;ADGB-DT;GRM1;LOC114004398;LOC129997388;RAB32	1	0
ADGRB2	1	0
ADGRB3	2	0
ADGRE2	1	1
ADGRF3;DRC1;LOC129933331;LOC129933332;LOC129933333;SELENOI	1	1
ADGRG1	128	122
ADGRG2	11	10
ADGRG4;FHL1;LOC125467787;LOC126863327;LOC130068748;MAP7D3	1	1
ADGRG6	10	10
ADGRL1	32	32
ADGRL1;ADGRL1-AS1	2	2
ADGRV1	716	670
ADH5	4	2
ADIPOQ	2	0
ADIPOR1	1	1
ADK	14	11
ADNP	177	165
ADNP-AS1;DPM1	1	1
ADPRS	23	21
ADRA2A	1	0
ADRA2B	1	0
ADRB1	1	0
ADSL	69	66
ADSS1	31	30
AEBP1	48	47
AFF2	18	13
AFF2;FRAXE;LOC107048984	1	1
AFF3	13	9
AFF4	6	5
AFG2A	100	97
AFG2B	19	15
AFG3L2	67	55
AFP	4	2
AGA	129	114
AGAP1;LOC112840912	1	1
AGBL5	49	45
AGGF1	1	1
AGK	56	46
AGL	678	649
AGMAT	1	0
AGMO	5	4
AGO1	16	14
AGO2	22	20
AGPAT2	37	28
AGPAT3	1	0
AGPAT5	1	0
AGPS	33	32
AGR2	10	9
AGRN	69	63
AGRN;LOC126805576;LOC129929075	1	1
AGT	17	14
AGT;CAPN9;COG2;LOC110121263;LOC122152334	1	1
AGTPBP1	25	20
AGTR1	13	12
AGXT	343	274
AHCY	19	16
AHDC1	190	166
AHI1	274	265
AHI1-DT;LINC02524;LOC126859801;LOC129997227	1	1
AHR	9	6
AHSG	1	1
AICDA	38	34
AIFM1	47	26
AIFM1;RAB33A	2	2
AIFM3;CRKL;LINC01637;LOC130067012;LOC130067013	1	1
AIMP1	23	21
AIMP2	7	7
AIP	74	67
AIPL1	89	79
AIRE	239	219
AK1	11	5
AK2	35	29
AK7	1	1
AK9	5	2
AK9;FIG4;LOC129389608;LOC129996970;LOC129996971	1	0
AKAP3	3	2
AKAP9	3	1
AKR1C2	5	1
AKR1D1	30	29
AKT1	4	2
AKT2	2	2
AKT3	21	19
AKT3;AKT3-IT1	1	0
ALAD	6	3
ALAS2	50	33
ALB	22	12
ALDH18A1	62	56
ALDH1A2	4	0
ALDH1A3	23	18
ALDH1A3;ALDH1A3-AS1	5	5
ALDH1B1	1	1
ALDH1L2	1	1
ALDH3A1	1	0
ALDH3A2	189	161
ALDH4A1	26	26
ALDH5A1	151	150
ALDH6A1	7	1
ALDH6A1;BBOF1	1	1
ALDH7A1	199	195
ALDOA	12	10
ALDOA;LOC112694756	1	1
ALDOB	143	111
ALG1	123	114
ALG10	2	2
ALG11	17	11
ALG12	43	40
ALG13	13	9
ALG14	1	0
ALG2	13	7
ALG3	40	34
ALG5	10	5
ALG6	156	152
ALG8	66	55
ALG9	37	34
ALK	20	5
ALKAL1;LOC108281129;LOC126860387;LOC129389987;RB1CC1	2	2
ALKAL1;LOC126860387;LOC129389987;LOC130000361;LOC130000362;RB1CC1	1	1
ALKBH8	10	9
ALMS1	1065	971
ALMS1;ALMS1-IT1	1	1
ALMS1;LOC126806252;NAT8	1	1
ALOX12B	155	85
ALOX12B;LOC130060196	1	1
ALOXE3	80	55
ALPI	1	1
ALPK1	3	2
ALPK3	292	289
ALPL	535	526
ALS2	124	111
ALX1	3	1
ALX3	10	4
ALX4	25	13
AMACR	3	3
AMACR;C1QTNF3-AMACR	1	1
AMBN	5	1
AMDHD2;ATP6V0C	1	1
AMELX	21	8
AMELX;ARHGAP6	2	2
AMER1	55	47
AMER3	1	0
AMFR	7	2
AMH	35	30
AMHR2	50	44
AMMECR1	15	12
AMN	78	64
AMOT	1	1
AMOTL1	6	4
AMPD1	5	5
AMPD2	51	44
AMPD2;LOC126805822	1	1
AMPD3	4	4
AMT	156	147
AMTN	1	0
ANAPC1	3	0
ANAPC7	1	0
ANG	7	1
ANGPT2	3	0
ANGPT2;MCPH1	1	1
ANGPTL3	15	10
ANGPTL3;DOCK7	1	1
ANK1	510	499
ANK1;LOC124153154	4	4
ANK1;LOC126860368	2	2
ANK1;LOC126860369	1	1
ANK2	96	89
ANK3	30	28
ANKH	12	7
ANKH;ANKH-DT	1	1
ANKLE2	8	6
ANKRD11	746	693
ANKRD11;LOC130059812;LOC130059813;LOC130059814	1	1
ANKRD11;TRAPPC2L	1	1
ANKRD17	53	49
ANKRD24	1	1
ANKRD26	13	13
ANKRD31	3	3
ANKRD36	2	0
ANKRD44	1	1
ANKS1B	2	2
ANKS3	1	0
ANKS6	37	34
ANLN	2	2
ANO1	3	1
ANO10	75	74
ANO3	13	9
ANO4	7	6
ANO5	193	187
ANO6	39	35
ANOS1	101	83
ANTXR1	11	9
ANTXR2	45	36
ANXA11	6	6
ANXA7	1	1
AOPEP	10	9
AOPEP;FANCC	2	2
AP1B1	12	3
AP1G1	27	22
AP1G2	1	0
AP1S1	9	9
AP1S2	25	20
AP2M1	2	2
AP2S1	3	3
AP3B1	82	73
AP3B2	51	48
AP3B2;CPEB1-AS1	2	2
AP3D1	1	0
AP4B1	65	50
AP4E1	36	26
AP4M1	69	62
AP4S1	26	21
AP5B1	6	6
AP5M1	2	2
AP5Z1	73	69
APBB1;SMPD1	2	2
APC	2631	2553
APC2	28	19
APCDD1	1	0
APOA1	33	14
APOA1;APOA1-AS	1	0
APOA2	3	2
APOA4	2	0
APOA5	16	14
APOA5;ZPR1	1	1
APOB	259	240
APOC2	18	12
APOC3	2	0
APOE	19	9
APOH	1	0
APOO	1	1
APP	29	24
APPL1	3	1
APRT	77	45
APRT;LOC130059760	1	1
APTX	39	34
AQP1	3	2
AQP2	77	72
AQP2;AQP5-AS1	1	1
AQP4	2	0
AQP5	5	2
AR	388	318
AR;LOC109504725	1	1
AR;LOC109504725;LOC113875036;OPHN1	1	0
ARB2A;KIAA0825;LOC110120641;LOC123497939;LOC129389322;LOC129994216;LOC129994217;MIR2277;POU5F2	1	1
ARCN1	35	30
ARF1	12	11
ARF3	10	10
ARFGEF1	75	71
ARFGEF1;CSPP1	1	1
ARFGEF2	28	26
ARG1	150	141
ARHGAP10;LOC110121259;LOC126807185;LOC129993214;NR3C2	1	0
ARHGAP11A	1	1
ARHGAP19	4	1
ARHGAP21	1	1
ARHGAP29	8	8
ARHGAP31	5	3
ARHGAP32	2	2
ARHGAP35	19	19
ARHGAP36	1	0
ARHGAP42	2	0
ARHGAP4;AVPR2	1	1
ARHGAP5	2	1
ARHGDIA	4	1
ARHGEF10;CLN8;CLN8-AS1;LOC121740708;LOC126860277;LOC126860278;LOC126860279;MIR3674;MIR596	1	1
ARHGEF10L	1	1
ARHGEF15	1	1
ARHGEF18	39	37
ARHGEF2	2	1
ARHGEF25	1	0
ARHGEF26	1	1
ARHGEF9	53	51
ARID1A	155	125
ARID1B	616	567
ARID1B;LOC115308161;LOC129997523	1	1
ARID1B;LOC115308161;LOC129997525	1	1
ARID1B;LOC129389697;LOC129389698;LOC129997535;LOC129997536;LOC129997537;LOC129997538;LOC129997539;LOC129997540	1	0
ARID2	117	113
ARID2;LINC00938;LOC130007727;LOC130007728	2	0
ARID2;LOC130007728	1	0
ARID4A	1	0
ARIH2	1	0
ARL13B	44	43
ARL14EP	1	1
ARL16	1	1
ARL2	1	0
ARL2BP	18	13
ARL3	3	3
ARL6	53	43
ARL6IP1	7	6
ARL6IP6;LOC129934936	1	1
ARMC12	3	0
ARMC2	8	3
ARMC5	36	23
ARMC5;LOC130058906	2	2
ARMC9	56	52
ARMC9;LOC129935819	1	1
ARMS2;HTRA1	1	1
ARNT2	10	9
ARPC1B	29	22
ARPC4	1	1
ARPC5	1	0
ARPP21	1	1
ARR3	13	8
ARRDC1;ARRDC1-AS1;EHMT1;LOC130003132;LOC130003133;LOC130003134;LOC130003135	1	1
ARSA	400	355
ARSB	261	259
ARSF;ARSH;ARSL;LINC01546;LOC126863190;LOC129391292;LOC130067892;MXRA5;SNORA48B	1	1
ARSG	42	37
ARSG;PRKAR1A	2	2
ARSK	4	1
ARSL	44	39
ARV1	18	18
ARX	145	131
ASAH1	129	120
ASAH1;LOC129999940	1	1
ASCC1	30	27
ASCC3	13	5
ASCL5	1	1
ASH1L	113	102
ASH2L	1	1
ASIC2	2	1
ASIC5	1	0
ASL	256	252
ASNS	167	157
ASPA	186	180
ASPA;SPATA22	3	3
ASPH	30	25
ASPM	369	350
ASPRV1	3	0
ASS1	233	216
ASTL	1	0
ASTN1	2	2
ASTN2	2	1
ASTN2;LOC130002464;LOC130002465;LOC130002466;TRIM32	3	3
ASTN2;TRIM32	2	1
ASXL1	154	140
ASXL2	28	22
ASXL3	257	236
ATAD1	3	3
ATAD3A	27	25
ATCAY	4	3
ATE1;FGFR2;LOC124416921;LOC124416922;LOC126861065;LOC130004864;LOC130004865;LOC132089750	1	1
ATF6	51	43
ATG12	4	4
ATG4D	5	0
ATG7	9	4
ATG9B	1	1
ATIC	10	8
ATL1	94	91
ATL3	3	1
ATM	3862	3790
ATM;C11ORF65	11	11
ATM;C11ORF65;LOC128772356;LOC129390354	1	1
ATN1	13	8
ATN1;LOC109461484	1	0
ATOH1	3	3
ATOH7	5	1
ATP11A	7	3
ATP11C	3	2
ATP13A2	99	90
ATP13A3	7	7
ATP1A1	28	20
ATP1A2	141	133
ATP1A3	173	162
ATP2A1	70	66
ATP2A2	102	81
ATP2A2;LOC126861637	1	1
ATP2B1	50	49
ATP2B2	64	59
ATP2B3	10	7
ATP2C1	69	58
ATP5F1A	6	5
ATP5F1B	1	1
ATP5F1D	2	0
ATP5F1E	1	0
ATP5MC3	3	1
ATP5ME;MYL5;SLC49A3;PDE6B	1	0
ATP5ME;PDE6B	2	2
ATP5MK	3	2
ATP5PO	4	4
ATP6AP1	12	8
ATP6AP1;FAM50A;GDI1	1	1
ATP6AP2	6	3
ATP6V0A1	13	6
ATP6V0A2	81	74
ATP6V0A4	96	89
ATP6V0C	21	15
ATP6V1A	27	21
ATP6V1B1	130	129
ATP6V1B2	19	17
ATP6V1C1	1	1
ATP6V1C2	1	0
ATP6V1E1	1	1
ATP7A	261	255
ATP7A;PGAM4	1	1
ATP7B	900	881
ATP8A1	1	0
ATP8A2	57	53
ATP8B1	176	172
ATP8B3	1	1
ATP9A	13	9
ATPAF2	3	3
ATR	140	137
ATRIP	2	2
ATRIP-TREX1;ATRIP;TREX1	1	1
ATRIP;ATRIP-TREX1;TREX1	5	5
ATRX	156	138
ATRX;FGF16	2	2
ATXN1	1	0
ATXN10	4	0
ATXN2	6	4
ATXN3	3	1
ATXN7	3	1
ATXN7L3	1	1
AUH	35	30
AUH;LOC130002059	1	1
AURKA	1	0
AURKB	1	0
AURKC	7	4
AUTS2	120	107
AUTS2;CT66	1	1
AUTS2;LOC108004522;LOC110120735;LOC110121299;LOC110121300;LOC129998558;LOC129998559	1	0
AUTS2;LOC110121181;LOC110121297;LOC129998555;LOC129998556;LOC129998557	1	0
AUTS2;LOC110121181;LOC129998557	1	0
AUTS2;LOC110121297;LOC129998555;LOC129998556	1	1
AUTS2;LOC129998559	1	0
AUTS2;LOC129998568;LOC129998569	1	0
AUTS2;LOC129998570;LOC129998571	1	1
AVIL	7	5
AVP	42	28
AVPR2	128	114
AXDND1	1	1
AXDND1;NPHS2	1	1
AXIN1	4	1
AXIN2	206	204
AXL	1	0
B2M	5	5
B3GALNT2	63	59
B3GALT1	1	0
B3GALT6	38	30
B3GAT3	33	31
B3GLCT	23	20
B3GNT6	1	1
B4GALNT1	40	39
B4GALNT3	1	1
B4GALT1	3	0
B4GALT3;PPOX;USP21	1	1
B4GALT7	23	21
B4GAT1	7	5
B9D1	16	14
B9D2	10	10
BAAT	8	2
BACH2	1	0
BAG3	162	156
BAG5	5	2
BAIAP2	6	0
BAP1	435	429
BAP1;PHF7	1	1
BARD1	643	635
BAX	4	1
BAZ1A	1	0
BAZ2B	17	14
BBIP1	2	1
BBS1	236	210
BBS10	283	256
BBS10;OSBPL8	1	1
BBS12	194	187
BBS12;LOC129993043	1	1
BBS1;ZDHHC24	11	11
BBS2	272	260
BBS4	176	163
BBS5	75	70
BBS5;LOC129935068	1	1
BBS7	149	141
BBS9	173	161
BCAM	4	1
BCAP31	18	14
BCAR1	1	1
BCAS3	14	5
BCAS3-AS1;BCAS3	1	1
BCAS3;BCAS3-AS1	3	1
BCAT2	9	5
BCHE	69	42
BCKDHA	190	186
BCKDHB	232	223
BCKDK	18	13
BCL10	20	5
BCL11A	101	88
BCL11B	71	64
BCL2L2-PABPN1;PABPN1	2	2
BCLAF1	2	0
BCOR	134	114
BCOR;LOC126863239	1	1
BCORL1	7	4
BCS1L	139	124
BDNF	2	2
BDP1	3	2
BEST1	349	328
BEST1;FTH1	3	3
BET1	1	1
BFSP1	7	3
BFSP2	3	3
BFSP2;BFSP2-AS1	1	1
BGN	22	19
BHLHA9	5	3
BHLHE22	3	3
BICC1	5	5
BICD2	38	35
BICRA	50	45
BIN1	9	6
BIRC3	7	7
BIRC6	1	0
BIRC6;BIRC6-AS2;MIR558	1	1
BIVM-ERCC5;ERCC5	1	1
BIVM-ERCC5;ERCC5;LINC01309;LOC126861835;LOC130010080;LOC130010081;LOC130010082;LOC130010083;SLC10A2	1	1
BIVM-ERCC5;ERCC5;LOC126861834	2	2
BLK	3	0
BLM	597	569
BLNK	16	14
BLOC1S1-RDH5;CD63;RDH5	7	7
BLOC1S1-RDH5;RDH5	4	4
BLOC1S3	7	3
BLOC1S5	6	5
BLOC1S6	29	26
BLTP1	59	54
BLVRA	4	3
BMP1	51	49
BMP15	13	7
BMP2	41	33
BMP4	21	15
BMP4;MIR5580	1	1
BMP5	2	2
BMP6	1	1
BMP7	2	0
BMPER	21	15
BMPR1A	314	309
BMPR1A;LOC130004246;LOC130004247	1	1
BMPR1B	20	12
BMPR2	547	255
BMPR2;LOC129935436;LOC129935437	1	0
BMS1	1	0
BNC1	4	3
BNC2	2	0
BOD1	2	2
BOLA3	9	7
BORCS5	1	1
BORCS6;LOC105371520;LOC130060222;LOC130060223;LOC130060224;LOC130060225;MIR4521;SNORD118;TMEM107	1	1
BORCS8	5	2
BPGM	4	1
BPHL;TUBB2A	1	1
BPNT1	1	0
BPNT2	11	8
BPTF	87	74
BPY2C;CDY1;DAZ3;DAZ4;LOC106144558;LOC108868753;TTTY17C;TTTY3;TTTY4C	1	1
BRAF	131	117
BRAT1	117	110
BRCA1	4301	4125
BRCA1;LOC110485084;LOC111589215;LOC111589216;LOC126862571;NBR2	2	1
BRCA1;LOC126862571	6	6
BRCA2	5756	5606
BRCA2;LOC106721785;LOC130009523;ZAR1L	1	0
BRCA2;LOC112163653	1	0
BRD4	33	29
BRD7	1	0
BRDT	2	2
BRF1	14	10
BRIP1	906	884
BRME1;CC2D1A	1	1
BRMS1L;LOC126861917;LOC130055499;LOC130055500;LOC130055501;RALGAPA1;SNORA101B	1	1
BRPF1	113	103
BRSK1	1	1
BRSK2	34	32
BRWD1	2	2
BRWD3	76	69
BSCL2	57	52
BSCL2;HNRNPUL2-BSCL2	3	2
BSN	6	6
BSND	47	45
BTD	254	235
BTD;COLQ;EAF1;HACL1;MIR4270	1	1
BTG4	5	2
BTK	361	319
BTK;TIMM8A	3	3
BTRC;LINC02681;LINC03191;LOC126861018;LOC129390224;LOC130004554;LOC130004555;LOC130004556	1	1
BUB1	6	1
BUB1B	84	81
BUB1B;BUB1B-PAK6	1	1
BUB1B;BUB1B-PAK6;PAK6	1	1
BUD13	1	1
BVES	5	2
C10ORF105;CDH23	5	5
C10ORF67;PTF1A	1	1
C10ORF71	5	2
C11ORF65;ATM	1	1
C12ORF4	3	3
C12ORF43	1	1
C12ORF57	22	21
C12ORF57;RNU7-1	3	3
C14ORF39	9	3
C17ORF107;CHRNE	1	1
C17ORF107;CHRNE;MINK1	1	1
C19ORF12	34	29
C1GALT1C1	8	4
C1ORF146	1	1
C1QA	12	11
C1QB	8	7
C1QBP	14	11
C1QC	2	2
C1QTNF5	6	4
C1QTNF5;MFRP	8	8
C1R	21	20
C1R;C1RL	1	1
C1S	39	35
C2	32	31
C2CD3	87	83
C2CD6	1	0
C2ORF69	8	2
C3	82	81
C3AR1	1	0
C3ORF52	4	2
C4B	3	3
C5	58	55
C6	65	64
C6ORF15;CDSN;PSORS1C1	1	1
C6ORF47	1	1
C7	68	64
C8A	25	25
C8B	42	40
C8ORF74;LOC129389955;LOC129999851;MIR4286;PRSS51;PRSS55;RP1L1	1	1
C9	48	47
C9ORF72	3	1
CA1	2	0
CA12	6	6
CA2	23	16
CA4	14	14
CA5A	9	8
CA8	10	4
CABP2	10	9
CABP4	34	32
CACHD1	7	0
CACNA1A	587	548
CACNA1A;LOC108663985	1	1
CACNA1A;LOC126862864	4	4
CACNA1A;LOC126862866	1	1
CACNA1B	56	51
CACNA1C	105	94
CACNA1C;CACNA1C-AS1;LINC02371;LOC130007181	1	1
CACNA1C;CACNA1C-AS1;LOC130007181	1	1
CACNA1D	22	18
CACNA1E	37	35
CACNA1F	239	199
CACNA1F;LOC126863257	6	6
CACNA1G	29	26
CACNA1H	8	7
CACNA1I	7	3
CACNA1S	130	127
CACNA2D1	4	1
CACNA2D2	80	74
CACNA2D4	14	11
CACNB1	2	1
CACNB2	1	0
CACNB4	3	2
CACNG7	1	0
CACUL1	1	0
CACUL1;FAM204A;LINC00867;LOC121815970;LOC126861059;PRLHR	1	0
CAD	99	98
CADM3	1	1
CALCRL	1	0
CALHM1	1	1
CALM1	20	20
CALM1;LOC126862021	1	1
CALM2	21	18
CALM3	9	8
CALR	3	3
CALU	1	1
CAMK1D	1	1
CAMK2A	33	24
CAMK2B	20	18
CAMK2D	8	6
CAMK2G	5	4
CAMK4	2	2
CAMKMT;LOC126806204;LOC129388859;PREPL;SLC3A1	1	1
CAMSAP1	7	7
CAMTA1	107	98
CAMTA1;CAMTA1-AS1;LOC129388431;LOC129388432	1	0
CAMTA1;LOC129929273	1	0
CANT1	50	44
CAP2	4	1
CAPN1	51	49
CAPN10	4	4
CAPN15	8	3
CAPN3	532	513
CAPN5	4	3
CAPN6	2	1
CAPNS1	3	2
CAPRIN1	35	29
CAPZA2	2	2
CARD10	1	1
CARD11	49	40
CARD11;CARD11-AS1	1	1
CARD14	15	10
CARD14;SGSH	1	1
CARD9	24	24
CARMIL2	85	83
CARNMT1	1	0
CARS1	7	3
CARS2	6	6
CASD1;SGCE	6	6
CASK	215	199
CASK;GPR34;GPR82;LOC130068169;LOC130068170;LOC130068171	1	1
CASK;GPR34;GPR82;LOC130068171	1	1
CASK;GPR82	1	1
CASP10	5	2
CASP2	5	5
CASP8	24	22
CASQ1	6	6
CASQ2	81	79
CASR	349	314
CAST	14	11
CAST;LOC101929710;PCSK1	2	2
CASZ1	16	16
CAT	5	3
CATIP	1	1
CATSPER1	3	0
CATSPER2	2	2
CATSPER2;CKMT1B;LOC130056948;LOC130056949;STRC	1	0
CATSPER2;LOC130056948;LOC130056949;STRC	1	1
CATSPERB	1	0
CAV1	12	8
CAV3	26	20
CAV3;SSUH2	1	1
CAVIN1	16	9
CBFB	2	0
CBL	37	35
CBLB	4	1
CBLIF	15	11
CBS	303	291
CBX2	2	0
CBY1	2	0
CC2D1A	65	62
CC2D2A	344	332
CCBE1	19	17
CCDC102B;DOK6;LOC105372179;LOC132090506;LOC132090507	1	1
CCDC107;RMRP	1	1
CCDC115	1	0
CCDC134	1	1
CCDC146	6	4
CCDC14;LOC129389125;LOC129937401;MYLK	1	0
CCDC174	1	0
CCDC183	2	1
CCDC186	1	1
CCDC22	3	1
CCDC32	3	1
CCDC34	3	1
CCDC39	180	179
CCDC39;TTC14	1	1
CCDC40	117	111
CCDC40;GAA	1	1
CCDC40;GAA;MIR1268B	2	2
CCDC47	7	7
CCDC50	2	2
CCDC62	2	1
CCDC65	1	1
CCDC68	1	0
CCDC8	12	11
CCDC82	3	2
CCDC88A	37	34
CCDC88C	118	116
CCDST;FLG	21	20
CCIN	5	0
CCKBR	1	0
CCM2	124	112
CCN2	3	0
CCN6	69	65
CCNB3	5	0
CCND2	17	17
CCNF	3	1
CCNH;RASA1	28	27
CCNK	1	1
CCNO	43	41
CCNO;LOC129993895	1	1
CCNQ	9	4
CCP110	2	0
CCR2	6	1
CCT3	2	1
CCT5	1	1
CCT7	1	0
CD151	7	6
CD19	17	11
CD247	9	4
CD27	18	17
CD27;CD27-AS1	1	1
CD28	1	0
CD2AP	20	19
CD36	53	46
CD3D	18	18
CD3E	21	19
CD3G	22	21
CD4	2	0
CD40	15	11
CD40LG	106	100
CD46	74	70
CD55	31	27
CD59	10	8
CD70	3	0
CD79A	8	7
CD79B	4	1
CD81	1	1
CD8A	3	3
CD96	5	2
CDAN1	71	66
CDC14A	20	19
CDC20	11	1
CDC25A	1	0
CDC27	1	0
CDC40	1	0
CDC42	23	22
CDC42BPB	41	41
CDC45	24	21
CDC73	165	154
CDCA7	3	3
CDH1	656	641
CDH11	15	7
CDH2	26	19
CDH23	745	720
CDH23;CDH23-AS1	2	2
CDH23;LOC111982869	2	2
CDH23;PSAP	1	1
CDH3	57	47
CDH4	1	1
CDH9;LOC129389261;LOC129389262;TRK-CTT9-1	1	0
CDHR1	112	103
CDIN1	3	3
CDK10	32	30
CDK12	1	0
CDK13	91	85
CDK16	1	1
CDK19	9	8
CDK4	4	3
CDK5	2	1
CDK5RAP2	86	73
CDK6	1	0
CDK8	20	16
CDK9	1	1
CDKL2	1	1
CDKL5	603	576
CDKL5;LOC121853052;LOC130067999	1	0
CDKL5;PPEF1;PPEF1-AS1;RS1;TRV-TAC1-2	1	1
CDKL5;PPEF1;RS1;TRV-TAC1-2	1	0
CDKL5;RS1	28	25
CDKN1A	1	0
CDKN1B	125	122
CDKN1C	133	118
CDKN2A	174	169
CDKN2B	4	0
CDKN2B;CDKN2B-AS1	1	0
CDKN2C	1	0
CDON	5	2
CDSN	10	6
CDT1	26	23
CDX2	1	1
CEACAM16	13	11
CEACAM16;CEACAM16-AS1	1	1
CEBPA	70	58
CEBPE	12	8
CECR2	3	3
CEL	8	7
CELA2A	5	3
CELF2	19	16
CELF4	1	1
CELSR1	13	10
CELSR2	2	1
CELSR3	14	0
CEMIP2	2	2
CENATAC	2	0
CENPE	6	6
CENPF	79	73
CENPP	1	1
CENPT	1	0
CEP104	56	50
CEP112	4	2
CEP120	49	44
CEP135	60	57
CEP152	144	141
CEP164	135	132
CEP19	1	0
CEP250	112	110
CEP250;CEP250-AS1	6	6
CEP290	988	970
CEP290;LOC129390514;LOC130008346;RLIG1	1	1
CEP295	7	3
CEP41	24	20
CEP55	13	12
CEP57	19	17
CEP57;LOC130006618	1	1
CEP63	34	33
CEP63;KY	1	1
CEP76	13	12
CEP78	85	80
CEP83	46	43
CEP85L	16	11
CEP85L;LOC129997071	1	1
CEP89;SLC7A9	1	1
CEP97	1	1
CERKL	211	206
CEROX1;LMF1;LOC130058142;SOX8	1	0
CERS1	3	2
CERS1;GDF1	6	6
CERS1;GDF1;UPF1	1	1
CERS3	20	19
CERS3;CERS3-AS1	2	2
CERT1	14	13
CES1	2	0
CETN2;LOC130068811;LOC126863347;NSDHL	1	0
CETP	10	8
CFAP20	4	0
CFAP206	2	0
CFAP221	7	4
CFAP251	12	9
CFAP298	12	10
CFAP300	21	18
CFAP410	54	47
CFAP410;LOC130066823	3	3
CFAP418	33	26
CFAP418;CFAP418-AS1;LOC130000784	1	1
CFAP43	25	12
CFAP44	16	10
CFAP44;SPICE1-CFAP44	1	1
CFAP45	5	2
CFAP47	1	0
CFAP52	4	4
CFAP53	13	9
CFAP54	9	4
CFAP57	4	3
CFAP58	6	2
CFAP61	9	4
CFAP65	10	7
CFAP69	6	2
CFAP70	1	0
CFAP74	13	6
CFAP91	4	3
CFB	15	15
CFC1	3	1
CFD	16	16
CFD;ELANE	2	2
CFH	230	221
CFH;CFHR1;CFHR3	1	0
CFH;CFHR1;CFHR3;LOC126805964;LOC129388721;LOC129932153	1	1
CFHR1	1	1
CFHR1;CFHR3	2	1
CFHR3	1	1
CFHR5	3	2
CFI	133	130
CFL2	9	8
CFP	9	6
CFTR	1489	1429
CFTR;CFTR-AS1	2	2
CFTR;CFTR-AS2;LOC111674467;LOC113633877;LOC126860160	1	1
CFTR;LOC113664106	1	1
CGNL1	1	0
CHAF1A	8	1
CHAF1B	1	0
CHAMP1	60	51
CHAMP1;LINC01054	1	1
CHAT	120	118
CHCHD10	5	4
CHCHD2	2	1
CHCHD4	1	0
CHD1	13	11
CHD2	389	376
CHD2;LOC126862227;LOC126862228;LOC126862229;LOC126862230;LOC130057987;LOC130057988;MIR3175;RGMA	1	0
CHD2;LOC126862230	1	0
CHD3	131	118
CHD4	76	63
CHD5	42	41
CHD7	903	849
CHD7;LOC126860403	3	3
CHD7;LOC130000460;LOC130000461;LOC130000462;LOC130000463;LOC130000464;RAB2A	1	0
CHD8	252	237
CHD8;LOC126861887;LOC126861888;RPGRIP1;SNORD8;SNORD9;SUPT16H	1	1
CHEK1	5	1
CHEK2	1094	1075
CHFR	1	1
CHKA	5	5
CHKB	43	37
CHL1;CHL1-AS1;CHL1-AS2;LINC01266;LOC111429626;LOC126806585;LOC126806586;LOC129936035	1	0
CHM	363	341
CHM;LOC129391306	3	3
CHMP1A	5	5
CHMP2B	6	2
CHMP4B	3	1
CHN1	13	4
CHP1	1	0
CHRDL1	24	17
CHRM1	1	1
CHRM3	3	1
CHRNA1	50	39
CHRNA2	4	2
CHRNA3	16	12
CHRNA4	9	8
CHRNA7;LOC106736477;LOC125078053;LOC129390681;LOC130056727;OTUD7A	1	0
CHRNA7;LOC125078053;LOC129390681;LOC130056727;OTUD7A	11	2
CHRNB1	35	35
CHRNB2	7	7
CHRNB4	2	0
CHRND	46	42
CHRNE	263	256
CHRNE;C17ORF107	1	1
CHRNG	82	82
CHST14	40	35
CHST3	58	49
CHST6	58	56
CHSY1	9	4
CHUK	7	5
CIAO1	3	1
CIB1	15	15
CIB2	29	25
CIB2;LOC130057683	1	1
CIB2;SH2D7	1	1
CIBAR1	3	3
CIC	89	82
CIC;PAFAH1B3	1	1
CIDEC	3	2
CIITA	107	103
CILK1	6	3
CINP	1	1
CIROP	10	5
CIROZ	4	3
CISD2	4	1
CIT	25	19
CIT;LOC126861657	1	1
CITED2	1	1
CKAP2L	23	17
CKS1B;LOC129931529;SHC1	1	0
CKS1B;SHC1	1	0
CLASP1	1	1
CLASP1;CLASP1-AS1;RNU4ATAC	9	9
CLCC1	1	1
CLCF1	4	0
CLCN1	355	343
CLCN1;FAM131B	1	1
CLCN2	46	39
CLCN3	16	15
CLCN4	69	62
CLCN5	155	127
CLCN5;LOC126863258	3	2
CLCN6	2	2
CLCN7	96	92
CLCNKA	5	2
CLCNKB	89	84
CLCNKB;LOC106501713	5	5
CLDN1	8	5
CLDN10	8	4
CLDN11	2	1
CLDN14	20	17
CLDN16	51	36
CLDN19	27	22
CLDN2	1	0
CLDN5	5	5
CLDN9	3	2
CLEC3B	1	0
CLGN	1	0
CLHC1	1	0
CLIC4	1	0
CLIC5	3	1
CLIP1	1	0
CLMP	10	7
CLN3	238	207
CLN5	166	153
CLN6	121	108
CLN8	89	73
CLP1	4	4
CLPB	55	44
CLPP	24	18
CLPX	1	1
CLRN1	98	85
CLRN1;CLRN1-AS1	3	2
CLRN2	1	0
CLTC	138	126
CLTC;LOC126862609	1	1
CLTC;PTRH2	1	1
CLUAP1	1	1
CLXN	4	3
CMPK2	4	1
CNBP	1	0
CNE4;CNE5;CNE6;CNE7;CNE8;CNE9;LOC108251802;LOC108251803	1	1
CNGA1	84	77
CNGA1;LOC101927157	10	10
CNGA3	249	223
CNGB1	228	212
CNGB3	296	252
CNKSR1	2	2
CNKSR2	61	56
CNN2	2	0
CNNM2	58	49
CNNM4	53	41
CNOT1	53	48
CNOT2	8	7
CNOT3	77	70
CNOT3;LENG1;MBOAT7;PRPF31;TMC4	1	1
CNOT9	5	5
CNP	6	0
CNPY2	1	1
CNPY3	8	5
CNTN1	23	22
CNTN2	42	39
CNTN6	6	6
CNTN6;LOC126806587	2	2
CNTNAP1	46	36
CNTNAP2	115	106
CNTNAP2;LOC105375553;LOC126860215;LOC129389915;LOC129389916;LOC129389917;LOC129389918;LOC129389919	1	1
CNTNAP2;LOC123956262;LOC129389920	4	1
CNTNAP2;LOC129999529;LOC132089517	1	1
COA5	1	0
COA6	5	3
COA7	8	3
COA8	17	14
COASY	31	30
COCH	37	33
COCH;COCH-AS1	1	1
COG1	24	24
COG2	7	7
COG4	41	36
COG5	67	61
COG6	41	37
COG7	28	28
COG8	17	15
COL10A1	77	66
COL10A1;NT5DC1	8	8
COL11A1	275	245
COL11A2	208	197
COL12A1	143	134
COL13A1	50	45
COL17A1	184	164
COL18A1	217	205
COL18A1;SLC19A1	11	10
COL1A1	1558	1449
COL1A1;LOC126862586	7	7
COL1A2	774	718
COL1A2;COL1A2-AS1	1	1
COL25A1	10	8
COL27A1	159	156
COL2A1	1185	1135
COL3A1	965	715
COL3A1;LOC126806446	1	1
COL4A1	417	386
COL4A2	92	85
COL4A2;COL4A2-AS1	1	1
COL4A3	886	852
COL4A3;COL4A4;LOC129935730	2	2
COL4A3;MFF-DT	25	20
COL4A4	929	882
COL4A5	1508	1420
COL4A6	6	4
COL5A1	388	377
COL5A1;COL5A1-AS1;LOC100506532;LOC130002963	1	0
COL5A1;LOC101448202	7	7
COL5A2	69	56
COL6A1	199	190
COL6A2	271	256
COL6A3	214	202
COL6A6	1	1
COL7A1	1094	1075
COL8A2	3	1
COL9A1	104	103
COL9A1;LOC129996692	1	1
COL9A2	62	59
COL9A2;LOC129930261	3	3
COL9A3	60	54
COLEC10	6	4
COLEC11	7	4
COLGALT1	7	2
COLQ	128	123
COMP	174	160
COMT	1	1
COPA	8	7
COPB1	3	1
COPB2	9	7
COQ2	42	41
COQ4	42	37
COQ5	2	1
COQ6	31	28
COQ6;ENTPD5	2	2
COQ7	12	5
COQ7;COQ7-DT;LOC130058587	1	1
COQ8A	114	105
COQ8B	40	35
COQ9	25	24
CORIN	4	2
CORO1A	19	17
COVERS 10 GENES, NONE OF WHICH CURATED TO SHOW DOSAGE SENSITIVITY	23	16
COVERS 100 GENES, NONE OF WHICH CURATED TO SHOW DOSAGE SENSITIVITY	3	0
COVERS 101 GENES, NONE OF WHICH CURATED TO SHOW DOSAGE SENSITIVITY	4	2
COVERS 102 GENES, NONE OF WHICH CURATED TO SHOW DOSAGE SENSITIVITY	5	4
COVERS 103 GENES, NONE OF WHICH CURATED TO SHOW DOSAGE SENSITIVITY	7	2
COVERS 104 GENES, NONE OF WHICH CURATED TO SHOW DOSAGE SENSITIVITY	5	2
COVERS 105 GENES, NONE OF WHICH CURATED TO SHOW DOSAGE SENSITIVITY	1	0
COVERS 106 GENES, NONE OF WHICH CURATED TO SHOW DOSAGE SENSITIVITY	3	1
COVERS 107 GENES, NONE OF WHICH CURATED TO SHOW DOSAGE SENSITIVITY	10	4
COVERS 108 GENES, NONE OF WHICH CURATED TO SHOW DOSAGE SENSITIVITY	7	4
COVERS 109 GENES, NONE OF WHICH CURATED TO SHOW DOSAGE SENSITIVITY	4	3
COVERS 11 GENES, NONE OF WHICH CURATED TO SHOW DOSAGE SENSITIVITY	19	8
COVERS 110 GENES, NONE OF WHICH CURATED TO SHOW DOSAGE SENSITIVITY	1	1
COVERS 111 GENES, NONE OF WHICH CURATED TO SHOW DOSAGE SENSITIVITY	7	5
COVERS 112 GENES, NONE OF WHICH CURATED TO SHOW DOSAGE SENSITIVITY	1	1
COVERS 113 GENES, NONE OF WHICH CURATED TO SHOW DOSAGE SENSITIVITY	3	2
COVERS 114 GENES, NONE OF WHICH CURATED TO SHOW DOSAGE SENSITIVITY	5	1
COVERS 115 GENES, NONE OF WHICH CURATED TO SHOW DOSAGE SENSITIVITY	5	1
COVERS 116 GENES, NONE OF WHICH CURATED TO SHOW DOSAGE SENSITIVITY	8	2
COVERS 117 GENES, NONE OF WHICH CURATED TO SHOW DOSAGE SENSITIVITY	4	3
COVERS 118 GENES, NONE OF WHICH CURATED TO SHOW DOSAGE SENSITIVITY	7	3
COVERS 119 GENES, NONE OF WHICH CURATED TO SHOW DOSAGE SENSITIVITY	4	2
COVERS 12 GENES, NONE OF WHICH CURATED TO SHOW DOSAGE SENSITIVITY	19	10
COVERS 120 GENES, NONE OF WHICH CURATED TO SHOW DOSAGE SENSITIVITY	4	2
COVERS 121 GENES, NONE OF WHICH CURATED TO SHOW DOSAGE SENSITIVITY	7	1
COVERS 122 GENES, NONE OF WHICH CURATED TO SHOW DOSAGE SENSITIVITY	2	2
COVERS 123 GENES, NONE OF WHICH CURATED TO SHOW DOSAGE SENSITIVITY	7	4
COVERS 124 GENES, NONE OF WHICH CURATED TO SHOW DOSAGE SENSITIVITY	2	1
COVERS 125 GENES, NONE OF WHICH CURATED TO SHOW DOSAGE SENSITIVITY	5	2
COVERS 126 GENES, NONE OF WHICH CURATED TO SHOW DOSAGE SENSITIVITY	3	0
COVERS 127 GENES, NONE OF WHICH CURATED TO SHOW DOSAGE SENSITIVITY	2	2
COVERS 128 GENES, NONE OF WHICH CURATED TO SHOW DOSAGE SENSITIVITY	3	2
COVERS 129 GENES, NONE OF WHICH CURATED TO SHOW DOSAGE SENSITIVITY	6	2
COVERS 13 GENES, NONE OF WHICH CURATED TO SHOW DOSAGE SENSITIVITY	20	14
COVERS 131 GENES, NONE OF WHICH CURATED TO SHOW DOSAGE SENSITIVITY	4	3
COVERS 133 GENES, NONE OF WHICH CURATED TO SHOW DOSAGE SENSITIVITY	5	3
COVERS 134 GENES, NONE OF WHICH CURATED TO SHOW DOSAGE SENSITIVITY	5	3
COVERS 137 GENES, NONE OF WHICH CURATED TO SHOW DOSAGE SENSITIVITY	3	2
COVERS 138 GENES, NONE OF WHICH CURATED TO SHOW DOSAGE SENSITIVITY	2	1
COVERS 14 GENES, NONE OF WHICH CURATED TO SHOW DOSAGE SENSITIVITY	8	4
COVERS 140 GENES, NONE OF WHICH CURATED TO SHOW DOSAGE SENSITIVITY	5	1
COVERS 141 GENES, NONE OF WHICH CURATED TO SHOW DOSAGE SENSITIVITY	1	1
COVERS 142 GENES, NONE OF WHICH CURATED TO SHOW DOSAGE SENSITIVITY	3	1
COVERS 143 GENES, NONE OF WHICH CURATED TO SHOW DOSAGE SENSITIVITY	4	2
COVERS 144 GENES, NONE OF WHICH CURATED TO SHOW DOSAGE SENSITIVITY	1	1
COVERS 145 GENES, NONE OF WHICH CURATED TO SHOW DOSAGE SENSITIVITY	3	1
COVERS 146 GENES, NONE OF WHICH CURATED TO SHOW DOSAGE SENSITIVITY	2	0
COVERS 147 GENES, NONE OF WHICH CURATED TO SHOW DOSAGE SENSITIVITY	2	0
COVERS 148 GENES, NONE OF WHICH CURATED TO SHOW DOSAGE SENSITIVITY	2	0
COVERS 149 GENES, NONE OF WHICH CURATED TO SHOW DOSAGE SENSITIVITY	4	2
COVERS 15 GENES, NONE OF WHICH CURATED TO SHOW DOSAGE SENSITIVITY	7	5
COVERS 152 GENES, NONE OF WHICH CURATED TO SHOW DOSAGE SENSITIVITY	2	2
COVERS 153 GENES, NONE OF WHICH CURATED TO SHOW DOSAGE SENSITIVITY	1	1
COVERS 155 GENES, NONE OF WHICH CURATED TO SHOW DOSAGE SENSITIVITY	1	0
COVERS 156 GENES, NONE OF WHICH CURATED TO SHOW DOSAGE SENSITIVITY	2	0
COVERS 157 GENES, NONE OF WHICH CURATED TO SHOW DOSAGE SENSITIVITY	2	1
COVERS 158 GENES, NONE OF WHICH CURATED TO SHOW DOSAGE SENSITIVITY	4	0
COVERS 16 GENES, NONE OF WHICH CURATED TO SHOW DOSAGE SENSITIVITY	8	5
COVERS 162 GENES, NONE OF WHICH CURATED TO SHOW DOSAGE SENSITIVITY	2	2
COVERS 163 GENES, NONE OF WHICH CURATED TO SHOW DOSAGE SENSITIVITY	2	1
COVERS 164 GENES, NONE OF WHICH CURATED TO SHOW DOSAGE SENSITIVITY	2	1
COVERS 165 GENES, NONE OF WHICH CURATED TO SHOW DOSAGE SENSITIVITY	1	0
COVERS 166 GENES, NONE OF WHICH CURATED TO SHOW DOSAGE SENSITIVITY	3	2
COVERS 167 GENES, NONE OF WHICH CURATED TO SHOW DOSAGE SENSITIVITY	2	2
COVERS 168 GENES, NONE OF WHICH CURATED TO SHOW DOSAGE SENSITIVITY	2	1
COVERS 169 GENES, NONE OF WHICH CURATED TO SHOW DOSAGE SENSITIVITY	1	0
COVERS 17 GENES, NONE OF WHICH CURATED TO SHOW DOSAGE SENSITIVITY	10	2
COVERS 170 GENES, NONE OF WHICH CURATED TO SHOW DOSAGE SENSITIVITY	2	2
COVERS 171 GENES, NONE OF WHICH CURATED TO SHOW DOSAGE SENSITIVITY	2	0
COVERS 172 GENES, NONE OF WHICH CURATED TO SHOW DOSAGE SENSITIVITY	2	1
COVERS 173 GENES, NONE OF WHICH CURATED TO SHOW DOSAGE SENSITIVITY	1	0
COVERS 174 GENES, NONE OF WHICH CURATED TO SHOW DOSAGE SENSITIVITY	1	0
COVERS 176 GENES, NONE OF WHICH CURATED TO SHOW DOSAGE SENSITIVITY	1	0
COVERS 177 GENES, NONE OF WHICH CURATED TO SHOW DOSAGE SENSITIVITY	3	3
COVERS 178 GENES, NONE OF WHICH CURATED TO SHOW DOSAGE SENSITIVITY	2	0
COVERS 179 GENES, NONE OF WHICH CURATED TO SHOW DOSAGE SENSITIVITY	1	1
COVERS 18 GENES, NONE OF WHICH CURATED TO SHOW DOSAGE SENSITIVITY	9	6
COVERS 181 GENES, NONE OF WHICH CURATED TO SHOW DOSAGE SENSITIVITY	2	0
COVERS 182 GENES, NONE OF WHICH CURATED TO SHOW DOSAGE SENSITIVITY	4	2
COVERS 183 GENES, NONE OF WHICH CURATED TO SHOW DOSAGE SENSITIVITY	2	0
COVERS 184 GENES, NONE OF WHICH CURATED TO SHOW DOSAGE SENSITIVITY	1	1
COVERS 186 GENES, NONE OF WHICH CURATED TO SHOW DOSAGE SENSITIVITY	1	1
COVERS 187 GENES, NONE OF WHICH CURATED TO SHOW DOSAGE SENSITIVITY	1	0
COVERS 188 GENES, NONE OF WHICH CURATED TO SHOW DOSAGE SENSITIVITY	3	1
COVERS 19 GENES, NONE OF WHICH CURATED TO SHOW DOSAGE SENSITIVITY	9	5
COVERS 194 GENES, NONE OF WHICH CURATED TO SHOW DOSAGE SENSITIVITY	2	0
COVERS 195 GENES, NONE OF WHICH CURATED TO SHOW DOSAGE SENSITIVITY	2	0
COVERS 196 GENES, NONE OF WHICH CURATED TO SHOW DOSAGE SENSITIVITY	3	1
COVERS 197 GENES, NONE OF WHICH CURATED TO SHOW DOSAGE SENSITIVITY	1	1
COVERS 198 GENES, NONE OF WHICH CURATED TO SHOW DOSAGE SENSITIVITY	2	1
COVERS 20 GENES, NONE OF WHICH CURATED TO SHOW DOSAGE SENSITIVITY	20	13
COVERS 200 GENES, NONE OF WHICH CURATED TO SHOW DOSAGE SENSITIVITY	2	2
COVERS 201 GENES, NONE OF WHICH CURATED TO SHOW DOSAGE SENSITIVITY	1	1
COVERS 202 GENES, NONE OF WHICH CURATED TO SHOW DOSAGE SENSITIVITY	1	0
COVERS 203 GENES, NONE OF WHICH CURATED TO SHOW DOSAGE SENSITIVITY	1	0
COVERS 204 GENES, NONE OF WHICH CURATED TO SHOW DOSAGE SENSITIVITY	1	0
COVERS 205 GENES, NONE OF WHICH CURATED TO SHOW DOSAGE SENSITIVITY	1	0
COVERS 206 GENES, NONE OF WHICH CURATED TO SHOW DOSAGE SENSITIVITY	1	0
COVERS 207 GENES, NONE OF WHICH CURATED TO SHOW DOSAGE SENSITIVITY	3	1
COVERS 208 GENES, NONE OF WHICH CURATED TO SHOW DOSAGE SENSITIVITY	4	3
COVERS 209 GENES, NONE OF WHICH CURATED TO SHOW DOSAGE SENSITIVITY	3	1
COVERS 21 GENES, NONE OF WHICH CURATED TO SHOW DOSAGE SENSITIVITY	10	8
COVERS 210 GENES, NONE OF WHICH CURATED TO SHOW DOSAGE SENSITIVITY	1	0
COVERS 211 GENES, NONE OF WHICH CURATED TO SHOW DOSAGE SENSITIVITY	2	0
COVERS 213 GENES, NONE OF WHICH CURATED TO SHOW DOSAGE SENSITIVITY	2	0
COVERS 214 GENES, NONE OF WHICH CURATED TO SHOW DOSAGE SENSITIVITY	2	2
COVERS 215 GENES, NONE OF WHICH CURATED TO SHOW DOSAGE SENSITIVITY	1	0
COVERS 216 GENES, NONE OF WHICH CURATED TO SHOW DOSAGE SENSITIVITY	1	1
COVERS 217 GENES, NONE OF WHICH CURATED TO SHOW DOSAGE SENSITIVITY	2	1
COVERS 218 GENES, NONE OF WHICH CURATED TO SHOW DOSAGE SENSITIVITY	1	0
COVERS 22 GENES, NONE OF WHICH CURATED TO SHOW DOSAGE SENSITIVITY	15	13
COVERS 220 GENES, NONE OF WHICH CURATED TO SHOW DOSAGE SENSITIVITY	1	0
COVERS 221 GENES, NONE OF WHICH CURATED TO SHOW DOSAGE SENSITIVITY	1	1
COVERS 222 GENES, NONE OF WHICH CURATED TO SHOW DOSAGE SENSITIVITY	1	1
COVERS 223 GENES, NONE OF WHICH CURATED TO SHOW DOSAGE SENSITIVITY	1	1
COVERS 224 GENES, NONE OF WHICH CURATED TO SHOW DOSAGE SENSITIVITY	1	0
COVERS 225 GENES, NONE OF WHICH CURATED TO SHOW DOSAGE SENSITIVITY	1	1
COVERS 226 GENES, NONE OF WHICH CURATED TO SHOW DOSAGE SENSITIVITY	3	0
COVERS 227 GENES, NONE OF WHICH CURATED TO SHOW DOSAGE SENSITIVITY	1	1
COVERS 229 GENES, NONE OF WHICH CURATED TO SHOW DOSAGE SENSITIVITY	2	1
COVERS 23 GENES, NONE OF WHICH CURATED TO SHOW DOSAGE SENSITIVITY	6	4
COVERS 231 GENES, NONE OF WHICH CURATED TO SHOW DOSAGE SENSITIVITY	5	3
COVERS 232 GENES, NONE OF WHICH CURATED TO SHOW DOSAGE SENSITIVITY	2	2
COVERS 233 GENES, NONE OF WHICH CURATED TO SHOW DOSAGE SENSITIVITY	2	0
COVERS 235 GENES, NONE OF WHICH CURATED TO SHOW DOSAGE SENSITIVITY	2	1
COVERS 239 GENES, NONE OF WHICH CURATED TO SHOW DOSAGE SENSITIVITY	1	0
COVERS 24 GENES, NONE OF WHICH CURATED TO SHOW DOSAGE SENSITIVITY	9	5
COVERS 240 GENES, NONE OF WHICH CURATED TO SHOW DOSAGE SENSITIVITY	2	1
COVERS 241 GENES, NONE OF WHICH CURATED TO SHOW DOSAGE SENSITIVITY	1	0
COVERS 242 GENES, NONE OF WHICH CURATED TO SHOW DOSAGE SENSITIVITY	1	0
COVERS 243 GENES, NONE OF WHICH CURATED TO SHOW DOSAGE SENSITIVITY	6	2
COVERS 244 GENES, NONE OF WHICH CURATED TO SHOW DOSAGE SENSITIVITY	3	0
COVERS 247 GENES, NONE OF WHICH CURATED TO SHOW DOSAGE SENSITIVITY	1	1
COVERS 249 GENES, NONE OF WHICH CURATED TO SHOW DOSAGE SENSITIVITY	1	0
COVERS 25 GENES, NONE OF WHICH CURATED TO SHOW DOSAGE SENSITIVITY	18	7
COVERS 250 GENES, NONE OF WHICH CURATED TO SHOW DOSAGE SENSITIVITY	2	1
COVERS 251 GENES, NONE OF WHICH CURATED TO SHOW DOSAGE SENSITIVITY	1	0
COVERS 258 GENES, NONE OF WHICH CURATED TO SHOW DOSAGE SENSITIVITY	3	1
COVERS 259 GENES, NONE OF WHICH CURATED TO SHOW DOSAGE SENSITIVITY	3	0
COVERS 26 GENES, NONE OF WHICH CURATED TO SHOW DOSAGE SENSITIVITY	16	10
COVERS 261 GENES, NONE OF WHICH CURATED TO SHOW DOSAGE SENSITIVITY	2	1
COVERS 265 GENES, NONE OF WHICH CURATED TO SHOW DOSAGE SENSITIVITY	2	0
COVERS 269 GENES, NONE OF WHICH CURATED TO SHOW DOSAGE SENSITIVITY	1	0
COVERS 27 GENES, NONE OF WHICH CURATED TO SHOW DOSAGE SENSITIVITY	7	2
COVERS 270 GENES, NONE OF WHICH CURATED TO SHOW DOSAGE SENSITIVITY	2	1
COVERS 273 GENES, NONE OF WHICH CURATED TO SHOW DOSAGE SENSITIVITY	1	1
COVERS 277 GENES, NONE OF WHICH CURATED TO SHOW DOSAGE SENSITIVITY	1	0
COVERS 278 GENES, NONE OF WHICH CURATED TO SHOW DOSAGE SENSITIVITY	2	0
COVERS 28 GENES, NONE OF WHICH CURATED TO SHOW DOSAGE SENSITIVITY	7	5
COVERS 281 GENES, NONE OF WHICH CURATED TO SHOW DOSAGE SENSITIVITY	2	1
COVERS 282 GENES, NONE OF WHICH CURATED TO SHOW DOSAGE SENSITIVITY	3	2
COVERS 283 GENES, NONE OF WHICH CURATED TO SHOW DOSAGE SENSITIVITY	1	0
COVERS 284 GENES, NONE OF WHICH CURATED TO SHOW DOSAGE SENSITIVITY	1	0
COVERS 285 GENES, NONE OF WHICH CURATED TO SHOW DOSAGE SENSITIVITY	3	0
COVERS 288 GENES, NONE OF WHICH CURATED TO SHOW DOSAGE SENSITIVITY	1	0
COVERS 289 GENES, NONE OF WHICH CURATED TO SHOW DOSAGE SENSITIVITY	2	0
COVERS 29 GENES, NONE OF WHICH CURATED TO SHOW DOSAGE SENSITIVITY	11	6
COVERS 290 GENES, NONE OF WHICH CURATED TO SHOW DOSAGE SENSITIVITY	2	0
COVERS 291 GENES, NONE OF WHICH CURATED TO SHOW DOSAGE SENSITIVITY	2	0
COVERS 292 GENES, NONE OF WHICH CURATED TO SHOW DOSAGE SENSITIVITY	1	0
COVERS 293 GENES, NONE OF WHICH CURATED TO SHOW DOSAGE SENSITIVITY	3	3
COVERS 294 GENES, NONE OF WHICH CURATED TO SHOW DOSAGE SENSITIVITY	2	1
COVERS 295 GENES, NONE OF WHICH CURATED TO SHOW DOSAGE SENSITIVITY	2	0
COVERS 296 GENES, NONE OF WHICH CURATED TO SHOW DOSAGE SENSITIVITY	1	1
COVERS 297 GENES, NONE OF WHICH CURATED TO SHOW DOSAGE SENSITIVITY	2	1
COVERS 298 GENES, NONE OF WHICH CURATED TO SHOW DOSAGE SENSITIVITY	1	1
COVERS 299 GENES, NONE OF WHICH CURATED TO SHOW DOSAGE SENSITIVITY	1	0
COVERS 30 GENES, NONE OF WHICH CURATED TO SHOW DOSAGE SENSITIVITY	10	4
COVERS 300 GENES, NONE OF WHICH CURATED TO SHOW DOSAGE SENSITIVITY	3	0
COVERS 301 GENES, NONE OF WHICH CURATED TO SHOW DOSAGE SENSITIVITY	1	0
COVERS 302 GENES, NONE OF WHICH CURATED TO SHOW DOSAGE SENSITIVITY	1	0
COVERS 303 GENES, NONE OF WHICH CURATED TO SHOW DOSAGE SENSITIVITY	2	0
COVERS 304 GENES, NONE OF WHICH CURATED TO SHOW DOSAGE SENSITIVITY	1	0
COVERS 305 GENES, NONE OF WHICH CURATED TO SHOW DOSAGE SENSITIVITY	1	0
COVERS 306 GENES, NONE OF WHICH CURATED TO SHOW DOSAGE SENSITIVITY	4	2
COVERS 31 GENES, NONE OF WHICH CURATED TO SHOW DOSAGE SENSITIVITY	7	4
COVERS 310 GENES, NONE OF WHICH CURATED TO SHOW DOSAGE SENSITIVITY	2	2
COVERS 312 GENES, NONE OF WHICH CURATED TO SHOW DOSAGE SENSITIVITY	2	1
COVERS 313 GENES, NONE OF WHICH CURATED TO SHOW DOSAGE SENSITIVITY	1	0
COVERS 316 GENES, NONE OF WHICH CURATED TO SHOW DOSAGE SENSITIVITY	1	0
COVERS 318 GENES, NONE OF WHICH CURATED TO SHOW DOSAGE SENSITIVITY	2	1
COVERS 32 GENES, NONE OF WHICH CURATED TO SHOW DOSAGE SENSITIVITY	10	5
COVERS 324 GENES, NONE OF WHICH CURATED TO SHOW DOSAGE SENSITIVITY	1	0
COVERS 327 GENES, NONE OF WHICH CURATED TO SHOW DOSAGE SENSITIVITY	1	1
COVERS 328 GENES, NONE OF WHICH CURATED TO SHOW DOSAGE SENSITIVITY	1	1
COVERS 33 GENES, NONE OF WHICH CURATED TO SHOW DOSAGE SENSITIVITY	5	4
COVERS 332 GENES, NONE OF WHICH CURATED TO SHOW DOSAGE SENSITIVITY	2	1
COVERS 335 GENES, NONE OF WHICH CURATED TO SHOW DOSAGE SENSITIVITY	2	1
COVERS 336 GENES, NONE OF WHICH CURATED TO SHOW DOSAGE SENSITIVITY	1	1
COVERS 34 GENES, NONE OF WHICH CURATED TO SHOW DOSAGE SENSITIVITY	13	10
COVERS 344 GENES, NONE OF WHICH CURATED TO SHOW DOSAGE SENSITIVITY	1	0
COVERS 349 GENES, NONE OF WHICH CURATED TO SHOW DOSAGE SENSITIVITY	1	0
COVERS 35 GENES, NONE OF WHICH CURATED TO SHOW DOSAGE SENSITIVITY	6	0
COVERS 351 GENES, NONE OF WHICH CURATED TO SHOW DOSAGE SENSITIVITY	1	0
COVERS 352 GENES, NONE OF WHICH CURATED TO SHOW DOSAGE SENSITIVITY	1	1
COVERS 359 GENES, NONE OF WHICH CURATED TO SHOW DOSAGE SENSITIVITY	1	0
COVERS 36 GENES, NONE OF WHICH CURATED TO SHOW DOSAGE SENSITIVITY	9	6
COVERS 360 GENES, NONE OF WHICH CURATED TO SHOW DOSAGE SENSITIVITY	2	2
COVERS 362 GENES, NONE OF WHICH CURATED TO SHOW DOSAGE SENSITIVITY	2	1
COVERS 365 GENES, NONE OF WHICH CURATED TO SHOW DOSAGE SENSITIVITY	1	1
COVERS 368 GENES, NONE OF WHICH CURATED TO SHOW DOSAGE SENSITIVITY	1	0
COVERS 37 GENES, NONE OF WHICH CURATED TO SHOW DOSAGE SENSITIVITY	22	11
COVERS 370 GENES, NONE OF WHICH CURATED TO SHOW DOSAGE SENSITIVITY	1	0
COVERS 374 GENES, NONE OF WHICH CURATED TO SHOW DOSAGE SENSITIVITY	2	2
COVERS 375 GENES, NONE OF WHICH CURATED TO SHOW DOSAGE SENSITIVITY	1	0
COVERS 376 GENES, NONE OF WHICH CURATED TO SHOW DOSAGE SENSITIVITY	1	1
COVERS 377 GENES, NONE OF WHICH CURATED TO SHOW DOSAGE SENSITIVITY	2	1
COVERS 38 GENES, NONE OF WHICH CURATED TO SHOW DOSAGE SENSITIVITY	10	4
COVERS 380 GENES, NONE OF WHICH CURATED TO SHOW DOSAGE SENSITIVITY	1	1
COVERS 382 GENES, NONE OF WHICH CURATED TO SHOW DOSAGE SENSITIVITY	1	1
COVERS 388 GENES, NONE OF WHICH CURATED TO SHOW DOSAGE SENSITIVITY	2	1
COVERS 39 GENES, NONE OF WHICH CURATED TO SHOW DOSAGE SENSITIVITY	3	2
COVERS 390 GENES, NONE OF WHICH CURATED TO SHOW DOSAGE SENSITIVITY	1	1
COVERS 391 GENES, NONE OF WHICH CURATED TO SHOW DOSAGE SENSITIVITY	2	0
COVERS 393 GENES, NONE OF WHICH CURATED TO SHOW DOSAGE SENSITIVITY	1	1
COVERS 40 GENES, NONE OF WHICH CURATED TO SHOW DOSAGE SENSITIVITY	4	4
COVERS 400 GENES, NONE OF WHICH CURATED TO SHOW DOSAGE SENSITIVITY	1	0
COVERS 401 GENES, NONE OF WHICH CURATED TO SHOW DOSAGE SENSITIVITY	1	0
COVERS 403 GENES, NONE OF WHICH CURATED TO SHOW DOSAGE SENSITIVITY	1	1
COVERS 404 GENES, NONE OF WHICH CURATED TO SHOW DOSAGE SENSITIVITY	1	0
COVERS 41 GENES, NONE OF WHICH CURATED TO SHOW DOSAGE SENSITIVITY	5	2
COVERS 42 GENES, NONE OF WHICH CURATED TO SHOW DOSAGE SENSITIVITY	8	5
COVERS 43 GENES, NONE OF WHICH CURATED TO SHOW DOSAGE SENSITIVITY	4	1
COVERS 430 GENES, NONE OF WHICH CURATED TO SHOW DOSAGE SENSITIVITY	2	0
COVERS 433 GENES, NONE OF WHICH CURATED TO SHOW DOSAGE SENSITIVITY	1	0
COVERS 434 GENES, NONE OF WHICH CURATED TO SHOW DOSAGE SENSITIVITY	3	1
COVERS 44 GENES, NONE OF WHICH CURATED TO SHOW DOSAGE SENSITIVITY	7	2
COVERS 440 GENES, NONE OF WHICH CURATED TO SHOW DOSAGE SENSITIVITY	1	0
COVERS 446 GENES, NONE OF WHICH CURATED TO SHOW DOSAGE SENSITIVITY	1	0
COVERS 447 GENES, NONE OF WHICH CURATED TO SHOW DOSAGE SENSITIVITY	1	0
COVERS 449 GENES, NONE OF WHICH CURATED TO SHOW DOSAGE SENSITIVITY	1	0
COVERS 45 GENES, NONE OF WHICH CURATED TO SHOW DOSAGE SENSITIVITY	11	8
COVERS 451 GENES, NONE OF WHICH CURATED TO SHOW DOSAGE SENSITIVITY	1	0
COVERS 454 GENES, NONE OF WHICH CURATED TO SHOW DOSAGE SENSITIVITY	1	0
COVERS 457 GENES, NONE OF WHICH CURATED TO SHOW DOSAGE SENSITIVITY	1	0
COVERS 459 GENES, NONE OF WHICH CURATED TO SHOW DOSAGE SENSITIVITY	1	1
COVERS 46 GENES, NONE OF WHICH CURATED TO SHOW DOSAGE SENSITIVITY	10	4
COVERS 461 GENES, NONE OF WHICH CURATED TO SHOW DOSAGE SENSITIVITY	1	0
COVERS 47 GENES, NONE OF WHICH CURATED TO SHOW DOSAGE SENSITIVITY	9	2
COVERS 472 GENES, NONE OF WHICH CURATED TO SHOW DOSAGE SENSITIVITY	1	0
COVERS 479 GENES, NONE OF WHICH CURATED TO SHOW DOSAGE SENSITIVITY	1	1
COVERS 48 GENES, NONE OF WHICH CURATED TO SHOW DOSAGE SENSITIVITY	7	4
COVERS 487 GENES, NONE OF WHICH CURATED TO SHOW DOSAGE SENSITIVITY	1	1
COVERS 49 GENES, NONE OF WHICH CURATED TO SHOW DOSAGE SENSITIVITY	7	3
COVERS 491 GENES, NONE OF WHICH CURATED TO SHOW DOSAGE SENSITIVITY	1	0
COVERS 494 GENES, NONE OF WHICH CURATED TO SHOW DOSAGE SENSITIVITY	1	1
COVERS 50 GENES, NONE OF WHICH CURATED TO SHOW DOSAGE SENSITIVITY	7	4
COVERS 501 GENES, NONE OF WHICH CURATED TO SHOW DOSAGE SENSITIVITY	1	1
COVERS 504 GENES, NONE OF WHICH CURATED TO SHOW DOSAGE SENSITIVITY	2	0
COVERS 506 GENES, NONE OF WHICH CURATED TO SHOW DOSAGE SENSITIVITY	1	1
COVERS 51 GENES, NONE OF WHICH CURATED TO SHOW DOSAGE SENSITIVITY	6	3
COVERS 515 GENES, NONE OF WHICH CURATED TO SHOW DOSAGE SENSITIVITY	2	1
COVERS 516 GENES, NONE OF WHICH CURATED TO SHOW DOSAGE SENSITIVITY	1	1
COVERS 52 GENES, NONE OF WHICH CURATED TO SHOW DOSAGE SENSITIVITY	8	4
COVERS 526 GENES, NONE OF WHICH CURATED TO SHOW DOSAGE SENSITIVITY	1	1
COVERS 528 GENES, NONE OF WHICH CURATED TO SHOW DOSAGE SENSITIVITY	1	1
COVERS 53 GENES, NONE OF WHICH CURATED TO SHOW DOSAGE SENSITIVITY	5	4
COVERS 536 GENES, NONE OF WHICH CURATED TO SHOW DOSAGE SENSITIVITY	1	0
COVERS 54 GENES, NONE OF WHICH CURATED TO SHOW DOSAGE SENSITIVITY	6	3
COVERS 55 GENES, NONE OF WHICH CURATED TO SHOW DOSAGE SENSITIVITY	10	6
COVERS 556 GENES, NONE OF WHICH CURATED TO SHOW DOSAGE SENSITIVITY	1	1
COVERS 558 GENES, NONE OF WHICH CURATED TO SHOW DOSAGE SENSITIVITY	1	0
COVERS 56 GENES, NONE OF WHICH CURATED TO SHOW DOSAGE SENSITIVITY	14	5
COVERS 57 GENES, NONE OF WHICH CURATED TO SHOW DOSAGE SENSITIVITY	6	4
COVERS 572 GENES, NONE OF WHICH CURATED TO SHOW DOSAGE SENSITIVITY	2	1
COVERS 576 GENES, NONE OF WHICH CURATED TO SHOW DOSAGE SENSITIVITY	1	1
COVERS 577 GENES, NONE OF WHICH CURATED TO SHOW DOSAGE SENSITIVITY	2	1
COVERS 578 GENES, NONE OF WHICH CURATED TO SHOW DOSAGE SENSITIVITY	1	0
COVERS 58 GENES, NONE OF WHICH CURATED TO SHOW DOSAGE SENSITIVITY	8	5
COVERS 59 GENES, NONE OF WHICH CURATED TO SHOW DOSAGE SENSITIVITY	6	6
COVERS 596 GENES, NONE OF WHICH CURATED TO SHOW DOSAGE SENSITIVITY	1	0
COVERS 60 GENES, NONE OF WHICH CURATED TO SHOW DOSAGE SENSITIVITY	2	1
COVERS 61 GENES, NONE OF WHICH CURATED TO SHOW DOSAGE SENSITIVITY	4	1
COVERS 62 GENES, NONE OF WHICH CURATED TO SHOW DOSAGE SENSITIVITY	7	5
COVERS 628 GENES, NONE OF WHICH CURATED TO SHOW DOSAGE SENSITIVITY	1	1
COVERS 63 GENES, NONE OF WHICH CURATED TO SHOW DOSAGE SENSITIVITY	6	1
COVERS 64 GENES, NONE OF WHICH CURATED TO SHOW DOSAGE SENSITIVITY	9	5
COVERS 642 GENES, NONE OF WHICH CURATED TO SHOW DOSAGE SENSITIVITY	1	1
COVERS 65 GENES, NONE OF WHICH CURATED TO SHOW DOSAGE SENSITIVITY	2	1
COVERS 658 GENES, NONE OF WHICH CURATED TO SHOW DOSAGE SENSITIVITY	1	0
COVERS 66 GENES, NONE OF WHICH CURATED TO SHOW DOSAGE SENSITIVITY	6	2
COVERS 67 GENES, NONE OF WHICH CURATED TO SHOW DOSAGE SENSITIVITY	6	1
COVERS 670 GENES, NONE OF WHICH CURATED TO SHOW DOSAGE SENSITIVITY	1	1
COVERS 68 GENES, NONE OF WHICH CURATED TO SHOW DOSAGE SENSITIVITY	5	2
COVERS 69 GENES, NONE OF WHICH CURATED TO SHOW DOSAGE SENSITIVITY	5	2
COVERS 698 GENES, NONE OF WHICH CURATED TO SHOW DOSAGE SENSITIVITY	1	1
COVERS 70 GENES, NONE OF WHICH CURATED TO SHOW DOSAGE SENSITIVITY	5	4
COVERS 701 GENES, NONE OF WHICH CURATED TO SHOW DOSAGE SENSITIVITY	1	0
COVERS 71 GENES, NONE OF WHICH CURATED TO SHOW DOSAGE SENSITIVITY	6	3
COVERS 710 GENES, NONE OF WHICH CURATED TO SHOW DOSAGE SENSITIVITY	1	1
COVERS 72 GENES, NONE OF WHICH CURATED TO SHOW DOSAGE SENSITIVITY	6	2
COVERS 73 GENES, NONE OF WHICH CURATED TO SHOW DOSAGE SENSITIVITY	4	1
COVERS 74 GENES, NONE OF WHICH CURATED TO SHOW DOSAGE SENSITIVITY	6	4
COVERS 75 GENES, NONE OF WHICH CURATED TO SHOW DOSAGE SENSITIVITY	8	4
COVERS 76 GENES, NONE OF WHICH CURATED TO SHOW DOSAGE SENSITIVITY	2	1
COVERS 77 GENES, NONE OF WHICH CURATED TO SHOW DOSAGE SENSITIVITY	5	4
COVERS 78 GENES, NONE OF WHICH CURATED TO SHOW DOSAGE SENSITIVITY	6	3
COVERS 79 GENES, NONE OF WHICH CURATED TO SHOW DOSAGE SENSITIVITY	4	3
COVERS 80 GENES, NONE OF WHICH CURATED TO SHOW DOSAGE SENSITIVITY	5	3
COVERS 81 GENES, NONE OF WHICH CURATED TO SHOW DOSAGE SENSITIVITY	5	2
COVERS 82 GENES, NONE OF WHICH CURATED TO SHOW DOSAGE SENSITIVITY	3	2
COVERS 83 GENES, NONE OF WHICH CURATED TO SHOW DOSAGE SENSITIVITY	6	5
COVERS 84 GENES, NONE OF WHICH CURATED TO SHOW DOSAGE SENSITIVITY	3	2
COVERS 85 GENES, NONE OF WHICH CURATED TO SHOW DOSAGE SENSITIVITY	6	3
COVERS 86 GENES, NONE OF WHICH CURATED TO SHOW DOSAGE SENSITIVITY	4	2
COVERS 87 GENES, NONE OF WHICH CURATED TO SHOW DOSAGE SENSITIVITY	10	6
COVERS 88 GENES, NONE OF WHICH CURATED TO SHOW DOSAGE SENSITIVITY	6	4
COVERS 89 GENES, NONE OF WHICH CURATED TO SHOW DOSAGE SENSITIVITY	11	6
COVERS 90 GENES, NONE OF WHICH CURATED TO SHOW DOSAGE SENSITIVITY	3	2
COVERS 91 GENES, NONE OF WHICH CURATED TO SHOW DOSAGE SENSITIVITY	7	2
COVERS 92 GENES, NONE OF WHICH CURATED TO SHOW DOSAGE SENSITIVITY	4	1
COVERS 93 GENES, NONE OF WHICH CURATED TO SHOW DOSAGE SENSITIVITY	7	3
COVERS 94 GENES, NONE OF WHICH CURATED TO SHOW DOSAGE SENSITIVITY	4	2
COVERS 95 GENES, NONE OF WHICH CURATED TO SHOW DOSAGE SENSITIVITY	3	2
COVERS 96 GENES, NONE OF WHICH CURATED TO SHOW DOSAGE SENSITIVITY	2	1
COVERS 98 GENES, NONE OF WHICH CURATED TO SHOW DOSAGE SENSITIVITY	7	4
COVERS 99 GENES, NONE OF WHICH CURATED TO SHOW DOSAGE SENSITIVITY	3	2
COX10	16	12
COX11	4	0
COX14	2	1
COX15	47	47
COX16	2	1
COX18	3	0
COX20	15	11
COX4I1	2	0
COX5A	2	0
COX6A1	1	1
COX6A2	1	1
COX6B1	2	2
COX7B	4	1
COX7B;LOC130068460;LOC130068461;MAGT1	1	1
COX8A	1	0
COXFA4	5	4
CP	105	74
CP;HPS3	1	1
CPA1	3	3
CPA6	4	4
CPAMD8	37	34
CPAP	87	80
CPAP;RNF17	1	1
CPE	8	6
CPLANE1	362	357
CPLX1	3	3
CPN1	2	1
CPOX	41	30
CPS1	406	387
CPSF1	8	5
CPSF3	3	0
CPT1A	193	177
CPT1C	17	16
CPT2	235	220
CPZ	1	0
CR2	64	63
CRADD	8	7
CRAT	1	1
CRB1	600	548
CRB2	51	45
CRBN	12	10
CREB3;GBA2	1	1
CREB3L1	15	13
CREB3L3	19	18
CREBBP	556	467
CREBBP;LOC125146381;LOC125146382;LOC130058356;LOC130058357;LOC130058358	2	1
CREBBP;LOC130058351;LOC130058352;LOC130058353;LOC130058354;LOC130058355;TRAP1	1	0
CREBBP;LOC130058351;LOC130058352;TRAP1	4	1
CREBBP;LOC130058353	1	1
CREBBP;LOC130058353;LOC130058354;LOC130058355	1	0
CREBL2	1	1
CRELD1	16	12
CRIPT	12	9
CRK;CRK-AS1;LOC112529892;LOC121848004;YWHAE	1	0
CRLF1	35	27
CRLS1	3	0
CRMP1	1	0
CRNKL1	3	1
CRPPA	71	60
CRPPA;CRPPA-AS1	1	1
CRTAP	74	68
CRX	160	142
CRYAA	12	11
CRYAB	18	12
CRYBA1	19	16
CRYBA4	6	4
CRYBA4;CRYBB1	3	3
CRYBB1	14	11
CRYBB2	17	14
CRYBB3	8	5
CRYGB	1	0
CRYGC	25	17
CRYGC;LOC100507443	1	1
CRYGD	18	16
CRYGD;LOC100507443	1	1
CRYGS	7	5
CSDE1	19	17
CSF1R	87	74
CSF2RA	45	44
CSF2RB	1	0
CSF3R	53	48
CSGALNACT1	18	16
CSMD1	8	7
CSMD1;LOC107522030	1	0
CSNK1D	2	0
CSNK1E	1	0
CSNK1G1	1	1
CSNK2A1	86	81
CSNK2A1;LOC130065264;LOC130065265;LOC130065266;RBCK1;TBC1D20	1	1
CSNK2B	121	107
CSNK2B;LY6G5B	1	0
CSPP1	131	130
CSRP3	33	27
CST3	2	1
CST6	2	1
CSTA	6	5
CSTB	21	15
CSTF2	1	0
CT55	1	0
CTBP1	2	2
CTBP2	3	0
CTC1	147	146
CTCF	95	92
CTDP1	1	1
CTH	4	2
CTHRC1	1	0
CTLA4	66	58
CTNNA1	251	241
CTNNA2	9	5
CTNNA3	4	1
CTNNB1	251	222
CTNNB1;LOC126806658	5	5
CTNNB1;LOC126806659	6	5
CTNND1	38	28
CTNND1;TMX2-CTNND1	5	5
CTNND2	17	15
CTNS	203	180
CTNS;CTNS-AS1	1	1
CTPS1	1	1
CTR9	17	16
CTRC	19	19
CTSA	88	82
CTSC	87	82
CTSD	56	53
CTSD;PRADX	1	1
CTSF	42	39
CTSK	141	130
CTU2	8	7
CUBN	221	190
CUBN;LOC126860871	1	1
CUL2	1	0
CUL3	128	107
CUL4B	66	59
CUL7	136	124
CUL7;LOC129996487	1	1
CUX1	57	57
CUX2	4	2
CWC27	50	48
CWF19L1	32	28
CXCR2	7	5
CXCR4	42	41
CXORF65;IL2RG	1	1
CYB561	2	0
CYB5A	3	2
CYB5R3	38	25
CYBA	80	77
CYBB	217	206
CYBB;LOC130068093	1	1
CYBC1	5	5
CYC1	2	1
CYCS	6	4
CYFIP2	23	21
CYGB;PRCD	1	0
CYLD	83	73
CYLD-AS2;CYLD	1	1
CYLD;CYLD-AS2	13	13
CYP11A1	52	48
CYP11B1	198	184
CYP11B1;CYP11B2;LOC106799834;LOC110673972	1	1
CYP11B1;LOC106799833	1	1
CYP11B1;LOC110673972	1	1
CYP11B2	132	130
CYP17A1	163	152
CYP19A1	85	81
CYP19A1;MIR4713HG;PIRC66	1	1
CYP1B1	129	122
CYP21A2	134	113
CYP21A2;LOC106780800	8	8
CYP21A2;LOC106780800;TNXB	2	2
CYP24A1	67	64
CYP26B1	7	5
CYP26C1	5	5
CYP27A1	218	201
CYP27B1	114	108
CYP2A7;LOC110673974	1	1
CYP2C8	1	0
CYP2C9	1	0
CYP2R1	30	30
CYP2U1	49	40
CYP2U1;CYP2U1-AS1	2	2
CYP3A4	2	1
CYP4F22	55	36
CYP4V2	95	78
CYP4V2;LOC129993526	1	1
CYP51A1	1	1
CYP7A1	1	1
CYP7B1	82	77
CYS1	1	1
D2HGDH	32	29
DAAM2	5	2
DAB1	1	1
DACT1	9	2
DAG1	23	19
DAGLA	7	4
DAGLA;MYRF-AS1	1	1
DALRD3	1	1
DAND5	1	0
DAP3	3	2
DAP3;GON4L;LOC129931572;LOC129931573;SCARNA26A;YY1AP1	1	0
DARS1	10	7
DARS2	77	71
DAW1	7	3
DAZ1;DAZ2	1	1
DAZL	2	0
DBH	13	13
DBR1	1	1
DBT	175	164
DCAF12L1	1	1
DCAF17	60	52
DCAF8	1	1
DCC	62	49
DCDC1	1	1
DCDC2	35	29
DCHS1	42	38
DCLRE1B	5	2
DCLRE1C	192	190
DCN	5	1
DCPS	7	5
DCT	11	4
DCTN1	13	13
DCTN5;PALB2	1	1
DCX	178	165
DCXR	1	0
DDB1	6	5
DDB2	17	15
DDC	98	92
DDC;DDC-AS1	1	1
DDHD1	31	25
DDHD2	38	35
DDOST	3	3
DDR2	27	22
DDRGK1	3	2
DDX11	68	64
DDX17	4	4
DDX23	5	5
DDX25	1	0
DDX25;HYLS1;PUS3	1	1
DDX39A	1	1
DDX3X	380	352
DDX3Y	4	4
DDX3Y;LOC108004538;TTTY15;USP9Y	1	0
DDX41	130	126
DDX52;HNF1B;LOC105371756;LOC112529910;LOC126862547;LOC126862548;LOC126862549;MIR378J;SYNRG	1	1
DDX53	2	2
DDX53;LOC126863227;PTCHD1-AS	1	0
DDX54	3	0
DDX59	9	8
DDX6	9	5
DEAF1	103	93
DEF6	9	7
DEGS1	20	18
DENND3	1	0
DENND4A	1	1
DENND4B	1	0
DENND5A	33	30
DENND5B	2	2
DEPDC5	406	392
DES	132	122
DGAT1	75	73
DGCR5;DGCR6;HSERVPRODH;LOC122455341;PRODH	1	1
DGCR5;HSERVPRODH;LOC122455341;PRODH	2	1
DGKE	62	58
DGKG	1	0
DGKH	1	0
DGKZ	1	1
DGUOK	70	67
DHCR24	6	5
DHCR7	311	296
DHDDS	40	38
DHFR	4	0
DHFR;MSH3	1	1
DHH	19	10
DHODH	15	11
DHPS	5	5
DHRS3	2	0
DHRSX	2	0
DHRSX;ZBED1	1	1
DHTKD1	64	64
DHX16	7	4
DHX30	21	18
DHX34	3	1
DHX37	14	9
DHX38	4	3
DHX9	18	15
DIABLO	4	4
DIAPH1	69	62
DIAPH2	1	1
DIAPH3	2	1
DICER1	868	867
DIO1	2	0
DIP2A	2	2
DIP2B	3	2
DIP2C	22	22
DIPK1A;RPL5	8	8
DIS3	2	1
DIS3L2	98	96
DISC1;DISC1-IT1;DISC2;LOC129388778;LOC129932773;TSNAX-DISC1	1	1
DISP1	7	7
DIXDC1	1	0
DKC1	33	22
DKK3	2	0
DLAT	24	23
DLC1	1	0
DLD	145	133
DLG2	2	2
DLG2;LOC130006542	1	1
DLG3	40	37
DLG3;DLG3-AS1	1	1
DLG4	109	106
DLG4;LOC126862479	1	1
DLG5	3	1
DLGAP2;LOC123987604;LOC123987605;LOC126860271;LOC126860272;LOC126860273;LOC129389951;LOC286083	1	1
DLGAP4-AS1;MYL9	1	0
DLGAP5	1	1
DLK1	1	0
DLK1;LOC112163682;LOC126862051;MEG3;MIR2392	1	0
DLL1	68	62
DLL3	62	61
DLL3;LOC130064417;PLEKHG2	1	1
DLL4	30	28
DLX3	11	10
DLX5	9	5
DMAP1	2	2
DMBX1	1	0
DMC1	5	0
DMD	2438	2357
DMD;FAM47A;LOC129391296;LOC129391297;MIR3915;MIR548F5	1	1
DMD;LOC129391296	11	6
DMD;LOC129391296;LOC129391297	1	0
DMD;LOC129391297	3	1
DMD;MIR3915;MIR548F5	5	2
DMD;MIR548F5	2	1
DMGDH	2	2
DMP1	18	17
DMP1-AS1;DSPP	7	7
DMP1;DMP1-AS1	1	1
DMPK	183	51
DMRT1	10	10
DMRT1;LOC130001445;LOC130001446	1	1
DMRT2	2	1
DMRT3	1	1
DMRTA2	1	0
DMXL2	69	64
DNA2	19	16
DNAAF1	64	58
DNAAF11	51	49
DNAAF19	27	26
DNAAF2	51	46
DNAAF3	55	53
DNAAF3-AS1;DNAAF3	1	1
DNAAF3;DNAAF3-AS1	2	2
DNAAF3;DNAAF3-AS1;TNNI3	1	0
DNAAF4	42	42
DNAAF4;DNAAF4-CCPG1	5	5
DNAAF4;DNAAF4-CCPG1;PIERCE2	1	1
DNAAF5	53	52
DNAAF6	12	8
DNAH1	148	141
DNAH10	10	8
DNAH11	600	592
DNAH12	2	0
DNAH14	2	2
DNAH17	23	16
DNAH1;BAP1	1	1
DNAH2	12	8
DNAH3	4	4
DNAH5	1152	1142
DNAH5;DNAH5-AS1	5	5
DNAH5;LOC107457585	1	1
DNAH6	1	1
DNAH7	16	14
DNAH8	160	158
DNAH9	173	165
DNAH9;LOC126862505	1	1
DNAI1	181	178
DNAI2	116	115
DNAI3	1	0
DNAJB11	33	30
DNAJB13	13	11
DNAJB2	26	25
DNAJB4	4	0
DNAJB6	15	13
DNAJB7;LOC130067524;LOC130067525;LOC130067526;RBX1;SNORD140;ST13;XPNPEP3	1	1
DNAJC12	22	14
DNAJC19	21	20
DNAJC21	54	51
DNAJC24;ELP4;IMMP1L;LOC129390272;LOC129390273;LOC129390274;PAX6_HS8	1	1
DNAJC3	9	5
DNAJC30	9	3
DNAJC5	4	4
DNAJC6	14	10
DNAL1	12	12
DNAL4	1	0
DNALI1	2	1
DNASE1	1	1
DNASE1L1;LOC130068869;TAFAZZIN	1	1
DNASE1L3	15	15
DNASE2	3	0
DNHD1	52	51
DNM1	71	66
DNM1L	67	62
DNM1L;LOC126861497;LOC129390433;LOC129390434;PKP2;YARS2	1	1
DNM2	30	28
DNMBP	6	4
DNMT1	12	11
DNMT3A	219	195
DNMT3A;LOC129933287;LOC129933288	1	0
DNMT3A;LOC129933290;LOC129933291	1	0
DNMT3B	41	35
DNMT3B;LOC126863014	1	1
DOCK1	1	1
DOCK11	16	10
DOCK2	33	29
DOCK2;LOC126807589	1	1
DOCK3	13	11
DOCK3;LOC122889089;LOC129936812;LOC129936813	1	0
DOCK4	3	3
DOCK4;DOCK4-AS1	1	1
DOCK6	106	101
DOCK6;DOCK6-AS1	2	1
DOCK7	100	96
DOCK7;LOC129930655	1	1
DOCK8	148	136
DOCK8;DOCK8-AS1;LOC126860552;LOC130001435;LOC130001436;LOC130001437;LOC130001438;LOC130001439;LOC130001440	1	0
DOHH	5	1
DOK7	150	146
DOLK	14	11
DONSON	48	46
DOT1L	9	1
DPAGT1	44	34
DPF2	20	18
DPH1	15	14
DPH2	2	2
DPH5	4	2
DPM1	25	22
DPM2	9	6
DPM3	13	10
DPP10	1	1
DPP6	5	2
DPP6;LOC126860236	1	1
DPP9	4	2
DPPA2	1	1
DPRX	1	0
DPY19L2	8	3
DPY30;LOC129933452;LOC129933453;LOC129933454;LOC129933455;SLC30A6;SLC30A6-DT;SPAST	2	0
DPY30;LOC129933452;LOC129933453;LOC129933454;LOC129933455;SPAST	2	2
DPYD	147	113
DPYD;DPYD-AS1	1	1
DPYS	33	29
DPYSL2	1	1
DPYSL5	1	1
DRAM2	32	30
DRC1	37	36
DRC1;LOC129933333	1	1
DRC1;OTOF	2	2
DRC2	19	19
DRC4	22	22
DRC9;RPL35A	1	1
DRD4	1	1
DRG1	5	4
DROSHA	9	2
DRP2	18	18
DSC2	110	106
DSC3	8	6
DSCAM	8	6
DSE	17	15
DSE;LOC129997035;TSPYL1	1	1
DSG1	49	40
DSG1-AS1;DSG4	2	2
DSG2	136	135
DSG2;DSG2-AS1	1	1
DSG3	1	0
DSG4	19	12
DSP	849	822
DSPP	58	44
DST	205	193
DSTYK	6	3
DTNA	1	0
DTNBP1	20	18
DTYMK	5	2
DUOX2	254	252
DUOXA2	27	25
DUS1L	1	1
DUSP6	1	1
DUT	1	1
DUT-AS1	1	1
DVL1	24	21
DVL3	20	16
DYM	56	47
DYNC1H1	186	172
DYNC1H1;LOC126862060	1	1
DYNC1I2	6	5
DYNC2H1	637	598
DYNC2I1	34	29
DYNC2I2	53	46
DYNC2I2;LOC126860772;SPTAN1	1	1
DYNC2LI1	29	24
DYNC2LI1;ABCG5	1	1
DYNLT2B	8	6
DYRK1A	281	258
DYRK1B	2	1
DYSF	952	928
DYSF;LOC129934067	1	1
DZIP1	4	2
DZIP1L	17	13
E2F6	1	1
E4F1	1	1
EARS2	38	36
EARS2;LOC130058664	1	1
EBF3	118	110
EBP	84	75
ECE1	4	1
ECEL1	65	53
ECHDC1	3	3
ECHS1	65	60
ECI2	1	0
ECM1	40	32
EDA	304	287
EDA2R	1	1
EDAR	94	83
EDAR;RANBP2	4	4
EDARADD	16	13
EDC3	2	1
EDEM3	16	6
EDN1	4	0
EDN3	11	6
EDNRA	3	1
EDNRB	42	39
EDNRB;EDNRB-AS1	1	1
EED	14	11
EEF1A2	45	39
EEF1AKMT4-ECE2;ALG3;VWA5B2;MIR1224;EEF1AKMT4	1	1
EEF1B2	3	3
EEF1D	12	8
EEF2	6	5
EEFSEC	5	3
EFEMP1	15	14
EFEMP2	44	39
EFHC1	1	1
EFL1	6	4
EFNB1	74	69
EFNB1;LOC121853059;LOC125467761;LOC130068392;OPHN1;STARD8;YIPF6	1	0
EFNB2	1	1
EFTUD2	192	171
EGF	3	2
EGF;LOC126807134	1	1
EGFR	105	80
EGLN1	18	16
EGR2	18	17
EHBP1L1	1	1
EHHADH	1	1
EHMT1	275	270
EHMT1;LOC108281115;LOC130003149;LOC130003150;LOC651337;MIR602	1	1
EHMT1;LOC126860799;LOC130003148;LOC651337	2	2
EHMT1;LOC130003148	1	1
EHMT1;LOC130003149	1	1
EHMT1;LOC130003149;LOC130003150	1	1
EHMT1;LOC130003149;LOC130003150;LOC651337	2	2
EHMT1;LOC130003150	1	1
EHMT2	7	7
EI24	1	0
EIF1AX	1	0
EIF2AK2	6	4
EIF2AK3	115	113
EIF2AK4	86	54
EIF2AK4;LOC130056813	1	1
EIF2B1	40	34
EIF2B2	46	44
EIF2B3	19	17
EIF2B4	40	34
EIF2B5	119	116
EIF2S3	8	5
EIF3B	2	2
EIF3F	4	1
EIF4A2	19	10
EIF4A3	3	0
EIF4G3	1	1
EIF5A	14	11
EIPR1	4	0
ELAC2	82	78
ELANE	116	96
ELF2	1	1
ELF4	8	5
ELFN1	5	0
ELMO2	7	5
ELMOD3	1	1
ELN	214	203
ELN;ELN-AS1	1	1
ELN;ELN-AS1;LIMK1;LOC113748410;LOC129998616;LOC129998617;LOC129998618;LOC129998619;LOC129998620	1	1
ELOA2;KATNAL2;LOC129390992	1	1
ELOVL1	1	0
ELOVL4	28	26
ELOVL5	2	0
ELP1	430	417
ELP2	21	17
ELP4	3	0
ELP4;ELP4-AS1;LOC126861176;PAX6	1	1
ELP4;IMMP1L	1	1
ELP4;PAX6	2	2
ELP6	1	0
EMC1	101	99
EMC10	15	10
EMC10;GARIN5A	1	1
EMC1;EMC1-AS1	2	2
EMD	105	100
EMG1	1	0
EMILIN1	7	2
EML1	10	8
EML6	1	0
EMP2	3	2
EMX2	6	2
EMX2;EMX2OS	1	1
EN1	1	0
ENAM	17	11
ENG	636	621
ENG;LOC102723566	7	7
ENO3	3	2
ENPP1	102	91
ENTPD1	17	12
ENTPD1;ENTPD1-AS1	1	1
ENTPD2	1	1
EOGT	16	14
EP300	288	248
EP300;EP300-AS1	2	2
EP300;LOC126863158	1	1
EPAS1	8	6
EPB41	40	37
EPB41L1	1	1
EPB41L4A	1	0
EPB42	21	19
EPCAM	82	66
EPG5	224	218
EPHA10	1	0
EPHA2	21	19
EPHA2;EPHA2-AS1	1	1
EPHA4	2	2
EPHA4;LOC121725115;LOC121725116;LOC126806526;LOC126806527;LOC129935666;LOC129935667;LOC129935668;LOC132088821	1	1
EPHB2	2	0
EPHB4	146	137
EPHB4;LOC126860124	4	4
EPHX1	1	1
EPM2A	58	57
EPM2A;EPM2A-DT;LOC129997381	1	1
EPO	3	0
EPOR	5	4
EPRS1	23	20
EPS8	13	12
EPS8L2	31	30
ERAL1	1	0
ERBB2	27	11
ERBB3	22	17
ERBB4	11	9
ERC1	1	1
ERCC1	15	13
ERCC2	227	219
ERCC3	65	63
ERCC4	75	71
ERCC5	75	64
ERCC6	354	337
ERCC6L2	66	65
ERCC8	129	119
ERCC8;ERCC8-AS1;LOC129993949;NDUFAF2	1	0
ERCC8;NDUFAF2	3	3
ERF	61	57
ERG	3	0
ERGIC1	3	1
ERGIC2	1	1
ERGIC3	1	0
ERI1	13	11
ERLEC1	4	0
ERLIN1	4	3
ERLIN2	35	32
ERMAP	1	0
ERMARD	3	2
ESAM	8	8
ESCO2	155	152
ESPN	37	31
ESR1	4	0
ESR2	1	0
ESRP1	4	3
ESRP2	2	0
ESRRB	30	24
ESRRG	5	5
ESX1	1	1
ETFA	101	98
ETFB	42	40
ETFDH	331	329
ETHE1	102	98
ETS1	2	1
ETV2	2	0
ETV4	1	0
ETV5	1	0
ETV6	65	61
ETV6;LOC126861452	3	3
EVC	321	307
EVC2	345	325
EVC;EVC2;LOC129992141;LOC129992142;LOC129992143;LOC129992144;LOC129992145;LOC129992146;LOC129992147	1	1
EVI2A	1	1
EVI2A;NF1	2	2
EVX2	1	1
EXO1	1	1
EXOC2	1	0
EXOC3L2	3	1
EXOC4	1	0
EXOC6B	15	13
EXOC7	5	2
EXOC8	2	2
EXOSC1	1	0
EXOSC2	2	2
EXOSC3	53	52
EXOSC5	6	3
EXOSC8	3	2
EXOSC9	33	30
EXPH5	17	10
EXT1	565	552
EXT1;LOC108491824;LOC124188206;MED30	1	0
EXT2	248	243
EXT2;LOC126861201	1	1
EXTL3	2	2
EYA1	233	214
EYA1;LOC130000578;LOC130000579;LOC130000580;LOC130000581;LOC130000582	1	0
EYA4	98	90
EYS	1119	1066
EYS;PHF3	7	7
EZH1	5	5
EZH2	42	36
F10	45	32
F11	221	197
F12	21	18
F13A1	51	36
F13B	16	13
F2	41	32
F5	114	103
F7	95	79
F8	680	505
F9	319	251
FA2H	73	68
FAAH	1	1
FAAH2	2	1
FAAP100	4	1
FADD	2	1
FAH	194	185
FAM111A	10	8
FAM111B	7	5
FAM120AOS	1	0
FAM136A	1	1
FAM13A	1	1
FAM149B1	15	14
FAM161A	202	201
FAM170A;LOC129994462	1	0
FAM171A2;GRN	2	2
FAM177A1	7	3
FAM186B	1	0
FAM20A	45	39
FAM20A;LOC125316783;PRKAR1A	1	1
FAM20A;PRKAR1A	1	1
FAM20C	27	15
FAM222A	1	1
FAM50A	4	4
FAM83H	4	0
FAN1	67	60
FANCA	997	856
FANCA;ZNF276	3	3
FANCB	30	16
FANCC	304	282
FANCD2	283	273
FANCD2;FANCD2OS	1	1
FANCD2;LOC107303338	3	3
FANCE	78	77
FANCF	60	56
FANCG	216	203
FANCI	286	275
FANCI;POLG	2	2
FANCL	125	124
FANCM	204	199
FAR1	16	13
FARS2	63	61
FARS2;LOC126859565	1	1
FARSA	4	3
FARSB	14	13
FAS	127	113
FASLG	7	6
FASN	1	1
FASTKD1	1	0
FASTKD2	34	30
FASTKD5	5	0
FAT1	39	33
FAT2	1	1
FAT4	72	62
FBLN5	8	6
FBN1	3719	3411
FBN1;LOC113939944	1	1
FBN1;LOC126862124	1	0
FBN2	137	127
FBN2;LOC123497965	1	1
FBN2;LOC126807501	1	1
FBN2;LOC126807502	1	0
FBP1	60	56
FBRS	2	0
FBRSL1	2	1
FBXL3	5	2
FBXL4	87	84
FBXO11	158	140
FBXO11;MSH6	5	5
FBXO22	4	1
FBXO28	11	7
FBXO31	3	2
FBXO32	1	1
FBXO36;DNER;LOC108353814;LOC108353815;LOC129389004;LOC129389005;LOC129935742;LOC129935743;TRIP12	1	1
FBXO36;LOC129389004;LOC129389005;LOC129935742;LOC129935743;TRIP12	1	0
FBXO38	2	1
FBXO43	5	1
FBXO7	47	46
FBXW11	8	8
FBXW7	31	26
FCHO1	22	15
FCN2	1	1
FCN3	5	5
FCSK	7	7
FDFT1	5	5
FDPS	5	2
FDX2	4	4
FDXR	36	30
FECH	81	71
FECH;LOC130062560	1	1
FEM1B	1	0
FEM1C	1	1
FENDRR;FOXF1	2	2
FERD3L;HDAC9;LOC126859955;LOC129998021;TWIST1	1	1
FERMT1	53	46
FERMT3	25	19
FERRY3	20	19
FEZF1	2	0
FEZF2	6	6
FFAR1	1	0
FGA	58	50
FGB	20	12
FGD1	101	87
FGD4	52	50
FGF10	31	23
FGF12	5	5
FGF13	6	4
FGF14	19	13
FGF14;LOC124946331;MIR2681	1	1
FGF16	5	4
FGF17	1	0
FGF20	2	1
FGF23	13	11
FGF3	28	18
FGF3;LOC109115964	2	2
FGF4	1	0
FGF5	6	4
FGF8	17	12
FGF9	5	3
FGFR1	243	215
FGFR1;LOC130000230;LOC130000231;LOC130000232;LOC130000233	1	1
FGFR2	134	121
FGFR3	64	59
FGFR3;LETM1;LOC116158483;LOC129992009;LOC129992010;LOC129992011;LOC129992012;TACC3	1	0
FGFR3;LOC116158483;LOC129992009;LOC129992010;LOC129992011;LOC129992012;TACC3	1	0
FGG	36	32
FH	515	514
FHIP2A	1	0
FHIT	1	1
FHIT;LOC107325936	3	3
FHIT;LOC107325936;MIR548BB	2	2
FHL1	104	92
FHOD3	8	8
FIBP	5	3
FICD	2	2
FIG4	128	124
FIGLA	6	1
FILIP1	8	4
FITM2	12	8
FKBP10	85	79
FKBP14	21	19
FKBP6	5	5
FKRP	233	217
FKTN	171	162
FLAD1	32	31
FLCN	453	408
FLCN;LOC130060370	1	1
FLG	255	252
FLG2	5	4
FLI1	12	8
FLII	5	3
FLNA	373	339
FLNB	165	155
FLNC	644	627
FLNC;FLNC-AS1	11	11
FLRT3	1	0
FLT3	12	3
FLT3LG	1	0
FLT4	76	62
FLT4;LOC126807632	1	1
FLVCR1	64	54
FLVCR2	23	16
FMC1-LUC7L2;LUC7L2;FMC1	1	1
FMN1	3	3
FMN2	19	17
FMNL2	1	0
FMO3	109	105
FMR1	27	19
FMR1-AS1;LOC107032825;LOC129929048;LOC129929053	1	0
FN1	32	23
FNIP1	24	20
FNTA	1	0
FOCAD	13	7
FOLR1	31	29
FOLR1;FOLR1-AS1	1	1
FOS	1	1
FOSL2	5	2
FOXA2	2	2
FOXC1	170	149
FOXC1;FOXCUT;GMDS;LOC129995600;LOC129995601;LOC129995602;LOC129995603;LOC129995604;LOC129995605	1	1
FOXC1;LOC129995601	1	1
FOXC2	64	49
FOXC2;FOXC2-AS1	2	2
FOXD2	2	1
FOXE1	6	1
FOXE3	32	21
FOXF1	68	43
FOXF1;FENDRR	1	1
FOXG1	285	280
FOXG1;FOXG1-AS1;LINC01551	1	1
FOXH1	6	6
FOXI1	5	5
FOXI3	8	3
FOXJ1	10	6
FOXL2	186	140
FOXL2;FOXL2NB	1	1
FOXN1	83	82
FOXO1	1	0
FOXP1	211	198
FOXP2	67	63
FOXP3	60	53
FOXP4	3	3
FOXRED1	68	68
FRA10AC1	11	8
FRAS1	332	319
FREM1	78	75
FREM2	134	125
FRG1	1	0
FRG1;FRG1-DT;LINC01596;LOC123493255;LOC126807279	1	0
FRMD4A	3	2
FRMD5	7	5
FRMD7	72	62
FRMPD4	22	21
FRRS1L	39	39
FRYL	25	25
FSCN2	3	3
FSD1L	5	1
FSHB	5	1
FSHR	35	13
FSIP2	24	13
FSIP2;FSIP2-AS1	1	1
FTCD	45	45
FTH1	4	2
FTH1;BEST1	4	4
FTL	34	28
FTO	3	2
FTSJ1	16	11
FUCA1	96	88
FUCA1;LOC126805661	1	1
FUS	54	49
FUT1	6	1
FUT8	8	4
FUZ	1	0
FXN	32	25
FXN;LOC130001862	2	2
FXR1	4	2
FXYD2	1	1
FYB1	2	0
FYCO1	43	38
FYN	3	0
FZD2	10	8
FZD3	2	0
FZD4	83	81
FZD4;PRSS23	6	6
FZD5	9	5
FZD6	7	3
FZR1	4	2
G3BP1	2	2
G6PC1	170	161
G6PC3	53	48
G6PD	228	227
GAA	863	857
GAB1	1	1
GABBR1	8	8
GABBR2	17	15
GABRA1	81	77
GABRA1;GABRG2;LINC01202	1	1
GABRA2	20	16
GABRA3	5	2
GABRA3;LOC126863345;MAGEA3-DT;MIR105-1;MIR105-2;MIR767	1	0
GABRA4	1	1
GABRA5	5	3
GABRB1	5	4
GABRB2	62	57
GABRB3	106	100
GABRD	3	3
GABRE	1	0
GABRG2	133	125
GABRG2;LINC01202	1	0
GABRG3	1	1
GAD1	18	9
GAL	1	0
GAL3ST2	1	1
GALC	396	374
GALC;LOC132090288	2	2
GALE	59	53
GALK1	115	110
GALK1;ITGB4	2	2
GALM	6	4
GALNS	342	341
GALNT14	1	1
GALNT2	8	7
GALNT3	78	71
GALNT4;POC1B;POC1B-DUSP6;POC1B-GALNT4	1	1
GALNTL5	1	0
GALT	350	332
GAMT	153	152
GAN	60	55
GAN;LOC130059498	1	0
GANAB	61	49
GAPDH;NCAPD2	1	1
GAREM2;HADHA	3	3
GARNL3	1	0
GARS1	31	26
GART	1	0
GAS2	2	0
GAS2L2	1	0
GAS8	2	1
GATA1	85	78
GATA2	234	232
GATA3	116	97
GATA4	41	27
GATA5	5	1
GATA6	61	53
GATAD1	1	0
GATAD1;PEX1	4	3
GATAD2A	1	1
GATAD2B	119	109
GATB	4	4
GATC	1	1
GATM	39	36
GBA1	361	335
GBA1;LOC106627981	1	1
GBA2	50	48
GBE1	210	207
GBF1	5	1
GBF1;PITX3	1	1
GCDH	335	318
GCDH;KLF1;LOC117125594	1	1
GCGR	6	4
GCH1	123	109
GCH1;LOC130055692	2	2
GCK	704	692
GCLC	2	0
GCM2	22	19
GCNA	4	1
GCNT2	13	9
GCSH	11	7
GDAP1	103	100
GDAP2	9	6
GDF1	27	26
GDF2	14	14
GDF3	2	2
GDF5	54	44
GDF5;GDF5-AS1	3	3
GDF6	5	4
GDF9	6	3
GDI1	14	9
GEMIN4	4	3
GEMIN5	33	26
GET3	1	0
GFAP	75	63
GFAP;LOC130060994	2	2
GFER	9	7
GFI1	1	1
GFI1B	12	7
GFM1	216	216
GFM2	16	12
GFPT1	52	44
GFRA1	4	2
GGCX	55	44
GGN	2	0
GGPS1	4	1
GH-LCR;SCN4A	1	1
GH1	29	14
GHR	64	54
GHRHR	44	35
GHSR	2	1
GIGYF1	17	14
GIGYF2	1	1
GIGYF2;KCNJ13	1	1
GIMAP5	3	0
GIMAP6	1	1
GINS1	2	1
GINS3	2	0
GIPC3	29	19
GIT1	2	2
GJA1	62	47
GJA3	40	40
GJA4	1	0
GJA5	7	2
GJA8	57	55
GJB1	274	258
GJB2	262	248
GJB3	11	7
GJB4	7	4
GJB6	12	9
GJC2	77	72
GK	25	19
GK;GK-AS1	1	1
GLA	1100	1091
GLA;HNRNPH2;RPL36A-HNRNPH2	1	1
GLA;RPL36A-HNRNPH2	4	4
GLB1	327	311
GLDC	501	465
GLDC;LOC113839554;LOC126860573;LOC130001537	1	1
GLDC;LOC130001537	1	1
GLDN	29	28
GLE1	158	157
GLI1	14	12
GLI2	100	86
GLI2;LOC110120692;LOC122819147;LOC122819148;LOC126806336;LOC132088751	1	0
GLI2;LOC126806336	1	0
GLI3	224	195
GLIS2	1	0
GLIS3	18	14
GLMN	60	58
GLRA1	81	73
GLRA2	9	4
GLRB	23	22
GLRX5	9	2
GLS	20	15
GLT8D1	1	0
GLUD1	15	14
GLUD2	1	1
GLUL	13	8
GLYCTK	5	3
GM2A	20	13
GMNN	3	3
GMPPA	17	12
GMPPB	60	58
GNA11	27	19
GNA14	1	1
GNAI1	21	17
GNAI2	5	3
GNAI3	8	7
GNAI3;GNAT2;MIR197	1	1
GNAL	25	19
GNAO1	101	92
GNAQ	9	9
GNAS	255	227
GNAS;GNAS-AS1	1	0
GNAT1	27	22
GNAT2	43	33
GNB1	60	50
GNB2	11	9
GNB3	6	4
GNB4	6	5
GNB5	32	28
GNE	223	214
GNG12-AS1;WLS	1	0
GNG3	1	1
GNMT	2	0
GNPAT	71	69
GNPNAT1	1	0
GNPTAB	445	401
GNPTG	159	146
GNRH1	4	3
GNRHR	47	41
GNS	89	85
GOLGA2	11	9
GON4L	3	1
GON7	2	1
GORAB	49	47
GOSR2	27	25
GOSR2;LOC126862578;LRRC37A2	1	1
GOT1	1	0
GOT2	4	4
GP1BA	96	88
GP1BA;LOC130060044	1	1
GP1BB	46	40
GP1BB;SEPT5-GP1BB	2	2
GP6	19	17
GP9	29	28
GPAA1	50	48
GPAT2	3	3
GPATCH11	4	0
GPC3	73	65
GPC3;GPC3-AS1;LOC129391315;LOC130068717;LOC130068718;LOC130068719;LOC130068720	1	0
GPC3;LOC130068717;LOC130068718	1	1
GPC4	16	9
GPC6	9	2
GPD1	22	15
GPD2	1	0
GPHN	46	44
GPHN;RDH12	2	2
GPHN;RDH12;ZFYVE26	1	1
GPI	33	28
GPIHBP1	22	16
GPN2	1	0
GPNMB	16	12
GPR101	1	0
GPR143	123	113
GPR153	1	1
GPR156	5	3
GPR161	2	1
GPR179	61	57
GPR68	4	0
GPR88	1	0
GPRASP2	2	1
GPRC5B	2	0
GPSM2	42	38
GPT2	19	13
GPX4	16	13
GRAMD1B	1	0
GRAP	1	1
GREB1L	93	70
GREB1L;GREB1L-AS1	1	1
GREM1	1	1
GREM2	1	0
GRHL2	28	22
GRHL3	22	15
GRHPR	168	147
GRIA1	9	7
GRIA2	45	42
GRIA3	39	32
GRIA4	11	7
GRID1	1	1
GRID2	18	12
GRIK2	14	11
GRIN1	134	123
GRIN2A	314	303
GRIN2B	287	273
GRIN2D	14	12
GRIP1	35	32
GRK1	27	13
GRK2	3	0
GRM1	16	12
GRM6	63	62
GRM6;ZNF454	4	4
GRM7	11	7
GRN	135	123
GRWD1	2	2
GRXCR1	17	13
GRXCR2	7	5
GSC	4	1
GSDME	11	8
GSK3B	7	7
GSN	6	4
GSPT2	1	0
GSR	8	5
GSS	56	56
GSTP1	1	0
GSTT2	1	1
GSTZ1	5	5
GTF2A1L;LHCGR;LOC129933723;LOC129933724;STON1-GTF2A1L	1	0
GTF2E2	2	1
GTF2H5	10	7
GTF2I	1	1
GTF2IRD1	1	1
GTF3C1	2	1
GTF3C3	11	3
GTPBP1	4	1
GTPBP2	13	7
GTPBP3	51	47
GTSF1	2	2
GUCA1A	7	7
GUCA1A;GUCA1ANB-GUCA1A	20	17
GUCA1A;GUCA1ANB-GUCA1A;GUCA1B	1	1
GUCA1ANB-GUCA1A;GUCA1A	3	3
GUCY1A1	15	9
GUCY2C	17	13
GUCY2D	269	211
GUF1	1	0
GUK1	4	1
GUSB	115	108
GYG1	41	40
GYPA	1	0
GYPC	1	0
GYS1	45	43
GYS2	49	48
GZF1	14	13
H1-4	42	38
H19-ICR	2	0
H2AC16	1	0
H2AC17	1	0
H2AP	1	0
H2BW1;H2BW2;LOC126863297;LOC130068514;PLP1;RAB9B;TMSB15B;TMSB15B-AS1	1	0
H3-3A	19	16
H3-3B	21	16
H3C1	1	0
H4C11	3	2
H4C3	10	9
H4C5	11	8
H4C9	2	0
H6PD	8	4
HAAO	12	10
HACD1	14	12
HACE1	38	33
HACL1	1	0
HADH	33	29
HADHA	239	222
HADHB	108	104
HAL	1	1
HAMP	8	4
HAND2	2	1
HAO1	2	1
HARS1	11	8
HARS2	28	21
HAX1	64	62
HBA-LCR;NPRL3	3	3
HBA1	134	118
HBA1;HBA2;HBM;HBQ1;HBZ;LOC106804612;LOC106804613	1	1
HBA1;HBA2;HBM;HBQ1;LOC106804612;LOC106804613	1	1
HBA1;HBA2;HBM;HBQ1;LOC106804612;LOC106804613;LOC130058090;LOC130058091	3	1
HBA1;HBA2;HBM;HBZ;LOC106804612;LOC106804613	1	0
HBA1;HBA2;HBQ1;LOC106804612;LOC106804613;LOC130058090;LOC130058091	3	0
HBA1;HBA2;LOC106804612	4	3
HBA1;HBA2;LOC106804612;LOC106804613	1	0
HBA1;LOC106804613	2	2
HBA2	168	156
HBA2;LOC106804612	1	1
HBB	430	273
HBB-LCR	1	0
HBB;HBD;LOC106099062;LOC106099063;LOC107133510;LOC109951029;LOC110006319	2	0
HBB;HBD;LOC106099062;LOC106099063;LOC107133510;LOC110006319	1	1
HBB;LOC106099062;LOC107133510	4	3
HBB;LOC107133510;LOC110006319	1	1
HBD	13	2
HBG1	6	0
HBG2	11	5
HBM;LOC106804612;LOC106804613;HBA1;HBA2	1	0
HBQ1;HBA1;LOC106804613;LOC130058090;LOC130058091	1	1
HBQ1;LOC130058090	1	0
HCCS	14	12
HCCS-DT	1	1
HCCS-DT;LOC121853050;LOC130067936;MID1	1	1
HCCS;HCCS-DT;LOC130067938	2	1
HCFC1	14	10
HCK	2	1
HCN1	43	33
HCN2	10	9
HCN2;POLRMT	1	1
HCN4	21	15
HCRT	1	0
HDAC1	1	1
HDAC3	1	1
HDAC4	14	11
HDAC4;MIR4441	1	0
HDAC6	3	1
HDAC8	104	94
HDAC9	1	0
HDC	3	2
HEATR3	5	3
HEATR5B	3	3
HECTD1	8	8
HECTD4	11	8
HECTD4;LOC130008808;LOC130008809;LOC130008810;PTPN11;RPH3A;RPL6	1	1
HECTD4;LOC130008809;LOC130008810;MIR1302-1;PTPN11;RPH3A;RPL6	1	1
HECW2	41	39
HECW2;LOC129935324;LOC129935325	1	1
HELLS	21	16
HELZ	1	1
HENMT1	2	0
HEPACAM	26	23
HEPHL1	5	5
HERC1	54	52
HERC2	27	27
HERC2;LOC126862084;LOC128772394;LOC132090298;LOC132090299;OCA2	1	0
HERPUD1	1	1
HES7	6	3
HESX1	23	17
HEXA	353	329
HEXB	232	225
HEY2	1	1
HFE	45	43
HFE-AS1;HFE	1	0
HFE;HFE-AS1	1	1
HFM1	21	10
HGD	271	150
HGF	9	7
HGSNAT	196	185
HGSNAT;LOC130000316	2	2
HHAT	8	5
HIBCH	48	45
HID1	9	7
HIF1A	6	6
HIKESHI	5	5
HINT1	28	24
HIPK4	1	1
HIVEP2	86	79
HJV	80	77
HK1	38	35
HKDC1	8	5
HLA-A	1	1
HLA-B	1	0
HLA-DQB1	1	1
HLA-DRB1	3	2
HLCS	200	196
HMBS	176	150
HMCN1	1	0
HMGA2	10	8
HMGB1	6	5
HMGCL	109	102
HMGCR	7	5
HMGCS1	6	6
HMGCS2	62	58
HMMR	1	1
HMOX1	24	22
HMX1	3	1
HNF1A	400	389
HNF1B	291	283
HNF1B;LOC126862549	3	3
HNF4A	168	163
HNMT	3	2
HNRNPA1	21	4
HNRNPA2B1	7	3
HNRNPC	3	2
HNRNPD	4	4
HNRNPDL	3	3
HNRNPH1	9	7
HNRNPH2	12	12
HNRNPK	87	83
HNRNPK;HNRNPK-AS1	4	4
HNRNPR	8	6
HNRNPU	160	152
HNRNPUL2	4	4
HOGA1	142	136
HOMER2	5	2
HOOK3	1	0
HORMAD1	1	1
HOXA1	5	3
HOXA11	3	0
HOXA13	11	5
HOXA13;LOC107126288	1	0
HOXA2	8	2
HOXA3	1	1
HOXB1	3	0
HOXB13	2	1
HOXC13	5	2
HOXD10	1	0
HOXD13	35	22
HP	1	0
HPCA	1	0
HPD	42	38
HPDL	47	24
HPGD	29	24
HPRT1	125	90
HPS1	205	201
HPS1;MIR4685	1	1
HPS3	310	308
HPS4	104	99
HPS5	147	137
HPS6	107	103
HPSE2	22	19
HR	31	26
HR;HRURF	1	1
HRAS	52	48
HRAS;LRRC56	2	2
HRC;LOC130064904;PPFIA3;TRPM4	1	0
HRG	2	0
HROB	3	0
HRURF	5	0
HS2ST1	6	1
HS3ST6	1	0
HS6ST2	2	1
HSCB	2	0
HSD11B1	2	0
HSD11B2	25	20
HSD17B10	19	16
HSD17B3	68	62
HSD17B3;SLC35D2-HSD17B3	1	1
HSD17B4	268	248
HSD3B2	93	91
HSD3B2;LOC109029530	1	1
HSD3B7	30	29
HSF2BP	2	2
HSF4	23	19
HSPA9	6	3
HSPB1	41	37
HSPB8	17	13
HSPD1	9	7
HSPG2	125	117
HTR2C	1	1
HTRA1	42	36
HTRA2	17	13
HTT	12	11
HUWE1	79	75
HUWE1;LOC126863262	1	1
HUWE1;LOC126863262;LOC126863263;MIR98;MIRLET7F2	1	0
HYAL1	53	52
HYAL2	11	3
HYCC1	23	21
HYDIN	91	87
HYLS1	23	23
HYLS1;PUS3	2	2
HYOU1	4	0
IARS1	40	31
IARS2	29	26
IBA57	39	32
ICE2;LOC130057196;LOC130057197;RORA;RORA-AS1	1	1
ICOS	14	13
ICOSLG	3	3
IDH1	6	6
IDH2	6	3
IDH3A	19	15
IDH3B	24	22
IDH3G	2	0
IDS	796	789
IDS;LOC106050102;LOC130068781	1	0
IDUA	421	409
IDUA;SLC26A1	4	4
IER3IP1	1	1
IFIH1	42	23
IFITM5	2	2
IFITM5;PGGHG	1	1
IFNAR1	22	22
IFNAR2	11	11
IFNG	2	0
IFNGR1	37	26
IFNGR2	11	6
IFT122	99	94
IFT140	233	220
IFT140;LOC105371046	5	5
IFT140;LOC126862260	2	2
IFT140;TMEM204	1	1
IFT172	157	143
IFT172;LOC126806173	4	4
IFT27	13	12
IFT38	1	0
IFT43	38	37
IFT52	8	4
IFT54	15	15
IFT56	5	4
IFT57	3	2
IFT74	56	49
IFT80	64	59
IFT80;TRIM59-IFT80	2	2
IFT81	52	51
IGBP1	1	0
IGBP1C;RAD51C;TEX14	1	1
IGF1	8	6
IGF1;LINC02456	2	2
IGF1R	86	81
IGF1R;LOC110121464;LOC125146365;LOC126862244;LOC130058002;LOC130058003;MIR4714	1	0
IGF1R;LOC126862245	1	1
IGF2	25	20
IGF2;INS-IGF2	1	1
IGF2R	4	2
IGFALS	14	13
IGFBP4	1	1
IGFBP7	2	1
IGH;IGHM	1	1
IGHG2	1	0
IGHM	6	1
IGHMBP2	174	167
IGKC	2	0
IGSF1	33	26
IGSF3	3	2
IHH	51	42
IKBKB	34	33
IKBKG	77	56
IKZF1	28	24
IKZF3	2	1
IKZF5	7	2
IL10	1	0
IL10RA	23	21
IL10RB	18	15
IL11RA	25	22
IL12B	19	17
IL12RB1	79	72
IL12RB2;LOC129930735;LOC129930736;LOC129930737	1	1
IL17RA	32	26
IL17RA;LOC129391259	1	1
IL17RC	6	5
IL17RD	5	3
IL1R1	1	0
IL1RAPL1	32	30
IL1RAPL1;LOC126863235;LOC130068072;LOC130068073;MIR4666B	1	1
IL1RAPL1;LOC130068072	1	1
IL1RN	13	11
IL2	2	0
IL21	1	0
IL21R	11	9
IL2RA	15	11
IL2RB	14	11
IL2RG	167	158
IL31RA	1	0
IL36RN	13	12
IL37	3	2
IL6R	1	1
IL6ST	25	17
IL7	3	0
IL7R	73	71
IL9R;LOC107522039;LOC107838685;LOC130068898;SPRY3;TMLHE;VAMP7	1	0
IL9R;LOC107522039;LOC107838685;SPRY3;VAMP7;WASIR1	1	0
ILDR1	37	29
ILDR2	1	0
IMPA1	2	1
IMPDH1	39	33
IMPDH2	5	4
IMPDH2;QRICH1	1	1
IMPG1	72	69
IMPG2	161	147
INA	1	1
INCENP	1	0
INF2	63	51
ING1	3	0
INO80	2	2
INPP4A	8	2
INPP4B	2	0
INPP5B	1	0
INPP5E	83	80
INPP5F	1	0
INPP5K	14	8
INPPL1	46	38
INS	37	32
INS-IGF2	1	1
INS;INS-IGF2	2	2
INSL3	7	3
INSR	74	48
INTS1	28	23
INTS11	9	5
INTS6	10	7
INTS8	3	1
INTU	7	6
INVS	141	140
IPO8	29	25
IQCB1	107	101
IQCE	9	7
IQCG	1	1
IQCN	7	6
IQGAP3	1	0
IQSEC1	3	2
IQSEC2	241	229
IRAK1;LOC130068849;LOC130068850;LOC130068851;MECP2;MIR718	1	0
IRAK1BP1;PHIP	2	2
IRAK3	2	2
IRAK4	36	33
IREB2	2	2
IRF1	3	0
IRF2BP2	6	3
IRF2BPL	111	98
IRF2BPL;LOC107984638	1	1
IRF4	3	2
IRF5	1	1
IRF6	144	125
IRF7	1	1
IRF8	3	1
IRS1	2	0
IRS4	4	3
IRX1;LINC01017;LINC01019;LINC02063;LOC110120635;LOC123493262;LOC126807296;LOC126807297;LOC126807298	1	1
IRX4	3	0
IRX5	4	0
ISCA1	1	0
ISCA2	4	4
ISCU	2	2
ISG15	4	2
ISLR2	1	1
ITCH	20	17
ITFG2	2	2
ITGA2B	262	260
ITGA3	31	26
ITGA4;CERKL	1	1
ITGA6	57	53
ITGA7	64	60
ITGA8	23	21
ITGAV	6	4
ITGB2	87	69
ITGB3	193	189
ITGB4	161	155
ITGB6	13	6
ITIH6	1	0
ITK	22	21
ITM2B	4	1
ITM2B;LOC124885096;LOC130009751;LOC130009752;LOC130009753;LOC130009754;LOC130009755;RB1;RB1-DT	1	1
ITPA	39	38
ITPR1	93	81
ITPR1;ITPR1-DT;LOC122889020;LOC129936058;LOC129936059;LOC129936060;LOC129936061;LOC129936062;LOC129936063	1	0
ITPR2	2	0
ITPR3	6	2
ITPR3;UQCC2	1	1
ITSN1	27	27
IVD	193	186
IVNS1ABP	2	0
IYD	9	9
JAG1	502	456
JAG1;MIR6870	1	1
JAG2	5	5
JAGN1	4	3
JAK1	4	2
JAK2	8	5
JAK3	143	140
JAKMIP1	1	1
JAM2	8	2
JAM3	16	14
JARID2	30	28
JKAMP	4	4
JMJD1C	4	4
JMJD8;STUB1	6	5
JPH1	4	4
JPH2	9	5
JPH3	1	0
JUN	1	0
JUP	41	38
KANK1	2	1
KANK1;KANK1-AS1;LOC126860553;LOC129390062	1	0
KANK2	3	1
KANSL1	135	124
KARS1	34	28
KASH5	7	2
KAT14	1	1
KAT2A	1	1
KAT5	4	1
KAT6A	221	206
KAT6B	185	163
KAT8	10	6
KATNB1	17	12
KATNIP	51	48
KATNIP;LOC100128079	3	3
KATNIP;LOC126862323	1	1
KBTBD13	4	3
KCNA1	48	40
KCNA2	65	61
KCNA3	16	16
KCNA5	3	0
KCNA6	2	2
KCNB1	120	117
KCNB2	2	2
KCNC1	18	18
KCNC2	18	12
KCNC3	11	7
KCND2	10	10
KCND3	30	30
KCNE1	21	18
KCNE2	1	0
KCNF1	1	0
KCNH1	26	18
KCNH2	772	759
KCNH5	12	9
KCNH8	1	1
KCNIP1	1	0
KCNJ1	89	83
KCNJ10	34	26
KCNJ11	79	77
KCNJ13	11	5
KCNJ16	13	8
KCNJ2	65	60
KCNJ5	8	3
KCNJ6	4	3
KCNJ8	2	1
KCNK17	1	0
KCNK18	3	3
KCNK3	9	4
KCNK4	6	6
KCNK9	8	7
KCNMA1	51	48
KCNN2	20	19
KCNN3	7	4
KCNN4	4	4
KCNQ1	575	556
KCNQ1;KCNQ1OT1	2	2
KCNQ1;KCNQ1OT1;LOC106783508	1	0
KCNQ1;LOC132089927;LOC132090832;KCNQ1-AS1;KCNQ1OT1;LOC106783508	1	1
KCNQ1OT1;KCNQ1	1	1
KCNQ2	777	742
KCNQ3	56	50
KCNQ4	56	43
KCNQ5	36	32
KCNQ5;KCNQ5-DT	1	1
KCNT1	78	76
KCNT2	17	16
KCNU1	3	0
KCNV2	102	91
KCTD1	13	5
KCTD17	4	3
KCTD19	1	1
KCTD3	2	2
KCTD7	37	30
KDELR2	4	0
KDF1	6	5
KDM1A	16	12
KDM2A	21	21
KDM2B	19	15
KDM3B	47	40
KDM4B	38	35
KDM5A	13	10
KDM5B	109	101
KDM5C	205	189
KDM5C;LOC130068308	1	1
KDM6A	186	152
KDM6B	123	84
KDM6B;LOC121587574	2	2
KDR	3	2
KDSR	8	5
KEL	2	1
KERA	17	13
KGD4	2	0
KHDC3L	6	3
KHDRBS1	1	1
KHK	1	0
KIAA0586	169	169
KIAA0753	60	56
KIAA0825	11	7
KIAA0930	2	2
KIAA1549	11	9
KIAA1586	1	1
KIAA1586;ZNF451	1	1
KICS2	5	0
KIDINS220	60	48
KIF11	216	201
KIF12	14	12
KIF14	44	36
KIF15	3	2
KIF19	1	0
KIF1A	211	203
KIF1A;LOC126806583	1	1
KIF1B	2	1
KIF1C	38	36
KIF1C;LOC126862472	2	1
KIF20A	2	1
KIF21A	15	11
KIF22	8	8
KIF23	4	3
KIF24	1	0
KIF26A	11	8
KIF26B	1	1
KIF2A	7	4
KIF3B	2	0
KIF4A	8	1
KIF5A	104	96
KIF5B	8	5
KIF5C	10	10
KIF7	114	108
KIF7;LOC126862216	2	2
KIFBP	17	12
KIRREL1	2	1
KIRREL2;NPHS1	1	1
KIRREL3	3	3
KISS1	2	1
KISS1R	19	16
KIT	120	103
KITLG	11	5
KIZ	57	57
KIZ;KIZ-AS1	2	2
KL	1	1
KLB	1	1
KLC2	2	1
KLC4	3	2
KLF1	26	14
KLF2	1	0
KLF5	1	0
KLF6	6	0
KLF7	1	1
KLHL10	1	0
KLHL15	6	5
KLHL17	1	0
KLHL20	7	3
KLHL24	13	12
KLHL3	34	19
KLHL40	48	45
KLHL41	33	28
KLHL7	48	45
KLK11	2	1
KLK4	7	4
KLKB1	13	10
KMT2A	570	535
KMT2A;SEPTIN9	2	0
KMT2A;TTC36-AS1	1	1
KMT2B	158	146
KMT2C	193	179
KMT2D	1093	964
KMT2D;LOC126861520	2	2
KMT2E	146	140
KMT5B	83	74
KNG1	10	8
KNL1	23	23
KNSTRN	1	0
KPNA3	6	3
KPNA7	2	0
KPTN	25	25
KRAS	103	93
KREMEN1	2	1
KRIT1	384	370
KRT1	53	39
KRT10	45	29
KRT10-AS1;KRT10	1	1
KRT10;KRT10-AS1	1	1
KRT12	10	3
KRT13	2	0
KRT14	86	76
KRT16	22	16
KRT17	19	12
KRT18	1	0
KRT2	11	7
KRT25	2	2
KRT3	4	2
KRT4	3	0
KRT5	101	87
KRT5;LOC126861525	1	1
KRT5;LOC126861526	2	2
KRT6A	30	27
KRT6B	5	4
KRT6C	4	3
KRT71	1	0
KRT74	3	0
KRT81	2	1
KRT83	4	3
KRT85	1	0
KRT86	6	2
KRT9	21	15
KRTAP9-6;KRTAP9-7;KRTAP9-8;KRTAP9-2;KRTAP9-3;KRTAP9-4;KRTAP9-9	1	1
KRTAP9-7	1	1
KRTAP9-9	3	3
KSR2	3	1
KY	9	5
KYNU	25	17
L1CAM	215	197
L2HGDH	46	43
L3MBTL1	1	1
L3MBTL2	1	0
LACC1	8	4
LACTB	1	0
LAGE3	3	0
LAMA1	151	144
LAMA1;LOC112543434	1	1
LAMA2	981	955
LAMA3	270	220
LAMA4	4	4
LAMA5	27	24
LAMB1	46	38
LAMB2	110	98
LAMB3	312	277
LAMC2	223	188
LAMC3	109	107
LAMP2	154	143
LARGE1	41	36
LARGE1;LOC121627939;LOC121627940;LOC130067278;LOC130067279	1	1
LARGE2;PHF21A	1	1
LARP4B	1	0
LARP7	91	89
LARP7;MIR302CHG	6	6
LARS1	29	28
LARS2	65	60
LARS2-AS1;LARS2	1	1
LAS1L	7	6
LAT	9	7
LATS1	3	0
LATS2	1	0
LBR	31	21
LCA5	174	164
LCAT	40	30
LCK	18	14
LCP1	1	1
LCP2	1	0
LCT	53	46
LDB1	12	12
LDB3	38	34
LDHA	13	12
LDHD	8	3
LDLR	2062	1968
LDLR;LDLR-AS1	2	2
LDLR;LDLR-AS1;LOC126862855;LOC126862856	1	1
LDLR;MIR6886	3	3
LDLRAP1	73	71
LDLRAP1;LOC129929773	1	1
LEF1	5	3
LEMD2	2	2
LEMD3	82	76
LEMD3;LOC130008225	1	1
LEO1	3	3
LEP	9	7
LEPR	38	25
LETM1	10	3
LETM1;LOC129992013;LOC129992014	1	0
LFNG	11	8
LGI1	76	64
LGI3	12	12
LGI4	19	10
LGR4	2	0
LHB	6	0
LHCGR	57	40
LHCGR;STON1-GTF2A1L	2	1
LHFPL3-AS1;LHFPL3	1	1
LHFPL5	22	19
LHX2	7	7
LHX3	52	44
LHX4	13	8
LIAS	33	30
LIFR	186	183
LIG1	3	2
LIG3	15	8
LIG4	112	108
LIM2	3	1
LIMK1	2	0
LIMS2	3	2
LINC00278;LOC108178989;MIR9985;PCDH11Y;RPS4Y1;SRY;TGIF2LY;ZFY;ZFY-AS1	1	1
LINC00278;LOC108178989;RPS4Y1;SRY;ZFY;ZFY-AS1	1	0
LINC00373	1	1
LINC00397;LOC126861813;MIR4500;MIR4500HG;SLITRK5	1	1
LINC00473;LINC00602;LOC108254680;LOC129997650;LOC129997651;PDE10A	1	1
LINC00571;LOC124855086;LOC124855087;LOC130009584;LOC130009585;LOC130009586;TRPC4;UFM1	1	0
LINC01139	1	0
LINC01248;LINC01810;LOC110121127;LOC126806112;LOC126806113;LOC126806114;LOC129933011;LOC129933012;SOX11	1	0
LINC01412;LINC02993;LOC110121209;TEX41;ZEB2;ZEB2-AS1	1	1
LINC01412;LINC02993;LOC110121209;ZEB2;ZEB2-AS1	1	1
LINC01684;LINC01689;LOC129391238;LOC129391239	1	0
LINC01867;LOC110121071;LOC114827832;LOC126806216;LOC126806217;LOC129388861;MIR8485;NRXN1;NRXN1-DT	1	0
LINC01978;LINC01979	1	1
LINC02250;LOC125078047;LOC126862076;SNHG14;UBE3A	1	0
LINC02250;LOC125078047;SNHG14;UBE3A	1	1
LINC03070;LOC126863193;LOC126863195;LOC130067907;LOC126863194;LOC126863196;LOC130067906;NLGN4X	1	1
LINC03077;LOC125467768;LOC126863292;PCDH19	1	1
LINC03077;LOC125467768;PCDH19	1	0
LINGO1	2	0
LINS1	36	32
LIPA	170	163
LIPC	4	0
LIPE	6	5
LIPE;LIPE-AS1;LOC101930071	2	2
LIPH	14	11
LIPT1	7	6
LIPT1;MITD1	1	1
LIPT2	2	2
LITAF	8	7
LLGL2;TSEN54	1	1
LMAN1	15	11
LMAN2L	3	1
LMBR1	10	4
LMBR1;ZRS	7	4
LMBR1L	2	0
LMBRD1	62	61
LMBRD2	10	10
LMF1	31	31
LMNA	564	534
LMNA;LOC126805877	1	1
LMNB1	10	8
LMNB2	4	2
LMOD1	3	0
LMOD2	10	7
LMOD3	47	44
LMX1A	8	6
LMX1A;LMX1A-AS2	1	1
LMX1B	161	146
LNCR-SMAL;LOC126859869;LOC126859870;LOC126859871;PRKN	2	2
LNCR-SMAL;LOC126859870;LOC126859871;PRKN	1	1
LNCR-SMAL;LOC126859871;PRKN	5	5
LNCR-SMAL;PRKN	2	2
LNPK	18	8
LOC100507346;PTCH1	8	8
LOC101927055;TTN	4	4
LOC101927159;PTPRT	2	2
LOC101927709	1	0
LOC101927919;LOC129389624;LOC129389625;LOC129997069;NUS1	1	0
LOC101928008;SBF2	3	3
LOC101928335;MID2	1	1
LOC101929550;LOC126860352;LOC126860353;UNC5D	1	0
LOC102723566;ENG	2	2
LOC102723769;LOC129391256;OR11H1;POTEH;POTEH-AS1;PSLNR	1	1
LOC102723769;OR11H1;POTEH;POTEH-AS1;PSLNR	4	0
LOC102724058;LOC129935047;SCN1A;SCN1A-AS1;TTC21B;TTC21B-AS1	1	0
LOC102724058;SCN1A	36	35
LOC102724058;SCN1A;SCN1A-AS1	3	3
LOC102724058;SCN1A;SCN1A-AS1;SCN7A;SCN9A	1	0
LOC102724428	1	0
LOC105370586;LOC126862007;LOC132090272;LOC132090273;LOC132090274;LOC132090275;LOC132090874;NRXN3	1	0
LOC105375387;LOC126860099;LOC126860100;STEAP1;STEAP2-AS1;TEX47;ZNF804B	1	0
LOC105378311;MIR548F1;PCDH15	1	0
LOC106007493;LOC106014249;LOC126861176;ELP4;ELP4-AS1;LOC105980003;LOC106007485;PAX6	1	0
LOC106007493;LOC106014249;PAX6;PAX6-AS1	1	0
LOC106029312;NCF1	2	2
LOC106501713;CLCNKB	1	1
LOC106736614;RET	1	1
LOC106799833;CYP11B1	1	1
LOC106804612;HBA1;HBA2;LOC106804613	1	0
LOC106804612;HBA2	1	1
LOC106804612;LOC106804613;HBA1;HBA2	1	1
LOC106804612;LOC106804613;HBA2	1	1
LOC106804613;HBA1;HBA2;HBQ1;LOC106804612;LOC130058090;LOC130058091	1	0
LOC107032825;FRAXA;LOC129929053;FMR1	1	1
LOC107303339;LOC107303340;VHL	1	1
LOC107522031;LOC126862274;LOC126862275;RBFOX1	1	1
LOC107548112;REN	1	1
LOC107652445;SHOX	12	11
LOC107982234;WT1	3	3
LOC108021846;SOX9	2	2
LOC108178989;RPS4Y1;SRY;ZFY;ZFY-AS1	1	1
LOC108281134;LOC110120737;LOC126863332;SOX3	1	1
LOC108281134;LOC126863332;SOX3	1	1
LOC108281177;LOC108281178;SOX2;SOX2-OT	2	1
LOC108281177;SOX2;SOX2-OT	4	4
LOC108281182;NF1	1	1
LOC108410393;NR0B1	1	0
LOC108863620;STAR	1	1
LOC109461484;ATN1	1	0
LOC109580097;LOC110121346;LOC110121347;LOC121466731;LOC124855082;MAB21L1;NBEA	1	1
LOC109611589;RUNX2	2	2
LOC110008580;ZIC2	1	1
LOC110120688;LOC123497932;LOC129994186;LOC129994187;MEF2C;MEF2C-AS1	1	1
LOC110120801;MIR599;MIR875;VPS13B	1	1
LOC110120802;LOC130000981;LOC130000982;TRPS1	1	0
LOC110120859;LOC110120911;LOC129390707;TCF12	1	1
LOC110120867;LOC110121390;LOC130062543;MIR4529;TCF4;TCF4-AS1	1	1
LOC110120867;LOC110121390;MIR4529;TCF4;TCF4-AS1	1	1
LOC110120880;LOC110120882;LOC110120883;LOC126863146;LOC130067396;LOC130067397;PICK1;POLR2F;POLR2F-AS1	1	1
LOC110121041;MSX2	1	0
LOC110121071;LOC126806216;LOC129388861;MIR8485;NRXN1;NRXN1-DT	2	2
LOC110121071;LOC129388861;MIR8485;NRXN1	9	3
LOC110121071;LOC129388861;NRXN1	2	0
LOC110121071;MIR8485;NRXN1	1	0
LOC110121203;LOC113743971;LOC126860264;LOC126860265;LOC129999767;LOC129999768;VIPR2	1	1
LOC110121269;SCN5A	3	3
LOC110806263;TERT	1	1
LOC110806306	1	0
LOC110806306;TERC	15	4
LOC111365174;NRK;PWWP3B;SERPINA7	1	1
LOC111365204	3	2
LOC111365204;PRDM13	2	1
LOC111465009;THRB	1	0
LOC111721705;ZEB2	1	1
LOC111811965;MIR4733HG;NF1	2	2
LOC112272578;LOC112272579;NPAP1;PWRN1;PWRN2;PWRN3;SNHG14;SNRPN	1	0
LOC112449713;PHKB	1	1
LOC112486220;ZNF469	1	0
LOC112529895;SCO1	1	1
LOC112529899;LOC130060389;RAI1	1	1
LOC112806037;MERTK	3	3
LOC112806062;LOC132088804;PDE11A	1	0
LOC112806062;PDE11A	1	1
LOC112806073;LOC129935375;LOC129935376;SATB2;SATB2-AS1	1	0
LOC113875037;STS	1	0
LOC114803478;TRAF3IP2;TRAF3IP2-AS1	1	1
LOC117125587;MAST1	1	1
LOC120961747;SLC8A1	1	1
LOC121466717;LOC124819408;LOC128772386;MED13L;MIR620	1	0
LOC121587574;KDM6B	1	1
LOC121627832;TCF4	1	1
LOC121627972;SHROOM4	1	0
LOC121740638;TFAP2A;TFAP2A-AS2	3	3
LOC121832793;LTBP3	1	1
LOC121838556;LOC124629419;LOC124629420;LOC130008331;MYF5;MYF6;PTPRQ	1	1
LOC121848004;YWHAE	2	0
LOC122152296;USH2A	3	3
LOC122756382;LPIN1	1	1
LOC123575602;GLRA1	1	0
LOC123744813;RUNX2	1	0
LOC123956262;CNTNAP2;LOC129389920	1	1
LOC124225049;LOC124225050;LOC124225051;LOC130001559;NFIB;NFIB-AS1	1	0
LOC124225049;LOC124225050;LOC130001559;NFIB;NFIB-AS1	1	0
LOC124225049;NFIB	1	0
LOC124310584;LOC130002062;LOC132089710;MIR3910-1;MIR3910-2;ROR2	1	1
LOC124819408;LOC128772386;MED13L;MIR620	2	1
LOC125177406;LOC129390821;LOC130059964;LOC130059965;LOC130059966;LOC130059962;LOC130059963;METTL16;PAFAH1B1	1	0
LOC125177406;LOC130059964;LOC130059965;LOC130059966;PAFAH1B1	1	0
LOC125368541;LOC126862688;LOC126862689;PTPRM;LOC121627822	1	1
LOC125387247;LOC126863009;LOC130065589;NINL	1	1
LOC125467793;LOC130068852;LOC130068853;LOC130068854;MECP2;OPN1LW;OPSIN-LCR	1	0
LOC125467793;OPN1LW;OPN1MW;OPSIN-LCR	1	0
LOC126805661;FUCA1	1	0
LOC126805794;ABCA4	1	1
LOC126805851;LIX1L-AS1;RBM8A	1	1
LOC126806115;LOC126806116;LOC400940;MIR7158;SILC1	1	1
LOC126806211;TTC7A	1	1
LOC126806216;MIR8485;NRXN1;NRXN1-DT	3	1
LOC126806216;NRXN1;NRXN1-DT	3	0
LOC126806305;LOC126806306;LOC129934555;LOC129934556;MALL;MIR4267;MIR4436B1;MTLN;NPHP1	1	0
LOC126806305;LOC126806306;LOC129934555;LOC129934556;MALL;MTLN;NPHP1	2	2
LOC126806305;LOC126806306;MALL;NPHP1	2	0
LOC126806306;LOC129934555;LOC129934556;MALL;MTLN;NPHP1	2	2
LOC126806306;NPHP1	1	1
LOC126806316;PAX8;PAX8-AS1	2	2
LOC126806366;LOC126806367;LOC129934887;LOC129934888;MBD5;ORC4	2	1
LOC126806366;LOC129934887;LOC129934888;MBD5;ORC4	3	0
LOC126806367;MBD5	1	1
LOC126806420;TTN;TTN-AS1	2	2
LOC126806421;TTN;TTN-AS1	3	3
LOC126806422;TTN;TTN-AS1	3	3
LOC126806423;TTN;TTN-AS1	4	3
LOC126806426;TTN;TTN-AS1	1	1
LOC126806428;TTN	1	1
LOC126806433;TTN	1	1
LOC126806462;SATB2	4	3
LOC126806529;PAX3	1	1
LOC126806659;CTNNB1	2	2
LOC126806878;TBL1XR1;TBL1XR1-AS1	1	1
LOC126806913;OPA1	3	3
LOC126807124;MTTP	1	1
LOC126807185;LOC129389242;LOC129993215;LOC129993216;LOC129993217;LOC129993218;NR3C2	1	1
LOC126807212;TLL1	1	1
LOC126807321;TRIO	1	1
LOC126807448;MEF2C	1	0
LOC126807619;NSD1	3	2
LOC126859653;SKIC2	1	1
LOC126859690;PKHD1	1	1
LOC126859772;LOC129389624;LOC129389625;LOC129997069;LOC101927919;NUS1;SLC35F1	1	0
LOC126859807;TNFAIP3	1	1
LOC126859827;TAB2	5	5
LOC126859869;LOC126859870;PRKN	2	2
LOC126859871;LNCR-SMAL;PRKN	1	1
LOC126859871;PRKN	3	3
LOC126860369;ANK1	1	1
LOC126860388;LOC130000363;LOC130000364;LOC130000365;LOC130000366;LOC130000367;NPBWR1;RB1CC1	1	1
LOC126860392;RP1	5	5
LOC126860403;CHD7	1	1
LOC126860802;ZMYND11	1	1
LOC126860975;ZMIZ1	1	1
LOC126861365;TBCEL-TECTA;TECTA	1	1
LOC126861478;LOC126861479;SLCO1B1;SLCO1B3;SLCO1B3-SLCO1B7;SLCO1B7	1	1
LOC126861520;KMT2D	1	1
LOC126861897;MHRT;MYH7	2	1
LOC126861898;MYH7	5	4
LOC126862088;TRPM1;TRPM1-AS1	3	3
LOC126862264;MEFV	1	1
LOC126862276;LOC126862277;LOC129390761;RBFOX1	1	1
LOC126862481;POLR2A	1	1
LOC126862611;TLK2	1	1
LOC126862673;TBCD	1	1
LOC126862757;TCF4	1	1
LOC126862785;RTTN	1	1
LOC126862802;LOC121627840;LOC125371439;LOC126862803;LOC130062726;LOC130062727;PTGR3;SMIM21;TSHZ1	1	0
LOC126863186;PPP6R2	1	0
LOC126863188;LOC130067888;SHANK3	1	0
LOC126863188;SHANK3	3	2
LOC126863212;OFD1	1	1
LOC126863242;LOC126863243;LOC129391298;LOC129391299;LOC130068176;MAOA;PINCR	1	0
LOC127407129;RFX6	2	2
LOC128966623;HNRNPH1	1	1
LOC129388752;SLC30A10	1	0
LOC129388840;LOC129933456;NLRC4;SLC30A6;SLC30A6-DT;SPAST	1	1
LOC129388840;LOC129933456;SLC30A6;SLC30A6-DT;SPAST	1	1
LOC129389242;LOC129993215;LOC129993216;LOC129993217;LOC129993218;NR3C2	1	0
LOC129389920;CNTNAP2-AS1;CNTNAP2;LOC123956262	1	1
LOC129390761;RBFOX1	3	3
LOC129390812;MAF;WWOX	1	1
LOC129391106;RYR1	1	1
LOC129930245;PPT1	1	1
LOC129930352;P3H1	1	1
LOC129931087;LOC129931088;TAF13	1	1
LOC129931218	1	1
LOC129931299;WARS2;WARS2-AS1	1	1
LOC129931896;LOC129931897;LOC129931898;SELE;SELL;SELP	1	1
LOC129932452;NEK2	1	1
LOC129933272;PTRHD1	1	1
LOC129933280;POMC	1	1
LOC129933454;LOC129933455;SPAST	4	4
LOC129933455;SPAST	1	1
LOC129933826;LOC129933827;LOC129933828;PEX13;PUS10;SANBR	1	0
LOC129934128;MOGS	1	1
LOC129934333;TMEM127	1	1
LOC129935183;TTN;TTN-AS1	1	1
LOC129936056;SUMF1	1	1
LOC129936169;LOC129936170;PPARG	1	1
LOC129992137;MSX1	1	1
LOC129992304;QDPR	1	1
LOC129992813;PKD2	1	1
LOC129992843;SMARCAD1;SMARCAD1-DT	1	0
LOC129993110;RAB33B	2	2
LOC129993690;TRIO	1	1
LOC129993810;LOC129993811;LOC129993812;NIPBL;NIPBL-DT	1	1
LOC129994183;LOC129994184;MEF2C	1	1
LOC129994721;MYOT;PKD2L2-DT;PKD2L2;LOC129994722	1	0
LOC129995678;FARS2;LOC121099722;LOC126859565;LOC129995674;LOC129995675;LOC129995676;LOC129995677	1	1
LOC129996707;LOC129996708;RIMS1	1	0
LOC129996744;PHIP	1	1
LOC129996828;RRAGD	1	1
LOC129996911;QRSL1;RTN4IP1;CRYBG1;LOC123775393;LOC129389600;LOC129996910	1	1
LOC129998021;TWIST1	5	5
LOC129999198;TSPAN12	1	0
LOC129999258;IMPDH1	1	1
LOC129999734;MNX1;MNX1-AS2	1	0
LOC129999845;LOC129999846;MSRA	1	1
LOC129999848;LOC129999849;MSRA	1	1
LOC130000825;VPS13B	1	1
LOC130002651;STXBP1	1	1
LOC130003148;LOC130003147;LOC651337;EHMT1;LOC126860799	1	1
LOC130003374;PHYH	3	3
LOC130004065;MICU1	1	1
LOC130004408;TCTN3	1	1
LOC130004535;PAX2	1	0
LOC130006541;LOC130006542;DLG2	1	1
LOC130006833;IL10RA	2	1
LOC130008356;POC1B;POC1B-DUSP6;POC1B-GALNT4	2	2
LOC130008357;POC1B;POC1B-AS1;POC1B-DUSP6;POC1B-GALNT4	1	1
LOC130008987;ORAI1	1	1
LOC130009810;RNASEH2B;RNASEH2B-AS1	3	3
LOC130009841;ALG11	1	0
LOC130055387;NRL	2	2
LOC130055850;MAX	1	1
LOC130056226;SPATA7	1	1
LOC130056553;AMN;CDC42BPB	1	1
LOC130056948;LOC130056949;CATSPER2;STRC	1	1
LOC130056973;SPG11	1	1
LOC130057679;TBC1D2B	1	1
LOC130058090;HBA1;HBA2;HBM;HBQ1;LOC106804612;LOC106804613;LOC130058091	1	0
LOC130058209;LOC130058210;NHERF2;NTHL1;TSC2	1	0
LOC130058355;CREBBP;LOC130058353;LOC130058354	1	0
LOC130058887;STX1B	1	0
LOC130059798;ZNF778;ANKRD11;LOC125177395;LOC130059797	1	1
LOC130059818;SPG7	1	0
LOC130059892;SERPINF1	1	1
LOC130061271;MKS1	1	1
LOC130061311;RAD51C	1	0
LOC130061792;TMC6;TMC8	2	2
LOC130062108;LOC130062109;LOC130062110;LOC130062111;TGIF1	1	1
LOC130062628;TNFRSF11A	2	2
LOC130062899;STK11	2	2
LOC130063377;PNPLA6	1	1
LOC130063575;PRKCSH	1	1
LOC130063648;MAN2B1	1	1
LOC130064193;SCGB2B2;UBA2;WTIP	1	0
LOC130064475;LTBP4	1	1
LOC130065345;PANK2	3	3
LOC130065435;LOC130065436;MACROD2	1	1
LOC130066788;CSTB	1	1
LOC130067183;LOC130067184;NF2	1	0
LOC130067184;NF2	1	1
LOC130067534;LOC130067533;LOC130067536;RANGAP1;LOC130067535	1	0
LOC130068098;RPGR	1	1
LOC130068099;TSPAN7	1	0
LOC130068202;RP2	2	2
LOC130068460;MAGT1	1	1
LOC130068466;LOC130068467;LOC130068468;LPAR4;MIR4328;P2RY10;RTL3;CYSLTR1;LOC129391305	1	0
LOC130068718;GPC3;GPC3-AS1;LOC130068717	1	0
LOC131477896	1	1
LOC132089927;LOC132090832;KCNQ1;KCNQ1OT1;LOC106783508;KCNQ1-AS1	1	1
LOC132090076;SOX5	1	1
LOC132090561;MACROD2;MACROD2-IT1	1	1
LOC340512;ZNF462	1	1
LONP1	25	20
LORICRIN	8	7
LOX	54	51
LOX;SRFBP1	2	2
LOXHD1	455	449
LOXL3	5	4
LPA	2	0
LPAR6	19	19
LPAR6;RB1	1	1
LPCAT2	1	0
LPIN1	58	55
LPIN2	51	51
LPL	166	151
LPO;MPO	1	1
LPP	2	2
LRAT	38	32
LRBA	191	180
LRCH2	1	0
LRFN1	1	1
LRIF1	1	0
LRIG2	15	9
LRIT3	9	6
LRMDA	13	13
LRP1	7	2
LRP12	1	0
LRP1B	6	0
LRP2	229	218
LRP4	50	39
LRP5	218	195
LRP6	78	68
LRPAP1	7	6
LRPPRC	351	335
LRRC23	2	0
LRRC32	3	1
LRRC51;LRTOMT	3	3
LRRC56	25	22
LRRC7	9	7
LRRC8C	2	0
LRRCC1	1	1
LRRK1	26	24
LRRK2	11	9
LRSAM1	91	85
LRTOMT	25	21
LSM1	1	0
LSM11	1	0
LSM7	2	1
LSR	3	3
LSS	35	28
LTBP1	8	5
LTBP2	78	67
LTBP3	98	85
LTBP4	73	65
LTV1	1	0
LURAP1L	1	0
LURAP1L-AS1;TYRP1	1	1
LY6G5B	1	1
LYN	4	0
LYRM4	1	0
LYRM7	18	14
LYSET	4	2
LYST	289	278
LYZ	5	3
LZTFL1	20	17
LZTR1	815	812
LZTR1;THAP7	1	1
LZTS1	2	0
M1AP	5	5
MAB21L1	8	3
MAB21L2	8	8
MACF1	24	18
MACROD2	2	2
MACROH2A1	1	1
MAD1L1	8	5
MAD2L2	1	0
MADD	39	33
MAEL	2	2
MAF	37	30
MAF;WWOX	1	1
MAFA	2	2
MAFB	26	24
MAG	16	12
MAGED2	20	14
MAGEL2	103	96
MAGI2	11	8
MAGI2;MAGI2-AS3	1	1
MAGT1	46	38
MAK	105	100
MALT1	26	24
MAMLD1	8	6
MAN1B1	53	47
MAN2A2	2	2
MAN2B1	381	363
MAN2B2	6	3
MAN2C1	11	11
MANBA	116	111
MANEAL	1	1
MANF	3	2
MAOA	21	17
MAOA;MAOB;NDP;NDP-AS1	1	0
MAP1A	1	1
MAP1B	48	39
MAP2K1	59	54
MAP2K2	23	21
MAP3K1	18	9
MAP3K11	1	0
MAP3K14	2	1
MAP3K20	15	12
MAP3K20-AS1;MAP3K20	1	1
MAP3K3	1	1
MAP3K6	1	1
MAP3K7	27	23
MAP4K2;MEN1	1	1
MAP4K4	15	15
MAPK1	13	13
MAPK3	1	1
MAPK7	3	0
MAPK8IP3	24	23
MAPKAPK3	1	0
MAPKAPK5	6	1
MAPKBP1	20	13
MAPRE2	6	3
MAPT	36	24
MARCHF6	2	0
MARCKS	1	1
MARK2	32	15
MARK3	1	0
MARS1	8	5
MARS2	7	5
MARVELD2	42	38
MASP1	30	24
MASP2	3	2
MASP2;TARDBP	1	1
MAST1	17	15
MAST3	9	6
MAST4	3	0
MAT1A	42	39
MAT2A	1	1
MATN3	14	10
MATN3;WDR35-DT	1	1
MATN4	1	0
MATR3	1	1
MAU2	12	12
MAX	55	54
MAZ;MVP-DT;PAGR1;PRRT2	1	1
MB	1	1
MBD4	144	144
MBD5	136	130
MBLAC1	1	0
MBOAT7	30	24
MBTPS1	25	20
MBTPS2	18	9
MC1R	3	2
MC2R	38	28
MC4R	66	51
MCAT	3	1
MCC	2	0
MCCC1	219	217
MCCC2	206	204
MCEE	10	10
MCFD2	12	3
MCFD2;TTC7A	2	2
MCIDAS	17	13
MCM10	4	2
MCM2	2	2
MCM3AP	111	103
MCM3AP;MCM3AP-AS1	1	1
MCM4	3	3
MCM5	1	0
MCM7	6	6
MCM8	17	12
MCM9	11	9
MCMDC2	3	2
MCOLN1	136	125
MCPH1	111	108
MCTS1	3	0
MDC1	3	3
MDFIC	5	3
MDGA2	7	1
MDH1	1	0
MDH2	19	18
MDM2	1	1
ME2	1	1
MEA1;PPP2R5D	1	1
MECOM	38	31
MECP2	849	809
MECR	32	30
MED11	2	1
MED12	97	86
MED12L	35	29
MED13	81	76
MED13L	324	292
MED16	15	1
MED17	84	84
MED23	24	20
MED23;ARG1	1	1
MED24	2	0
MED25	8	7
MED27	3	0
MED29	1	1
MEF2A	3	1
MEF2C	130	116
MEFV	22	20
MEG3	1	0
MEGF10	63	53
MEGF8	46	35
MEI1	16	9
MEIOB	12	7
MEIS2	47	41
MEN1	684	671
MEOX1	7	5
MERTK	143	131
MESD	8	5
MESP2	84	78
MEST	1	1
MET	12	7
METTL23	20	17
METTL4	1	1
METTL5	10	10
MFAP5	3	3
MFF	14	8
MFN2	207	202
MFRP	65	59
MFSD11;SRSF2	1	1
MFSD2A	9	3
MFSD8	167	161
MGA	4	0
MGAT2	15	9
MGME1	13	12
MGP	5	2
MHRT;MIR208B;LOC126861897;MYH7	1	1
MIA3	3	1
MIB1	29	27
MICAL1	4	2
MICALL2	1	0
MICOS13	7	6
MICU1	45	45
MID1	77	68
MID2	2	1
MIEF1	2	0
MIEF2	1	0
MIMS1	5	5
MINAR2	3	0
MINPP1	16	12
MIP	27	22
MIPEP	15	15
MIPEP;PCOTH	1	1
MIR103A2;MIR103B2;PANK2	1	1
MIR1225;PKD1	2	1
MIR1225;PKD1;PKD1-AS1	1	1
MIR1225;PKD1;PKD1-AS1;TSC2	4	4
MIR140	1	0
MIR17HG	1	1
MIR184	1	1
MIR204	1	1
MIR4257;ADAMTSL4;ADAMTSL4-AS1;ADAMTSL4-AS2	1	1
MIR4473;MLLT3	1	1
MIR4713HG;PIRC66;CYP19A1	1	1
MIR4731;PMP22	1	1
MIR5004;SYNGAP1;SYNGAP1-AS1	1	1
MIR6084;PINK1;PINK1-AS	1	1
MIR6511B1;PKD1	2	2
MIR6753;TCIRG1	1	1
MIR6788;PIEZO2	1	1
MIR6795;NOTCH3	2	2
MIR6797;RPS19	1	1
MIR6815;COL18A1	1	1
MIR6857;SMC1A	2	2
MIR8485;NRXN1	2	0
MIR8485;NRXN1;NRXN1-DT	2	1
MIR96	2	0
MIR9718;SIX1	2	2
MITF	147	137
MKKS	129	115
MKRN3	12	8
MKS1	182	168
MLC1	143	129
MLH1	1955	1906
MLH3	101	100
MLIP	17	10
MLLT1	1	0
MLPH	11	10
MLYCD	76	70
MMAA	145	136
MMAB	117	100
MMACHC	181	172
MMACHC;PRDX1	1	1
MMADHC	73	72
MME	109	103
MMP13	29	26
MMP14	2	0
MMP15	1	1
MMP19	2	0
MMP2	31	28
MMP2-AS1	1	1
MMP20	13	7
MMP21	26	17
MMP9	3	3
MMUT	414	392
MN1	33	24
MNS1	9	6
MNX1	53	42
MOCOS	41	39
MOCS1	91	88
MOCS2	53	50
MOG	1	0
MOGS	38	35
MON1A	1	1
MORC2	39	37
MOS	10	3
MOV10L1	6	5
MPC1	6	5
MPDU1	17	14
MPDZ	138	135
MPEG1	2	0
MPI	156	147
MPIG6B	10	8
MPL	208	203
MPLKIP	25	21
MPO	17	13
MPP4	1	0
MPV17	91	88
MPV17;UCN	1	1
MPZ	199	191
MPZ;SDHC	1	1
MPZL2	22	20
MRAP	10	7
MRAS	5	5
MRE11	191	191
MRM2	2	0
MRPL12	1	0
MRPL3	5	4
MRPL39	4	3
MRPL42	1	1
MRPL44	7	6
MRPL49	7	6
MRPL50	1	1
MRPS14	1	1
MRPS16	2	2
MRPS2	4	4
MRPS22	20	18
MRPS23	1	0
MRPS25	1	0
MRPS28	2	0
MRPS34	11	10
MRPS7	1	1
MRS2	1	1
MRTFA	1	0
MRTFB	4	2
MSH2	2195	2131
MSH3	611	610
MSH4	17	6
MSH5	11	8
MSH6	2286	2242
MSL2	15	14
MSL3	42	41
MSMO1	3	1
MSN	19	18
MSR1	8	7
MSRB3	10	8
MST1R	1	0
MSTN	1	0
MSTO1	23	20
MSX1	33	21
MSX2	15	8
MT-ATP6	11	10
MT-ATP6;MT-ATP8	1	1
MT-ATP6;MT-CO3	1	1
MT-ATP8	4	1
MT-CO1	21	2
MT-CO1;MT-TS1	1	1
MT-CO2	10	4
MT-CO3	8	3
MT-CYB	5	5
MT-ND1	11	11
MT-ND1;MT-RNR1	1	1
MT-ND1;MT-TL1	1	1
MT-ND2	1	1
MT-ND3	5	5
MT-ND4	2	2
MT-ND4L	1	1
MT-ND5	11	11
MT-ND5;MT-ND6	1	1
MT-ND6	12	11
MT-ND6;MT-TE;MT-TS2;MT-CYB;MT-ND4;MT-ND5;MT-TH;MT-TL2	1	0
MT-ND6;MT-TH;MT-TL2;MT-TS2;MT-ND4;MT-ND5	1	0
MT-RNR1	1	0
MT-RNR1;MT-TS1	1	1
MT-RNR2	2	0
MT-TA	1	1
MT-TE	2	2
MT-TF	3	3
MT-TH	2	2
MT-TI	2	2
MT-TK	5	5
MT-TL1	12	12
MT-TL2	2	2
MT-TL2;MT-TS2;MT-CYB;MT-ND4;MT-ND5;MT-ND6;MT-TE;MT-TH	1	1
MT-TM	1	1
MT-TN	4	3
MT-TP	2	2
MT-TR	1	1
MT-TS1	6	6
MT-TS2	2	2
MT-TS2;MT-ND4;MT-TE;MT-TH;MT-TL2;MT-ND5;MT-ND6;MT-CYB	1	1
MT-TT	1	1
MT-TV	3	3
MT-TW	6	6
MT-TY	1	1
MTA3	1	0
MTAP	2	0
MTCL1	1	0
MTFMT	34	33
MTHFD1	41	39
MTHFR	200	185
MTHFS	5	4
MTHFS;ST20-MTHFS	2	2
MTIF2	2	2
MTM1	275	268
MTMR2	64	59
MTO1	71	69
MTOR	57	49
MTPAP	3	3
MTR	109	105
MTRFR	23	21
MTRR	160	158
MTSS2	2	1
MTTP	185	179
MTX2	9	4
MUC1	8	8
MUC16	13	0
MUC5B	1	1
MUSK	76	72
MUTYH	424	405
MVD	7	5
MVK	112	102
MVP-DT;PRRT2	6	6
MXI1	5	1
MXRA8	1	1
MYBPC1	16	13
MYBPC3	1094	1073
MYC	4	1
MYCBP2	17	17
MYCN	78	71
MYCN;MYCNOS	1	0
MYD88	7	6
MYEF2;SLC24A5	2	2
MYF5	2	0
MYF6	1	1
MYH10	17	16
MYH11	81	78
MYH14	34	29
MYH15	1	1
MYH2	122	114
MYH2;MYHAS	3	1
MYH3	135	119
MYH6	17	13
MYH7	432	403
MYH7B	12	3
MYH8	3	3
MYH9	75	64
MYL1	2	2
MYL11	4	0
MYL2	19	16
MYL3	5	5
MYL4	15	15
MYLK	75	71
MYLK3	1	1
MYMK	9	6
MYMX	5	2
MYO10	1	1
MYO15A	741	691
MYO16	1	1
MYO18B	150	149
MYO1A	1	1
MYO1B	1	0
MYO1E	30	24
MYO1H	6	6
MYO3A	78	69
MYO5A	11	5
MYO5B	110	90
MYO6	122	116
MYO7A	921	874
MYO9A	2	2
MYO9B	1	1
MYOC	50	50
MYOCD	12	9
MYOD1	5	4
MYOF	1	0
MYOM2	1	1
MYORG	40	38
MYOT	9	8
MYOZ2	1	1
MYPN	79	74
MYRF	76	56
MYSM1	34	33
MYT1	1	1
MYT1;PCMTD2	1	1
MYT1L	119	110
MYZAP	7	5
N4BP2L2	1	0
NAA10	37	33
NAA15	179	166
NAA20	3	1
NAA30	1	0
NAA60	6	0
NAA80	1	0
NAALADL1	1	0
NACC1	6	6
NADK2	3	2
NADSYN1	15	12
NAE1	3	0
NAF1	4	1
NAGA	41	40
NAGLU	302	289
NAGS	117	110
NALCN	190	162
NALF1	3	3
NANOS1	1	0
NANS	17	10
NANS;TRIM14	2	2
NAPB	3	2
NAPEPLD	1	0
NARS1	22	18
NARS2	35	30
NAV3	4	2
NAXD	18	11
NAXE	23	17
NBAS	253	250
NBEA	90	81
NBEAL2	86	69
NBN	542	529
NCAM1	2	2
NCAPD2	10	10
NCAPD3	11	7
NCAPG2	1	1
NCAPH	2	1
NCAPH2;SCO2	2	2
NCDN	7	6
NCF1	16	12
NCF2	82	81
NCF4	27	24
NCF4;NCF4-AS1	1	1
NCKAP1	28	27
NCKAP1L	13	8
NCLN	1	0
NCOA3	1	1
NCOR1	1	0
NCOR2	1	0
NCR1;NLRP7	2	1
NCR3	2	0
NCSTN	25	20
NDC1	1	1
NDE1	10	8
NDNF	6	3
NDP	89	77
NDP;NDP-AS1	3	3
NDRG1	54	52
NDST1	5	3
NDUFA1	2	0
NDUFA10	9	6
NDUFA11	4	3
NDUFA12	15	12
NDUFA13	7	4
NDUFA2	3	1
NDUFA3;PRPF31;PRPF31-AS1;TFPT	1	1
NDUFA4	1	1
NDUFA6	7	3
NDUFA7	1	1
NDUFA8	3	1
NDUFA9	12	7
NDUFAF1	4	3
NDUFAF2	22	21
NDUFAF3	8	4
NDUFAF4	1	0
NDUFAF5	118	116
NDUFAF6	40	33
NDUFAF7	2	2
NDUFAF8	6	6
NDUFB10	2	1
NDUFB11	11	10
NDUFB3	5	5
NDUFB7	1	1
NDUFB8	4	1
NDUFB9	1	0
NDUFC2	3	3
NDUFS1	57	53
NDUFS2	12	10
NDUFS3	9	9
NDUFS4	52	49
NDUFS6	40	38
NDUFS7	19	18
NDUFS8	14	11
NDUFV1	76	75
NDUFV2	16	15
NDUFV2;NDUFV2-AS1	1	1
NEB	1888	1796
NEB;RIF1	3	3
NEBL	1	1
NECAP1	5	2
NECTIN1	8	4
NECTIN4	12	6
NEDD4L	11	7
NEFH	10	8
NEFL	51	48
NEK1	115	95
NEK10	12	9
NEK2	4	4
NEK4	1	0
NEK8	41	35
NEK9	22	21
NEMF	29	23
NEU1	72	66
NEUROD1	5	3
NEUROD2	9	8
NEUROG1	4	2
NEUROG3	14	13
NEXMIF	229	215
NEXN	28	26
NF1	5674	5476
NF2	308	298
NFASC	13	4
NFATC2	2	0
NFE2L2	5	1
NFIA	72	67
NFIB	48	47
NFIX	191	169
NFKB1	168	161
NFKB2	20	17
NFKB2;PSD	1	1
NFKBIA	11	5
NFU1	19	14
NFXL1	1	1
NGF	3	3
NGLY1	142	134
NHEJ1	41	35
NHLRC1	49	46
NHLRC2	10	7
NHP2	3	1
NHS	93	83
NID1	2	1
NIN	7	7
NIPA1	7	7
NIPA2	1	1
NIPAL4	37	21
NIPBL	622	589
NISCH	1	1
NIT1	2	2
NKAIN2	1	1
NKAP	4	3
NKTR	1	1
NKX2-1	126	119
NKX2-1;NKX2-1-AS1;SFTA3	4	4
NKX2-1;SFTA3	8	8
NKX2-2	1	1
NKX2-5	132	115
NKX2-6	4	4
NKX3-2	9	6
NKX6-2	24	17
NLGN2	1	1
NLGN3	13	10
NLGN4X	13	10
NLRC4	14	11
NLRP1	6	3
NLRP12	12	12
NLRP2	6	1
NLRP3	67	61
NLRP5	13	5
NLRP7	28	18
NME5	3	2
NMNAT1	70	46
NMNAT2	2	2
NNT	33	24
NOBOX	16	9
NOC3L;PLCE1	1	1
NOD2	21	14
NODAL	16	14
NOG	59	44
NONO	37	33
NOP10	1	0
NOP56	3	0
NOS1AP	2	0
NOS3	2	2
NOTCH1	183	160
NOTCH2	104	85
NOTCH3	327	311
NOVA2	13	8
NPAS2	1	1
NPAS3	1	1
NPC1	657	616
NPC2	60	54
NPHP1	152	147
NPHP3	158	149
NPHP3-ACAD11;NPHP3	2	2
NPHP3;NPHP3-ACAD11	7	7
NPHP3;NPHP3-ACAD11;NPHP3-AS1	1	1
NPHP4	176	167
NPHS1	492	439
NPHS2	165	151
NPHS2;AXDND1	2	2
NPM1	8	2
NPNT	1	1
NPPA	2	1
NPR2	102	87
NPR2;SPAG8	1	1
NPR3	8	6
NPRL2	29	26
NPRL3	148	146
NPTN	4	4
NPTX1	6	5
NQO1	2	2
NR0B1	135	102
NR0B2	5	4
NR1D2	1	0
NR1H3	1	0
NR1H4	17	17
NR2C1	1	0
NR2E3	160	152
NR2F1	133	122
NR2F1;NR2F1-AS1	8	8
NR2F2	42	35
NR3C1	17	9
NR3C2	66	50
NR4A2	53	45
NR5A1	139	105
NR6A1	8	7
NRAP	22	20
NRAS	26	22
NRCAM	15	7
NRIP1	3	1
NRL	36	32
NRP2	1	1
NRROS	12	5
NRXN1	102	94
NRXN1;NRXN1-DT	15	8
NRXN2	1	1
NRXN3	1	0
NSD1	760	735
NSD2	93	84
NSDHL	20	14
NSF	7	6
NSMCE2	6	5
NSMCE3	1	1
NSMF	2	2
NSRP1	5	3
NSUN2	57	50
NSUN3	5	2
NSUN6	3	1
NT5C2	33	27
NT5C3A	19	11
NT5DC1;COL10A1	1	1
NT5E	5	3
NTF4	1	1
NTHL1	156	156
NTHL1;TSC2	1	1
NTN1	3	0
NTNG2	8	2
NTRK1	208	204
NTRK2	14	10
NUAK2	2	1
NUBPL	21	18
NUDCD3	1	1
NUDT2	3	3
NUF2	1	1
NUMA1	1	0
NUP107	28	24
NUP133	8	7
NUP155	1	0
NUP160	8	6
NUP188	19	13
NUP205	2	2
NUP210L	1	1
NUP214	10	9
NUP37	4	4
NUP54	3	0
NUP62	1	1
NUP85	4	3
NUP88	3	0
NUP93	20	15
NUP98	1	0
NUS1	93	88
NUSAP1	1	1
NXF3	1	1
NXN	8	6
NXT2	1	1
NYX	68	49
OAS1	2	1
OAS2	1	0
OAT	156	139
OBI1-AS1;POU4F1	1	1
OBSCN	63	59
OBSL1	85	80
OCA2	332	315
OCLN	26	20
OCRL	160	140
ODAD1	31	31
ODAD2	72	70
ODAD3	39	38
ODAD4	14	11
ODAPH	7	4
ODC1	13	8
ODF2	1	1
OFD1	169	148
OFD1;TRAPPC2	2	1
OGDH	5	1
OGDHL	9	7
OGT	18	12
OLFML2B	5	0
OLR1	1	0
OPA1	427	372
OPA1-AS1;OPA1	1	1
OPA1;OPA1-AS1	3	3
OPA3	38	31
OPCML	1	0
OPHN1	90	78
OPLAH	44	40
OPN1LW	13	9
OPN1MW	6	1
OPTN	66	60
ORAI1	22	18
ORC1	34	30
ORC3	2	0
ORC4	24	23
ORC6	18	16
OSBP	1	0
OSBPL1A	1	0
OSBPL2	6	3
OSGEP	29	29
OSM	1	1
OSMR	8	5
OSTM1	29	27
OTC	448	248
OTOA	94	90
OTOF	398	320
OTOG	146	142
OTOGL	114	109
OTOP2;USH1G	1	1
OTUD5	9	5
OTUD6B	20	19
OTUD7A	3	1
OTULIN	14	5
OTX2	67	56
OVOL2	4	0
OXA1L	2	0
OXCT1	22	16
OXGR1	4	1
OXR1	2	0
OXSM	1	0
P2RX2	4	4
P2RX2;POLE	1	1
P2RY12	5	3
P2RY8	2	0
P3H1	143	140
P3H2	62	61
P4HA1	2	2
P4HA2	4	2
P4HB	3	3
P4HTM	14	12
PABPC1	2	1
PABPC1L	10	0
PABPN1	13	12
PACRG;PRKN	1	1
PACS1	5	5
PACS2	3	3
PACSIN3	3	0
PADI3	8	7
PADI6	20	16
PAEP	1	1
PAFAH1B1	193	175
PAH	906	893
PAICS	4	2
PAK1	24	20
PAK2	3	2
PAK3	33	28
PALB2	1491	1454
PALB2;PALB2-AS1	1	1
PALS1	2	2
PAM16	2	0
PAN2	7	2
PANK2	142	134
PANK4	1	0
PANX1	4	0
PAPPA2	12	9
PAPSS2	41	35
PARD3	3	0
PARD3B	3	3
PARK7	17	12
PARN	93	89
PARP10	1	1
PARS2	8	7
PATL2	21	14
PAX1	26	20
PAX2	152	127
PAX3	206	188
PAX5	19	17
PAX6	459	338
PAX7	5	4
PAX8	23	12
PAX8-AS1;PAX8	1	1
PAX8;PAX8-AS1	3	3
PAX9	65	42
PBRM1	1	0
PBX1	74	65
PBX3	3	0
PC	181	172
PCARE	168	157
PCBD1	19	19
PCBP1	16	16
PCCA	314	298
PCCB	291	273
PCDH1	1	0
PCDH12	32	31
PCDH12;RNF14	1	1
PCDH15	537	492
PCDH19	456	438
PCDHGC4	10	6
PCGF2	3	3
PCK1	7	6
PCK2	4	1
PCLO	73	72
PCNA	1	1
PCNT	360	327
PCNX3	1	0
PCSK1	40	23
PCSK9	17	10
PCYT1A	17	16
PCYT2	11	8
PDCD10	91	89
PDCD10;WDR49	1	0
PDCD6IP	1	0
PDCL2	1	0
PDE10A	13	9
PDE11A	12	12
PDE1C	5	4
PDE2A	9	5
PDE3A	11	6
PDE4D	27	20
PDE4DIP	3	3
PDE6A	131	120
PDE6B	183	166
PDE6B-AS1;PDE6B	1	1
PDE6B;PDE6B-AS1	4	3
PDE6C	118	92
PDE6D	8	5
PDE6G	5	5
PDE8B	11	8
PDGFB	27	23
PDGFRA	7	1
PDGFRB	28	24
PDGFRL	1	0
PDHA1	398	160
PDHA2	1	1
PDHB	46	43
PDHX	41	33
PDIA6	3	3
PDP1	6	4
PDSS1	15	11
PDSS2	5	5
PDX1	15	14
PDXK	4	3
PDYN	2	1
PDZD7	112	109
PDZD8	2	1
PDZD9;UQCRC2	1	0
PDZRN3	3	1
PEPD	90	86
PER2	2	1
PER3	4	4
PERCC1	5	3
PERP	6	2
PET100	11	11
PET117	1	1
PEX1	472	438
PEX10	144	136
PEX11B	17	15
PEX12	119	107
PEX13	45	41
PEX14	9	8
PEX16	46	42
PEX19	27	26
PEX2	93	89
PEX26	64	63
PEX3	40	38
PEX5	80	80
PEX6	307	298
PEX7	147	136
PFAS	3	3
PFKM	144	139
PFN1	5	4
PGAM2	11	10
PGAP1	49	46
PGAP2	18	16
PGAP3	41	33
PGBD5	4	0
PGK1	17	5
PGM1	46	43
PGM2L1	11	9
PGM3	74	70
PGRMC1	2	0
PHACTR1	7	5
PHACTR1;TBC1D7-LOC100130357	1	1
PHC1	3	2
PHEX	888	877
PHEX;PTCHD1-AS	7	7
PHF2	1	1
PHF20	2	0
PHF21A	45	42
PHF5A	3	3
PHF6	60	46
PHF8	33	26
PHGDH	99	96
PHIP	189	178
PHKA1	54	50
PHKA2	128	113
PHKA2;PHKA2-AS1	3	3
PHKB	146	146
PHKG2	57	53
PHLDB1	2	0
PHOX2A	2	0
PHOX2B	87	79
PHOX2B;PHOX2B-AS1	1	1
PHYH	80	76
PI4K2A	3	1
PI4KA	48	40
PI4KB	4	0
PIAS1	1	0
PIBF1	21	16
PID1	1	0
PIDD1	17	12
PIEZO1	141	131
PIEZO2	146	128
PIGA	50	30
PIGB	30	28
PIGC	7	4
PIGG	95	89
PIGH	2	1
PIGK	11	3
PIGL	22	19
PIGM	2	2
PIGN	190	186
PIGO	84	81
PIGP	2	2
PIGQ	47	45
PIGS	16	10
PIGT	29	28
PIGU	3	1
PIGV	11	8
PIGW	7	3
PIGY	2	0
PIK3C2A	30	30
PIK3C2G	2	0
PIK3CA	121	103
PIK3CB	1	0
PIK3CD	35	31
PIK3CG	4	1
PIK3R1	84	72
PIK3R2	16	12
PIKFYVE	31	26
PINK1	48	41
PINK1;PINK1-AS	2	2
PIP4K2B	1	1
PIP5K1A	1	1
PIP5K1B	2	0
PIP5K1C	8	7
PISD	10	8
PITPNM3	3	3
PITRM1	4	3
PITX1	11	10
PITX2	87	70
PITX3	8	6
PIWIL1	1	1
PJVK	47	38
PKD1	2412	2188
PKD1-AS1;PKD1	3	2
PKD1;PKD1-AS1	35	33
PKD1;TSC2	1	1
PKD1L1	71	64
PKD1L2	1	1
PKD2	460	416
PKDCC	20	20
PKHD1	1612	1538
PKHD1L1	21	18
PKLR	123	116
PKP1	9	3
PKP2	368	366
PLA1A	1	0
PLA2G2A	1	0
PLA2G4A	5	1
PLA2G5	1	0
PLA2G6	182	174
PLA2G7	3	3
PLAA	13	7
PLAAT3	4	1
PLAG1	12	10
PLAT	1	1
PLAU	1	0
PLCB1	29	28
PLCB3	1	1
PLCB4	25	19
PLCD1	11	7
PLCE1	68	54
PLCE1;PLCE1-AS1	1	1
PLCG1	1	0
PLCG2	10	4
PLCH1	2	1
PLCZ1	13	6
PLD1	31	28
PLD3;PRX	1	1
PLD6	1	1
PLEC	162	146
PLEKHA3	1	0
PLEKHA5	2	0
PLEKHA7	4	0
PLEKHG2	2	2
PLEKHG5	91	88
PLEKHM1	4	1
PLEKHM2	2	2
PLG	32	24
PLIN1	8	4
PLIN4	2	2
PLK2	1	1
PLK4	38	37
PLN	10	10
PLOD1	116	111
PLOD2	41	38
PLOD3	37	36
PLP1	172	160
PLP1;RAB9B	11	10
PLPBP	24	23
PLS1	3	3
PLS3	54	53
PLVAP	8	7
PLXNA1	18	15
PLXNA2	2	2
PLXNB2	8	0
PLXNB3-AS1;ABCD1	2	2
PLXND1	6	2
PMFBP1	12	9
PMM1	1	0
PMM2	245	235
PMP2	8	6
PMP22	111	103
PMPCA	13	7
PMPCB	12	10
PMS1	6	4
PMS2	999	972
PMVK	6	3
PNKD	3	3
PNKP	153	146
PNLDC1	10	8
PNLIP	18	17
PNP	39	37
PNPLA1	50	41
PNPLA2	45	38
PNPLA6	129	120
PNPLA8	31	27
PNPO	46	43
PNPT1	72	65
POC1A	28	22
POC1B	43	40
POC1B;POC1B-DUSP6	7	7
POC5	1	1
PODXL	7	7
POFUT1	6	2
POGLUT1	25	21
POGZ	219	202
POLA1	12	8
POLA2	2	2
POLD1	8	6
POLD3	1	1
POLE	462	458
POLG	382	376
POLG2	33	31
POLH	62	57
POLK	19	19
POLR1A	12	9
POLR1B	5	1
POLR1C	50	45
POLR1D	21	14
POLR2A	45	38
POLR2B	1	0
POLR2C	2	0
POLR2E	1	0
POLR2F;SOX10	10	10
POLR3A	142	138
POLR3B	78	72
POLR3B;LOC100287944	1	1
POLR3F	1	0
POLR3GL	3	2
POLR3K	3	2
POLRMT	21	14
POMC	20	16
POMGNT1	260	231
POMGNT1;TSPAN1	1	1
POMGNT2	31	28
POMK	27	25
POMP	5	3
POMT1	202	197
POMT2	154	149
POP1	29	25
POPDC1	6	6
POPDC3	6	0
POR	104	96
POR;LOC126860075	1	1
PORCN	70	58
PORCN;PORCN-DT	1	1
POT1	224	218
POU1F1	44	30
POU3F2	1	1
POU3F3	60	52
POU3F4	117	94
POU4F1	9	4
POU4F3	57	47
POU4F3;RBM27-POU4F3	4	4
POU6F2	2	0
PPA2	18	15
PPARG	47	35
PPCS	4	3
PPFIA3	22	16
PPFIBP1	15	15
PPIB	24	22
PPIL1	10	3
PPM1D	75	70
PPM1K	2	1
PPOX	68	56
PPP1CB	14	14
PPP1R12A	39	31
PPP1R13L	13	12
PPP1R21	21	13
PPP1R35	1	1
PPP1R3F	1	1
PPP2CA	41	39
PPP2R1A	23	22
PPP2R1B	1	0
PPP2R3C	7	4
PPP2R5C	3	2
PPP2R5D	27	23
PPP3CA	51	48
PPT1	184	150
PPTC7	2	2
PQBP1	37	35
PRB3	2	0
PRCD	12	12
PRDM12	20	15
PRDM13	7	3
PRDM13;LOC111365204	1	1
PRDM15	1	1
PRDM16	18	17
PRDM2	1	0
PRDM5	59	58
PRDM6	2	0
PRDM8	1	0
PRDM9	3	3
PRDX1	1	1
PRDX1;MMACHC	1	1
PRDX3	10	4
PREP	2	2
PREPL	64	59
PREPL;SLC3A1	5	3
PREX2	1	1
PRF1	151	149
PRG4	53	42
PRICKLE1	3	2
PRICKLE2	3	3
PRIM1	4	2
PRIMA1	2	2
PRKACA	3	1
PRKACB	6	2
PRKAG2	27	22
PRKAR1A	119	113
PRKAR1B	8	6
PRKCB	1	0
PRKCD	19	15
PRKCE	2	2
PRKCG	56	39
PRKCSH	47	35
PRKD1	10	8
PRKDC	3	2
PRKG1	1	1
PRKG2	9	6
PRKN	92	82
PRKRA	4	2
PRLR	4	1
PRMT7	51	46
PRMT9	18	18
PRNP	30	21
PROC	113	101
PRODH	23	21
PROK2	8	5
PROKR2	13	12
PROM1	180	162
PROP1	98	63
PRORP	8	2
PROS1	150	140
PRPF19	1	1
PRPF3	12	11
PRPF31	303	266
PRPF31;PRPF31-AS1	15	15
PRPF31;PRPF31-AS1;TFPT	1	1
PRPF4	2	2
PRPF6	3	2
PRPF8	85	79
PRPH	3	3
PRPH2	388	337
PRPH2;UBR2	1	1
PRPS1	49	34
PRR12	82	74
PRRT2	159	153
PRRX1	6	1
PRSS1	17	15
PRSS12	4	4
PRSS1;TRB	1	1
PRSS56	25	19
PRUNE1	28	22
PRX	94	86
PRX;PLD3	1	1
PSAP	96	89
PSAT1	35	34
PSEN1	152	133
PSEN2	11	8
PSENEN	7	1
PSKH1	4	2
PSMA3	2	0
PSMB1	1	0
PSMB10	9	2
PSMB4	2	0
PSMB8	22	19
PSMB9	2	1
PSMC1	1	1
PSMC3	12	6
PSMC3IP	5	3
PSMC5	4	3
PSMD11	3	2
PSMD12	36	31
PSMF1	13	1
PSMG2	1	0
PSPH	4	2
PSTPIP1	4	3
PTBP1	8	8
PTBP2	2	2
PTCD3	14	9
PTCH1	770	750
PTCH2	2	1
PTCHD1	34	30
PTCRA	2	1
PTDSS1	8	5
PTEN	1342	1332
PTF1A	8	5
PTGER2	1	1
PTGIS	2	1
PTH	9	7
PTH1R	33	25
PTH2R	1	0
PTHLH	24	20
PTPA	2	0
PTPMT1	1	0
PTPN1	3	3
PTPN11	202	189
PTPN11;RPL6	1	0
PTPN12	1	0
PTPN14	4	1
PTPN23	55	49
PTPN4	13	12
PTPRC	40	36
PTPRF	2	1
PTPRJ	3	0
PTPRO	10	8
PTPRQ	67	57
PTPRS	1	0
PTPRT	6	6
PTPRU	2	0
PTRH2	9	8
PTRHD1	4	2
PTS	110	103
PTS;TEX12	1	1
PUDP	1	1
PUF60	118	109
PUM1	27	27
PURA	227	213
PUS1	81	79
PUS3	13	13
PUS7	34	31
PXDN	29	23
PYCR1	46	39
PYCR2	37	35
PYGL	79	76
PYGM	321	307
PYROXD1	29	27
PYURF	1	0
QARS1	70	69
QDPR	61	53
QRICH1	78	75
QRICH2	13	8
QRSL1	12	11
RAB11A	2	2
RAB11B	7	7
RAB18	9	6
RAB1A	1	1
RAB23	42	40
RAB27A	63	54
RAB28	27	24
RAB33B	11	6
RAB34	4	2
RAB39B	14	12
RAB3A	1	1
RAB3GAP1	81	66
RAB3GAP2	50	43
RAB5C	1	1
RAB5IF	1	0
RAB7A	4	4
RAB9B;PLP1	1	0
RABGAP1	2	2
RAC1	31	28
RAC2	7	5
RAC3	11	7
RACGAP1	3	0
RAD21	61	53
RAD21L1	1	1
RAD50	497	493
RAD51	14	10
RAD51AP2	1	1
RAD51B	1	1
RAD51C	353	348
RAD51D	258	252
RAD51D;RAD51L3-RFFL	1	1
RAD54B	2	1
RAD54L	9	6
RAD54L2	1	0
RAD9B	7	0
RAF1	56	54
RAG1	172	167
RAG2	146	145
RAI1	179	154
RALA	14	12
RALGAPA1	14	10
RALGAPB	2	2
RANBP2	6	4
RAP1B	6	2
RAP1GDS1	3	1
RAPGEF5	1	0
RAPSN	116	113
RARB	29	25
RARB;TOP2B	1	1
RARS1	37	34
RARS2	266	265
RASA1	288	278
RASA2	1	0
RASA3	2	0
RASGRP1	32	27
RASGRP2	31	26
RASSF1;RASSF1-AS1;ZMYND10;ZMYND10-AS1	1	1
RAX	11	5
RAX2	12	9
RB1	975	931
RB1CC1	3	1
RBBP5	2	2
RBBP7	1	0
RBBP8	12	10
RBCK1	52	43
RBFOX1	16	14
RBFOX2	5	5
RBFOX3	1	0
RBL2	12	10
RBM10	40	36
RBM12	2	0
RBM20	110	107
RBM28	4	2
RBM48	1	0
RBM5	1	1
RBM8A	13	9
RBMX	10	9
RBMY1F;RBMY1J;TTTY5;TTTY6;TTTY6B;LOC101929148;PRY;PRY2	1	0
RBP3	47	45
RBP4	19	17
RBP4;FFAR4	1	1
RBPJ	7	5
RBSN	3	0
RC3H1	1	0
RCBTB1	34	30
RCC1	5	0
RCCD1-AS1;UNC45A	1	1
RCHY1	1	0
RCL1	1	0
RCOR1	1	0
RD3	13	10
RDH11	7	6
RDH12	157	142
RDH12;GPHN	2	2
RDH14	1	0
RDH5	59	56
RDH8	2	1
RDX	24	22
REC114	2	0
REC8	3	0
RECQL	11	11
RECQL4	393	386
REDIC1	1	0
REEP1	97	90
REEP2	7	4
REEP3	1	1
REEP6	30	28
REL	7	5
RELA	44	40
RELA;SIPA1	1	1
RELB	2	1
RELN	119	103
RELN;SLC26A5-AS1	1	1
RELT	8	3
REN	23	14
REPS1	1	0
RERE	70	67
REST	28	24
RET	197	186
RETREG1	25	24
RETREG3;TUBG1	1	1
REV3L	4	4
RFC1	10	3
RFC4	10	5
RFT1	18	13
RFWD3	3	1
RFX3	15	14
RFX5	54	50
RFX6	46	41
RFX7	19	17
RFXANK	33	31
RFXAP	30	24
RGR	2	1
RGS2	1	1
RGS9	47	47
RGS9BP	7	5
RHAG	18	9
RHBDF2	1	1
RHCE	4	0
RHD	3	0
RHEB	7	7
RHO	217	198
RHOA	4	3
RHOBTB2	16	16
RIC1	1	1
RIC3;TUB	5	5
RICTOR	2	2
RIGI	5	3
RILPL1	1	0
RIMS1	2	1
RIMS2	7	2
RIN2	18	16
RINT1	43	41
RIPK1	28	20
RIPK4	8	2
RIPOR2	2	0
RIPPLY2	1	1
RIT1	37	36
RLBP1	54	51
RLBP1;POLG	1	1
RLIM	13	10
RMI1	1	0
RMND1	54	47
RMP64	2	2
RMRP	305	291
RNASEH1	6	5
RNASEH2A	50	47
RNASEH2B	65	65
RNASEH2C	12	12
RNASEL	4	3
RNASET2	12	8
RNF113A	5	3
RNF125	2	1
RNF13	8	5
RNF135	1	1
RNF157	1	1
RNF168	36	35
RNF170	7	6
RNF186;RNF186-AS1;TMCO4;HTR6;LOC126805645;LOC126805646;LOC129929579;LOC129929580	1	0
RNF2	1	0
RNF207	1	1
RNF212	1	1
RNF212B	1	1
RNF213	23	19
RNF216	26	21
RNF220	2	1
RNF31	3	0
RNF43	34	33
RNF6	3	0
RNPC3	12	3
RNU12	9	8
RNU2-2	21	21
RNU2-2;WDR74	2	2
RNU4-1;RNU4-2;SIRT4	1	1
RNU4-2	29	29
RNU4ATAC	19	17
RNU5B-1	2	2
RNU6-1	1	1
RNU6-8	1	1
RNU6-9	1	1
RNU7-1	3	3
ROBO1	51	48
ROBO3	49	42
ROBO4	17	15
ROGDI	50	50
ROM1	1	1
ROR2	64	41
RORA	44	43
RORA;RORA-AS1	3	3
RORB	63	62
RORC	12	9
ROS1	5	3
RP1	377	354
RP1;LOC126860392	1	1
RP1L1	81	76
RP2	201	176
RP9	2	2
RPA1	2	0
RPE65	341	328
RPGR	904	825
RPGRIP1	204	183
RPGRIP1L	341	336
RPH3A	1	1
RPIA	10	8
RPL10	9	6
RPL10L	1	1
RPL11	51	48
RPL13	9	5
RPL13;SPG7	1	1
RPL15	11	8
RPL17	1	0
RPL17;RPL17-C18ORF32	1	1
RPL18	1	1
RPL21	1	0
RPL26	6	5
RPL27	1	0
RPL31	1	1
RPL35	1	0
RPL35A	13	11
RPL36A-HNRNPH2;GLA	1	1
RPL3L	8	4
RPL5	89	85
RPS10	11	9
RPS10;RPS10-NUDT3	1	1
RPS15A	1	0
RPS17	7	5
RPS19	88	83
RPS20	9	9
RPS23	2	0
RPS24	18	15
RPS26	38	33
RPS27	1	0
RPS29	4	3
RPS6KA3	177	155
RPS6KC1	6	0
RPS7	13	10
RPSA	9	4
RPUSD3	2	2
RRAGC	4	1
RRAGD	8	3
RRAS2	11	11
RREB1	5	5
RRM1	2	1
RRM2B	45	40
RRP12	2	0
RRP7A	1	0
RS1	295	272
RSPH1	28	28
RSPH3	31	27
RSPH4A	57	56
RSPH4A;ZUP1	1	1
RSPH9	25	23
RSPO1	6	3
RSPO2	5	3
RSPO4	14	7
RSPRY1	6	4
RSRC1	12	9
RSRC2	1	0
RTEL1	286	265
RTEL1;RTEL1-TNFRSF6B	4	4
RTN2	15	10
RTN4IP1	39	35
RTTN	90	86
RUBCN	5	5
RUNX1	261	260
RUNX1T1	2	0
RUNX2	184	167
RUSC2	41	40
RUVBL1;SEC61A1	1	0
RXFP2	2	2
RXRA	1	0
RXYLT1	56	55
RYR1	799	774
RYR2	265	261
RYR3	1	1
S1PR2	2	0
SACK1H	23	9
SACS	1066	936
SACS;SACS-AS1	1	0
SAG	44	44
SALL1	135	116
SALL2	1	0
SALL4	60	47
SAMD12	1	0
SAMD7	6	1
SAMD8	2	0
SAMD9	33	27
SAMD9L	20	16
SAMHD1	139	135
SAP130	1	1
SAR1B	24	19
SARDH	2	2
SARS1	3	3
SARS2	10	9
SART3	8	0
SASH1	15	13
SASH3	5	3
SASS6	7	5
SATB1	38	33
SATB2	211	196
SAXO6	6	6
SBDS	55	50
SBF1	43	40
SBF2	90	88
SBF2;LOC101928008	1	0
SC5D	5	2
SCAF4	44	42
SCAF4;SOD1	1	1
SCAPER	39	30
SCARB1	1	1
SCARB2	40	34
SCARF2	15	8
SCD5	1	0
SCEL	1	0
SCFD2	1	1
SCG5	1	0
SCHIP1	1	1
SCLT1	52	52
SCN10A	2	2
SCN11A	9	7
SCN1A	2173	2115
SCN1A-AS1;SCN1A	3	3
SCN1A-AS1;SCN9A	4	4
SCN1B	37	32
SCN2A	718	647
SCN3A	41	40
SCN3B	2	0
SCN4A	166	155
SCN4B	2	0
SCN5A	572	551
SCN7A	1	0
SCN8A	388	372
SCN9A	180	166
SCN9A;SCN1A-AS1	1	1
SCNM1	4	2
SCNN1A	43	40
SCNN1B	52	39
SCNN1G	18	12
SCO1	13	12
SCO2	49	45
SCP2	27	27
SCRIB	1	1
SCUBE2	1	1
SCUBE3	13	13
SCYL1	37	28
SCYL2	10	9
SDCCAG8	94	85
SDHA	338	335
SDHAF1	8	7
SDHAF2	50	50
SDHB	301	286
SDHC	107	104
SDHD	164	157
SDR9C7	5	5
SEC23A	3	2
SEC23B	100	99
SEC24C	1	1
SEC24D	45	38
SEC31A	1	0
SEC61A1	8	5
SEC63	63	40
SECISBP2	16	12
SEL1L	1	0
SELENBP1	4	3
SELENOI	4	0
SELENON	118	112
SELP	1	0
SEMA3A	5	3
SEMA3D	1	1
SEMA3E	2	2
SEMA4A	9	8
SEMA6A	2	2
SEMA6B	29	26
SEMA7A	1	0
SENP7	3	3
SEPHS1	4	4
SEPSECS	113	112
SEPT5-GP1BB;GP1BB	1	1
SEPTIN4	1	1
SEPTIN9	4	1
SERAC1	64	61
SERPINA1	85	65
SERPINA11	1	1
SERPINA12	1	0
SERPINA3	1	0
SERPINA6	2	0
SERPINA7	6	3
SERPINB6	4	3
SERPINB7	11	9
SERPINB8	4	4
SERPINC1	175	129
SERPIND1	4	1
SERPINE1	3	1
SERPINF1	65	62
SERPINF2	4	2
SERPING1	385	337
SERPINH1	13	9
SERPINI1	6	4
SET	43	35
SETBP1	134	117
SETD1A	77	71
SETD1B	111	102
SETD2	80	70
SETD5	313	289
SETSIP	1	1
SETX	128	116
SEZ6	1	1
SEZ6L	1	1
SF1	2	2
SF3A1	1	0
SF3B1	5	5
SF3B2	9	4
SF3B4	50	35
SFRP4	16	15
SFTPA1	4	0
SFTPA2	6	3
SFTPB	20	19
SFTPC	30	24
SFXN4	15	14
SGCA	207	195
SGCB	135	128
SGCD	51	47
SGCE	162	153
SGCG	116	112
SGK1	1	0
SGK2	1	0
SGMS1	2	2
SGMS2	3	2
SGO1	1	1
SGO2	1	0
SGPL1	30	22
SGSH	212	209
SGSH;SLC26A11	1	1
SGSM3	3	2
SH2B3	5	4
SH2D1A	46	35
SH3BP2	10	8
SH3PXD2B	18	14
SH3TC2	171	165
SHANK1	21	20
SHANK2	48	44
SHANK3	217	205
SHARPIN	3	1
SHH	129	108
SHMT2	3	3
SHOC1	13	6
SHOC2	6	4
SHOX	125	97
SHQ1	3	2
SHROOM2	1	1
SHROOM4	2	1
SI	166	160
SIAH1	20	14
SIGMAR1	27	26
SIK1	8	4
SIK3	2	1
SIL1	38	34
SIM1	12	9
SIM1;SIM1-AS1	1	1
SIM2	1	0
SIN3A	123	117
SIN3B	3	3
SIPA1L3	2	1
SIRT6	2	2
SIX1	31	27
SIX2	1	1
SIX3	33	29
SIX5	2	0
SIX6	8	7
SKI	33	31
SKIC2	144	141
SKIC3	178	173
SKOR2	3	1
SLC10A1	8	6
SLC10A2	3	2
SLC10A7	9	5
SLC11A2	7	3
SLC12A1	152	146
SLC12A2	35	24
SLC12A3	488	479
SLC12A5	46	45
SLC12A6	245	222
SLC13A1	4	0
SLC13A3	4	1
SLC13A5	63	58
SLC14A1	5	2
SLC16A1	23	21
SLC16A12	3	1
SLC16A13	1	1
SLC16A1;SLC16A1-AS1	1	1
SLC16A2	113	100
SLC17A5	155	142
SLC17A8	5	4
SLC17A9	1	0
SLC18A2	14	12
SLC18A3	4	4
SLC19A1	1	0
SLC19A1;COL18A1	2	2
SLC19A2	64	57
SLC19A3	80	74
SLC1A1	2	1
SLC1A2	10	9
SLC1A3	2	0
SLC1A4	34	26
SLC20A2	88	80
SLC22A12	23	18
SLC22A18	1	0
SLC22A5	287	268
SLC24A1	56	54
SLC24A4	5	0
SLC24A5	39	36
SLC25A1	25	24
SLC25A10	4	4
SLC25A11	5	0
SLC25A12	22	18
SLC25A13	214	208
SLC25A15	89	88
SLC25A16	1	1
SLC25A19	14	4
SLC25A20	79	76
SLC25A21	1	0
SLC25A22	22	20
SLC25A24	3	3
SLC25A25	1	0
SLC25A26	8	5
SLC25A29;LOC130056456;LOC130056457;MIR6764;YY1	1	1
SLC25A3	12	9
SLC25A36	2	0
SLC25A38	59	58
SLC25A4	25	19
SLC25A42	4	4
SLC25A46	38	29
SLC26A1	1	0
SLC26A2	244	218
SLC26A3	133	103
SLC26A4	632	584
SLC26A5	22	20
SLC26A7	4	4
SLC26A8	3	0
SLC27A2	1	0
SLC27A4	51	46
SLC29A1	1	0
SLC29A3	47	46
SLC2A1	358	339
SLC2A1-DT;SLC2A1	1	1
SLC2A10	57	56
SLC2A1;SLC2A1-DT	1	1
SLC2A2	61	53
SLC2A9	20	14
SLC2A9-AS3	1	0
SLC30A10	11	6
SLC30A2	5	4
SLC30A5	2	2
SLC30A6-DT;SPAST	1	1
SLC30A6;SLC30A6-DT;SPAST	8	8
SLC30A7	5	4
SLC30A9	7	7
SLC31A1	2	1
SLC32A1	6	3
SLC33A1	10	2
SLC34A1	57	54
SLC34A2	20	16
SLC34A3	96	89
SLC35A1	4	0
SLC35A2	58	47
SLC35A3	57	55
SLC35B2	3	2
SLC35C1	10	8
SLC35D1	15	9
SLC37A4	184	172
SLC38A3	7	3
SLC38A8	75	68
SLC39A13	4	4
SLC39A14	14	7
SLC39A4	148	141
SLC39A5	4	3
SLC39A7	6	5
SLC39A8	9	9
SLC3A1	142	111
SLC40A1	42	23
SLC41A1	1	0
SLC44A1	8	5
SLC45A2	119	114
SLC46A1	27	22
SLC4A1	237	223
SLC4A10	13	7
SLC4A11	180	176
SLC4A2	3	0
SLC4A3	2	2
SLC4A4	17	13
SLC51A	1	0
SLC51B	1	1
SLC52A2	43	38
SLC52A3	34	29
SLC5A1	47	47
SLC5A2	55	46
SLC5A5	55	49
SLC5A6	14	12
SLC5A7	19	15
SLC66A1	1	1
SLC6A1	188	180
SLC6A13	1	1
SLC6A17	2	0
SLC6A19	42	40
SLC6A1;SLC6A1-AS1	6	6
SLC6A2	1	0
SLC6A3	20	16
SLC6A4	1	1
SLC6A5	69	61
SLC6A6	3	3
SLC6A8	198	194
SLC6A9	14	11
SLC7A14	3	1
SLC7A7	167	159
SLC7A8	3	1
SLC7A9	93	75
SLC9A1	6	5
SLC9A3	25	22
SLC9A6	71	60
SLC9A7	2	2
SLC9A9	2	1
SLC9B1	1	1
SLCO1B1	7	7
SLCO1B3	6	6
SLCO1B3;SLCO1B3-SLCO1B7	1	1
SLCO2A1	67	45
SLF2	8	3
SLFN11	1	0
SLFN14	4	2
SLIT1	1	0
SLIT2	2	0
SLIT3	1	0
SLITRK1	2	0
SLITRK2	5	1
SLITRK3	1	0
SLITRK5	1	1
SLITRK6	11	10
SLK	1	1
SLPI	1	1
SLTM	1	0
SLURP1	15	10
SLX4	162	156
SMAD2	41	37
SMAD3	217	212
SMAD4	312	299
SMAD6	85	49
SMAD9	27	26
SMAP1	1	1
SMARCA1	18	18
SMARCA2	123	108
SMARCA4	347	336
SMARCA5	9	8
SMARCAD1	7	2
SMARCAD1-DT	1	1
SMARCAL1	176	170
SMARCB1	128	119
SMARCC1	14	9
SMARCC2	64	62
SMARCD1	9	3
SMARCD2	28	24
SMARCE1	79	78
SMC1A	225	204
SMC1B	1	0
SMC3	86	76
SMC5	5	2
SMCHD1	150	119
SMG8	12	8
SMG9	18	15
SMN1	84	68
SMO	10	4
SMOC1	21	12
SMOC2	4	3
SMPD1	381	360
SMPD4	31	29
SMPX	25	11
SMS	34	26
SNAP25	24	24
SNAP29	24	24
SNAPC4	11	5
SNAPIN	5	5
SNCA	9	7
SNCB	1	0
SNF8	6	6
SNHG14;SNRPN	1	1
SNHG14;UBE3A	8	7
SNIP1	1	1
SNORA58B;UBAP2L	1	1
SNORD118	25	8
SNORD118;TMEM107	2	2
SNRNP200	20	18
SNRPA	2	2
SNRPB	8	3
SNRPE	4	1
SNRPN	1	1
SNRPN;SNURF	1	0
SNUPN	5	5
SNW1	1	1
SNX10	23	23
SNX14	51	43
SNX27	22	18
SOCS1	14	9
SOD1	136	124
SOD1;SCAF4	1	1
SOHLH1	6	4
SON	171	160
SORCS1	1	1
SORD	11	8
SORL1	25	24
SOS1	72	69
SOS2	14	14
SOST	7	5
SOX10	233	196
SOX11	93	87
SOX17	8	8
SOX18	8	6
SOX2	102	77
SOX2-OT;LOC108281177;SOX2	1	1
SOX2;LOC108281177;SOX2-OT	1	1
SOX2;SOX2-OT	2	2
SOX3	3	0
SOX30	1	0
SOX4	29	22
SOX5	95	86
SOX6	40	37
SOX9	149	130
SP110	41	40
SP110;SP140	1	1
SP140;SP110	1	0
SP6	2	0
SP7	3	1
SP9	6	3
SPACA1	1	0
SPAG1	72	69
SPAG17	2	1
SPARC	4	2
SPARCL1	1	0
SPART	29	28
SPAST	679	664
SPATA22	5	1
SPATA7	83	76
SPDL1	1	0
SPECC1	1	0
SPECC1L	14	6
SPEF2	12	4
SPEG	53	51
SPEN	115	110
SPG11	586	573
SPG21	13	10
SPG7	194	188
SPI1	25	7
SPIDR	7	3
SPIN4	1	1
SPINK1	16	12
SPINK2	1	0
SPINK5	132	128
SPINT2	18	11
SPNS2	3	2
SPO11	1	1
SPOCD1	3	3
SPOP	11	10
SPOUT1	6	6
SPP2	1	1
SPPL2A	2	0
SPR	41	36
SPRED1	175	171
SPRED2	8	7
SPRTN	4	2
SPRY1	1	1
SPRY4	1	0
SPTA1	223	217
SPTAN1	138	126
SPTB	582	561
SPTBN1	75	69
SPTBN2	62	58
SPTBN4	34	30
SPTLC1	14	13
SPTLC2	10	8
SPTLC3	1	1
SPTSSA	2	0
SPTY2D1	1	0
SQLE	1	0
SQOR	2	0
SQSTM1	58	49
SRC	2	1
SRCAP	123	94
SRD5A2	99	89
SRD5A3	22	18
SRD5A3;SRD5A3-AS1	1	1
SREBF1	6	4
SRGAP1	1	0
SRGAP3	1	0
SRI	1	1
SRP19	1	0
SRP54	7	4
SRP68	2	0
SRPK3	5	3
SRPRA	1	0
SRPX	1	0
SRPX2	2	2
SRRM2	75	74
SRSF1	16	16
SRSF2	2	1
SRY	46	25
SSBP1	4	3
SSR3	1	0
SSR4	17	10
SSUH2	1	0
SSX1	3	1
ST14	15	11
ST3GAL3	22	18
ST3GAL5	50	49
ST6GALNAC5	1	0
ST7	1	0
STAC2	1	1
STAC3	16	15
STAG1	60	53
STAG2	53	48
STAG3	29	20
STAMBP	27	25
STAP1	1	1
STAR	114	108
STARD7	2	0
STAT1	104	86
STAT2	35	32
STAT3	108	98
STAT4	2	1
STAT5B	33	27
STAT6	6	1
STEEP1	5	3
STIL	30	23
STIM1	37	32
STING1	11	10
STK11	412	390
STK33	1	0
STK36	4	3
STK4	19	19
STN1	2	1
STRA6	35	28
STRADA	24	19
STRC	88	82
STS	27	19
STT3A	7	7
STT3B	2	0
STUB1	48	40
STX11	33	31
STX16	3	2
STX1A	6	6
STX1B	73	69
STX3	13	10
STX4	1	0
STX7	1	0
STXBP1	424	399
STXBP2	110	108
STXBP3	3	3
SUBSET OF 10 GENES: ABCD1:BCAP31	1	1
SUBSET OF 10 GENES: CHD8:HNRNPC	1	1
SUBSET OF 10 GENES: DMD	1	0
SUBSET OF 10 GENES: EHMT1	1	1
SUBSET OF 10 GENES: ERF	1	0
SUBSET OF 10 GENES: GATA4	1	0
SUBSET OF 10 GENES: NR0B1	1	0
SUBSET OF 10 GENES: NRXN1	1	0
SUBSET OF 10 GENES: SATB2	1	1
SUBSET OF 10 GENES: SHANK3	1	1
SUBSET OF 10 GENES: SHOX	1	0
SUBSET OF 10 GENES: SOX2	1	1
SUBSET OF 10 GENES: ZMYND11	1	0
SUBSET OF 100 GENES: CD40LG:F9:SLC9A6:SOX3:ZIC3	1	1
SUBSET OF 100 GENES: FOXP2	1	0
SUBSET OF 100 GENES: KMT2C	1	0
SUBSET OF 100 GENES: PRRT2	2	0
SUBSET OF 1001 GENES: ABCD1:ACSL4:AFF2:ALG13:AVPR2:BCAP31:CCNQ:CD40LG:CHRDL1:COL4A5:CUL4B:DCX:DKC1:F8:F9:FLNA:FMR1:FRMD7:GDI1:GPC3:GRIA3:HPRT1:IDS:IKBKG:L1CAM:LAMP2:MECP2:MTM1:NAA10:NSDHL:OCRL:PAK3:PHF6:PRPS1:RAB39B:SH2D1A:SLC6A8:SLC9A6:SOX3:STAG2:TMLHE:UBE2A:UPF3B:XIAP:ZDHHC9:ZIC3	1	0
SUBSET OF 1001 GENES: GALNT12:PHF2:PTCH1:TGFBR1:ZNF462	1	1
SUBSET OF 1002 GENES: CSMD1:GATA4	1	0
SUBSET OF 1005 GENES: MSX1:NSD2	1	1
SUBSET OF 1006 GENES: ABCD1:ACSL4:AFF2:ALG13:AVPR2:BCAP31:CCNQ:CD40LG:CHRDL1:COL4A5:CUL4B:DCX:DKC1:F8:F9:FLNA:FMR1:FRMD7:GDI1:GPC3:GRIA3:HPRT1:IDS:IKBKG:L1CAM:LAMP2:MECP2:MTM1:NAA10:NSDHL:OCRL:PAK3:PHF6:PRPS1:RAB39B:SH2D1A:SLC6A8:SLC9A6:SOX3:STAG2:TMLHE:UBE2A:UPF3B:XIAP:ZDHHC9:ZIC3	1	0
SUBSET OF 1007 GENES: ABCD1:ACSL4:AFF2:ALG13:AVPR2:BCAP31:CCNQ:CD40LG:CHRDL1:COL4A5:CUL4B:DCX:DKC1:F8:F9:FLNA:FMR1:FRMD7:GDI1:GPC3:GRIA3:HPRT1:IDS:IKBKG:L1CAM:LAMP2:MECP2:MTM1:NAA10:NSDHL:OCRL:PAK3:PHF6:PRPS1:RAB39B:SH2D1A:SLC6A8:SLC9A6:SOX3:STAG2:TMLHE:UBE2A:UPF3B:XIAP:ZDHHC9:ZIC3	1	0
SUBSET OF 1007 GENES: BRCA2:EDNRB:NBEA:RB1	1	1
SUBSET OF 1007 GENES: CDKN2A:DMRT1:ELAVL2:MTAP:NFIB:PAX5:RFX3:TPM2	1	1
SUBSET OF 1009 GENES: ARID1B:BCLAF1:HIVEP2:TAB2	1	0
SUBSET OF 101 GENES: ACTC1:MEIS2:SPRED1	1	1
SUBSET OF 101 GENES: AHDC1	1	1
SUBSET OF 101 GENES: ARSL:NLGN4X:SHOX:STS	1	1
SUBSET OF 101 GENES: DYRK1A	1	1
SUBSET OF 101 GENES: KMT5B:LRP5	1	1
SUBSET OF 101 GENES: MAP2K2	1	1
SUBSET OF 101 GENES: PRRT2	1	1
SUBSET OF 1010 GENES: ANOS1:AP1S2:ARSL:ARX:BCOR:CASK:CDKL5:CLCN4:CLCN5:CNKSR2:CYBB:DDX3X:DMD:EBP:FANCB:FTSJ1:GK:HCCS:IL1RAPL1:KDM6A:MAOA:MID1:MSL3:NDP:NHS:NLGN4X:NR0B1:NYX:OFD1:OTC:PDHA1:PHEX:PIGA:PORCN:PQBP1:PTCHD1:RP2:RPS6KA3:RS1:SHOX:SLC35A2:SMS:STS:SYN1:SYP:TRAPPC2:TSPAN7:USP9X:WAS:WDR45:ZNF41	1	0
SUBSET OF 1010 GENES: EP300:SHANK3:SOX10:TCF20:TNRC6B	1	1
SUBSET OF 1013 GENES: CDKN2A:DMRT1:ELAVL2:MTAP:NFIB:PAX5:RFX3:TPM2	1	0
SUBSET OF 1014 GENES: ASXL3:CELF4:KATNAL2:SETBP1:SMAD4:TCF4	1	0
SUBSET OF 1016 GENES: BMPR1A:KAT6B:NODAL:RPS24	1	0
SUBSET OF 1017 GENES: CACNA1C:CDKN1B:CHD4:ETV6:GRIN2B:SOX5	1	1
SUBSET OF 1018 GENES: SOX9	1	0
SUBSET OF 1019 GENES: ANOS1:AP1S2:ARSL:ARX:BCOR:CASK:CDKL5:CLCN4:CLCN5:CNKSR2:CYBB:DDX3X:DMD:EBP:FANCB:FTSJ1:GK:HCCS:IL1RAPL1:KDM6A:MAOA:MID1:MSL3:NDP:NHS:NLGN4X:NR0B1:NYX:OFD1:OTC:PDHA1:PHEX:PIGA:PORCN:PQBP1:PTCHD1:RP2:RPS6KA3:RS1:SHOX:SLC35A2:SMS:STS:SYN1:SYP:TRAPPC2:TSPAN7:USP9X:WAS:WDR45:ZNF41	1	0
SUBSET OF 102 GENES: CELF4	1	1
SUBSET OF 102 GENES: CNTNAP5	1	0
SUBSET OF 102 GENES: KDM6A:RP2:SYN1:ZNF41	1	0
SUBSET OF 102 GENES: MEF2C	1	0
SUBSET OF 102 GENES: MYCN	1	1
SUBSET OF 102 GENES: PRRT2	26	7
SUBSET OF 1022 GENES: APP:DSCAM:DYRK1A:ITSN1:RUNX1:SON	1	1
SUBSET OF 1023 GENES: CNTNAP2:DPP6:KCNH2:KMT2C:MNX1:SHH:UBN2	1	1
SUBSET OF 1024 GENES: ANOS1:AP1S2:ARSL:ARX:BCOR:CASK:CDKL5:CLCN4:CLCN5:CNKSR2:CYBB:DDX3X:DMD:EBP:FANCB:FTSJ1:GK:HCCS:IL1RAPL1:KDM6A:MAOA:MID1:MSL3:NDP:NHS:NLGN4X:NR0B1:NYX:OFD1:OTC:PDHA1:PHEX:PIGA:PORCN:PQBP1:PTCHD1:RP2:RPS6KA3:RS1:SHOX:SLC35A2:SMS:STS:SYN1:SYP:TRAPPC2:TSPAN7:USP9X:WAS:WDR45:ZNF41	1	0
SUBSET OF 1026 GENES: FGFR1:GATA4	1	0
SUBSET OF 1029 GENES: ADNP:GNAS:KCNQ2:SALL4	1	1
SUBSET OF 1029 GENES: CNTNAP2:DPP6:KCNH2:KMT2C:MNX1:SHH:UBN2	2	0
SUBSET OF 103 GENES: CACNA1C	1	0
SUBSET OF 103 GENES: CNTNAP5	1	1
SUBSET OF 103 GENES: EHMT1	1	1
SUBSET OF 103 GENES: PRRT2	5	1
SUBSET OF 103 GENES: RB1	1	0
SUBSET OF 103 GENES: SRY	2	2
SUBSET OF 1033 GENES: ANOS1:AP1S2:ARSL:ARX:BCOR:CASK:CDKL5:CLCN4:CLCN5:CNKSR2:CYBB:DDX3X:DMD:EBP:FANCB:FTSJ1:GK:HCCS:IL1RAPL1:KDM6A:MAOA:MID1:MSL3:NDP:NHS:NLGN4X:NR0B1:NYX:OFD1:OTC:PDHA1:PHEX:PIGA:PORCN:PQBP1:PTCHD1:RP2:RPS6KA3:RS1:SHOX:SLC35A2:SMS:STS:SYN1:SYP:TRAPPC2:TSPAN7:USP9X:WAS:WDR45:ZNF41	1	1
SUBSET OF 1035 GENES: ANOS1:AP1S2:ARSL:ARX:BCOR:CASK:CDKL5:CLCN4:CLCN5:CNKSR2:CYBB:DDX3X:DMD:EBP:FANCB:FTSJ1:GK:HCCS:IL1RAPL1:KDM6A:MAOA:MID1:MSL3:NDP:NHS:NLGN4X:NR0B1:NYX:OFD1:OTC:PDHA1:PHEX:PIGA:PORCN:PQBP1:PTCHD1:RP2:RPS6KA3:RS1:SHOX:SLC35A2:SMS:STS:SYN1:SYP:TRAPPC2:TSPAN7:USP9X:WAS:WDR45:ZNF41	2	0
SUBSET OF 1038 GENES: SOX9	1	1
SUBSET OF 1039 GENES: ANKRD11:FOXC2:FOXF1	1	0
SUBSET OF 1039 GENES: NAA15:NAF1:NR3C2	1	0
SUBSET OF 104 GENES: ADNP	1	0
SUBSET OF 104 GENES: CRKL	1	1
SUBSET OF 104 GENES: CSNK2A1	1	1
SUBSET OF 104 GENES: FLG	1	1
SUBSET OF 104 GENES: HDAC4	1	1
SUBSET OF 104 GENES: MEF2C	1	1
SUBSET OF 104 GENES: PAK2	1	0
SUBSET OF 104 GENES: PRRT2	3	1
SUBSET OF 104 GENES: RORB	1	1
SUBSET OF 104 GENES: SHOX:SRY	1	0
SUBSET OF 1043 GENES: DLG4:KDM6B:MYH10:PAFAH1B1:PMP22:TP53:YWHAE	1	1
SUBSET OF 1046 GENES: CSMD1:GATA4	1	0
SUBSET OF 1046 GENES: FGF12:PAK2:SOX2:TBL1XR1:TERC:TP63	1	0
SUBSET OF 1048 GENES: BAG3:EBF3:EMX2:PAX2:SMC3:SUFU:TCF7L2	1	1
SUBSET OF 1049 GENES: ANKRD11:FOXC2:FOXF1	1	1
SUBSET OF 105 GENES: CSNK2A1	1	0
SUBSET OF 105 GENES: EXT1:RAD21:TRPS1	1	0
SUBSET OF 105 GENES: ITPR1	1	0
SUBSET OF 105 GENES: WAC	1	0
SUBSET OF 1051 GENES: CNTNAP2:DPP6:KCNH2:KMT2C:MNX1:SHH:UBN2	1	0
SUBSET OF 1052 GENES: ANOS1:AP1S2:ARSL:ARX:BCOR:CASK:CDKL5:CLCN4:CLCN5:CNKSR2:CYBB:DDX3X:DMD:EBP:FANCB:FTSJ1:GK:HCCS:IL1RAPL1:KDM6A:MAOA:MID1:MSL3:NDP:NHS:NLGN4X:NR0B1:NYX:OFD1:OTC:PDHA1:PHEX:PIGA:PORCN:PQBP1:PTCHD1:RP2:RPS6KA3:RS1:SHOX:SLC35A2:SMS:STS:SYN1:SYP:TRAPPC2:TSPAN7:USP9X:WAS:WDR45:ZNF41	1	0
SUBSET OF 1052 GENES: APOB:DNMT3A:MYCN:MYT1L:RPS7:SOX11:SPAST	1	0
SUBSET OF 1057 GENES: CNTNAP2:DPP6:KCNH2:KMT2C:MNX1:SHH:UBN2	1	0
SUBSET OF 1057 GENES: MSX1:NSD2	1	0
SUBSET OF 106 GENES: AFF2:FMR1:IDS:MTM1	1	1
SUBSET OF 106 GENES: ASXL1	1	0
SUBSET OF 106 GENES: CSNK2A1	2	1
SUBSET OF 106 GENES: CYLD:SALL1	1	1
SUBSET OF 106 GENES: KIT	1	1
SUBSET OF 106 GENES: NCKAP1	1	1
SUBSET OF 106 GENES: PRRT2	2	0
SUBSET OF 1064 GENES: NAA15:NAF1:NR3C2	1	1
SUBSET OF 1065 GENES: NAA15:NAF1:NR3C2	1	0
SUBSET OF 1069 GENES: CDKN2A:DMRT1:ELAVL2:MTAP:NFIB:PAX5:RFX3:TPM2	1	0
SUBSET OF 1069 GENES: FGF12:PAK2:SOX2:TBL1XR1:TERC:TP63	1	0
SUBSET OF 107 GENES: ANOS1:ARSL:NLGN4X:STS	1	0
SUBSET OF 107 GENES: CNOT1	1	1
SUBSET OF 107 GENES: GJA5	1	1
SUBSET OF 107 GENES: KIF11	1	0
SUBSET OF 107 GENES: PHF3	1	0
SUBSET OF 107 GENES: PRRT2	5	1
SUBSET OF 107 GENES: TBX1	1	1
SUBSET OF 107 GENES: YTHDC1	1	1
SUBSET OF 1076 GENES: CDC42BPB:DICER1:MEG3	1	1
SUBSET OF 1076 GENES: EXT1:PUF60:RAD21:TRPS1:ZFPM2	1	0
SUBSET OF 108 GENES: ABCD1:AVPR2:FLNA:GDI1:IKBKG:L1CAM:MECP2:NAA10	1	0
SUBSET OF 108 GENES: LMNB1	1	1
SUBSET OF 108 GENES: MEG3	1	0
SUBSET OF 108 GENES: PAK2	3	1
SUBSET OF 108 GENES: PRRT2	4	1
SUBSET OF 108 GENES: TBX1	9	3
SUBSET OF 1080 GENES: ABCD1:ACSL4:AFF2:ALG13:AVPR2:BCAP31:CCNQ:CD40LG:CHRDL1:COL4A5:CUL4B:DCX:DKC1:F8:F9:FLNA:FMR1:FRMD7:GDI1:GPC3:GRIA3:HPRT1:IDS:IKBKG:L1CAM:LAMP2:MECP2:MTM1:NAA10:NSDHL:OCRL:PAK3:PHF6:PLP1:PRPS1:RAB39B:SH2D1A:SLC6A8:SLC9A6:SOX3:STAG2:TMLHE:UBE2A:UPF3B:XIAP:ZDHHC9:ZIC3	1	0
SUBSET OF 1080 GENES: ANOS1:AP1S2:ARSL:ARX:BCOR:CASK:CDKL5:CLCN4:CLCN5:CNKSR2:CYBB:DDX3X:DMD:EBP:FANCB:FTSJ1:GK:HCCS:IL1RAPL1:IQSEC2:KDM5C:KDM6A:MAOA:MID1:MSL3:NDP:NHS:NLGN4X:NR0B1:NYX:OFD1:OTC:PDHA1:PHEX:PIGA:PORCN:PQBP1:PTCHD1:RP2:RPS6KA3:RS1:SHOX:SLC35A2:SMC1A:SMS:STS:SYN1:SYP:TRAPPC2:TSPAN7:USP9X:WAS:WDR45:ZNF41	1	0
SUBSET OF 1081 GENES: GALNT12:HNRNPK:PHF2:PTCH1:RORB:TGFBR1	1	0
SUBSET OF 1082 GENES: NAA15:NAF1:NR3C2	1	0
SUBSET OF 1085 GENES: LMTK3:POLD1:PRR12:SHANK1:TNNI3	1	1
SUBSET OF 1086 GENES: CDKN2A:DMRT1:ELAVL2:MTAP:NFIB:PAX5:RFX3:TPM2	1	1
SUBSET OF 1087 GENES: HNF1A:MED13L:POLE:PTPN11:RPH3A:SETD1B:TBX3:TBX5	1	1
SUBSET OF 109 GENES: ATR	1	1
SUBSET OF 109 GENES: ITSN1:SON	1	1
SUBSET OF 109 GENES: PAK2	8	2
SUBSET OF 109 GENES: PRRT2	5	3
SUBSET OF 109 GENES: TBX1	3	1
SUBSET OF 1092 GENES: ANOS1:AP1S2:ARSL:ARX:BCOR:CASK:CDKL5:CLCN4:CLCN5:CNKSR2:CYBB:DDX3X:DMD:EBP:FANCB:FTSJ1:GK:HCCS:IL1RAPL1:IQSEC2:KDM5C:KDM6A:MAOA:MID1:MSL3:NDP:NHS:NLGN4X:NR0B1:NYX:OFD1:OTC:PDHA1:PHEX:PHF8:PIGA:PORCN:PQBP1:PTCHD1:RP2:RPS6KA3:RS1:SHOX:SLC35A2:SMC1A:SMS:STS:SYN1:SYP:TRAPPC2:TSPAN7:USP9X:WAS:WDR45:ZNF41	1	1
SUBSET OF 1097 GENES: LMTK3:POLD1:PRR12:SHANK1:TNNI3	1	1
SUBSET OF 1098 GENES: ASXL3:CELF4:DSC2:DSG2:GATA6:KATNAL2:SETBP1:SMAD4:TCF4	1	0
SUBSET OF 1099 GENES: BARD1:BMPR2:CASP10:COL3A1:ERBB4:NCKAP1:PAX3:SATB2	1	0
SUBSET OF 11 GENES: CHD8	1	1
SUBSET OF 11 GENES: EFTUD2	1	1
SUBSET OF 11 GENES: F8	2	2
SUBSET OF 11 GENES: KANSL1	16	8
SUBSET OF 11 GENES: MAGEL2	1	1
SUBSET OF 11 GENES: MITF	1	0
SUBSET OF 11 GENES: MSH2:MSH6	1	0
SUBSET OF 11 GENES: PAFAH1B1	1	0
SUBSET OF 11 GENES: PAX6	2	2
SUBSET OF 11 GENES: PHEX:SMS	1	1
SUBSET OF 11 GENES: RAI1	1	1
SUBSET OF 11 GENES: RB1CC1	1	1
SUBSET OF 11 GENES: SCN2A	1	0
SUBSET OF 11 GENES: SHOX	2	1
SUBSET OF 110 GENES: ANOS1:CLCN4:HCCS:MID1:MSL3:NLGN4X:STS	1	0
SUBSET OF 110 GENES: CHD7	1	1
SUBSET OF 110 GENES: CHD8:HNRNPC	1	1
SUBSET OF 110 GENES: DLL1:ERMARD	1	1
SUBSET OF 110 GENES: EXT1:RAD21:TRPS1	1	0
SUBSET OF 110 GENES: FOXC1	1	0
SUBSET OF 110 GENES: GABRA1:GABRG2	1	0
SUBSET OF 110 GENES: ITPR1	2	0
SUBSET OF 110 GENES: MYT1L	1	0
SUBSET OF 110 GENES: NXF5:PLP1:PRPS1	1	1
SUBSET OF 110 GENES: PAK2	1	1
SUBSET OF 110 GENES: PRRT2	2	1
SUBSET OF 110 GENES: TBX1	1	1
SUBSET OF 1109 GENES: BAG3:EBF3:EMX2:PAX2:SMC3:SUFU:TCF7L2	1	0
SUBSET OF 111 GENES: ARSL:NLGN4X:SHOX:STS	2	0
SUBSET OF 111 GENES: AXIN2	1	0
SUBSET OF 111 GENES: JAG1	1	0
SUBSET OF 111 GENES: MYT1L	2	0
SUBSET OF 111 GENES: PAK2	2	0
SUBSET OF 111 GENES: PRRT2	6	2
SUBSET OF 111 GENES: TBX1	1	1
SUBSET OF 111 GENES: TCF20	1	0
SUBSET OF 111 GENES: TCF7L2	1	0
SUBSET OF 111 GENES: ZNF462	1	1
SUBSET OF 1111 GENES: CSMD1:GATA4	1	0
SUBSET OF 1115 GENES: BRPF1:CTNNB1:ITPR1:MLH1:RPL15:SCN5A:SETD5:SLC6A1:VHL	1	0
SUBSET OF 1116 GENES: NAA15:NAF1:NR3C2	1	0
SUBSET OF 112 GENES: CSNK2A1	1	1
SUBSET OF 112 GENES: DYRK1A	1	0
SUBSET OF 112 GENES: EXT1:RAD21:TRPS1	1	0
SUBSET OF 112 GENES: PAK2	1	0
SUBSET OF 112 GENES: TBX1	1	0
SUBSET OF 112 GENES: TGIF1	1	1
SUBSET OF 1128 GENES: ABCD1:ACSL4:AFF2:ALG13:AVPR2:BCAP31:BTK:CCNQ:CD40LG:CHRDL1:COL4A5:CUL4B:DCX:DKC1:F8:F9:FLNA:FMR1:FRMD7:GDI1:GLA:GPC3:GRIA3:HPRT1:IDS:IKBKG:L1CAM:LAMP2:MECP2:MTM1:NAA10:NSDHL:OCRL:PAK3:PHF6:PLP1:PRPS1:RAB39B:SH2D1A:SLC6A8:SLC9A6:SOX3:STAG2:TIMM8A:TMLHE:UBE2A:UPF3B:XIAP:ZDHHC9:ZIC3	1	1
SUBSET OF 1128 GENES: CDKN2A:DMRT1:ELAVL2:MTAP:NFIB:PAX5:RFX3:RORB:TPM2	1	0
SUBSET OF 113 GENES: ANOS1:ARSL:NLGN4X:STS	1	1
SUBSET OF 113 GENES: FOXP1	1	1
SUBSET OF 113 GENES: NR3C2	1	0
SUBSET OF 113 GENES: PAK2	4	1
SUBSET OF 113 GENES: PRRT2	3	1
SUBSET OF 113 GENES: SGCE	1	0
SUBSET OF 114 GENES: ALX4:EXT2:PHF21A	1	0
SUBSET OF 114 GENES: ARSL:NLGN4X:SHOX:STS	1	0
SUBSET OF 114 GENES: CTNND2	1	0
SUBSET OF 114 GENES: GATA6	1	0
SUBSET OF 114 GENES: HIVEP2	1	1
SUBSET OF 114 GENES: IGF1R	1	0
SUBSET OF 114 GENES: PRRT2	14	2
SUBSET OF 114 GENES: SPEN	1	0
SUBSET OF 1140 GENES: ANOS1:AP1S2:ARSL:ARX:BCOR:CASK:CDKL5:CLCN4:CLCN5:CNKSR2:CYBB:DDX3X:DMD:EBP:FANCB:FGD1:FTSJ1:GK:HCCS:IL1RAPL1:IQSEC2:KDM5C:KDM6A:MAOA:MID1:MSL3:NDP:NHS:NLGN4X:NR0B1:NYX:OFD1:OTC:PDHA1:PHEX:PHF8:PIGA:PORCN:PQBP1:PTCHD1:RP2:RPS6KA3:RS1:SLC35A2:SMC1A:SMS:STS:SYN1:SYP:TRAPPC2:TSPAN7:USP9X:WAS:WDR45:ZNF41	1	1
SUBSET OF 1141 GENES: ANOS1:AP1S2:ARSL:ARX:BCOR:CASK:CDKL5:CLCN4:CLCN5:CNKSR2:CYBB:DDX3X:DMD:EBP:FANCB:FGD1:FTSJ1:GK:HCCS:IL1RAPL1:IQSEC2:KDM5C:KDM6A:MAOA:MID1:MSL3:NDP:NHS:NLGN4X:NR0B1:NYX:OFD1:OTC:PDHA1:PHEX:PHF8:PIGA:PORCN:PQBP1:PTCHD1:RP2:RPS6KA3:RS1:SHOX:SLC35A2:SMC1A:SMS:STS:SYN1:SYP:TRAPPC2:TSPAN7:USP9X:WAS:WDR45:ZNF41	1	0
SUBSET OF 1146 GENES: ABCD1:ACSL4:AFF2:ALG13:AVPR2:BCAP31:BTK:CCNQ:CD40LG:CHRDL1:COL4A5:CUL4B:DCX:DKC1:F8:F9:FLNA:FMR1:FRMD7:GDI1:GLA:GPC3:GRIA3:HPRT1:IDS:IKBKG:L1CAM:LAMP2:MECP2:MTM1:NAA10:NSDHL:OCRL:PAK3:PCDH19:PHF6:PLP1:PRPS1:RAB39B:SH2D1A:SLC6A8:SLC9A6:SOX3:STAG2:TIMM8A:TMLHE:UBE2A:UPF3B:XIAP:ZDHHC9:ZIC3	1	0
SUBSET OF 1148 GENES: ABCD1:ACSL4:AFF2:ALG13:AVPR2:BCAP31:BTK:CCNQ:CD40LG:CHRDL1:COL4A5:CUL4B:DCX:DKC1:F8:F9:FLNA:FMR1:FRMD7:GDI1:GLA:GPC3:GRIA3:HPRT1:IDS:IKBKG:L1CAM:LAMP2:MECP2:MTM1:NAA10:NSDHL:OCRL:PAK3:PCDH19:PHF6:PLP1:PRPS1:RAB39B:SH2D1A:SLC6A8:SLC9A6:SOX3:STAG2:TIMM8A:TMLHE:UBE2A:UPF3B:XIAP:ZDHHC9:ZIC3	1	0
SUBSET OF 115 GENES: ANKRD11	1	1
SUBSET OF 115 GENES: ARID2	1	0
SUBSET OF 115 GENES: ARSL:NLGN4X:SHOX:STS	2	0
SUBSET OF 115 GENES: ARX:DMD:GK:IL1RAPL1:NR0B1	1	1
SUBSET OF 115 GENES: DLL1:ERMARD	1	0
SUBSET OF 115 GENES: PAK2	2	1
SUBSET OF 115 GENES: PAX9	1	0
SUBSET OF 115 GENES: PRRT2	5	2
SUBSET OF 1150 GENES: BARD1:CUL3:DIS3L2:ERBB4:GIGYF2:HDAC4:PAX3:TRIP12	1	0
SUBSET OF 1153 GENES: CDC73:IRF6:KDM5B	1	1
SUBSET OF 1154 GENES: AHDC1:ARID1A	1	0
SUBSET OF 1155 GENES: ABCD1:ACSL4:AFF2:ALG13:AVPR2:BCAP31:BTK:CCNQ:CD40LG:CHRDL1:COL4A5:CUL4B:DCX:DKC1:F8:F9:FLNA:FMR1:FRMD7:GDI1:GLA:GPC3:GRIA3:HPRT1:IDS:IKBKG:L1CAM:LAMP2:MECP2:MTM1:NAA10:NSDHL:OCRL:PAK3:PCDH19:PHF6:PLP1:PRPS1:RAB39B:SH2D1A:SLC6A8:SLC9A6:SOX3:STAG2:TIMM8A:TMLHE:UBE2A:UPF3B:XIAP:ZDHHC9:ZIC3	1	0
SUBSET OF 1155 GENES: PMS2:TBX20:TWIST1	1	1
SUBSET OF 1157 GENES: ABCD1:ACSL4:AFF2:ALG13:AVPR2:BCAP31:BTK:CCNQ:CD40LG:CHRDL1:COL4A5:CUL4B:DCX:DKC1:F8:F9:FLNA:FMR1:FRMD7:GDI1:GLA:GPC3:GRIA3:HPRT1:IDS:IKBKG:L1CAM:LAMP2:MECP2:MTM1:NAA10:NSDHL:OCRL:PAK3:PCDH19:PHF6:PLP1:PRPS1:RAB39B:SH2D1A:SLC6A8:SLC9A6:SOX3:STAG2:TIMM8A:TMLHE:UBE2A:UPF3B:XIAP:ZDHHC9:ZIC3	2	1
SUBSET OF 1159 GENES: APP:DIP2A:DSCAM:DYRK1A:ITSN1:RUNX1:SON	3	3
SUBSET OF 116 GENES: CACNA1C	1	0
SUBSET OF 116 GENES: CTNND2:TRIO	1	0
SUBSET OF 116 GENES: DDX41:NSD1	1	0
SUBSET OF 116 GENES: EHMT1	1	1
SUBSET OF 116 GENES: PAK2	1	1
SUBSET OF 116 GENES: SETD1B	1	1
SUBSET OF 116 GENES: TGIF1	1	1
SUBSET OF 116 GENES: TMEM127	1	0
SUBSET OF 1160 GENES: ABCD1:ACSL4:AFF2:ALG13:AVPR2:BCAP31:BTK:CCNQ:CD40LG:CHRDL1:COL4A5:CUL4B:DCX:DKC1:F8:F9:FLNA:FMR1:FRMD7:GDI1:GLA:GPC3:GRIA3:HPRT1:IDS:IKBKG:L1CAM:LAMP2:MECP2:MTM1:NAA10:NSDHL:OCRL:PAK3:PCDH19:PHF6:PLP1:PRPS1:RAB39B:SH2D1A:SLC6A8:SLC9A6:SOX3:STAG2:TIMM8A:TMLHE:UBE2A:UPF3B:XIAP:ZDHHC9:ZIC3	1	0
SUBSET OF 1160 GENES: APP:DIP2A:DSCAM:DYRK1A:ITSN1:RUNX1:SON	1	0
SUBSET OF 1161 GENES: APP:DIP2A:DSCAM:DYRK1A:ITSN1:RUNX1:SON	5	2
SUBSET OF 1163 GENES: APP:DIP2A:DSCAM:DYRK1A:ITSN1:RUNX1:SON	11	3
SUBSET OF 1163 GENES: CAMK2A:CTNNA1:POU4F3:PURA:RAD50:SPINK1:TCOF1	1	0
SUBSET OF 1164 GENES: ABCD1:ACSL4:AFF2:ALG13:AVPR2:BCAP31:BTK:CCNQ:CD40LG:CHRDL1:COL4A5:CUL4B:DCX:DKC1:F8:F9:FLNA:FMR1:FRMD7:GDI1:GLA:GPC3:GRIA3:HPRT1:IDS:IKBKG:L1CAM:LAMP2:MECP2:MTM1:NAA10:NSDHL:OCRL:PAK3:PCDH19:PHF6:PLP1:PRPS1:RAB39B:SH2D1A:SLC6A8:SLC9A6:SOX3:STAG2:TIMM8A:TMLHE:UBE2A:UPF3B:XIAP:ZDHHC9:ZIC3	1	0
SUBSET OF 1164 GENES: APP:DIP2A:DSCAM:DYRK1A:ITSN1:RUNX1:SON	6	0
SUBSET OF 1165 GENES: ANOS1:AP1S2:ARSL:ARX:BCOR:CASK:CDKL5:CLCN4:CLCN5:CNKSR2:CYBB:DDX3X:DMD:EBP:FANCB:FGD1:FTSJ1:GK:HCCS:IL1RAPL1:IQSEC2:KDM5C:KDM6A:MAOA:MID1:MSL3:NDP:NHS:NLGN4X:NR0B1:NYX:OFD1:OTC:PDHA1:PHEX:PHF8:PIGA:PORCN:PQBP1:PTCHD1:RP2:RPS6KA3:RS1:SHOX:SLC35A2:SMC1A:SMS:STS:SYN1:SYP:TRAPPC2:TSPAN7:USP9X:WAS:WDR45:ZNF41	1	1
SUBSET OF 1165 GENES: EXT1:RAD21:TRPS1:ZFPM2	1	0
SUBSET OF 117 GENES: ARSL:NLGN4X:SHOX:STS	1	1
SUBSET OF 117 GENES: CDKN1C:KCNQ1:KCNQ1OT1	1	0
SUBSET OF 117 GENES: PAK2	2	2
SUBSET OF 117 GENES: PRRT2	1	1
SUBSET OF 117 GENES: RPL15	1	1
SUBSET OF 117 GENES: TGIF1	1	0
SUBSET OF 117 GENES: TMEM127	1	1
SUBSET OF 1171 GENES: AKT3:FH:HNRNPU:WDR26:ZBTB18	1	1
SUBSET OF 1174 GENES: ABCD1:ACSL4:AFF2:ALG13:AVPR2:BCAP31:BTK:CCNQ:CD40LG:CHM:CHRDL1:COL4A5:CUL4B:DCX:DKC1:F8:F9:FLNA:FMR1:FRMD7:GDI1:GLA:GPC3:GRIA3:HPRT1:IDS:IKBKG:L1CAM:LAMP2:MECP2:MTM1:NAA10:NSDHL:OCRL:PAK3:PCDH19:PHF6:PLP1:PRPS1:RAB39B:SH2D1A:SLC6A8:SLC9A6:SOX3:STAG2:TIMM8A:TMLHE:UBE2A:UPF3B:XIAP:ZDHHC9:ZIC3:ZNF711	1	0
SUBSET OF 1174 GENES: ANOS1:AP1S2:ARSL:ARX:BCOR:CASK:CDKL5:CLCN4:CLCN5:CNKSR2:CYBB:DDX3X:DMD:EBP:FANCB:FGD1:FTSJ1:GK:HCCS:IL1RAPL1:IQSEC2:KDM5C:KDM6A:MAOA:MID1:MSL3:NDP:NHS:NLGN4X:NR0B1:NYX:OFD1:OTC:PDHA1:PHEX:PHF8:PIGA:PORCN:PQBP1:PTCHD1:RP2:RPS6KA3:RS1:SHOX:SLC35A2:SMC1A:SMS:STS:SYN1:SYP:TRAPPC2:TSPAN7:USP9X:WAS:WDR45:ZNF41	5	1
SUBSET OF 1175 GENES: CAMK2A:DDX41:FBXW11:GABRA1:GABRG2:MSX2:NKX2-5:NSD1:TCOF1	1	1
SUBSET OF 118 GENES: ANKRD11	1	1
SUBSET OF 118 GENES: ANOS1:ARSL:NLGN4X:SHOX:STS	1	0
SUBSET OF 118 GENES: ARX:DMD:GK:IL1RAPL1:NR0B1:PTCHD1	1	0
SUBSET OF 118 GENES: CNTNAP5	1	0
SUBSET OF 118 GENES: DNAJC21	1	1
SUBSET OF 118 GENES: FOXC1	1	1
SUBSET OF 118 GENES: GJA5	1	0
SUBSET OF 118 GENES: MEF2C:RASA1	1	0
SUBSET OF 118 GENES: ZFHX4	1	0
SUBSET OF 1181 GENES: CNTNAP2:DPP6:KCNH2:KMT2C:MNX1:SHH:UBN2	1	1
SUBSET OF 1185 GENES: ABCD1:ACSL4:AFF2:ALG13:AVPR2:BCAP31:BTK:CCNQ:CD40LG:CHM:CHRDL1:COL4A5:CUL4B:DCX:DKC1:F8:F9:FLNA:FMR1:FRMD7:GDI1:GLA:GPC3:GRIA3:HPRT1:IDS:IKBKG:L1CAM:LAMP2:MECP2:MTM1:NAA10:NSDHL:OCRL:PAK3:PCDH19:PHF6:PLP1:POU3F4:PRPS1:RAB39B:SH2D1A:SLC6A8:SLC9A6:SOX3:STAG2:TIMM8A:TMLHE:UBE2A:UPF3B:XIAP:ZDHHC9:ZIC3:ZNF711	1	0
SUBSET OF 1186 GENES: ABCD1:ACSL4:AFF2:ALG13:AVPR2:BCAP31:BTK:CCNQ:CD40LG:CHM:CHRDL1:COL4A5:CUL4B:DCX:DKC1:F8:F9:FLNA:FMR1:FRMD7:GDI1:GLA:GPC3:GRIA3:HPRT1:IDS:IKBKG:L1CAM:LAMP2:MECP2:MTM1:NAA10:NSDHL:OCRL:PAK3:PCDH19:PHF6:PLP1:POU3F4:PRPS1:RAB39B:SH2D1A:SLC6A8:SLC9A6:SOX3:STAG2:TIMM8A:TMLHE:UBE2A:UPF3B:XIAP:ZDHHC9:ZIC3:ZNF711	1	0
SUBSET OF 119 GENES: AUTS2	1	1
SUBSET OF 119 GENES: CASP10:SATB2	1	0
SUBSET OF 119 GENES: FLCN:RAI1	2	2
SUBSET OF 119 GENES: MEF2C:NR2F1	1	1
SUBSET OF 119 GENES: MEF2C:RASA1	1	1
SUBSET OF 119 GENES: PRRT2	1	1
SUBSET OF 1197 GENES: GALNT12:HNRNPK:PHF2:PTCH1:RORB:TGFBR1:ZNF462	1	0
SUBSET OF 1198 GENES: ABCD1:ACSL4:AFF2:ALG13:AVPR2:BCAP31:BRWD3:BTK:CCNQ:CD40LG:CHM:CHRDL1:COL4A5:CUL4B:DCX:DKC1:F8:F9:FLNA:FMR1:FRMD7:GDI1:GLA:GPC3:GRIA3:HPRT1:IDS:IKBKG:L1CAM:LAMP2:MECP2:MTM1:NAA10:NSDHL:OCRL:PAK3:PCDH19:PHF6:PLP1:POU3F4:PRPS1:RAB39B:SH2D1A:SLC6A8:SLC9A6:SOX3:STAG2:TBX22:TIMM8A:TMLHE:UBE2A:UPF3B:XIAP:ZDHHC9:ZIC3:ZNF711	1	0
SUBSET OF 12 GENES: ACSL4	1	1
SUBSET OF 12 GENES: AUTS2	1	0
SUBSET OF 12 GENES: BTK:GLA:TIMM8A	1	1
SUBSET OF 12 GENES: DEPDC5	1	0
SUBSET OF 12 GENES: DSC2	1	0
SUBSET OF 12 GENES: EHMT1	3	3
SUBSET OF 12 GENES: KANSL1	1	0
SUBSET OF 12 GENES: LMNB1	1	0
SUBSET OF 12 GENES: MECP2	1	0
SUBSET OF 12 GENES: PAFAH1B1	1	1
SUBSET OF 12 GENES: PAX9	1	0
SUBSET OF 12 GENES: RB1CC1	2	2
SUBSET OF 12 GENES: RPS6KA3	1	0
SUBSET OF 12 GENES: TCF4	1	0
SUBSET OF 12 GENES: WDR26	1	0
SUBSET OF 12 GENES: ZEB2	1	1
SUBSET OF 120 GENES: BCL11A	1	1
SUBSET OF 120 GENES: BRPF1:SETD5:SLC6A1:VHL	1	0
SUBSET OF 120 GENES: DLG2	1	1
SUBSET OF 120 GENES: FOXC1	1	0
SUBSET OF 120 GENES: PRRT2	4	1
SUBSET OF 1202 GENES: ABCD1:ACSL4:AFF2:ALG13:AVPR2:BCAP31:BRWD3:BTK:CCNQ:CD40LG:CHM:CHRDL1:COL4A5:CUL4B:DCX:DKC1:F8:F9:FLNA:FMR1:FRMD7:GDI1:GLA:GPC3:GRIA3:HPRT1:IDS:IKBKG:L1CAM:LAMP2:MECP2:MTM1:NAA10:NSDHL:OCRL:PAK3:PCDH19:PHF6:PLP1:POU3F4:PRPS1:RAB39B:SH2D1A:SLC6A8:SLC9A6:SOX3:STAG2:TBX22:TIMM8A:TMLHE:UBE2A:UPF3B:XIAP:ZDHHC9:ZIC3:ZNF711	1	0
SUBSET OF 1203 GENES: ACVRL1:ARID2:COL2A1:HMGA2:KMT2D:LEMD3:RPS26	1	1
SUBSET OF 1206 GENES: FGF12:PAK2:SOX2:TBL1XR1:TERC:TP63	1	1
SUBSET OF 1208 GENES: ABCD1:ACSL4:AFF2:ALG13:AVPR2:BCAP31:BRWD3:BTK:CCNQ:CD40LG:CHM:CHRDL1:COL4A5:CUL4B:DCX:DKC1:F8:F9:FLNA:FMR1:FRMD7:GDI1:GLA:GPC3:GRIA3:HPRT1:IDS:IKBKG:L1CAM:LAMP2:MECP2:MTM1:NAA10:NSDHL:OCRL:PAK3:PCDH19:PHF6:PLP1:POU3F4:PRPS1:RAB39B:SH2D1A:SLC6A8:SLC9A6:SOX3:STAG2:TBX22:TIMM8A:TMLHE:UBE2A:UPF3B:XIAP:ZDHHC9:ZIC3:ZNF711	1	0
SUBSET OF 1208 GENES: ARCN1:ATM:HMBS:KMT2A:SDHD:YAP1	1	1
SUBSET OF 1209 GENES: CDC42BPB:DICER1:MEG3	1	0
SUBSET OF 121 GENES: AKT3:HNRNPU:ZBTB18	1	1
SUBSET OF 121 GENES: APC	1	0
SUBSET OF 121 GENES: BRCA2	1	1
SUBSET OF 121 GENES: GJA5	1	1
SUBSET OF 121 GENES: HNRNPC	1	1
SUBSET OF 121 GENES: MAGEL2:SNURF:UBE3A	1	0
SUBSET OF 121 GENES: MEF2C:RASA1	1	1
SUBSET OF 121 GENES: NPRL3	1	0
SUBSET OF 121 GENES: PRRT2	1	1
SUBSET OF 121 GENES: TGIF1	1	0
SUBSET OF 121 GENES: TMEM127	1	0
SUBSET OF 1211 GENES: ABCD1:ACSL4:AFF2:ALG13:AVPR2:BCAP31:BRWD3:BTK:CCNQ:CD40LG:CHM:CHRDL1:COL4A5:CUL4B:DCX:DKC1:F8:F9:FLNA:FMR1:FRMD7:GDI1:GLA:GPC3:GRIA3:HPRT1:IDS:IKBKG:L1CAM:LAMP2:MECP2:MTM1:NAA10:NSDHL:OCRL:PAK3:PCDH19:PHF6:PLP1:POU3F4:PRPS1:RAB39B:SH2D1A:SLC6A8:SLC9A6:SOX3:STAG2:TBX22:TIMM8A:TMLHE:UBE2A:UPF3B:XIAP:ZDHHC9:ZIC3:ZNF711	1	0
SUBSET OF 1214 GENES: COL5A1:EHMT1:ENG:LMX1B:NOTCH1:NR5A1:SET:SPTAN1:STXBP1:TSC1	1	1
SUBSET OF 1216 GENES: EXT1:PUF60:RAD21:TRPS1:ZFPM2	1	0
SUBSET OF 122 GENES: AR:ARHGEF9:DLG3:EDA:EFNB1:OPHN1:ZC4H2	1	1
SUBSET OF 122 GENES: CELF4:KATNAL2:SETBP1	1	1
SUBSET OF 122 GENES: CSNK2A1	1	1
SUBSET OF 122 GENES: DMRT1	1	0
SUBSET OF 122 GENES: KAT6A	1	1
SUBSET OF 122 GENES: MBD5	1	1
SUBSET OF 122 GENES: PRRT2	2	0
SUBSET OF 122 GENES: TGIF1	1	0
SUBSET OF 1222 GENES: CDKN2A:DMRT1:ELAVL2:MTAP:NFIB:PAX5:RFX3:RORB:TPM2	1	0
SUBSET OF 1223 GENES: CAMK2A:CTNNA1:POU4F3:PURA:RAD50:SPINK1:TCOF1	1	1
SUBSET OF 1227 GENES: ANOS1:AP1S2:ARHGEF9:ARSL:ARX:BCOR:CASK:CDKL5:CLCN4:CLCN5:CNKSR2:CYBB:DDX3X:DMD:EBP:FANCB:FGD1:FTSJ1:GK:HCCS:IL1RAPL1:IQSEC2:KDM5C:KDM6A:MAOA:MID1:MSL3:NDP:NHS:NLGN4X:NR0B1:NYX:OFD1:OTC:PDHA1:PHEX:PHF8:PIGA:PORCN:PQBP1:PTCHD1:RP2:RPS6KA3:RS1:SHOX:SLC35A2:SMC1A:SMS:STS:SYN1:SYP:TRAPPC2:TSPAN7:USP9X:WAS:WDR45:ZC4H2:ZNF41	1	0
SUBSET OF 123 GENES: CDKN1B:ETV6:GRIN2B	1	1
SUBSET OF 123 GENES: CNTNAP5	1	1
SUBSET OF 123 GENES: DMRT1	1	1
SUBSET OF 123 GENES: ITPR1	1	1
SUBSET OF 123 GENES: KAT6A	1	0
SUBSET OF 123 GENES: MEF2C:RASA1	1	1
SUBSET OF 123 GENES: PMS2	1	0
SUBSET OF 123 GENES: PRRT2	1	0
SUBSET OF 123 GENES: TBX1	7	4
SUBSET OF 123 GENES: TGIF1	2	0
SUBSET OF 123 GENES: TMEM127	1	1
SUBSET OF 1230 GENES: ABCD1:ACSL4:AFF2:ALG13:ATP7A:ATRX:AVPR2:BCAP31:BRWD3:BTK:CCNQ:CD40LG:CHM:CHRDL1:COL4A5:CUL4B:DCX:DKC1:F8:F9:FLNA:FMR1:FRMD7:GDI1:GLA:GPC3:GRIA3:HPRT1:IDS:IKBKG:L1CAM:LAMP2:MAGT1:MECP2:MTM1:NAA10:NSDHL:OCRL:PAK3:PCDH19:PGK1:PHF6:PLP1:POU3F4:PRPS1:RAB39B:SH2D1A:SLC6A8:SLC9A6:SOX3:STAG2:TBX22:TIMM8A:TMLHE:UBE2A:UPF3B:XIAP:ZDHHC9:ZIC3:ZNF711	1	0
SUBSET OF 1230 GENES: MSX1:NSD2:PHOX2B	1	0
SUBSET OF 1234 GENES: ABCD1:ACSL4:AFF2:ALG13:ATP7A:ATRX:AVPR2:BCAP31:BRWD3:BTK:CCNQ:CD40LG:CHM:CHRDL1:COL4A5:CUL4B:DCX:DKC1:F8:F9:FLNA:FMR1:FRMD7:GDI1:GLA:GPC3:GRIA3:HPRT1:IDS:IKBKG:L1CAM:LAMP2:MAGT1:MECP2:MTM1:NAA10:NSDHL:OCRL:PAK3:PCDH19:PGK1:PHF6:PLP1:POU3F4:PRPS1:RAB39B:SH2D1A:SLC6A8:SLC9A6:SOX3:STAG2:TBX22:TIMM8A:TMLHE:UBE2A:UPF3B:XIAP:ZDHHC9:ZIC3:ZNF711	1	0
SUBSET OF 1235 GENES: ABCD1:ACSL4:AFF2:ALG13:ATP7A:ATRX:AVPR2:BCAP31:BRWD3:BTK:CCNQ:CD40LG:CHM:CHRDL1:COL4A5:CUL4B:DCX:DKC1:F8:F9:FLNA:FMR1:FRMD7:GDI1:GLA:GPC3:GRIA3:HPRT1:IDS:IKBKG:L1CAM:LAMP2:MAGT1:MECP2:MTM1:NAA10:NSDHL:OCRL:PAK3:PCDH19:PGK1:PHF6:PLP1:POU3F4:PRPS1:RAB39B:SH2D1A:SLC6A8:SLC9A6:SOX3:STAG2:TBX22:TIMM8A:TMLHE:UBE2A:UPF3B:XIAP:ZDHHC9:ZIC3:ZNF711	1	0
SUBSET OF 124 GENES: BAG3	1	1
SUBSET OF 124 GENES: CHEK2	1	1
SUBSET OF 124 GENES: NPRL3	1	1
SUBSET OF 124 GENES: TBX1	3	1
SUBSET OF 1249 GENES: ABCD1:ACSL4:AFF2:ALG13:ATP7A:ATRX:AVPR2:BCAP31:BRWD3:BTK:CCNQ:CD40LG:CHM:CHRDL1:COL4A5:CUL4B:DCX:DKC1:F8:F9:FLNA:FMR1:FRMD7:GDI1:GLA:GPC3:GRIA3:HPRT1:IDS:IKBKG:L1CAM:LAMP2:MAGT1:MECP2:MTM1:NAA10:NSDHL:OCRL:PAK3:PCDH19:PGK1:PHF6:PLP1:POU3F4:PRPS1:RAB39B:SH2D1A:SLC6A8:SLC9A6:SOX3:STAG2:TBX22:TIMM8A:TMLHE:UBE2A:UPF3B:XIAP:ZDHHC9:ZIC3:ZNF711	1	0
SUBSET OF 125 GENES: CACNA1C	1	0
SUBSET OF 125 GENES: CSMD1	5	1
SUBSET OF 125 GENES: EBF3	1	0
SUBSET OF 125 GENES: GATA4	1	1
SUBSET OF 125 GENES: NR3C2	1	0
SUBSET OF 125 GENES: PAFAH1B1	1	0
SUBSET OF 125 GENES: POLE	1	0
SUBSET OF 125 GENES: POLR1D	1	0
SUBSET OF 125 GENES: TMEM127	1	0
SUBSET OF 1250 GENES: FGF12:PAK2:SOX2:TBL1XR1:TERC:TP63	1	0
SUBSET OF 1252 GENES: CACNA1C:CDKN1B:CHD4:ETV6:GRIN2B:PKP2:PTHLH:SOX5	1	1
SUBSET OF 1252 GENES: CHD2:IGF1R:RPS17:SIN3A	1	0
SUBSET OF 1252 GENES: FGF12:PAK2:SOX2:TBL1XR1:TERC:TP63	1	0
SUBSET OF 1254 GENES: ABCD1:ACSL4:AFF2:ALG13:ATP7A:ATRX:AVPR2:BCAP31:BRWD3:BTK:CCNQ:CD40LG:CHM:CHRDL1:COL4A5:CUL4B:DCX:DKC1:F8:F9:FLNA:FMR1:FRMD7:GDI1:GLA:GPC3:GRIA3:HPRT1:IDS:IKBKG:L1CAM:LAMP2:MAGT1:MECP2:MTM1:NAA10:NEXMIF:NSDHL:OCRL:PAK3:PCDH19:PGK1:PHF6:PLP1:POU3F4:PRPS1:RAB39B:SH2D1A:SLC6A8:SLC9A6:SOX3:STAG2:TBX22:TIMM8A:TMLHE:UBE2A:UPF3B:XIAP:ZDHHC9:ZIC3:ZNF711	1	0
SUBSET OF 1259 GENES: ABCD1:ACSL4:AFF2:ALG13:ATP7A:ATRX:AVPR2:BCAP31:BRWD3:BTK:CCNQ:CD40LG:CHM:CHRDL1:COL4A5:CUL4B:DCX:DKC1:F8:F9:FLNA:FMR1:FRMD7:GDI1:GLA:GPC3:GRIA3:HPRT1:IDS:IKBKG:L1CAM:LAMP2:MAGT1:MECP2:MTM1:NAA10:NEXMIF:NSDHL:OCRL:PAK3:PCDH19:PGK1:PHF6:PLP1:POU3F4:PRPS1:RAB39B:SH2D1A:SLC16A2:SLC6A8:SLC9A6:SOX3:STAG2:TBX22:TIMM8A:TMLHE:UBE2A:UPF3B:XIAP:ZDHHC9:ZIC3:ZNF711	1	0
SUBSET OF 126 GENES: ADNP	1	1
SUBSET OF 126 GENES: ANKRD17:YTHDC1	1	0
SUBSET OF 126 GENES: BCL11A	1	1
SUBSET OF 126 GENES: CRKL	1	1
SUBSET OF 126 GENES: CSMD1	2	1
SUBSET OF 126 GENES: GJA5	3	0
SUBSET OF 126 GENES: SNURF:UBE3A	1	0
SUBSET OF 126 GENES: SOX10	1	1
SUBSET OF 1261 GENES: NAA15:NAF1:NR3C2	1	1
SUBSET OF 1267 GENES: CACNA1C:CDKN1B:CHD4:ETV6:GRIN2B:PKP2:PTHLH:SOX5	2	0
SUBSET OF 1268 GENES: CACNA1C:CDKN1B:CHD4:ETV6:GRIN2B:PKP2:PTHLH:SOX5	4	2
SUBSET OF 1269 GENES: CACNA1C:CDKN1B:CHD4:ETV6:GRIN2B:PKP2:PTHLH:SOX5	1	1
SUBSET OF 127 GENES: GATA2	1	0
SUBSET OF 127 GENES: GNB1	1	1
SUBSET OF 127 GENES: SHANK3	1	0
SUBSET OF 127 GENES: SRY	4	3
SUBSET OF 127 GENES: TRIO	1	0
SUBSET OF 1270 GENES: CHAMP1:EDNRB:RB1:ZIC2	1	1
SUBSET OF 1272 GENES: COL5A1:EHMT1:ENG:LMX1B:NOTCH1:NR5A1:SET:SPTAN1:STXBP1:TSC1	1	1
SUBSET OF 1276 GENES: ASXL3:CELF4:DSC2:DSG2:GATA6:KATNAL2:SETBP1:SMAD4:TCF4	2	2
SUBSET OF 1276 GENES: COL5A1:EHMT1:ENG:LMX1B:NOTCH1:NR5A1:SET:SPTAN1:STXBP1:TSC1	1	0
SUBSET OF 1277 GENES: ASXL3:CELF4:DSC2:DSG2:GATA6:KATNAL2:SETBP1:SMAD4:TCF4	1	1
SUBSET OF 128 GENES: ANOS1:ARSL:NLGN4X:SHOX:STS	2	0
SUBSET OF 128 GENES: CACNA1C	1	1
SUBSET OF 128 GENES: CNOT2	1	0
SUBSET OF 128 GENES: CSMD1	7	1
SUBSET OF 128 GENES: DMRT1	1	0
SUBSET OF 128 GENES: NSD2	2	1
SUBSET OF 128 GENES: PAFAH1B1	1	1
SUBSET OF 128 GENES: TFAP2B	1	1
SUBSET OF 128 GENES: TMEM127	2	2
SUBSET OF 1288 GENES: MSX1:NSD2:PHOX2B	1	1
SUBSET OF 129 GENES: FOXC1	1	1
SUBSET OF 129 GENES: FRMD7:OCRL:ZDHHC9	1	1
SUBSET OF 129 GENES: GJA5	1	1
SUBSET OF 129 GENES: ITPR1	4	0
SUBSET OF 129 GENES: TERT	1	0
SUBSET OF 1290 GENES: CHAMP1:EDNRB:RB1:ZIC2	1	1
SUBSET OF 13 GENES: CASK	1	0
SUBSET OF 13 GENES: EHMT1	2	2
SUBSET OF 13 GENES: ERF	1	0
SUBSET OF 13 GENES: KANSL1	2	1
SUBSET OF 13 GENES: PLP1	2	0
SUBSET OF 13 GENES: SHOX	1	0
SUBSET OF 13 GENES: STAG1	1	1
SUBSET OF 130 GENES: DNAJC21	1	0
SUBSET OF 130 GENES: EHMT1	1	1
SUBSET OF 130 GENES: ELN	10	6
SUBSET OF 130 GENES: GJA5	1	1
SUBSET OF 130 GENES: MAGEL2:SNURF	1	1
SUBSET OF 130 GENES: PKD2	1	0
SUBSET OF 130 GENES: PRRT2	1	0
SUBSET OF 130 GENES: SETD1B	1	1
SUBSET OF 130 GENES: TGIF1	1	0
SUBSET OF 1301 GENES: BARD1:BMPR2:CASP10:CUL3:DIS3L2:ERBB4:GIGYF2:PAX3:SATB2:TRIP12	1	1
SUBSET OF 1305 GENES: CDK13:PMS2:TBX20:TWIST1	1	1
SUBSET OF 131 GENES: ANKRD11	1	1
SUBSET OF 131 GENES: CDKN1C:KCNQ1:KCNQ1OT1	1	0
SUBSET OF 131 GENES: ELN	6	5
SUBSET OF 131 GENES: NSD2	2	1
SUBSET OF 131 GENES: SHANK3	1	1
SUBSET OF 132 GENES: DDX41:NSD1	1	1
SUBSET OF 132 GENES: ELN	18	8
SUBSET OF 132 GENES: ENG:STXBP1	1	1
SUBSET OF 132 GENES: GJA5	2	1
SUBSET OF 132 GENES: MAX	1	0
SUBSET OF 132 GENES: NPRL3	1	0
SUBSET OF 132 GENES: TWIST1	1	1
SUBSET OF 1323 GENES: FGF12:PAK2:SOX2:TBL1XR1:TERC:TP63	1	0
SUBSET OF 1326 GENES: NAA15:NAF1:NR3C2	1	1
SUBSET OF 1329 GENES: AKT3:FH:HNRNPU:WDR26:ZBTB18	1	0
SUBSET OF 133 GENES: APOB	1	0
SUBSET OF 133 GENES: ASXL3:CELF4	1	1
SUBSET OF 133 GENES: ELN	7	5
SUBSET OF 133 GENES: GJA5	1	1
SUBSET OF 133 GENES: MEG3	1	0
SUBSET OF 133 GENES: NAF1	1	0
SUBSET OF 133 GENES: SRY	1	0
SUBSET OF 134 GENES: DMRT1	1	0
SUBSET OF 134 GENES: ELN	7	2
SUBSET OF 134 GENES: FOXP2	1	0
SUBSET OF 134 GENES: MSX2	1	0
SUBSET OF 134 GENES: TAB2	1	0
SUBSET OF 134 GENES: TGIF1	1	0
SUBSET OF 1342 GENES: EXT1:PUF60:RAD21:TRPS1:ZFPM2	1	0
SUBSET OF 1344 GENES: DSP:JARID2:NEDD9	1	0
SUBSET OF 135 GENES: BTK:GLA:NXF5:PCDH19:PLP1:TIMM8A	1	0
SUBSET OF 135 GENES: EDNRB	1	0
SUBSET OF 135 GENES: ELN	5	3
SUBSET OF 135 GENES: NSD2	1	1
SUBSET OF 135 GENES: TBX1	1	1
SUBSET OF 1350 GENES: ATR:FOXL2:GATA2:MYLK:STAG1	1	0
SUBSET OF 1355 GENES: AKT3:FH:HNRNPU:IRF6:WDR26:ZBTB18	1	1
SUBSET OF 136 GENES: APC	1	0
SUBSET OF 136 GENES: ELN	4	1
SUBSET OF 136 GENES: GJA5	2	0
SUBSET OF 136 GENES: PAK2	1	0
SUBSET OF 136 GENES: SOX10	1	1
SUBSET OF 136 GENES: TCF7L2	1	0
SUBSET OF 1369 GENES: ABCD1:ACSL4:AFF2:ALG13:ATP7A:ATRX:AVPR2:BCAP31:BRWD3:BTK:CCNQ:CD40LG:CHM:CHRDL1:COL4A5:CUL4B:DCX:DKC1:DLG3:EDA:F8:F9:FLNA:FMR1:FRMD7:GDI1:GLA:GPC3:GRIA3:HDAC8:HPRT1:IDS:IKBKG:L1CAM:LAMP2:MAGT1:MECP2:MED12:MTM1:NAA10:NEXMIF:NONO:NSDHL:OCRL:PAK3:PCDH19:PGK1:PHF6:PLP1:POU3F4:PRPS1:SH2D1A:SLC16A2:SLC6A8:SLC9A6:SOX3:STAG2:TBX22:TIMM8A:UBE2A:UPF3B:XIAP:XIST:ZDHHC9:ZIC3:ZNF711	1	0
SUBSET OF 137 GENES: AFF2:F9:FMR1:IDS:MTM1:SOX3	1	1
SUBSET OF 137 GENES: CD40LG:GPC3:HPRT1:PHF6:SLC9A6	1	0
SUBSET OF 137 GENES: CSMD1	1	0
SUBSET OF 137 GENES: DDX41:NSD1	1	1
SUBSET OF 137 GENES: ELN	3	0
SUBSET OF 137 GENES: ITPR1	2	1
SUBSET OF 137 GENES: SNURF:UBE3A	1	0
SUBSET OF 137 GENES: TBX1	1	1
SUBSET OF 1374 GENES: BRPF1:CRIPTO:CTNNB1:ITPR1:MLH1:PTH1R:RPL15:SCN5A:SETD5:SLC6A1:VHL	1	1
SUBSET OF 1377 GENES: CDKN2A:DMRT1:ELAVL2:HNRNPK:MTAP:NFIB:PAX5:RFX3:RORB:TPM2	1	0
SUBSET OF 138 GENES: ARID1B	1	1
SUBSET OF 138 GENES: CDKN2A:ELAVL2:MTAP	1	0
SUBSET OF 138 GENES: CYLD:SALL1	1	0
SUBSET OF 138 GENES: EHMT1	1	1
SUBSET OF 138 GENES: ELANE:STK11	1	0
SUBSET OF 138 GENES: NSD2	2	1
SUBSET OF 138 GENES: SOX5	1	0
SUBSET OF 1385 GENES: CNTNAP2:DPP6:FLNC:KCNH2:KMT2C:MNX1:POT1:SHH:UBN2	1	0
SUBSET OF 139 GENES: ACVRL1	1	0
SUBSET OF 139 GENES: ANOS1:ARSL:NLGN4X:SHOX:STS	1	0
SUBSET OF 139 GENES: CDKN1B:GRIN2B	1	0
SUBSET OF 139 GENES: DDX41:NSD1	1	1
SUBSET OF 139 GENES: FLCN:PMP22	1	0
SUBSET OF 139 GENES: GJA5	1	1
SUBSET OF 139 GENES: HOXD13	1	1
SUBSET OF 139 GENES: ITPR1	1	1
SUBSET OF 139 GENES: SETD1A:SRCAP	1	0
SUBSET OF 139 GENES: TBX1	1	1
SUBSET OF 139 GENES: TMEM127	1	1
SUBSET OF 139 GENES: WDFY3	1	0
SUBSET OF 14 GENES: AUTS2	1	1
SUBSET OF 14 GENES: CSMD1	1	1
SUBSET OF 14 GENES: EHMT1	1	1
SUBSET OF 14 GENES: FOXC1	1	0
SUBSET OF 14 GENES: FOXG1	1	1
SUBSET OF 14 GENES: KANSL1	7	3
SUBSET OF 14 GENES: STS	1	1
SUBSET OF 14 GENES: TTN	1	1
SUBSET OF 14 GENES: WDR26	1	1
SUBSET OF 14 GENES: ZEB2	1	1
SUBSET OF 140 GENES: ANKRD11	1	1
SUBSET OF 140 GENES: DDX41:NSD1	1	0
SUBSET OF 140 GENES: FLCN:RAI1	1	1
SUBSET OF 140 GENES: MAGEL2:SNURF:UBE3A	1	1
SUBSET OF 140 GENES: PMS2	1	1
SUBSET OF 1405 GENES: APOB:DNMT3A:MYCN:MYT1L:RPS7:SIX3:SOX11:SPAST	1	0
SUBSET OF 1406 GENES: CHAMP1:EDNRB:RB1:ZIC2	1	0
SUBSET OF 1409 GENES: ANOS1:AP1S2:AR:ARHGEF9:ARSL:ARX:BCOR:CASK:CDKL5:CLCN4:CLCN5:CNKSR2:CYBB:DDX3X:DLG3:DMD:EBP:EDA:EFNB1:FANCB:FGD1:FTSJ1:GK:HCCS:HDAC8:IL1RAPL1:IQSEC2:KDM5C:KDM6A:MAOA:MED12:MID1:MSL3:NDP:NEXMIF:NHS:NLGN4X:NONO:NR0B1:NYX:OFD1:OPHN1:OTC:PDHA1:PHEX:PHF8:PIGA:PORCN:PQBP1:PTCHD1:RP2:RPS6KA3:RS1:SHOX:SLC16A2:SLC35A2:SMC1A:SMS:STS:SYN1:SYP:TRAPPC2:TSPAN7:USP9X:WAS:WDR45:XIST:ZC4H2:ZNF41	1	0
SUBSET OF 141 GENES: MAGEL2:SNURF:UBE3A	2	2
SUBSET OF 141 GENES: NSD2	1	1
SUBSET OF 141 GENES: TERT	1	0
SUBSET OF 1419 GENES: EXT1:PUF60:RAD21:TRPS1:ZFPM2	1	0
SUBSET OF 142 GENES: CDKN1B:GRIN2B	1	1
SUBSET OF 142 GENES: ITPR1	1	0
SUBSET OF 142 GENES: KDM6B:TP53	1	1
SUBSET OF 142 GENES: MAGEL2:SNURF:UBE3A	17	8
SUBSET OF 1428 GENES: CDC42BPB:DICER1:IRF2BPL:MEG3	1	0
SUBSET OF 143 GENES: CHAMP1	1	1
SUBSET OF 143 GENES: DDX41:NSD1	1	1
SUBSET OF 143 GENES: EDNRB	1	0
SUBSET OF 143 GENES: ELN	1	0
SUBSET OF 143 GENES: FLCN:RAI1	1	0
SUBSET OF 143 GENES: GLI2	1	1
SUBSET OF 143 GENES: ITPR1	1	1
SUBSET OF 143 GENES: MAGEL2:SNURF:UBE3A	19	6
SUBSET OF 143 GENES: PUF60	1	0
SUBSET OF 1431 GENES: AKT3:FH:HNRNPU:IRF6:WDR26:ZBTB18	1	0
SUBSET OF 1433 GENES: ANKRD11:CDH1:CTCF:FOXC2:FOXF1	1	0
SUBSET OF 1435 GENES: ANKRD11:CDH1:CTCF:FOXC2:FOXF1	1	1
SUBSET OF 1437 GENES: KIT:MSX1:NSD2:PHOX2B	1	1
SUBSET OF 1438 GENES: ANKRD11:CDH1:CTCF:FOXC2:FOXF1	1	0
SUBSET OF 144 GENES: CACNA1C	1	0
SUBSET OF 144 GENES: CNOT2	1	0
SUBSET OF 144 GENES: CNTNAP2	1	1
SUBSET OF 144 GENES: DDX41:NSD1	2	1
SUBSET OF 144 GENES: ELN	1	1
SUBSET OF 144 GENES: HIVEP3:SLC2A1	1	0
SUBSET OF 144 GENES: ITPR1	1	0
SUBSET OF 144 GENES: MAGEL2:SNURF:UBE3A	6	4
SUBSET OF 144 GENES: MAP2K2	1	1
SUBSET OF 144 GENES: SNURF:UBE3A	1	1
SUBSET OF 145 GENES: CHAMP1	1	0
SUBSET OF 145 GENES: DDX41:NSD1	1	0
SUBSET OF 145 GENES: FLCN:RAI1	1	0
SUBSET OF 145 GENES: FOXP1:MITF	1	0
SUBSET OF 145 GENES: KIT	1	1
SUBSET OF 145 GENES: MAGEL2:SNURF:UBE3A	19	5
SUBSET OF 1455 GENES: BCLAF1:EYA4:NUS1:PHIP:PLN:SYNCRIP:ZNF292	1	0
SUBSET OF 1455 GENES: FGF12:PAK2:SOX2:TBL1XR1:TERC:TP63	1	1
SUBSET OF 1456 GENES: CTNND2:DNAJC21:FGF10:NIPBL:TERT:TRIO	1	0
SUBSET OF 146 GENES: DDX41:NSD1	1	1
SUBSET OF 146 GENES: GJA5	13	5
SUBSET OF 146 GENES: HDAC4	1	0
SUBSET OF 146 GENES: MAGEL2:SNURF:UBE3A	5	1
SUBSET OF 146 GENES: TGIF1	1	0
SUBSET OF 146 GENES: TRIO	1	1
SUBSET OF 1469 GENES: ABCD1:ACSL4:AFF2:ALG13:AR:ARHGEF9:ATP7A:ATRX:AVPR2:BCAP31:BRWD3:BTK:CCNQ:CD40LG:CHM:CHRDL1:COL4A5:CUL4B:DCX:DKC1:DLG3:EDA:EFNB1:F8:F9:FLNA:FMR1:FRMD7:GDI1:GLA:GPC3:GRIA3:HDAC8:HPRT1:IDS:IKBKG:L1CAM:LAMP2:MAGT1:MECP2:MTM1:NAA10:NEXMIF:NONO:NSDHL:OCRL:OPHN1:PAK3:PCDH19:PGK1:PHF6:PLP1:POU3F4:PRPS1:RAB39B:SH2D1A:SLC16A2:SLC6A8:SLC9A6:SOX3:STAG2:TBX22:TIMM8A:TMLHE:UBE2A:UPF3B:XIAP:XIST:ZC4H2:ZDHHC9:ZIC3:ZNF711	1	1
SUBSET OF 147 GENES: CASP10:SATB2	1	0
SUBSET OF 147 GENES: ITPR1	1	1
SUBSET OF 147 GENES: MAGEL2:SNURF:UBE3A	4	1
SUBSET OF 1471 GENES: ABCD1:ACSL4:AFF2:ALG13:AR:ARHGEF9:ATP7A:ATRX:AVPR2:BCAP31:BRWD3:BTK:CCNQ:CD40LG:CHM:CHRDL1:COL4A5:CUL4B:DCX:DKC1:DLG3:EDA:EFNB1:F8:F9:FLNA:FMR1:FRMD7:GDI1:GLA:GPC3:GRIA3:HDAC8:HPRT1:IDS:IKBKG:L1CAM:LAMP2:MAGT1:MECP2:MTM1:NAA10:NEXMIF:NONO:NSDHL:OCRL:OPHN1:PAK3:PCDH19:PGK1:PHF6:PLP1:POU3F4:PRPS1:RAB39B:SH2D1A:SLC16A2:SLC6A8:SLC9A6:SOX3:STAG2:TBX22:TIMM8A:TMLHE:UBE2A:UPF3B:XIAP:XIST:ZC4H2:ZDHHC9:ZIC3:ZNF711	1	0
SUBSET OF 1472 GENES: ABCD1:ACSL4:AFF2:ALG13:AR:ARHGEF9:ATP7A:ATRX:AVPR2:BCAP31:BRWD3:BTK:CCNQ:CD40LG:CHM:CHRDL1:COL4A5:CUL4B:DCX:DKC1:DLG3:EDA:EFNB1:F8:F9:FLNA:FMR1:FRMD7:GDI1:GLA:GPC3:GRIA3:HDAC8:HPRT1:IDS:IKBKG:L1CAM:LAMP2:MAGT1:MECP2:MTM1:NAA10:NEXMIF:NONO:NSDHL:OCRL:OPHN1:PAK3:PCDH19:PGK1:PHF6:PLP1:POU3F4:PRPS1:RAB39B:SH2D1A:SLC16A2:SLC6A8:SLC9A6:SOX3:STAG2:TBX22:TIMM8A:TMLHE:UBE2A:UPF3B:XIAP:XIST:ZC4H2:ZDHHC9:ZIC3:ZNF711	2	0
SUBSET OF 148 GENES: ABCD1:AVPR2:BCAP31:CCNQ:FLNA:GDI1:IKBKG:L1CAM:MECP2:NAA10:SLC6A8	1	0
SUBSET OF 148 GENES: BRPF1:SETD5:SLC6A1:VHL	1	0
SUBSET OF 148 GENES: CACNA1C	1	1
SUBSET OF 148 GENES: CNTNAP5:GLI2	1	1
SUBSET OF 148 GENES: DDX41:NSD1	2	1
SUBSET OF 148 GENES: FGD1:IQSEC2:KDM5C:PHF8:SMC1A	1	1
SUBSET OF 148 GENES: HMGA2:LEMD3	1	0
SUBSET OF 148 GENES: NBEA	1	1
SUBSET OF 148 GENES: TGIF1	1	0
SUBSET OF 148 GENES: WDFY3	1	0
SUBSET OF 1481 GENES: ABCD1:ACSL4:AFF2:ALG13:AR:ARHGEF9:ATP7A:ATRX:AVPR2:BCAP31:BRWD3:BTK:CCNQ:CD40LG:CHM:CHRDL1:COL4A5:CUL4B:DCX:DKC1:DLG3:EDA:EFNB1:F8:F9:FLNA:FMR1:FRMD7:GDI1:GLA:GPC3:GRIA3:HDAC8:HPRT1:IDS:IKBKG:L1CAM:LAMP2:MAGT1:MECP2:MTM1:NAA10:NEXMIF:NONO:NSDHL:OCRL:OPHN1:PAK3:PCDH19:PGK1:PHF6:PLP1:POU3F4:PRPS1:RAB39B:SH2D1A:SLC16A2:SLC6A8:SLC9A6:SOX3:STAG2:TBX22:TIMM8A:TMLHE:UBE2A:UPF3B:XIAP:XIST:ZC4H2:ZDHHC9:ZIC3:ZNF711	1	1
SUBSET OF 1486 GENES: ANOS1:AP1S2:AR:ARHGEF9:ARSL:ARX:ATP7A:ATRX:BCOR:BRWD3:CASK:CDKL5:CHM:CLCN4:CLCN5:CNKSR2:CYBB:DDX3X:DLG3:DMD:EBP:EDA:EFNB1:FANCB:FGD1:FTSJ1:GK:HCCS:HDAC8:IL1RAPL1:IQSEC2:KDM5C:KDM6A:MAGT1:MAOA:MED12:MID1:MSL3:NDP:NEXMIF:NHS:NLGN4X:NONO:NR0B1:NYX:OFD1:OPHN1:OTC:PDHA1:PGK1:PHEX:PHF8:PIGA:PORCN:POU3F4:PQBP1:PTCHD1:RP2:RPS6KA3:RS1:SHOX:SLC16A2:SLC35A2:SMC1A:SMS:STS:SYN1:SYP:TBX22:TRAPPC2:TSPAN7:USP9X:WAS:WDR45:XIST:ZC4H2:ZNF41:ZNF711	1	0
SUBSET OF 149 GENES: BMP4:GCH1	1	0
SUBSET OF 149 GENES: CACNA1C	1	0
SUBSET OF 149 GENES: MAGEL2:SNURF:UBE3A	9	2
SUBSET OF 149 GENES: MBD5	1	0
SUBSET OF 149 GENES: NUS1	1	0
SUBSET OF 149 GENES: PHF3	1	0
SUBSET OF 15 GENES: CDKN2A	1	1
SUBSET OF 15 GENES: CHEK2	1	0
SUBSET OF 15 GENES: CNOT2	1	1
SUBSET OF 15 GENES: CREBBP	1	1
SUBSET OF 15 GENES: EHMT1	1	1
SUBSET OF 15 GENES: HOXD13	1	0
SUBSET OF 15 GENES: KANSL1	1	1
SUBSET OF 15 GENES: PAFAH1B1	1	0
SUBSET OF 15 GENES: RAB39B:TMLHE	1	1
SUBSET OF 15 GENES: SOX2	1	0
SUBSET OF 15 GENES: SOX5	1	0
SUBSET OF 15 GENES: STS	1	0
SUBSET OF 15 GENES: ZEB2	1	1
SUBSET OF 150 GENES: ASXL3:CELF4	1	1
SUBSET OF 150 GENES: BAZ2B:NR4A2	1	0
SUBSET OF 150 GENES: BMPR1A	1	0
SUBSET OF 150 GENES: ELN	1	1
SUBSET OF 150 GENES: MAGEL2:SNURF:UBE3A	1	0
SUBSET OF 150 GENES: MNX1:SHH	1	0
SUBSET OF 150 GENES: NR2F1	1	1
SUBSET OF 150 GENES: TAF13	1	1
SUBSET OF 150 GENES: TBX1	2	2
SUBSET OF 1504 GENES: ANOS1:AP1S2:AR:ARHGEF9:ARSL:ARX:ATP7A:ATRX:BCOR:BRWD3:CASK:CDKL5:CHM:CLCN4:CLCN5:CNKSR2:CYBB:DDX3X:DLG3:DMD:EBP:EDA:EFNB1:FANCB:FGD1:FTSJ1:GK:HCCS:HDAC8:IL1RAPL1:IQSEC2:KDM5C:KDM6A:MAGT1:MAOA:MED12:MID1:MSL3:NDP:NEXMIF:NHS:NLGN4X:NONO:NR0B1:NYX:OFD1:OPHN1:OTC:PCDH19:PDHA1:PGK1:PHEX:PHF8:PIGA:PORCN:POU3F4:PQBP1:PTCHD1:RP2:RPS6KA3:RS1:SLC16A2:SLC35A2:SMC1A:SMS:STS:SYN1:SYP:TBX22:TRAPPC2:TSPAN7:USP9X:WAS:WDR45:XIST:ZC4H2:ZNF41:ZNF711	1	1
SUBSET OF 151 GENES: ANOS1:ARSL:CLCN4:NLGN4X:SHOX:STS	1	1
SUBSET OF 151 GENES: AP1S2:CDKL5:FANCB:NHS:OFD1:PDHA1:PIGA:RS1:TRAPPC2	1	0
SUBSET OF 151 GENES: CHAMP1	1	0
SUBSET OF 151 GENES: ELN	1	0
SUBSET OF 151 GENES: KMT2E	1	1
SUBSET OF 151 GENES: RORB	1	0
SUBSET OF 151 GENES: SRRM2	1	1
SUBSET OF 151 GENES: TBX1	3	1
SUBSET OF 152 GENES: CHD7:YTHDF3	1	0
SUBSET OF 152 GENES: DKC1:F8:FLNA:GDI1:IKBKG:MECP2:NAA10:RAB39B:TMLHE	1	1
SUBSET OF 152 GENES: IGF1R	1	1
SUBSET OF 152 GENES: KATNAL2:SETBP1	1	0
SUBSET OF 152 GENES: KIT	1	1
SUBSET OF 152 GENES: MAGEL2:SNURF:UBE3A	5	2
SUBSET OF 152 GENES: MAP2K2	1	0
SUBSET OF 152 GENES: MNX1:SHH	1	0
SUBSET OF 152 GENES: TERT	1	1
SUBSET OF 152 GENES: YAP1	1	0
SUBSET OF 153 GENES: BMPR1A	1	1
SUBSET OF 153 GENES: KAT6B	1	1
SUBSET OF 153 GENES: MAGEL2:SNURF:UBE3A	3	1
SUBSET OF 153 GENES: SPEN	1	0
SUBSET OF 154 GENES: HOXD13	1	1
SUBSET OF 154 GENES: PBX1	1	1
SUBSET OF 1544 GENES: EXT1:PUF60:RAD21:TRPS1:ZFPM2	1	0
SUBSET OF 155 GENES: ACTA2:BMPR1A:FAS:PTEN	1	1
SUBSET OF 155 GENES: CASK:KDM6A:MAOA:NDP:NYX:RP2:SYN1:ZNF41	1	1
SUBSET OF 155 GENES: MAGEL2:SNURF:UBE3A	1	1
SUBSET OF 155 GENES: ZNF292	1	0
SUBSET OF 1553 GENES: CNTNAP2:DPP6:FLNC:KCNH2:KMT2C:MNX1:POT1:SHH:UBN2	1	0
SUBSET OF 1559 GENES: CHAMP1:EDNRB:NBEA:RB1:ZIC2	1	1
SUBSET OF 156 GENES: ANOS1:CLCN4:HCCS:MID1:MSL3:OFD1:STS:TRAPPC2	1	1
SUBSET OF 156 GENES: EHMT1	1	1
SUBSET OF 156 GENES: NSD2	1	1
SUBSET OF 156 GENES: YWHAE	1	1
SUBSET OF 1567 GENES: EXT1:PUF60:RAD21:TRPS1:ZFPM2	1	0
SUBSET OF 157 GENES: ASXL3:CELF4:DSC2:DSG2	1	1
SUBSET OF 157 GENES: ATR:FOXL2	1	0
SUBSET OF 157 GENES: CTCF	1	1
SUBSET OF 157 GENES: GJA5	6	2
SUBSET OF 157 GENES: NEDD9	1	0
SUBSET OF 157 GENES: ZFPM2	1	0
SUBSET OF 158 GENES: IRF2BPL	1	1
SUBSET OF 158 GENES: MNX1:SHH	1	0
SUBSET OF 158 GENES: PAX9	1	0
SUBSET OF 158 GENES: ZFPM2	1	0
SUBSET OF 159 GENES: DMRT1	2	0
SUBSET OF 159 GENES: MAGEL2:SNURF:UBE3A	1	1
SUBSET OF 159 GENES: SUFU	1	1
SUBSET OF 159 GENES: SYNCRIP:ZNF292	1	0
SUBSET OF 1592 GENES: ASH1L:FLG:GATAD2B:LHX4:LMNA:PBX1:POGZ:SDHC:SF3B4	1	0
SUBSET OF 1595 GENES: ABCD1:ACSL4:AFF2:ALG13:AR:ARHGEF9:ATP7A:ATRX:AVPR2:BCAP31:BRWD3:BTK:CCNQ:CD40LG:CHM:CHRDL1:COL4A5:CUL4B:DCX:DKC1:DLG3:EDA:EFNB1:F8:F9:FGD1:FLNA:FMR1:FRMD7:GDI1:GLA:GPC3:GRIA3:HDAC8:HPRT1:IDS:IKBKG:IQSEC2:KDM5C:L1CAM:LAMP2:MAGT1:MECP2:MTM1:NAA10:NEXMIF:NONO:NSDHL:OCRL:OPHN1:PAK3:PCDH19:PGK1:PHF6:PHF8:PLP1:POU3F4:PRPS1:RAB39B:SH2D1A:SLC16A2:SLC6A8:SLC9A6:SMC1A:SOX3:STAG2:TBX22:TIMM8A:TMLHE:UBE2A:UPF3B:XIAP:XIST:ZC4H2:ZDHHC9:ZIC3:ZNF711	1	0
SUBSET OF 16 GENES: AUTS2	1	1
SUBSET OF 16 GENES: EHMT1	1	1
SUBSET OF 16 GENES: FLNA	1	0
SUBSET OF 16 GENES: GJA5:GJA8	1	0
SUBSET OF 16 GENES: SCN1A:SCN2A	1	0
SUBSET OF 16 GENES: SIN3A	1	1
SUBSET OF 16 GENES: STS	2	1
SUBSET OF 160 GENES: AUTS2	1	1
SUBSET OF 160 GENES: CHAMP1	1	0
SUBSET OF 160 GENES: CLCN5:IQSEC2:KDM5C:SYP:WDR45	1	0
SUBSET OF 160 GENES: CTNND2:TRIO	1	0
SUBSET OF 160 GENES: FLCN:RAI1	1	0
SUBSET OF 161 GENES: DSP	1	1
SUBSET OF 161 GENES: EBF3	1	1
SUBSET OF 162 GENES: ANKRD11	1	1
SUBSET OF 162 GENES: ASXL1	1	0
SUBSET OF 162 GENES: HOXD13	1	1
SUBSET OF 162 GENES: MAGEL2:SNURF:UBE3A	1	1
SUBSET OF 162 GENES: NAF1	1	1
SUBSET OF 162 GENES: SHOX:SRY	1	0
SUBSET OF 163 GENES: ANOS1:ARSL:CLCN4:HCCS:MID1:NLGN4X:SHOX:STS	1	1
SUBSET OF 163 GENES: DLG3:EDA:EFNB1:HDAC8:NEXMIF:NONO:OPHN1:SLC16A2:XIST	1	1
SUBSET OF 163 GENES: FLCN:RAI1	1	1
SUBSET OF 163 GENES: GATA4	1	0
SUBSET OF 163 GENES: IGF1R	1	0
SUBSET OF 163 GENES: MAGEL2:SNURF:UBE3A	1	1
SUBSET OF 163 GENES: MNX1:SHH	1	0
SUBSET OF 1637 GENES: APOB:DNMT3A:MSH2:MSH6:MYCN:MYT1L:NRXN1:RPS7:SIX3:SOX11:SPAST	1	1
SUBSET OF 1639 GENES: ANOS1:AP1S2:AR:ARHGEF9:ARSL:ARX:ATP7A:ATRX:BCOR:BRWD3:BTK:CASK:CDKL5:CHM:CLCN4:CLCN5:CNKSR2:CYBB:DDX3X:DLG3:DMD:EBP:EDA:EFNB1:FANCB:FGD1:FTSJ1:GK:GLA:HCCS:HDAC8:IL1RAPL1:IQSEC2:KDM5C:KDM6A:MAGT1:MAOA:MED12:MID1:MSL3:NDP:NEXMIF:NHS:NLGN4X:NONO:NR0B1:NYX:OFD1:OPHN1:OTC:PCDH19:PDHA1:PGK1:PHEX:PHF8:PIGA:PLP1:PORCN:POU3F4:PQBP1:PTCHD1:RP2:RPS6KA3:RS1:SHOX:SLC16A2:SLC35A2:SMC1A:SMS:STS:SYN1:SYP:TBX22:TIMM8A:TRAPPC2:TSPAN7:USP9X:WAS:WDR45:XIST:ZC4H2:ZNF41:ZNF711	1	0
SUBSET OF 164 GENES: BCL11A	1	1
SUBSET OF 164 GENES: FGD1:IQSEC2:KDM5C:PHF8:SMC1A	2	1
SUBSET OF 164 GENES: SHOX:SRY	1	1
SUBSET OF 164 GENES: TGIF1	1	1
SUBSET OF 165 GENES: BCL11A	1	0
SUBSET OF 165 GENES: ELN	1	1
SUBSET OF 165 GENES: FLNC	1	0
SUBSET OF 165 GENES: ITPR1	1	0
SUBSET OF 165 GENES: MAGEL2:SNURF:UBE3A	1	1
SUBSET OF 165 GENES: PKD1:TSC2	1	1
SUBSET OF 165 GENES: SCN1A:SCN2A	1	1
SUBSET OF 165 GENES: TGIF1	1	0
SUBSET OF 1656 GENES: ARID2:CACNA1C:CDKN1B:CHD4:COL2A1:ETV6:GRIN2B:KMT2D:PKP2:PTHLH:SOX5	1	1
SUBSET OF 1656 GENES: ASXL3:CELF4:DSC2:DSG2:GATA6:KATNAL2:SETBP1:SMAD4:TCF4:TGIF1	2	1
SUBSET OF 1657 GENES: ASXL3:CELF4:DSC2:DSG2:GATA6:KATNAL2:SETBP1:SMAD4:TCF4:TGIF1	6	1
SUBSET OF 166 GENES: BMPR1A	1	0
SUBSET OF 166 GENES: CDC42BPB	1	1
SUBSET OF 166 GENES: EBF3	1	0
SUBSET OF 166 GENES: SHOX:SRY	2	0
SUBSET OF 166 GENES: SMARCB1	1	1
SUBSET OF 1660 GENES: ASXL3:CELF4:DSC2:DSG2:GATA6:KATNAL2:SETBP1:SMAD4:TCF4:TGIF1	1	1
SUBSET OF 1667 GENES: BARD1:BMPR2:CASP10:CUL3:DIS3L2:ERBB4:GIGYF2:HDAC4:PAX3:SATB2:TRIP12	1	1
SUBSET OF 167 GENES: CNOT2	1	1
SUBSET OF 167 GENES: EDNRB	1	1
SUBSET OF 167 GENES: NPRL3	1	1
SUBSET OF 168 GENES: CNOT2:HMGA2	1	0
SUBSET OF 168 GENES: CSMD1	3	2
SUBSET OF 168 GENES: EBF3	1	0
SUBSET OF 168 GENES: EHMT1	1	1
SUBSET OF 168 GENES: KCNQ2	1	1
SUBSET OF 168 GENES: KDM5B	1	0
SUBSET OF 168 GENES: MAGEL2:SNURF:UBE3A	6	1
SUBSET OF 168 GENES: PAFAH1B1	1	1
SUBSET OF 1680 GENES: APC:CAMK2A:CTNNA1:LMNB1:POU4F3:PURA:RAD50:SPINK1:TCOF1	1	1
SUBSET OF 1689 GENES: BARD1:BMPR2:CASP10:CUL3:DIS3L2:ERBB4:GIGYF2:HDAC4:PAX3:SATB2:TRIP12	1	0
SUBSET OF 169 GENES: BMPR1A	1	0
SUBSET OF 169 GENES: CRKL:TBX1	1	1
SUBSET OF 169 GENES: FOXL2	1	0
SUBSET OF 169 GENES: IGF1R	1	0
SUBSET OF 169 GENES: MAGEL2:SNURF:UBE3A	2	1
SUBSET OF 169 GENES: PAFAH1B1	1	0
SUBSET OF 169 GENES: SHANK3	1	1
SUBSET OF 169 GENES: SRSF11	1	0
SUBSET OF 17 GENES: AUTS2	2	0
SUBSET OF 17 GENES: FOXP1	1	1
SUBSET OF 17 GENES: HPRT1:PHF6	1	0
SUBSET OF 17 GENES: IDS	1	1
SUBSET OF 17 GENES: ITSN1:SON	1	1
SUBSET OF 17 GENES: MBD5	1	0
SUBSET OF 17 GENES: SCN1A:SCN2A	1	1
SUBSET OF 17 GENES: SHOX	2	2
SUBSET OF 17 GENES: STS	2	1
SUBSET OF 17 GENES: ZEB2	2	0
SUBSET OF 170 GENES: CLTC:RAD51C	1	0
SUBSET OF 170 GENES: CRKL:TBX1	1	1
SUBSET OF 170 GENES: EHMT1	1	1
SUBSET OF 1702 GENES: EXT1:PUF60:RAD21:TRPS1:ZFPM2	1	0
SUBSET OF 1705 GENES: BARD1:BMPR2:CASP10:COL3A1:CUL3:DIS3L2:ERBB4:GIGYF2:HDAC4:PAX3:SATB2:TRIP12	1	1
SUBSET OF 1706 GENES: EXT1:PUF60:RAD21:TRPS1:ZFPM2	1	0
SUBSET OF 171 GENES: ANKRD17	1	1
SUBSET OF 171 GENES: AP1S2:CLCN4:FANCB:HCCS:MID1:MSL3:OFD1:PIGA:TRAPPC2	1	1
SUBSET OF 171 GENES: ARHGEF9:FGD1:IQSEC2:KDM5C:PHF8:SMC1A:ZC4H2	1	0
SUBSET OF 171 GENES: ASXL3:CELF4:DSC2:DSG2	1	1
SUBSET OF 171 GENES: BMPR1A	3	2
SUBSET OF 171 GENES: EBF3	1	0
SUBSET OF 171 GENES: ELANE:STK11	1	1
SUBSET OF 171 GENES: MAGEL2:SNURF:UBE3A	1	1
SUBSET OF 172 GENES: CACNA1C	1	0
SUBSET OF 172 GENES: CRKL:TBX1	3	3
SUBSET OF 172 GENES: DLL1:ERMARD	1	1
SUBSET OF 172 GENES: MAGEL2:SNURF:UBE3A	4	2
SUBSET OF 172 GENES: PAK2	1	0
SUBSET OF 173 GENES: ATR:FOXL2	1	0
SUBSET OF 173 GENES: CRKL:TBX1	4	4
SUBSET OF 173 GENES: EBF3	1	0
SUBSET OF 173 GENES: HDAC4	1	0
SUBSET OF 173 GENES: MAGEL2:SNURF:UBE3A	18	2
SUBSET OF 173 GENES: PRRT2:SH2B1	1	1
SUBSET OF 173 GENES: ZFHX4	1	1
SUBSET OF 174 GENES: AP1S2:CDKL5:CNKSR2:NHS:PDHA1:PHEX:PIGA:PTCHD1:RPS6KA3:RS1:SMS	1	0
SUBSET OF 174 GENES: BMPR1A	1	1
SUBSET OF 174 GENES: CNTNAP2	1	0
SUBSET OF 174 GENES: CRKL:TBX1	1	1
SUBSET OF 174 GENES: CSMD1	1	0
SUBSET OF 174 GENES: GJA5	1	1
SUBSET OF 174 GENES: LMX1B:NR5A1	1	0
SUBSET OF 174 GENES: MAGEL2:SNURF:UBE3A	2	1
SUBSET OF 174 GENES: PRRT2:SH2B1	2	0
SUBSET OF 174 GENES: TERT	1	0
SUBSET OF 1748 GENES: ANKRD11:CDH1:CNOT1:CTCF:FOXC2:FOXF1:GNAO1	1	0
SUBSET OF 175 GENES: DDX41:NSD1	1	0
SUBSET OF 175 GENES: IGF1R	1	0
SUBSET OF 175 GENES: ITPR1	1	0
SUBSET OF 175 GENES: MNX1:SHH	1	1
SUBSET OF 175 GENES: PHOX2B	1	0
SUBSET OF 175 GENES: PUF60	1	0
SUBSET OF 175 GENES: TAB2	1	1
SUBSET OF 175 GENES: TERT	1	1
SUBSET OF 1759 GENES: AXIN2:BPTF:BRCA1:BRIP1:CLTC:COL1A1:EFTUD2:HNF1B:KANSL1:NOG:RAD51C:SMARCE1:SRSF1:TBX2:TBX4	1	1
SUBSET OF 176 GENES: ANOS1:ARSL:CLCN4:HCCS:MID1:MSL3:NLGN4X:SHOX:STS	1	1
SUBSET OF 176 GENES: CRKL:TBX1	3	2
SUBSET OF 176 GENES: DMRT1	1	1
SUBSET OF 177 GENES: AR:DLG3:EDA:EFNB1:HDAC8:NEXMIF:NONO:OPHN1:SLC16A2:XIST	1	1
SUBSET OF 177 GENES: BMPR1A	1	0
SUBSET OF 177 GENES: CDC73	1	0
SUBSET OF 177 GENES: CHD7	1	0
SUBSET OF 177 GENES: CRKL:TBX1	3	3
SUBSET OF 177 GENES: GNAS	1	0
SUBSET OF 177 GENES: RB1CC1	1	0
SUBSET OF 1774 GENES: AAGAB:CHD2:IGF1R:RPS17:SIN3A:SMAD3:ZWILCH	1	0
SUBSET OF 178 GENES: BMPR1A	1	1
SUBSET OF 178 GENES: CRKL:TBX1	10	10
SUBSET OF 178 GENES: EHMT1	2	1
SUBSET OF 178 GENES: FOXP1:MITF	1	0
SUBSET OF 178 GENES: HNF1A:SETD1B	1	1
SUBSET OF 178 GENES: IGF1R	1	1
SUBSET OF 178 GENES: LEO1:TCF12	1	0
SUBSET OF 178 GENES: MLH1:SCN5A	1	0
SUBSET OF 178 GENES: PAFAH1B1	1	0
SUBSET OF 179 GENES: CDC42BPB	1	1
SUBSET OF 179 GENES: CRKL:TBX1	1	1
SUBSET OF 179 GENES: CTCF	1	1
SUBSET OF 179 GENES: DDX41:NSD1	1	1
SUBSET OF 179 GENES: DYRK1A	1	0
SUBSET OF 179 GENES: KCNQ2	2	1
SUBSET OF 179 GENES: MAGEL2:SNURF:UBE3A	1	1
SUBSET OF 179 GENES: TCF4	1	0
SUBSET OF 18 GENES: ABCD1:BCAP31:SLC6A8	1	1
SUBSET OF 18 GENES: EYA1	1	1
SUBSET OF 18 GENES: GRIA3:SH2D1A:STAG2:XIAP	1	1
SUBSET OF 18 GENES: MSX2	1	0
SUBSET OF 18 GENES: PAX6	1	0
SUBSET OF 18 GENES: SCN1A:SCN2A	1	0
SUBSET OF 18 GENES: SHOX	3	0
SUBSET OF 18 GENES: STS	1	1
SUBSET OF 18 GENES: TCF4	1	1
SUBSET OF 18 GENES: ZMYND11	1	0
SUBSET OF 180 GENES: ACTC1:MEIS2:SPRED1	1	1
SUBSET OF 180 GENES: BCL11A	1	0
SUBSET OF 180 GENES: JARID2	1	0
SUBSET OF 180 GENES: NSD2	1	0
SUBSET OF 1809 GENES: ACSL4:ALG13:ANOS1:AP1S2:AR:ARHGEF9:ARSL:ARX:ATP7A:ATRX:BCOR:BRWD3:BTK:CASK:CDKL5:CHM:CHRDL1:CLCN4:CLCN5:CNKSR2:COL4A5:CYBB:DCX:DDX3X:DLG3:DMD:EBP:EDA:EFNB1:FANCB:FGD1:FTSJ1:GK:GLA:HCCS:HDAC8:IL1RAPL1:IQSEC2:KDM5C:KDM6A:MAGT1:MAOA:MED12:MID1:MSL3:NDP:NEXMIF:NHS:NLGN4X:NONO:NR0B1:NYX:OFD1:OPHN1:OTC:PAK3:PCDH19:PDHA1:PGK1:PHEX:PHF8:PIGA:PLP1:PORCN:POU3F4:PQBP1:PRPS1:PTCHD1:RP2:RPS6KA3:RS1:SHOX:SLC16A2:SLC35A2:SMC1A:SMS:STS:SYN1:SYP:TBX22:TIMM8A:TRAPPC2:TSPAN7:USP9X:WAS:WDR45:XIST:ZC4H2:ZNF41:ZNF711	1	0
SUBSET OF 181 GENES: BMPR1A	2	2
SUBSET OF 181 GENES: CHAMP1	1	0
SUBSET OF 181 GENES: FGFR1:KAT6A	1	1
SUBSET OF 181 GENES: PAX9	1	0
SUBSET OF 181 GENES: SHANK3	1	1
SUBSET OF 181 GENES: SOX10	1	0
SUBSET OF 182 GENES: CRKL:TBX1	1	1
SUBSET OF 182 GENES: CSMD1	1	1
SUBSET OF 182 GENES: FGF12:TP63	1	1
SUBSET OF 182 GENES: HDAC4	1	0
SUBSET OF 182 GENES: NPRL3	1	0
SUBSET OF 182 GENES: PRRT2:SH2B1	1	0
SUBSET OF 182 GENES: TERT	1	1
SUBSET OF 183 GENES: APC	1	1
SUBSET OF 183 GENES: CREBBP:SRRM2	1	1
SUBSET OF 183 GENES: CRKL:TBX1	2	1
SUBSET OF 183 GENES: DMRT1	1	1
SUBSET OF 183 GENES: IGF1R	1	0
SUBSET OF 183 GENES: KCNQ2	1	0
SUBSET OF 183 GENES: PRRT2	1	0
SUBSET OF 183 GENES: PRRT2:SH2B1	1	0
SUBSET OF 184 GENES: CRKL:TBX1	1	1
SUBSET OF 184 GENES: DLG4:TP53	1	0
SUBSET OF 184 GENES: GJA5	2	0
SUBSET OF 184 GENES: GNB1	1	1
SUBSET OF 184 GENES: ITPR1:SETD5	2	0
SUBSET OF 184 GENES: MAGEL2:SNURF:UBE3A	2	1
SUBSET OF 184 GENES: TERT	1	1
SUBSET OF 185 GENES: ENG:SPTAN1:STXBP1	1	1
SUBSET OF 185 GENES: GJA5	2	0
SUBSET OF 185 GENES: MAGEL2:SNURF:UBE3A	1	1
SUBSET OF 185 GENES: MYLK	1	1
SUBSET OF 185 GENES: SOX5	1	1
SUBSET OF 186 GENES: AKT3:FH:HNRNPU:ZBTB18	1	1
SUBSET OF 186 GENES: CRKL:TBX1	2	1
SUBSET OF 186 GENES: KAT6A	1	1
SUBSET OF 186 GENES: KCNQ2	1	1
SUBSET OF 186 GENES: LDLR:SMARCA4	1	0
SUBSET OF 187 GENES: AP1S2:CLCN4:FANCB:HCCS:MID1:MSL3:NHS:OFD1:PIGA:TRAPPC2	1	1
SUBSET OF 187 GENES: CRKL:TBX1	1	1
SUBSET OF 187 GENES: DCHS1	1	1
SUBSET OF 187 GENES: DMRT1	1	0
SUBSET OF 187 GENES: HDAC4	1	0
SUBSET OF 187 GENES: ITPR1:SETD5	2	1
SUBSET OF 187 GENES: KIT	1	1
SUBSET OF 187 GENES: KMT5B:LRP5:SHANK2	1	0
SUBSET OF 187 GENES: SHANK3	1	0
SUBSET OF 187 GENES: ZIC2	1	0
SUBSET OF 188 GENES: ANOS1:CLCN4:HCCS:MID1:MSL3:NLGN4X:STS	1	1
SUBSET OF 188 GENES: APC	1	0
SUBSET OF 188 GENES: CRKL:TBX1	1	1
SUBSET OF 188 GENES: IGF1R	2	0
SUBSET OF 188 GENES: MNX1:SHH	1	0
SUBSET OF 188 GENES: SHANK3	4	1
SUBSET OF 188 GENES: TGIF1	1	0
SUBSET OF 189 GENES: CRKL:TBX1	1	1
SUBSET OF 189 GENES: GJA5	1	0
SUBSET OF 189 GENES: IGF1R	1	0
SUBSET OF 189 GENES: MSX1	1	1
SUBSET OF 189 GENES: PRRT2:SH2B1	1	1
SUBSET OF 189 GENES: RAI1	1	0
SUBSET OF 189 GENES: SHANK3	1	0
SUBSET OF 19 GENES: ANKRD11	1	0
SUBSET OF 19 GENES: CNOT2	1	1
SUBSET OF 19 GENES: CSNK2A1	1	1
SUBSET OF 19 GENES: EDA	1	0
SUBSET OF 19 GENES: GABRG2	1	1
SUBSET OF 19 GENES: MEF2C	1	0
SUBSET OF 19 GENES: MLH1	1	0
SUBSET OF 19 GENES: PAFAH1B1	1	0
SUBSET OF 19 GENES: PDHA1:RS1	1	1
SUBSET OF 19 GENES: PTCH1	1	1
SUBSET OF 19 GENES: RAD51C	1	1
SUBSET OF 19 GENES: SCN1A:SCN2A	3	3
SUBSET OF 19 GENES: SOX10	1	0
SUBSET OF 19 GENES: STS	2	1
SUBSET OF 19 GENES: WDFY3	1	0
SUBSET OF 190 GENES: BCL11A	1	1
SUBSET OF 190 GENES: CRKL:TBX1	52	21
SUBSET OF 190 GENES: DLG2:FZD4	1	1
SUBSET OF 190 GENES: GATA4	2	1
SUBSET OF 190 GENES: MAGEL2:SNURF:UBE3A	2	2
SUBSET OF 190 GENES: NAA15	1	1
SUBSET OF 190 GENES: PRRT2:SH2B1	1	0
SUBSET OF 191 GENES: ANOS1:ARSL:CLCN4:HCCS:MID1:MSL3:NLGN4X:SHOX:STS	1	0
SUBSET OF 191 GENES: ARID1B	1	0
SUBSET OF 191 GENES: CRKL:TBX1	14	4
SUBSET OF 191 GENES: GATA4	1	0
SUBSET OF 191 GENES: GNAO1	1	1
SUBSET OF 192 GENES: BRPF1:SETD5:SLC6A1:VHL	1	0
SUBSET OF 192 GENES: CRKL:TBX1	8	5
SUBSET OF 192 GENES: DPP6:MNX1:SHH	1	1
SUBSET OF 192 GENES: FBN1:LEO1	1	0
SUBSET OF 192 GENES: FLCN:RAI1	1	1
SUBSET OF 192 GENES: GATA4	2	0
SUBSET OF 192 GENES: MBD5:NR4A2	1	1
SUBSET OF 192 GENES: TERT	1	1
SUBSET OF 192 GENES: ZFPM2	1	0
SUBSET OF 193 GENES: ANKRD17	1	0
SUBSET OF 193 GENES: COL3A1:NCKAP1	1	0
SUBSET OF 193 GENES: EBF3	1	0
SUBSET OF 193 GENES: KCNH2:KMT2C	1	1
SUBSET OF 193 GENES: KDM6B:TP53	1	1
SUBSET OF 193 GENES: MAGEL2:SNURF:UBE3A	1	0
SUBSET OF 193 GENES: SHANK3	1	0
SUBSET OF 194 GENES: CRKL:TBX1	14	6
SUBSET OF 194 GENES: EBF3	1	0
SUBSET OF 194 GENES: MAGEL2:SNURF:UBE3A	1	1
SUBSET OF 1943 GENES: ACSL4:ALG13:ANOS1:AP1S2:AR:ARHGEF9:ARSL:ARX:ATP7A:ATRX:BCOR:BRWD3:BTK:CASK:CDKL5:CHM:CHRDL1:CLCN4:CLCN5:CNKSR2:COL4A5:CUL4B:CYBB:DCX:DDX3X:DLG3:DMD:EBP:EDA:EFNB1:FANCB:FGD1:FTSJ1:GK:GLA:GRIA3:HCCS:HDAC8:IL1RAPL1:IQSEC2:KDM5C:KDM6A:LAMP2:MAGT1:MAOA:MED12:MID1:MSL3:NDP:NEXMIF:NHS:NLGN4X:NONO:NR0B1:NYX:OFD1:OPHN1:OTC:PAK3:PCDH19:PDHA1:PGK1:PHEX:PHF8:PIGA:PLP1:PORCN:POU3F4:PQBP1:PRPS1:PTCHD1:RP2:RPS6KA3:RS1:SH2D1A:SHOX:SLC16A2:SLC35A2:SMC1A:SMS:STAG2:STS:SYN1:SYP:TBX22:TIMM8A:TRAPPC2:TSPAN7:UBE2A:UPF3B:USP9X:WAS:WDR45:XIAP:XIST:ZC4H2:ZNF41:ZNF711	1	0
SUBSET OF 195 GENES: CAMTA1:CHD5	1	1
SUBSET OF 195 GENES: CRKL:TBX1	3	2
SUBSET OF 195 GENES: DPP6:MNX1:SHH	1	1
SUBSET OF 195 GENES: EHMT1	3	3
SUBSET OF 195 GENES: MAP2K2	1	0
SUBSET OF 195 GENES: ZFHX4	1	1
SUBSET OF 196 GENES: CRKL:TBX1	2	1
SUBSET OF 196 GENES: EBF3	1	0
SUBSET OF 196 GENES: GATA4	2	1
SUBSET OF 196 GENES: MLH1	1	1
SUBSET OF 196 GENES: TERT	1	1
SUBSET OF 196 GENES: TNNI3	1	0
SUBSET OF 197 GENES: COL11A1	1	0
SUBSET OF 197 GENES: CRKL:TBX1	2	1
SUBSET OF 197 GENES: CUL3:PAX3	1	1
SUBSET OF 197 GENES: DPP6:MNX1:SHH	1	0
SUBSET OF 197 GENES: MAGEL2:SNURF:UBE3A	1	1
SUBSET OF 197 GENES: NPRL3	1	1
SUBSET OF 198 GENES: BCOR:CASK:CYBB:DDX3X:DMD:KDM6A:MAOA:NDP:NYX:OTC:TSPAN7:USP9X	1	1
SUBSET OF 198 GENES: GATA4	1	0
SUBSET OF 198 GENES: TERT	1	1
SUBSET OF 1981 GENES: CHD7:EXT1:EYA1:RAD21:RB1CC1:TRPS1:YTHDF3:ZFHX4:ZFPM2	1	0
SUBSET OF 199 GENES: ANKRD11	1	1
SUBSET OF 199 GENES: BAP1	1	0
SUBSET OF 199 GENES: CDK13:GLI3	1	0
SUBSET OF 199 GENES: CLCN5:EBP:FTSJ1:PORCN:PQBP1:SLC35A2:SYP:WAS:WDR45	2	0
SUBSET OF 199 GENES: GATA4	2	0
SUBSET OF 199 GENES: MAGEL2:SNURF:UBE3A	1	1
SUBSET OF 199 GENES: SCN1A:SCN2A:SLC4A10:TBR1	1	1
SUBSET OF 199 GENES: TGIF1	1	1
SUBSET OF 20 GENES: DLL1	1	0
SUBSET OF 20 GENES: EHMT1	1	1
SUBSET OF 20 GENES: IGF1R	1	0
SUBSET OF 20 GENES: ITPR1	1	1
SUBSET OF 20 GENES: PHF8:SMC1A	1	1
SUBSET OF 20 GENES: RUNX1	1	1
SUBSET OF 20 GENES: SCN1A:SCN2A	1	1
SUBSET OF 200 GENES: CAMTA1:CHD5	1	0
SUBSET OF 200 GENES: COL1A1:NOG	1	1
SUBSET OF 200 GENES: CRKL:TBX1	10	5
SUBSET OF 200 GENES: IGF1R	1	1
SUBSET OF 201 GENES: CLCN5:EBP:FTSJ1:PORCN:PQBP1:SLC35A2:SYP:WAS:WDR45	1	0
SUBSET OF 201 GENES: CRKL:TBX1	2	1
SUBSET OF 201 GENES: EHMT1	1	1
SUBSET OF 201 GENES: FLCN:RAI1	1	1
SUBSET OF 201 GENES: GATA4	1	0
SUBSET OF 201 GENES: GNB1	1	1
SUBSET OF 201 GENES: PAFAH1B1	1	0
SUBSET OF 201 GENES: PTCH1	1	0
SUBSET OF 201 GENES: TERT	1	0
SUBSET OF 2011 GENES: ASH1L:CACNA1E:FLG:GATAD2B:GJA5:LHX4:LMNA:PBX1:POGZ:SDHC:SF3B4	1	1
SUBSET OF 202 GENES: ABCD1:AVPR2:BCAP31:CCNQ:DKC1:F8:FLNA:GDI1:IKBKG:L1CAM:MECP2:NAA10:RAB39B:SLC6A8:TMLHE	2	2
SUBSET OF 202 GENES: ADNP:SALL4	1	1
SUBSET OF 202 GENES: CLCN5:EBP:FTSJ1:PORCN:PQBP1:SLC35A2:SYP:WAS:WDR45	1	1
SUBSET OF 202 GENES: GATA4	1	0
SUBSET OF 202 GENES: PAX2:SUFU	1	1
SUBSET OF 2025 GENES: BRCA2:EDNRB:NBEA:POLR1D:RB1:ZIC2	1	0
SUBSET OF 2028 GENES: BRCA2:CHAMP1:EDNRB:NBEA:POLR1D:RB1:ZIC2	3	1
SUBSET OF 203 GENES: CLCN5:EBP:FTSJ1:PORCN:PQBP1:SLC35A2:SYP:WAS:WDR45	1	0
SUBSET OF 203 GENES: DICER1	1	1
SUBSET OF 203 GENES: EBF3	2	0
SUBSET OF 203 GENES: IKZF1	1	0
SUBSET OF 203 GENES: MAGEL2:SNURF:UBE3A	1	1
SUBSET OF 203 GENES: TERT	1	1
SUBSET OF 2032 GENES: BRCA2:CHAMP1:EDNRB:NBEA:POLR1D:RB1:ZIC2	1	0
SUBSET OF 2033 GENES: NUS1:PHF3:PHIP:PLN:PPP2R5D:RIMS1:RUNX2:SEC63:SYNCRIP:TFAP2B:VEGFA:ZNF292	1	1
SUBSET OF 2039 GENES: AXIN2:BPTF:BRCA1:BRIP1:CLTC:COL1A1:EFTUD2:HNF1B:KANSL1:NOG:PRKAR1A:RAD51C:SMARCE1:SOX9:SRSF1:TBX2:TBX4	1	0
SUBSET OF 204 GENES: EDNRB	1	0
SUBSET OF 204 GENES: GATA4	1	0
SUBSET OF 204 GENES: LMNB1:RAD50	1	1
SUBSET OF 204 GENES: TERT	1	0
SUBSET OF 2044 GENES: BRCA2:EDNRB:NBEA:POLR1D:RB1:ZIC2	1	1
SUBSET OF 2048 GENES: BRCA2:CHAMP1:EDNRB:NBEA:POLR1D:RB1:ZIC2	1	1
SUBSET OF 2049 GENES: BRCA2:CHAMP1:EDNRB:NBEA:POLR1D:RB1:ZIC2	1	0
SUBSET OF 205 GENES: EBF3	1	1
SUBSET OF 205 GENES: HNRNPU	1	0
SUBSET OF 205 GENES: MAGEL2:SNURF:UBE3A	1	1
SUBSET OF 2051 GENES: BRCA2:CHAMP1:EDNRB:NBEA:POLR1D:RB1:ZIC2	1	1
SUBSET OF 2052 GENES: BRCA2:CHAMP1:EDNRB:NBEA:POLR1D:RB1:ZIC2	1	0
SUBSET OF 2053 GENES: ACSL4:ALG13:AP1S2:AR:ARHGEF9:ARX:ATP7A:ATRX:BCOR:BRWD3:BTK:CASK:CD40LG:CDKL5:CHM:CHRDL1:CLCN5:CNKSR2:COL4A5:CUL4B:CYBB:DCX:DDX3X:DLG3:DMD:EBP:EDA:EFNB1:F9:FANCB:FGD1:FRMD7:FTSJ1:GK:GLA:GPC3:GRIA3:HDAC8:HPRT1:IL1RAPL1:IQSEC2:KDM5C:KDM6A:LAMP2:MAGT1:MAOA:MED12:NDP:NEXMIF:NHS:NONO:NR0B1:NYX:OCRL:OFD1:OPHN1:OTC:PAK3:PCDH19:PDHA1:PGK1:PHEX:PHF6:PHF8:PIGA:PLP1:PORCN:POU3F4:PQBP1:PRPS1:PTCHD1:RP2:RPS6KA3:RS1:SH2D1A:SLC16A2:SLC35A2:SLC9A6:SMC1A:SMS:SOX3:STAG2:SYN1:SYP:TBX22:TIMM8A:TRAPPC2:TSPAN7:UBE2A:UPF3B:USP9X:WAS:WDR45:XIAP:XIST:ZC4H2:ZDHHC9:ZIC3:ZNF41:ZNF711	1	0
SUBSET OF 2053 GENES: BRCA2:CHAMP1:EDNRB:NBEA:POLR1D:RB1:ZIC2	1	0
SUBSET OF 206 GENES: ABCD1:AVPR2:BCAP31:CCNQ:DKC1:F8:FLNA:GDI1:IKBKG:L1CAM:MECP2:NAA10:RAB39B:SLC6A8:TMLHE	1	0
SUBSET OF 206 GENES: BRCA2:NBEA	1	0
SUBSET OF 206 GENES: CYLD:SALL1	1	1
SUBSET OF 206 GENES: DPP6:MNX1:SHH	1	1
SUBSET OF 206 GENES: IGF1R	1	1
SUBSET OF 206 GENES: NF1:PHF12:TAOK1	1	0
SUBSET OF 206 GENES: PHF12:TAOK1	1	1
SUBSET OF 207 GENES: CLCN5:EBP:FTSJ1:PORCN:PQBP1:SLC35A2:SYP:WAS:WDR45	1	0
SUBSET OF 207 GENES: COL1A1	1	1
SUBSET OF 207 GENES: CRKL:TBX1	1	1
SUBSET OF 207 GENES: DPP6:MNX1:SHH	2	1
SUBSET OF 207 GENES: GATA6	1	1
SUBSET OF 207 GENES: IGF1R	1	0
SUBSET OF 207 GENES: SHANK3	2	1
SUBSET OF 208 GENES: AR:ATP7A:ATRX:DLG3:EDA:EFNB1:HDAC8:MAGT1:NEXMIF:NONO:OPHN1:PGK1:SLC16A2:XIST	2	1
SUBSET OF 208 GENES: CYLD:SALL1	1	1
SUBSET OF 208 GENES: DLL1:ERMARD	1	0
SUBSET OF 208 GENES: GATA4	3	1
SUBSET OF 208 GENES: GNB1	1	1
SUBSET OF 208 GENES: IGF1R	1	0
SUBSET OF 208 GENES: MAGEL2:SNURF:UBE3A	3	0
SUBSET OF 208 GENES: NFIA	1	1
SUBSET OF 209 GENES: ABCD1:AVPR2:BCAP31:CCNQ:DKC1:F8:FLNA:GDI1:IKBKG:L1CAM:MECP2:NAA10:RAB39B:SLC6A8:TMLHE	1	1
SUBSET OF 209 GENES: ACVRL1	1	0
SUBSET OF 209 GENES: ANKRD17:YTHDC1	1	1
SUBSET OF 209 GENES: DPP6:MNX1:SHH	1	0
SUBSET OF 209 GENES: ELANE:STK11	1	1
SUBSET OF 209 GENES: GATA4	1	0
SUBSET OF 209 GENES: SDHB:SPEN	1	0
SUBSET OF 209 GENES: SHANK3	1	0
SUBSET OF 2096 GENES: AKT3:CDC73:FH:HNRNPU:IRF6:WDR26:ZBTB18	1	1
SUBSET OF 2098 GENES: CHEK2:CRKL:DEPDC5:EP300:MYH9:NF2:SHANK3:SMARCB1:SOX10:TBX1:TCF20:TNRC6B	2	0
SUBSET OF 21 GENES: CASK:MAOA:NDP	1	1
SUBSET OF 21 GENES: CHAMP1	1	0
SUBSET OF 21 GENES: CHM:ZNF711	1	0
SUBSET OF 21 GENES: COL3A1	1	0
SUBSET OF 21 GENES: F8:RAB39B	3	2
SUBSET OF 21 GENES: FOXC1	1	0
SUBSET OF 21 GENES: HDAC4	1	0
SUBSET OF 21 GENES: KANSL1	2	1
SUBSET OF 21 GENES: KCNQ2	1	1
SUBSET OF 21 GENES: PAX9	1	0
SUBSET OF 21 GENES: RB1CC1	1	1
SUBSET OF 21 GENES: RPS17	1	1
SUBSET OF 21 GENES: SH2D1A:STAG2:XIAP	1	0
SUBSET OF 21 GENES: SHOX	1	1
SUBSET OF 21 GENES: SPAST	1	1
SUBSET OF 210 GENES: GATA4	1	0
SUBSET OF 210 GENES: IGF1R	1	0
SUBSET OF 210 GENES: KMT5B:LRP5	1	0
SUBSET OF 210 GENES: SETD1A:SRCAP	1	0
SUBSET OF 210 GENES: SHANK3	2	0
SUBSET OF 2107 GENES: ABCD1:ACSL4:AFF2:ALG13:AR:ARHGEF9:ATP7A:ATRX:AVPR2:BCAP31:BCOR:BRWD3:BTK:CASK:CCNQ:CD40LG:CHM:CHRDL1:CLCN5:COL4A5:CUL4B:CYBB:DCX:DDX3X:DKC1:DLG3:EBP:EDA:EFNB1:F8:F9:FGD1:FLNA:FMR1:FRMD7:FTSJ1:GDI1:GLA:GPC3:GRIA3:HDAC8:HPRT1:IDS:IKBKG:IQSEC2:KDM5C:KDM6A:L1CAM:LAMP2:MAGT1:MAOA:MECP2:MED12:MTM1:NAA10:NDP:NEXMIF:NONO:NSDHL:NYX:OCRL:OPHN1:OTC:PAK3:PCDH19:PGK1:PHF6:PHF8:PLP1:PORCN:POU3F4:PQBP1:PRPS1:RAB39B:RP2:SH2D1A:SLC16A2:SLC35A2:SLC6A8:SLC9A6:SMC1A:SOX3:STAG2:SYN1:SYP:TBX22:TIMM8A:TMLHE:TSPAN7:UBE2A:UPF3B:USP9X:WAS:WDR45:XIAP:XIST:ZC4H2:ZDHHC9:ZIC3:ZNF41:ZNF711	1	0
SUBSET OF 211 GENES: APP	1	0
SUBSET OF 211 GENES: EBF3	1	1
SUBSET OF 211 GENES: GATA4	1	1
SUBSET OF 211 GENES: NSD2	1	1
SUBSET OF 211 GENES: PALB2	1	1
SUBSET OF 2111 GENES: ABCD1:ACSL4:AFF2:ALG13:AR:ARHGEF9:ATP7A:ATRX:AVPR2:BCAP31:BCOR:BRWD3:BTK:CASK:CCNQ:CD40LG:CHM:CHRDL1:CLCN5:COL4A5:CUL4B:CYBB:DCX:DDX3X:DKC1:DLG3:EBP:EDA:EFNB1:F8:F9:FGD1:FLNA:FMR1:FRMD7:FTSJ1:GDI1:GLA:GPC3:GRIA3:HDAC8:HPRT1:IDS:IKBKG:IQSEC2:KDM5C:KDM6A:L1CAM:LAMP2:MAGT1:MAOA:MECP2:MED12:MTM1:NAA10:NDP:NEXMIF:NONO:NSDHL:NYX:OCRL:OPHN1:OTC:PAK3:PCDH19:PGK1:PHF6:PHF8:PLP1:PORCN:POU3F4:PQBP1:PRPS1:RAB39B:RP2:SH2D1A:SLC16A2:SLC35A2:SLC6A8:SLC9A6:SMC1A:SOX3:STAG2:SYN1:SYP:TBX22:TIMM8A:TMLHE:TSPAN7:UBE2A:UPF3B:USP9X:WAS:WDR45:XIAP:XIST:ZC4H2:ZDHHC9:ZIC3:ZNF41:ZNF711	1	0
SUBSET OF 212 GENES: GNB1	1	0
SUBSET OF 213 GENES: ANKRD11	1	0
SUBSET OF 213 GENES: ARID1B	1	1
SUBSET OF 213 GENES: CYLD:SALL1	2	1
SUBSET OF 213 GENES: FOXC1	1	0
SUBSET OF 213 GENES: NPRL3	1	1
SUBSET OF 213 GENES: SHANK3	1	0
SUBSET OF 213 GENES: TERT	1	0
SUBSET OF 2139 GENES: CACNA1A:CIC:ERF:KMT2B:NFIX:PRKCSH:RPS19	1	0
SUBSET OF 214 GENES: ABCD1:AVPR2:BCAP31:CCNQ:DKC1:F8:FLNA:GDI1:IKBKG:L1CAM:MECP2:NAA10:RAB39B:SLC6A8:TMLHE	1	0
SUBSET OF 214 GENES: BRCA2:NBEA	1	0
SUBSET OF 214 GENES: CAMK2B:CDK13:GLI3	1	1
SUBSET OF 214 GENES: CYLD:SALL1	2	1
SUBSET OF 214 GENES: DMRT1	1	1
SUBSET OF 214 GENES: DPP6:KCNH2:KMT2C	1	0
SUBSET OF 214 GENES: FOXL2	1	0
SUBSET OF 214 GENES: SDHB:SPEN	1	1
SUBSET OF 214 GENES: SHANK3	1	1
SUBSET OF 214 GENES: SRSF11	1	0
SUBSET OF 214 GENES: TERT	1	0
SUBSET OF 215 GENES: DLG4:KDM6B:TP53	1	1
SUBSET OF 215 GENES: MAGEL2:SNURF:UBE3A	2	1
SUBSET OF 2157 GENES: AHDC1:ARID1A:CAMTA1:CASZ1:CHD5:GNB1:RERE:SDHB:SPEN	1	1
SUBSET OF 216 GENES: APP	2	0
SUBSET OF 216 GENES: CLCN5:EBP:FTSJ1:PORCN:PQBP1:SLC35A2:SYP:WAS:WDR45	1	1
SUBSET OF 216 GENES: GDF5	1	0
SUBSET OF 216 GENES: RB1	1	1
SUBSET OF 217 GENES: BRCA2:NBEA	1	0
SUBSET OF 217 GENES: CIC:ERF:RPS19	1	1
SUBSET OF 217 GENES: DMRT1	1	0
SUBSET OF 217 GENES: MEG3	1	0
SUBSET OF 217 GENES: MYLK	1	0
SUBSET OF 218 GENES: APP	1	0
SUBSET OF 218 GENES: ARX:CDKL5:CNKSR2:DMD:GK:IL1RAPL1:NHS:NR0B1:PDHA1:PHEX:PTCHD1:RPS6KA3:RS1:SMS	1	0
SUBSET OF 218 GENES: FLCN:PMP22:RAI1	1	0
SUBSET OF 218 GENES: HOXD13	1	0
SUBSET OF 218 GENES: NR3C2	1	1
SUBSET OF 219 GENES: BMP4:GCH1	1	1
SUBSET OF 219 GENES: CTCF	1	1
SUBSET OF 219 GENES: DMRT1	2	0
SUBSET OF 219 GENES: FLCN:RAI1	1	1
SUBSET OF 219 GENES: GJA5	1	1
SUBSET OF 22 GENES: ATP7A:ATRX:MAGT1:PGK1	1	1
SUBSET OF 22 GENES: BRCA2	1	0
SUBSET OF 22 GENES: CASK:DDX3X:NYX	1	1
SUBSET OF 22 GENES: F8:RAB39B	1	0
SUBSET OF 22 GENES: F9:SOX3	1	1
SUBSET OF 22 GENES: GJA8	1	0
SUBSET OF 22 GENES: GLI3	1	0
SUBSET OF 220 GENES: GATA4	1	0
SUBSET OF 220 GENES: MAGEL2:SNURF:UBE3A	1	0
SUBSET OF 221 GENES: ACTC1:MEIS2:SPRED1	1	1
SUBSET OF 221 GENES: ANKRD11	1	1
SUBSET OF 221 GENES: APP	1	0
SUBSET OF 221 GENES: CACNA1C	1	0
SUBSET OF 221 GENES: DMRT1	2	0
SUBSET OF 221 GENES: MAGEL2:SNURF:UBE3A	1	1
SUBSET OF 221 GENES: PAFAH1B1	1	1
SUBSET OF 221 GENES: RPS26	1	0
SUBSET OF 222 GENES: ELN	1	0
SUBSET OF 222 GENES: FLCN:RAI1	1	0
SUBSET OF 222 GENES: PAX5:TPM2	1	0
SUBSET OF 2220 GENES: CNTNAP2:DPP6:FLNC:FOXP2:KCNH2:KMT2C:KMT2E:MNX1:POT1:SHH:TRRAP:UBN2	1	0
SUBSET OF 223 GENES: ATR:FOXL2	1	1
SUBSET OF 223 GENES: IGF1R	1	1
SUBSET OF 223 GENES: MAGEL2:SNURF:UBE3A	1	1
SUBSET OF 223 GENES: MSX1:NSD2	1	0
SUBSET OF 223 GENES: PPP2R5D:VEGFA	1	1
SUBSET OF 223 GENES: SYNCRIP:ZNF292	1	1
SUBSET OF 224 GENES: CHD7:YTHDF3	1	0
SUBSET OF 224 GENES: SHANK3	3	1
SUBSET OF 224 GENES: SMARCB1	1	1
SUBSET OF 224 GENES: STK11	1	1
SUBSET OF 225 GENES: MAP2K2	1	0
SUBSET OF 225 GENES: SMARCB1	2	1
SUBSET OF 226 GENES: ACSL4:BTK:CHRDL1:COL4A5:DCX:GLA:NXF5:PAK3:PLP1:PRPS1:TIMM8A	1	0
SUBSET OF 226 GENES: APC	1	1
SUBSET OF 226 GENES: CACNA1C	1	0
SUBSET OF 226 GENES: CTNNA1:PURA	1	0
SUBSET OF 226 GENES: DMRT1	1	0
SUBSET OF 226 GENES: DSCAM:DYRK1A	1	1
SUBSET OF 227 GENES: ALX4:EXT2:PHF21A	1	1
SUBSET OF 227 GENES: CAMTA1:CHD5	1	1
SUBSET OF 227 GENES: DMRT1	1	0
SUBSET OF 227 GENES: DPP6:KMT2C:MNX1:SHH	1	0
SUBSET OF 227 GENES: NPRL3	1	0
SUBSET OF 227 GENES: PAX9	1	0
SUBSET OF 227 GENES: TERT	1	1
SUBSET OF 228 GENES: DMRT1	1	0
SUBSET OF 228 GENES: DPP6:KMT2C:MNX1:SHH	1	1
SUBSET OF 228 GENES: FGF12:TP63	1	1
SUBSET OF 228 GENES: FLCN:RAI1	1	0
SUBSET OF 228 GENES: HOXD13:TTN	1	0
SUBSET OF 228 GENES: PAFAH1B1	1	0
SUBSET OF 229 GENES: ABCB4:SEMA3A:SGCE	1	0
SUBSET OF 229 GENES: AKT3:HNRNPU:ZBTB18	1	1
SUBSET OF 229 GENES: DLL1:ERMARD	1	1
SUBSET OF 229 GENES: EHMT1	1	1
SUBSET OF 229 GENES: IGF1R	1	0
SUBSET OF 229 GENES: KCNA2	1	0
SUBSET OF 229 GENES: MAGEL2:SNURF:UBE3A	1	1
SUBSET OF 229 GENES: SHANK3	1	0
SUBSET OF 229 GENES: SMARCB1	1	1
SUBSET OF 229 GENES: TBX1	2	2
SUBSET OF 229 GENES: TERT	1	1
SUBSET OF 23 GENES: CDC73	1	1
SUBSET OF 23 GENES: CHM:ZNF711	3	3
SUBSET OF 23 GENES: EHMT1	3	3
SUBSET OF 23 GENES: FOXP2	1	1
SUBSET OF 23 GENES: GRIN2A	1	0
SUBSET OF 23 GENES: MBD5	1	0
SUBSET OF 23 GENES: MEF2C	1	1
SUBSET OF 23 GENES: MYBPC3	1	0
SUBSET OF 23 GENES: PMP22	1	0
SUBSET OF 23 GENES: PTCH1	1	1
SUBSET OF 23 GENES: STK11	1	1
SUBSET OF 23 GENES: STS	1	0
SUBSET OF 230 GENES: CHD7	1	0
SUBSET OF 230 GENES: TBX1	1	0
SUBSET OF 230 GENES: TERT	1	0
SUBSET OF 230 GENES: TFAP2B	1	0
SUBSET OF 231 GENES: CDK13:TBX20	1	0
SUBSET OF 231 GENES: DLG4:KDM6B:TP53	1	1
SUBSET OF 231 GENES: FOXC2:FOXF1	1	1
SUBSET OF 231 GENES: MAGEL2:SNURF:UBE3A	1	1
SUBSET OF 231 GENES: SHANK3	1	0
SUBSET OF 231 GENES: TBX1	2	0
SUBSET OF 232 GENES: APC	1	0
SUBSET OF 232 GENES: DMRT1	1	0
SUBSET OF 232 GENES: EYA1:YTHDF3	1	1
SUBSET OF 232 GENES: FLCN:PMP22:RAI1	1	1
SUBSET OF 232 GENES: TAB2	1	1
SUBSET OF 233 GENES: AKT3:HNRNPU:ZBTB18	1	0
SUBSET OF 233 GENES: CAMK2B:CDK13:GLI3	1	0
SUBSET OF 233 GENES: IGF1R	1	0
SUBSET OF 233 GENES: KCNQ2	1	0
SUBSET OF 233 GENES: SHANK3	1	1
SUBSET OF 233 GENES: TRRAP	1	1
SUBSET OF 234 GENES: CHAMP1	1	1
SUBSET OF 234 GENES: DMRT1	4	1
SUBSET OF 234 GENES: EDNRB	1	0
SUBSET OF 234 GENES: GNB1	1	0
SUBSET OF 234 GENES: TERT	2	0
SUBSET OF 235 GENES: GATA4	1	1
SUBSET OF 235 GENES: PALB2:SH2B1	1	0
SUBSET OF 235 GENES: TGIF1	1	0
SUBSET OF 236 GENES: DMRT1	1	0
SUBSET OF 236 GENES: FLNC	1	1
SUBSET OF 236 GENES: TBX1	1	1
SUBSET OF 237 GENES: FOXP1:MITF	1	1
SUBSET OF 237 GENES: GNB1	1	0
SUBSET OF 237 GENES: HDAC4	1	0
SUBSET OF 238 GENES: AKT3:HNRNPU:ZBTB18	1	1
SUBSET OF 238 GENES: CTNNA1	1	0
SUBSET OF 238 GENES: DMRT1	8	3
SUBSET OF 238 GENES: EBF3	1	0
SUBSET OF 238 GENES: SHANK3	1	1
SUBSET OF 238 GENES: TBX1	1	1
SUBSET OF 239 GENES: FGF12:TP63	1	0
SUBSET OF 239 GENES: PAX9	1	1
SUBSET OF 239 GENES: SIN3A	1	1
SUBSET OF 239 GENES: ZFPM2	1	0
SUBSET OF 24 GENES: CYBB:DMD	1	0
SUBSET OF 24 GENES: ELN	1	0
SUBSET OF 24 GENES: PKP2	1	1
SUBSET OF 24 GENES: PLP1	1	0
SUBSET OF 24 GENES: RASA1	1	0
SUBSET OF 24 GENES: RBFOX1	1	1
SUBSET OF 24 GENES: SCN1A:SCN2A	1	1
SUBSET OF 24 GENES: STS	1	1
SUBSET OF 24 GENES: TCF4	1	1
SUBSET OF 24 GENES: TP63	1	1
SUBSET OF 240 GENES: AKT3:HNRNPU:ZBTB18	1	1
SUBSET OF 240 GENES: CDKN1B:ETV6:GRIN2B	1	0
SUBSET OF 240 GENES: GNB1	1	1
SUBSET OF 241 GENES: CYLD:SALL1	1	1
SUBSET OF 241 GENES: GNB1	1	0
SUBSET OF 241 GENES: MBD5:NR4A2:ZEB2	1	0
SUBSET OF 241 GENES: MYT1L:RPS7:SOX11	1	1
SUBSET OF 241 GENES: SET	1	1
SUBSET OF 242 GENES: FLCN:RAI1	1	0
SUBSET OF 242 GENES: PAK2	1	0
SUBSET OF 242 GENES: TGIF1	1	1
SUBSET OF 243 GENES: BTK:CHM:COL4A5:GLA:NXF5:PCDH19:PLP1:PRPS1:TIMM8A:ZNF711	1	0
SUBSET OF 243 GENES: FLCN:RAI1	1	1
SUBSET OF 243 GENES: SHANK3	1	0
SUBSET OF 244 GENES: FLCN:RAI1	5	3
SUBSET OF 244 GENES: GATA4	1	0
SUBSET OF 244 GENES: TAF13	1	1
SUBSET OF 245 GENES: EBF3	1	0
SUBSET OF 245 GENES: FLCN:RAI1	2	1
SUBSET OF 246 GENES: AKT3:HNRNPU:ZBTB18	1	0
SUBSET OF 246 GENES: FLCN:PMP22:RAI1	1	1
SUBSET OF 246 GENES: FLCN:RAI1	1	0
SUBSET OF 246 GENES: GNB1	1	0
SUBSET OF 246 GENES: PKP2:PTHLH	1	0
SUBSET OF 246 GENES: SIN3A	1	0
SUBSET OF 246 GENES: TGIF1	1	0
SUBSET OF 247 GENES: CDKN2A:ELAVL2:MTAP:NFIB	1	1
SUBSET OF 247 GENES: CNOT1:GNAO1	1	0
SUBSET OF 247 GENES: FLCN:RAI1	3	1
SUBSET OF 247 GENES: GNB1	2	1
SUBSET OF 247 GENES: KCNQ2	1	0
SUBSET OF 247 GENES: KIF11:LGI1	1	1
SUBSET OF 247 GENES: NAF1	1	0
SUBSET OF 247 GENES: PAFAH1B1	1	0
SUBSET OF 248 GENES: DIP2A	1	1
SUBSET OF 248 GENES: DLL1:ERMARD	1	1
SUBSET OF 248 GENES: FLCN:RAI1	6	3
SUBSET OF 248 GENES: PKD2:WDFY3	1	0
SUBSET OF 249 GENES: ABCD1:AVPR2:BCAP31:CCNQ:DKC1:F8:FLNA:GDI1:IKBKG:L1CAM:MECP2:NAA10:NSDHL:RAB39B:SLC6A8:TMLHE	1	0
SUBSET OF 249 GENES: FLCN:RAI1	2	2
SUBSET OF 249 GENES: GNB1	2	2
SUBSET OF 25 GENES: ANKRD11	2	2
SUBSET OF 25 GENES: CD40LG:ZIC3	1	1
SUBSET OF 25 GENES: CHAMP1	1	1
SUBSET OF 25 GENES: EHMT1	1	1
SUBSET OF 25 GENES: MECP2	1	1
SUBSET OF 25 GENES: NSD2	1	0
SUBSET OF 25 GENES: PMP22	5	1
SUBSET OF 25 GENES: STS	2	0
SUBSET OF 250 GENES: EYA1:ZFHX4	1	0
SUBSET OF 250 GENES: FGF10:NIPBL	1	1
SUBSET OF 250 GENES: FLCN:RAI1	11	5
SUBSET OF 250 GENES: GNB1	1	0
SUBSET OF 250 GENES: SYNCRIP:ZNF292	1	0
SUBSET OF 250 GENES: TGIF1	1	0
SUBSET OF 250 GENES: TWIST1	1	0
SUBSET OF 251 GENES: FLCN:RAI1	1	0
SUBSET OF 251 GENES: FOXP2:POT1	1	1
SUBSET OF 251 GENES: GATA2	1	0
SUBSET OF 251 GENES: KCNQ2	1	0
SUBSET OF 251 GENES: TGIF1	1	0
SUBSET OF 252 GENES: ACSL4:BTK:CHRDL1:COL4A5:DCX:GLA:NXF5:PAK3:PCDH19:PLP1:PRPS1:TIMM8A	1	0
SUBSET OF 252 GENES: DMRT1	1	0
SUBSET OF 252 GENES: ELN:SEMA3A	1	1
SUBSET OF 252 GENES: ENG:LMX1B:STXBP1	1	0
SUBSET OF 252 GENES: FLCN:RAI1	1	1
SUBSET OF 252 GENES: GNB1	1	0
SUBSET OF 252 GENES: HDAC4	1	1
SUBSET OF 252 GENES: KCNQ2	1	1
SUBSET OF 253 GENES: BAG3:EMX2:TCF7L2	1	0
SUBSET OF 253 GENES: DLL1:ERMARD	1	1
SUBSET OF 253 GENES: FLCN:RAI1	2	0
SUBSET OF 253 GENES: HDAC4	1	1
SUBSET OF 2530 GENES: ADNP:ASXL1:CSNK2A1:GDF5:GNAS:HNF4A:JAG1:KCNQ2:RALGAPB:SALL4:TUBB1	1	0
SUBSET OF 254 GENES: EBF3	1	0
SUBSET OF 254 GENES: FLCN:RAI1	3	1
SUBSET OF 254 GENES: KIT	1	1
SUBSET OF 254 GENES: NSD2	1	1
SUBSET OF 255 GENES: CSMD1	1	0
SUBSET OF 255 GENES: FLCN:RAI1	1	1
SUBSET OF 255 GENES: GNB1	1	1
SUBSET OF 255 GENES: NR2F1	1	1
SUBSET OF 255 GENES: NSD2	1	0
SUBSET OF 255 GENES: PKD2:WDFY3	1	1
SUBSET OF 255 GENES: TGFBR1:ZNF462	1	0
SUBSET OF 256 GENES: AKT3:HNRNPU:ZBTB18	1	1
SUBSET OF 256 GENES: DMRT1:RFX3	1	1
SUBSET OF 256 GENES: FOXP2:POT1	1	0
SUBSET OF 256 GENES: GNB1	1	1
SUBSET OF 256 GENES: HIVEP3:SLC2A1	1	1
SUBSET OF 256 GENES: NPRL3	1	1
SUBSET OF 256 GENES: NUS1	1	1
SUBSET OF 257 GENES: ALX4:EXT2:MYBPC3:PHF21A	1	0
SUBSET OF 257 GENES: ASXL1:GDF5	1	0
SUBSET OF 257 GENES: CNTNAP5:GLI2	1	0
SUBSET OF 257 GENES: CSMD1	1	1
SUBSET OF 257 GENES: DMRT1	1	1
SUBSET OF 257 GENES: GNB1	1	0
SUBSET OF 257 GENES: MAGEL2:SNURF:UBE3A	1	1
SUBSET OF 257 GENES: NFIA:SRSF11	1	1
SUBSET OF 258 GENES: APP	1	1
SUBSET OF 258 GENES: CSMD1	1	0
SUBSET OF 258 GENES: FOXC1	1	0
SUBSET OF 258 GENES: GATA4	2	0
SUBSET OF 2586 GENES: DSP:FOXC1:JARID2:NEDD9:PPP2R5D:RPS10:RUNX2:SYNGAP1:VEGFA	1	0
SUBSET OF 259 GENES: CAPRIN1:PAX6:SLC1A2:WT1	1	0
SUBSET OF 259 GENES: DLL1:ERMARD	1	1
SUBSET OF 259 GENES: FGF10:NIPBL	1	1
SUBSET OF 259 GENES: GATA4	1	0
SUBSET OF 2598 GENES: ABCD1:ACSL4:AFF2:ALG13:ANOS1:AP1S2:AR:ARHGEF9:ARX:ATP7A:ATRX:AVPR2:BCAP31:BCOR:BRWD3:BTK:CASK:CCNQ:CD40LG:CDKL5:CHM:CHRDL1:CLCN4:CLCN5:CNKSR2:COL4A5:CUL4B:CYBB:DCX:DDX3X:DKC1:DLG3:DMD:EBP:EDA:EFNB1:F8:F9:FANCB:FGD1:FLNA:FMR1:FRMD7:FTSJ1:GDI1:GK:GLA:GPC3:GRIA3:HCCS:HDAC8:HPRT1:IDS:IKBKG:IL1RAPL1:IQSEC2:KDM5C:KDM6A:L1CAM:LAMP2:MAGT1:MAOA:MECP2:MED12:MID1:MSL3:MTM1:NAA10:NDP:NEXMIF:NHS:NLGN4X:NONO:NR0B1:NSDHL:NYX:OCRL:OFD1:OPHN1:OTC:PAK3:PCDH19:PDHA1:PGK1:PHEX:PHF6:PHF8:PIGA:PLP1:PORCN:POU3F4:PQBP1:PRPS1:PTCHD1:RAB39B:RP2:RPS6KA3:RS1:SH2D1A:SLC16A2:SLC35A2:SLC6A8:SLC9A6:SMC1A:SMS:SOX3:STAG2:STS:SYN1:SYP:TBX22:TIMM8A:TMLHE:TRAPPC2:TSPAN7:UBE2A:UPF3B:USP9X:WAS:WDR45:XIAP:XIST:ZC4H2:ZDHHC9:ZIC3:ZNF41:ZNF711	1	1
SUBSET OF 26 GENES: ARID1B	1	1
SUBSET OF 26 GENES: ARSL	1	0
SUBSET OF 26 GENES: AUTS2	1	0
SUBSET OF 26 GENES: CYBB:DMD	1	1
SUBSET OF 26 GENES: EHMT1	4	4
SUBSET OF 26 GENES: FOXC1	1	1
SUBSET OF 26 GENES: GJA5	1	1
SUBSET OF 26 GENES: PAFAH1B1	1	0
SUBSET OF 26 GENES: PAX6	1	0
SUBSET OF 26 GENES: PMP22	3	2
SUBSET OF 26 GENES: STS	12	7
SUBSET OF 260 GENES: DMRT1	1	1
SUBSET OF 260 GENES: EDNRB	1	0
SUBSET OF 260 GENES: GATA4	1	1
SUBSET OF 2606 GENES: ABCD1:ACSL4:AFF2:ALG13:ANOS1:AP1S2:AR:ARHGEF9:ARSL:ARX:ATP7A:ATRX:AVPR2:BCAP31:BCOR:BRWD3:BTK:CASK:CCNQ:CD40LG:CDKL5:CHM:CHRDL1:CLCN4:CLCN5:CNKSR2:COL4A5:CUL4B:CYBB:DCX:DDX3X:DKC1:DLG3:DMD:EBP:EDA:EFNB1:F8:F9:FANCB:FGD1:FLNA:FMR1:FRMD7:FTSJ1:GDI1:GK:GLA:GPC3:GRIA3:HCCS:HDAC8:HPRT1:IDS:IKBKG:IL1RAPL1:IQSEC2:KDM5C:KDM6A:L1CAM:LAMP2:MAGT1:MAOA:MECP2:MED12:MID1:MSL3:MTM1:NAA10:NDP:NEXMIF:NHS:NLGN4X:NONO:NR0B1:NSDHL:NYX:OCRL:OFD1:OPHN1:OTC:PAK3:PCDH19:PDHA1:PGK1:PHEX:PHF6:PHF8:PIGA:PLP1:PORCN:POU3F4:PQBP1:PRPS1:PTCHD1:RAB39B:RP2:RPS6KA3:RS1:SH2D1A:SLC16A2:SLC35A2:SLC6A8:SLC9A6:SMC1A:SMS:SOX3:STAG2:STS:SYN1:SYP:TBX22:TIMM8A:TMLHE:TRAPPC2:TSPAN7:UBE2A:UPF3B:USP9X:WAS:WDR45:XIAP:XIST:ZC4H2:ZDHHC9:ZIC3:ZNF41:ZNF711	2	0
SUBSET OF 2608 GENES: ABCD1:ACSL4:AFF2:ALG13:ANOS1:AP1S2:AR:ARHGEF9:ARSL:ARX:ATP7A:ATRX:AVPR2:BCAP31:BCOR:BRWD3:BTK:CASK:CCNQ:CD40LG:CDKL5:CHM:CHRDL1:CLCN4:CLCN5:CNKSR2:COL4A5:CUL4B:CYBB:DCX:DDX3X:DKC1:DLG3:DMD:EBP:EDA:EFNB1:F8:F9:FANCB:FGD1:FLNA:FMR1:FRMD7:FTSJ1:GDI1:GK:GLA:GPC3:GRIA3:HCCS:HDAC8:HPRT1:IDS:IKBKG:IL1RAPL1:IQSEC2:KDM5C:KDM6A:L1CAM:LAMP2:MAGT1:MAOA:MECP2:MED12:MID1:MSL3:MTM1:NAA10:NDP:NEXMIF:NHS:NLGN4X:NONO:NR0B1:NSDHL:NYX:OCRL:OFD1:OPHN1:OTC:PAK3:PCDH19:PDHA1:PGK1:PHEX:PHF6:PHF8:PIGA:PLP1:PORCN:POU3F4:PQBP1:PRPS1:PTCHD1:RAB39B:RP2:RPS6KA3:RS1:SH2D1A:SLC16A2:SLC35A2:SLC6A8:SLC9A6:SMC1A:SMS:SOX3:STAG2:STS:SYN1:SYP:TBX22:TIMM8A:TMLHE:TRAPPC2:TSPAN7:UBE2A:UPF3B:USP9X:WAS:WDR45:XIAP:XIST:ZC4H2:ZDHHC9:ZIC3:ZNF41:ZNF711	1	1
SUBSET OF 261 GENES: ALX4:EXT2:MYBPC3:PHF21A	1	0
SUBSET OF 261 GENES: CSMD1	1	0
SUBSET OF 261 GENES: DMRT1:NFIB	1	0
SUBSET OF 261 GENES: EBF3	1	0
SUBSET OF 261 GENES: FOXC1	1	1
SUBSET OF 261 GENES: GATA4	1	1
SUBSET OF 261 GENES: NSD2	1	0
SUBSET OF 2611 GENES: ABCD1:ACSL4:AFF2:ALG13:ANOS1:AP1S2:AR:ARHGEF9:ARSL:ARX:ATP7A:ATRX:AVPR2:BCAP31:BCOR:BRWD3:BTK:CASK:CCNQ:CD40LG:CDKL5:CHM:CHRDL1:CLCN4:CLCN5:CNKSR2:COL4A5:CUL4B:CYBB:DCX:DDX3X:DKC1:DLG3:DMD:EBP:EDA:EFNB1:F8:F9:FANCB:FGD1:FLNA:FMR1:FRMD7:FTSJ1:GDI1:GK:GLA:GPC3:GRIA3:HCCS:HDAC8:HPRT1:IDS:IKBKG:IL1RAPL1:IQSEC2:KDM5C:KDM6A:L1CAM:LAMP2:MAGT1:MAOA:MECP2:MED12:MID1:MSL3:MTM1:NAA10:NDP:NEXMIF:NHS:NLGN4X:NONO:NR0B1:NSDHL:NYX:OCRL:OFD1:OPHN1:OTC:PAK3:PCDH19:PDHA1:PGK1:PHEX:PHF6:PHF8:PIGA:PLP1:PORCN:POU3F4:PQBP1:PRPS1:PTCHD1:RAB39B:RP2:RPS6KA3:RS1:SH2D1A:SLC16A2:SLC35A2:SLC6A8:SLC9A6:SMC1A:SMS:SOX3:STAG2:STS:SYN1:SYP:TBX22:TIMM8A:TMLHE:TRAPPC2:TSPAN7:UBE2A:UPF3B:USP9X:WAS:WDR45:XIAP:XIST:ZC4H2:ZDHHC9:ZIC3:ZNF41:ZNF711	1	1
SUBSET OF 2617 GENES: ABCD1:ACSL4:AFF2:ALG13:ANOS1:AP1S2:AR:ARHGEF9:ARSL:ARX:ATP7A:ATRX:AVPR2:BCAP31:BCOR:BRWD3:BTK:CASK:CCNQ:CD40LG:CDKL5:CHM:CHRDL1:CLCN4:CLCN5:CNKSR2:COL4A5:CUL4B:CYBB:DCX:DDX3X:DKC1:DLG3:DMD:EBP:EDA:EFNB1:F8:F9:FANCB:FGD1:FLNA:FMR1:FRMD7:FTSJ1:GDI1:GK:GLA:GPC3:GRIA3:HCCS:HDAC8:HPRT1:IDS:IKBKG:IL1RAPL1:IQSEC2:KDM5C:KDM6A:L1CAM:LAMP2:MAGT1:MAOA:MECP2:MED12:MID1:MSL3:MTM1:NAA10:NDP:NEXMIF:NHS:NLGN4X:NONO:NR0B1:NSDHL:NYX:OCRL:OFD1:OPHN1:OTC:PAK3:PCDH19:PDHA1:PGK1:PHEX:PHF6:PHF8:PIGA:PLP1:PORCN:POU3F4:PQBP1:PRPS1:PTCHD1:RAB39B:RP2:RPS6KA3:RS1:SH2D1A:SLC16A2:SLC35A2:SLC6A8:SLC9A6:SMC1A:SMS:SOX3:STAG2:STS:SYN1:SYP:TBX22:TIMM8A:TMLHE:TRAPPC2:TSPAN7:UBE2A:UPF3B:USP9X:WAS:WDR45:XIAP:XIST:ZC4H2:ZDHHC9:ZIC3:ZNF41:ZNF711	1	0
SUBSET OF 262 GENES: BCLAF1	1	1
SUBSET OF 262 GENES: CHEK2:NF2	1	0
SUBSET OF 262 GENES: GNB1	1	0
SUBSET OF 262 GENES: MECOM:TERC	1	1
SUBSET OF 262 GENES: SIN3A	1	1
SUBSET OF 2625 GENES: ABCD1:ACSL4:AFF2:ALG13:ANOS1:AP1S2:AR:ARHGEF9:ARSL:ARX:ATP7A:ATRX:AVPR2:BCAP31:BCOR:BRWD3:BTK:CASK:CCNQ:CD40LG:CDKL5:CHM:CHRDL1:CLCN4:CLCN5:CNKSR2:COL4A5:CUL4B:CYBB:DCX:DDX3X:DKC1:DLG3:DMD:EBP:EDA:EFNB1:F8:F9:FANCB:FGD1:FLNA:FMR1:FRMD7:FTSJ1:GDI1:GK:GLA:GPC3:GRIA3:HCCS:HDAC8:HPRT1:IDS:IKBKG:IL1RAPL1:IQSEC2:KDM5C:KDM6A:L1CAM:LAMP2:MAGT1:MAOA:MECP2:MED12:MID1:MSL3:MTM1:NAA10:NDP:NEXMIF:NHS:NLGN4X:NONO:NR0B1:NSDHL:NYX:OCRL:OFD1:OPHN1:OTC:PAK3:PCDH19:PDHA1:PGK1:PHEX:PHF6:PHF8:PIGA:PLP1:PORCN:POU3F4:PQBP1:PRPS1:PTCHD1:RAB39B:RP2:RPS6KA3:RS1:SH2D1A:SLC16A2:SLC35A2:SLC6A8:SLC9A6:SMC1A:SMS:SOX3:STAG2:STS:SYN1:SYP:TBX22:TIMM8A:TMLHE:TRAPPC2:TSPAN7:UBE2A:UPF3B:USP9X:WAS:WDR45:XIAP:XIST:ZC4H2:ZDHHC9:ZIC3:ZNF41:ZNF711	1	0
SUBSET OF 263 GENES: CACNA1A:NFIX	1	1
SUBSET OF 263 GENES: CHAMP1	1	1
SUBSET OF 263 GENES: EBP:FTSJ1:KDM6A:PORCN:PQBP1:RP2:SLC35A2:SYN1:SYP:WAS:WDR45:ZNF41	1	0
SUBSET OF 263 GENES: GATA4	1	1
SUBSET OF 263 GENES: SHANK3	1	0
SUBSET OF 2642 GENES: ABCD1:ACSL4:AFF2:ALG13:ANOS1:AP1S2:AR:ARHGEF9:ARSL:ARX:ATP7A:ATRX:AVPR2:BCAP31:BCOR:BRWD3:BTK:CASK:CCNQ:CD40LG:CDKL5:CHM:CHRDL1:CLCN4:CLCN5:CNKSR2:COL4A5:CUL4B:CYBB:DCX:DDX3X:DKC1:DLG3:DMD:EBP:EDA:EFNB1:F8:F9:FANCB:FGD1:FLNA:FMR1:FRMD7:FTSJ1:GDI1:GK:GLA:GPC3:GRIA3:HCCS:HDAC8:HPRT1:IDS:IKBKG:IL1RAPL1:IQSEC2:KDM5C:KDM6A:L1CAM:LAMP2:MAGT1:MAOA:MECP2:MED12:MID1:MSL3:MTM1:NAA10:NDP:NEXMIF:NHS:NLGN4X:NONO:NR0B1:NSDHL:NYX:OCRL:OFD1:OPHN1:OTC:PAK3:PCDH19:PDHA1:PGK1:PHEX:PHF6:PHF8:PIGA:PLP1:PORCN:POU3F4:PQBP1:PRPS1:PTCHD1:RAB39B:RP2:RPS6KA3:RS1:SH2D1A:SHOX:SLC16A2:SLC35A2:SLC6A8:SLC9A6:SMC1A:SMS:SOX3:STAG2:STS:SYN1:SYP:TBX22:TIMM8A:TMLHE:TRAPPC2:TSPAN7:UBE2A:UPF3B:USP9X:WAS:WDR45:XIAP:XIST:ZC4H2:ZDHHC9:ZIC3:ZNF41:ZNF711	2	2
SUBSET OF 2645 GENES: ABCD1:ACSL4:AFF2:ALG13:ANOS1:AP1S2:AR:ARHGEF9:ARSL:ARX:ATP7A:ATRX:AVPR2:BCAP31:BCOR:BRWD3:BTK:CASK:CCNQ:CD40LG:CDKL5:CHM:CHRDL1:CLCN4:CLCN5:CNKSR2:COL4A5:CUL4B:CYBB:DCX:DDX3X:DKC1:DLG3:DMD:EBP:EDA:EFNB1:F8:F9:FANCB:FGD1:FLNA:FMR1:FRMD7:FTSJ1:GDI1:GK:GLA:GPC3:GRIA3:HCCS:HDAC8:HPRT1:IDS:IKBKG:IL1RAPL1:IQSEC2:KDM5C:KDM6A:L1CAM:LAMP2:MAGT1:MAOA:MECP2:MED12:MID1:MSL3:MTM1:NAA10:NDP:NEXMIF:NHS:NLGN4X:NONO:NR0B1:NSDHL:NYX:OCRL:OFD1:OPHN1:OTC:PAK3:PCDH19:PDHA1:PGK1:PHEX:PHF6:PHF8:PIGA:PLP1:PORCN:POU3F4:PQBP1:PRPS1:PTCHD1:RAB39B:RP2:RPS6KA3:RS1:SH2D1A:SHOX:SLC16A2:SLC35A2:SLC6A8:SLC9A6:SMC1A:SMS:SOX3:STAG2:STS:SYN1:SYP:TBX22:TIMM8A:TMLHE:TRAPPC2:TSPAN7:UBE2A:UPF3B:USP9X:WAS:WDR45:XIAP:XIST:ZC4H2:ZDHHC9:ZIC3:ZNF41:ZNF711	5	4
SUBSET OF 2646 GENES: ABCD1:ACSL4:AFF2:ALG13:ANOS1:AP1S2:AR:ARHGEF9:ARSL:ARX:ATP7A:ATRX:AVPR2:BCAP31:BCOR:BRWD3:BTK:CASK:CCNQ:CD40LG:CDKL5:CHM:CHRDL1:CLCN4:CLCN5:CNKSR2:COL4A5:CUL4B:CYBB:DCX:DDX3X:DKC1:DLG3:DMD:EBP:EDA:EFNB1:F8:F9:FANCB:FGD1:FLNA:FMR1:FRMD7:FTSJ1:GDI1:GK:GLA:GPC3:GRIA3:HCCS:HDAC8:HPRT1:IDS:IKBKG:IL1RAPL1:IQSEC2:KDM5C:KDM6A:L1CAM:LAMP2:MAGT1:MAOA:MECP2:MED12:MID1:MSL3:MTM1:NAA10:NDP:NEXMIF:NHS:NLGN4X:NONO:NR0B1:NSDHL:NYX:OCRL:OFD1:OPHN1:OTC:PAK3:PCDH19:PDHA1:PGK1:PHEX:PHF6:PHF8:PIGA:PLP1:PORCN:POU3F4:PQBP1:PRPS1:PTCHD1:RAB39B:RP2:RPS6KA3:RS1:SH2D1A:SHOX:SLC16A2:SLC35A2:SLC6A8:SLC9A6:SMC1A:SMS:SOX3:STAG2:STS:SYN1:SYP:TBX22:TIMM8A:TMLHE:TRAPPC2:TSPAN7:UBE2A:UPF3B:USP9X:WAS:WDR45:XIAP:XIST:ZC4H2:ZDHHC9:ZIC3:ZNF41:ZNF711	14	3
SUBSET OF 2647 GENES: ABCD1:ACSL4:AFF2:ALG13:ANOS1:AP1S2:AR:ARHGEF9:ARSL:ARX:ATP7A:ATRX:AVPR2:BCAP31:BCOR:BRWD3:BTK:CASK:CCNQ:CD40LG:CDKL5:CHM:CHRDL1:CLCN4:CLCN5:CNKSR2:COL4A5:CUL4B:CYBB:DCX:DDX3X:DKC1:DLG3:DMD:EBP:EDA:EFNB1:F8:F9:FANCB:FGD1:FLNA:FMR1:FRMD7:FTSJ1:GDI1:GK:GLA:GPC3:GRIA3:HCCS:HDAC8:HPRT1:IDS:IKBKG:IL1RAPL1:IQSEC2:KDM5C:KDM6A:L1CAM:LAMP2:MAGT1:MAOA:MECP2:MED12:MID1:MSL3:MTM1:NAA10:NDP:NEXMIF:NHS:NLGN4X:NONO:NR0B1:NSDHL:NYX:OCRL:OFD1:OPHN1:OTC:PAK3:PCDH19:PDHA1:PGK1:PHEX:PHF6:PHF8:PIGA:PLP1:PORCN:POU3F4:PQBP1:PRPS1:PTCHD1:RAB39B:RP2:RPS6KA3:RS1:SH2D1A:SHOX:SLC16A2:SLC35A2:SLC6A8:SLC9A6:SMC1A:SMS:SOX3:STAG2:STS:SYN1:SYP:TBX22:TIMM8A:TMLHE:TRAPPC2:TSPAN7:UBE2A:UPF3B:USP9X:WAS:WDR45:XIAP:XIST:ZC4H2:ZDHHC9:ZIC3:ZNF41:ZNF711	8	2
SUBSET OF 265 GENES: AR:ARHGEF9:ATP7A:ATRX:DLG3:EDA:EFNB1:HDAC8:MAGT1:NEXMIF:NONO:OPHN1:PGK1:SLC16A2:XIST:ZC4H2	1	0
SUBSET OF 265 GENES: CREBBP:RBFOX1	1	1
SUBSET OF 2655 GENES: ATR:FGF12:FOXL2:GATA2:MYLK:PAK2:SOX2:STAG1:TBL1XR1:TERC:TP63	1	0
SUBSET OF 266 GENES: BRPF1:ITPR1:SETD5:VHL	1	0
SUBSET OF 266 GENES: GNB1	1	0
SUBSET OF 266 GENES: GPHN:MAX	1	1
SUBSET OF 266 GENES: HDAC4	1	0
SUBSET OF 266 GENES: RORB	1	0
SUBSET OF 266 GENES: SET	1	1
SUBSET OF 267 GENES: AKT3:FH:HNRNPU:ZBTB18	1	1
SUBSET OF 267 GENES: ALX4:EXT2:MYBPC3:PHF21A	1	0
SUBSET OF 267 GENES: CDH1	1	1
SUBSET OF 267 GENES: MAGEL2:SNURF:UBE3A	1	0
SUBSET OF 267 GENES: PAK2	1	1
SUBSET OF 267 GENES: RB1	1	0
SUBSET OF 268 GENES: ANOS1:AP1S2:ARSL:CLCN4:FANCB:HCCS:MID1:MSL3:NLGN4X:OFD1:PIGA:STS:TRAPPC2	1	0
SUBSET OF 268 GENES: CDKN1C:KCNQ1:KCNQ1OT1	1	1
SUBSET OF 268 GENES: CRKL:SMARCB1	1	0
SUBSET OF 268 GENES: NOTCH1	1	1
SUBSET OF 268 GENES: RAD50	1	0
SUBSET OF 269 GENES: ANKRD11	1	1
SUBSET OF 269 GENES: POLE	1	1
SUBSET OF 27 GENES: EHMT1	1	1
SUBSET OF 27 GENES: HNF1B	2	0
SUBSET OF 27 GENES: MYCN	1	0
SUBSET OF 27 GENES: PMP22	11	8
SUBSET OF 27 GENES: SCN1A:SCN2A	1	0
SUBSET OF 27 GENES: SEMA3A	2	1
SUBSET OF 27 GENES: STS	2	1
SUBSET OF 270 GENES: ANKRD11	1	0
SUBSET OF 270 GENES: DSCAM	1	0
SUBSET OF 271 GENES: AR:ARHGEF9:DLG3:EDA:EFNB1:HDAC8:NEXMIF:NONO:OPHN1:SLC16A2:XIST:ZC4H2	1	0
SUBSET OF 271 GENES: DIP2A	1	0
SUBSET OF 272 GENES: GNB1	1	1
SUBSET OF 272 GENES: HDAC4	1	0
SUBSET OF 272 GENES: HIVEP3	1	1
SUBSET OF 272 GENES: PHF2:PTCH1	1	1
SUBSET OF 273 GENES: AKT3:FH:HNRNPU:ZBTB18	1	1
SUBSET OF 273 GENES: ARID1B	1	0
SUBSET OF 273 GENES: CDKN1C:KCNQ1:KCNQ1OT1	1	1
SUBSET OF 273 GENES: CHAMP1	1	1
SUBSET OF 273 GENES: CRKL:TBX1	1	1
SUBSET OF 273 GENES: DPP6:KMT2C:MNX1:SHH	1	0
SUBSET OF 273 GENES: HDAC4	1	0
SUBSET OF 273 GENES: SCN1A:SCN2A	1	1
SUBSET OF 274 GENES: BRPF1:ITPR1:SETD5:VHL	1	0
SUBSET OF 274 GENES: BRSK2:CDKN1C:KCNQ1:KCNQ1OT1	1	1
SUBSET OF 274 GENES: FGFR1:KAT6A	1	1
SUBSET OF 274 GENES: NFIA:SRSF11	1	0
SUBSET OF 274 GENES: ZIC2	1	0
SUBSET OF 275 GENES: AKT3:FH:HNRNPU:ZBTB18	1	0
SUBSET OF 275 GENES: CSMD1	1	0
SUBSET OF 275 GENES: DMRT1:NFIB	1	1
SUBSET OF 275 GENES: GNB1	2	1
SUBSET OF 275 GENES: TERT	1	1
SUBSET OF 276 GENES: AKT3:FH:HNRNPU:ZBTB18	1	1
SUBSET OF 276 GENES: GNB1	1	0
SUBSET OF 276 GENES: HDAC4	2	1
SUBSET OF 276 GENES: PAK2	1	0
SUBSET OF 276 GENES: TAF13	1	0
SUBSET OF 277 GENES: AKT3:FH:HNRNPU:ZBTB18	1	1
SUBSET OF 277 GENES: BRPF1:ITPR1:SETD5:SLC6A1:VHL	1	0
SUBSET OF 277 GENES: DMRT1:NFIB:RFX3	1	0
SUBSET OF 277 GENES: FGFR1:KAT6A	1	1
SUBSET OF 277 GENES: GNB1	1	0
SUBSET OF 277 GENES: MYLK	1	1
SUBSET OF 277 GENES: NR4A2:SCN1A:SCN2A:SLC4A10:TBR1	1	1
SUBSET OF 277 GENES: NSD2	1	0
SUBSET OF 277 GENES: SOX10:TNRC6B	1	1
SUBSET OF 278 GENES: APC	1	1
SUBSET OF 278 GENES: COL11A1:TAF13	1	1
SUBSET OF 278 GENES: HDAC4	1	1
SUBSET OF 279 GENES: AKT3:FH:HNRNPU:ZBTB18	2	2
SUBSET OF 279 GENES: DIP2A	1	0
SUBSET OF 279 GENES: DMRT1:NFIB:RFX3	1	0
SUBSET OF 279 GENES: GNB1	2	0
SUBSET OF 279 GENES: NR2F1	1	1
SUBSET OF 279 GENES: ZMYND11	1	1
SUBSET OF 28 GENES: ARID2	1	0
SUBSET OF 28 GENES: CNTNAP2	1	0
SUBSET OF 28 GENES: DKC1:F8	1	0
SUBSET OF 28 GENES: GATAD2B	1	1
SUBSET OF 28 GENES: NSD1	1	0
SUBSET OF 28 GENES: PAX9	1	0
SUBSET OF 28 GENES: PMP22	4	3
SUBSET OF 28 GENES: RPS6KA3	1	1
SUBSET OF 28 GENES: SCN2A	1	0
SUBSET OF 28 GENES: SRY	1	1
SUBSET OF 28 GENES: STAG1	1	1
SUBSET OF 28 GENES: STS	6	3
SUBSET OF 280 GENES: AKT3:FH:HNRNPU:ZBTB18	1	0
SUBSET OF 280 GENES: MEF2C:NR2F1:RASA1	1	1
SUBSET OF 280 GENES: NSD2	1	0
SUBSET OF 280 GENES: TERT	1	1
SUBSET OF 281 GENES: AKT3:FH:HNRNPU:ZBTB18	1	0
SUBSET OF 281 GENES: BMPR2:CASP10:SATB2	1	0
SUBSET OF 281 GENES: NFIA	1	0
SUBSET OF 282 GENES: AKT3:FH:HNRNPU:ZBTB18	2	0
SUBSET OF 282 GENES: FOXC1	1	1
SUBSET OF 282 GENES: GABRA1:GABRG2	1	1
SUBSET OF 282 GENES: HIVEP3:SLC2A1	1	1
SUBSET OF 282 GENES: PALB2:SH2B1	1	1
SUBSET OF 283 GENES: CASZ1	1	0
SUBSET OF 283 GENES: DLL1:ERMARD	1	0
SUBSET OF 283 GENES: DMRT1:NFIB:RFX3	1	1
SUBSET OF 283 GENES: FLCN:RAI1	1	0
SUBSET OF 283 GENES: NFIA	1	0
SUBSET OF 283 GENES: NSD2	3	2
SUBSET OF 283 GENES: SOX2	1	1
SUBSET OF 284 GENES: AFF2:CD40LG:F9:FMR1:IDS:MTM1:NSDHL:SLC9A6:SOX3:ZIC3	1	1
SUBSET OF 284 GENES: AKT3:FH:HNRNPU:ZBTB18	1	1
SUBSET OF 284 GENES: BRPF1:ITPR1:SETD5:SLC6A1:VHL	1	1
SUBSET OF 284 GENES: FOXL2	1	0
SUBSET OF 284 GENES: GNB1	1	1
SUBSET OF 284 GENES: NSD2	2	2
SUBSET OF 284 GENES: SHANK3	1	0
SUBSET OF 285 GENES: AKT3:FH:HNRNPU:ZBTB18	1	0
SUBSET OF 285 GENES: EHMT1:NOTCH1	2	1
SUBSET OF 285 GENES: NSD2	2	1
SUBSET OF 285 GENES: SHANK3	1	0
SUBSET OF 286 GENES: ASXL3:DSC2:DSG2:GATA6	1	0
SUBSET OF 286 GENES: DMRT1:NFIB:RFX3	1	0
SUBSET OF 286 GENES: EHMT1:NOTCH1	1	1
SUBSET OF 286 GENES: GNB1	1	0
SUBSET OF 287 GENES: FLNC	1	1
SUBSET OF 288 GENES: CAPRIN1:PAX6:WT1	1	0
SUBSET OF 288 GENES: CHAMP1	2	1
SUBSET OF 288 GENES: ELN	1	0
SUBSET OF 289 GENES: ANOS1:AP1S2:ARSL:CLCN4:FANCB:HCCS:MID1:MSL3:NLGN4X:OFD1:PIGA:SHOX:STS:TRAPPC2	1	0
SUBSET OF 289 GENES: BRPF1:ITPR1:SETD5:SLC6A1:VHL	1	0
SUBSET OF 289 GENES: FGFR1	1	0
SUBSET OF 289 GENES: HDAC4	1	0
SUBSET OF 289 GENES: LEO1:TCF12	1	1
SUBSET OF 289 GENES: MYLK	1	0
SUBSET OF 289 GENES: NSD2	3	1
SUBSET OF 289 GENES: PALB2:SH2B1	2	1
SUBSET OF 289 GENES: TWIST1	1	1
SUBSET OF 29 GENES: AKT3:ZBTB18	1	0
SUBSET OF 29 GENES: CHD5	1	1
SUBSET OF 29 GENES: EHMT1	2	2
SUBSET OF 29 GENES: ELANE	1	0
SUBSET OF 29 GENES: FGF12	1	0
SUBSET OF 29 GENES: GJA5:GJA8	1	0
SUBSET OF 29 GENES: MEG3	1	0
SUBSET OF 29 GENES: PMP22	16	8
SUBSET OF 29 GENES: PRPS1	1	1
SUBSET OF 29 GENES: SHOX	1	0
SUBSET OF 290 GENES: CAMK2B:CDK13:GLI3	1	0
SUBSET OF 290 GENES: FOXC1	1	0
SUBSET OF 290 GENES: HDAC4	2	0
SUBSET OF 290 GENES: SPEN	1	1
SUBSET OF 290 GENES: WDR26	1	0
SUBSET OF 291 GENES: SHANK3	1	0
SUBSET OF 292 GENES: ABCD1:AVPR2:BCAP31:CCNQ:DKC1:F8:FLNA:GDI1:IKBKG:L1CAM:MECP2:MTM1:NAA10:NSDHL:RAB39B:SLC6A8:TMLHE	1	1
SUBSET OF 292 GENES: CRKL:TBX1	1	0
SUBSET OF 292 GENES: PUF60	1	1
SUBSET OF 293 GENES: ABCD1:AVPR2:BCAP31:CCNQ:DKC1:F8:FLNA:GDI1:IKBKG:L1CAM:MECP2:MTM1:NAA10:NSDHL:RAB39B:SLC6A8:TMLHE	1	1
SUBSET OF 293 GENES: ARID1B	2	1
SUBSET OF 293 GENES: LMTK3	1	1
SUBSET OF 294 GENES: BRPF1:ITPR1:SETD5:SLC6A1:VHL	1	0
SUBSET OF 294 GENES: GNB1	1	1
SUBSET OF 294 GENES: KMT2E	1	1
SUBSET OF 2942 GENES: ASTN2:CDKN2A:DMRT1:ELAVL2:ENG:GALNT12:HNRNPK:LMX1B:MTAP:NFIB:NR5A1:PAX5:PHF2:PTCH1:RFX3:RORB:STXBP1:TGFBR1:TPM2:ZNF462	1	1
SUBSET OF 295 GENES: BMPR2:CASP10	1	0
SUBSET OF 295 GENES: CNTNAP2:KCNH2:KMT2C	1	1
SUBSET OF 295 GENES: DDX41:NSD1	1	1
SUBSET OF 295 GENES: MYLK	1	1
SUBSET OF 296 GENES: DMRT1:NFIB:RFX3	1	0
SUBSET OF 296 GENES: NSD2	1	0
SUBSET OF 297 GENES: CRKL:TBX1	1	1
SUBSET OF 297 GENES: GABRA1:GABRG2	1	0
SUBSET OF 297 GENES: NSD2	1	1
SUBSET OF 298 GENES: DMRT1:NFIB:RFX3	1	1
SUBSET OF 298 GENES: MYH9:SOX10	1	1
SUBSET OF 298 GENES: SHANK3	1	0
SUBSET OF 299 GENES: MYCN	1	1
SUBSET OF 30 GENES: EHMT1	1	1
SUBSET OF 30 GENES: F8:RAB39B	1	1
SUBSET OF 30 GENES: GJA5:GJA8	1	0
SUBSET OF 30 GENES: HNF1B	4	4
SUBSET OF 30 GENES: PLP1	1	0
SUBSET OF 30 GENES: SH2B1	1	0
SUBSET OF 30 GENES: SPAST	1	1
SUBSET OF 30 GENES: STS	2	2
SUBSET OF 300 GENES: ASH1L:LMNA	1	0
SUBSET OF 300 GENES: BMPR2:CASP10	1	0
SUBSET OF 300 GENES: HDAC4	2	1
SUBSET OF 301 GENES: DMRT1:NFIB:RFX3	1	0
SUBSET OF 301 GENES: EBF3	1	0
SUBSET OF 301 GENES: ZMYND11	1	1
SUBSET OF 303 GENES: APP	1	1
SUBSET OF 303 GENES: ATR:FOXL2:STAG1	1	0
SUBSET OF 303 GENES: DLL1:ERMARD	1	0
SUBSET OF 303 GENES: DMRT1:NFIB:RFX3	1	0
SUBSET OF 303 GENES: FOXC1	1	1
SUBSET OF 303 GENES: GNB1	1	0
SUBSET OF 303 GENES: PHIP:SYNCRIP:ZNF292	1	0
SUBSET OF 303 GENES: TERT	1	0
SUBSET OF 303 GENES: TRRAP	1	1
SUBSET OF 304 GENES: AKT3:FH:HNRNPU:ZBTB18	1	0
SUBSET OF 304 GENES: CHAMP1	1	0
SUBSET OF 304 GENES: ELANE:STK11	1	0
SUBSET OF 304 GENES: FOXC1	1	1
SUBSET OF 305 GENES: DLL1:ERMARD	1	1
SUBSET OF 305 GENES: HDAC4	1	1
SUBSET OF 305 GENES: TCF20	1	0
SUBSET OF 306 GENES: CASZ1	1	0
SUBSET OF 306 GENES: SDHB:SPEN	1	1
SUBSET OF 307 GENES: EBF3	1	1
SUBSET OF 307 GENES: GATA3	1	0
SUBSET OF 307 GENES: NSD2	1	1
SUBSET OF 307 GENES: PAFAH1B1	2	0
SUBSET OF 308 GENES: ANOS1:AP1S2:ARSL:CLCN4:FANCB:HCCS:MID1:MSL3:NLGN4X:OFD1:PIGA:SHOX:STS:TRAPPC2	1	0
SUBSET OF 308 GENES: FOXC1	1	1
SUBSET OF 308 GENES: TBL1XR1	1	0
SUBSET OF 309 GENES: BRPF1:SETD5:SLC6A1:VHL	1	0
SUBSET OF 309 GENES: CTNND2:TRIO	1	0
SUBSET OF 309 GENES: DMRT1:NFIB:RFX3	1	0
SUBSET OF 309 GENES: RET	1	0
SUBSET OF 31 GENES: BCOR	1	0
SUBSET OF 31 GENES: BRWD3:CHM:ZNF711	1	1
SUBSET OF 31 GENES: CREBBP	1	1
SUBSET OF 31 GENES: EBF3	1	1
SUBSET OF 31 GENES: GDF5	1	0
SUBSET OF 31 GENES: HNF1B	7	2
SUBSET OF 31 GENES: KDM6A	1	1
SUBSET OF 31 GENES: NPRL3	1	1
SUBSET OF 31 GENES: NR2F1	1	0
SUBSET OF 31 GENES: PMP22	2	1
SUBSET OF 31 GENES: SH2B1	2	1
SUBSET OF 31 GENES: SIN3A	1	1
SUBSET OF 31 GENES: TBL1XR1	1	1
SUBSET OF 310 GENES: CHEK2:DEPDC5:NF2	1	1
SUBSET OF 310 GENES: COL3A1:HOXD13:NCKAP1:TTN	1	0
SUBSET OF 310 GENES: FOXC1	2	0
SUBSET OF 311 GENES: DIS3L2:GIGYF2:TRIP12	1	0
SUBSET OF 311 GENES: EHMT1:NOTCH1	2	2
SUBSET OF 311 GENES: ENG:LMX1B:SET:STXBP1	1	1
SUBSET OF 311 GENES: HDAC4	1	1
SUBSET OF 312 GENES: CLCN5:EBP:FTSJ1:KDM6A:MAOA:NDP:PORCN:PQBP1:RP2:SLC35A2:SYN1:SYP:WAS:WDR45:ZNF41	1	0
SUBSET OF 312 GENES: EHMT1:NOTCH1	1	1
SUBSET OF 312 GENES: EMX2:SMC3:TCF7L2	1	1
SUBSET OF 312 GENES: RET	1	0
SUBSET OF 313 GENES: CASZ1	1	0
SUBSET OF 313 GENES: FLCN:RAI1	4	1
SUBSET OF 313 GENES: FOXC1	1	1
SUBSET OF 313 GENES: HDAC4	1	1
SUBSET OF 313 GENES: PHIP:RIMS1	1	0
SUBSET OF 313 GENES: ZNF462	1	0
SUBSET OF 3130 GENES: CHD7:EXT1:EYA1:FGFR1:KAT6A:PUF60:RAD21:RB1CC1:TRPS1:YTHDF3:ZFHX4:ZFPM2	1	0
SUBSET OF 314 GENES: CHAMP1	1	1
SUBSET OF 314 GENES: CHD2	1	0
SUBSET OF 314 GENES: COL3A1:NCKAP1:TTN	1	0
SUBSET OF 314 GENES: NOTCH1	1	1
SUBSET OF 315 GENES: CHD8:HNRNPC	1	1
SUBSET OF 315 GENES: EBF3	2	1
SUBSET OF 315 GENES: FOXC1	1	0
SUBSET OF 315 GENES: POU4F3:SPINK1	1	0
SUBSET OF 315 GENES: ZMYND11	1	1
SUBSET OF 316 GENES: FLCN:RAI1	1	0
SUBSET OF 316 GENES: HDAC4	1	0
SUBSET OF 316 GENES: KCNQ2	1	0
SUBSET OF 316 GENES: MSX1:NSD2	1	1
SUBSET OF 316 GENES: PAK2	1	0
SUBSET OF 316 GENES: TERT	1	1
SUBSET OF 317 GENES: ACTC1:MEIS2:UBE3A	1	0
SUBSET OF 317 GENES: DPP6:KMT2C:MNX1:SHH	1	0
SUBSET OF 318 GENES: NUS1	1	1
SUBSET OF 318 GENES: PAFAH1B1:YWHAE	1	1
SUBSET OF 318 GENES: PHF2:PTCH1	1	1
SUBSET OF 318 GENES: SHANK3	1	1
SUBSET OF 318 GENES: SPEN	1	1
SUBSET OF 32 GENES: AVPR2:L1CAM:MECP2:NAA10	1	0
SUBSET OF 32 GENES: CASZ1	1	0
SUBSET OF 32 GENES: DMRT1	1	0
SUBSET OF 32 GENES: EHMT1	1	1
SUBSET OF 32 GENES: FOXP1	1	0
SUBSET OF 32 GENES: HNF1B	2	0
SUBSET OF 32 GENES: ZFPM2	1	1
SUBSET OF 320 GENES: APC:LMNB1	1	0
SUBSET OF 320 GENES: CACNA1A:NFIX	1	0
SUBSET OF 320 GENES: CAMK2B:CDK13:GCK:GLI3:IKZF1	1	0
SUBSET OF 320 GENES: CHAMP1	1	1
SUBSET OF 320 GENES: ELN	1	1
SUBSET OF 320 GENES: EXT1:RAD21:TRPS1	1	1
SUBSET OF 320 GENES: HDAC4	1	0
SUBSET OF 320 GENES: MSX1:NSD2	1	0
SUBSET OF 320 GENES: TCF7L2	1	0
SUBSET OF 321 GENES: TERT	1	1
SUBSET OF 322 GENES: ABCD1:AFF2:AVPR2:BCAP31:CCNQ:DKC1:F8:FLNA:GDI1:IDS:IKBKG:L1CAM:MECP2:MTM1:NAA10:NSDHL:RAB39B:SLC6A8	1	0
SUBSET OF 322 GENES: ATR:FOXL2:STAG1	1	0
SUBSET OF 322 GENES: GNB1	2	1
SUBSET OF 322 GENES: MSX1:NSD2	1	1
SUBSET OF 323 GENES: CHAMP1	1	0
SUBSET OF 323 GENES: DNMT3A	1	0
SUBSET OF 323 GENES: EBF3	2	1
SUBSET OF 324 GENES: AP1S2:ARX:CDKL5:CNKSR2:FANCB:IL1RAPL1:NHS:NR0B1:OFD1:PDHA1:PHEX:PIGA:PTCHD1:RPS6KA3:RS1:SMS:TRAPPC2	1	0
SUBSET OF 324 GENES: ELANE:STK11	1	1
SUBSET OF 326 GENES: GATA6	1	0
SUBSET OF 326 GENES: PPP2R5D:RUNX2:VEGFA	1	1
SUBSET OF 327 GENES: DLL1:ERMARD	1	1
SUBSET OF 327 GENES: EHMT1:NOTCH1	1	0
SUBSET OF 327 GENES: GNB1	4	2
SUBSET OF 327 GENES: HDAC4	2	1
SUBSET OF 327 GENES: MSX1:NSD2	1	1
SUBSET OF 328 GENES: DLL1:ERMARD	1	0
SUBSET OF 328 GENES: EHMT1:NOTCH1	1	1
SUBSET OF 3285 GENES: BMP4:CDC42BPB:CHD8:DICER1:FOXG1:GCH1:GPHN:HNRNPC:IRF2BPL:MAX:MEG3:OTX2:PAX9:RAD51B	1	0
SUBSET OF 329 GENES: DDX41:NSD1	1	0
SUBSET OF 3290 GENES: ARCN1:ATM:DLG2:FZD4:GANAB:HMBS:KMT2A:KMT5B:LRP5:MEN1:SDHAF2:SDHD:SHANK2:YAP1	1	1
SUBSET OF 3290 GENES: BMP4:CDC42BPB:CHD8:DICER1:FOXG1:GCH1:GPHN:HNRNPC:IRF2BPL:MAX:MEG3:OTX2:PAX9:RAD51B	1	0
SUBSET OF 33 GENES: BCLAF1	1	1
SUBSET OF 33 GENES: DYRK1A	1	1
SUBSET OF 33 GENES: FLNA:MECP2	1	0
SUBSET OF 33 GENES: HNF1B	2	0
SUBSET OF 33 GENES: HNRNPU	1	1
SUBSET OF 33 GENES: NOTCH1	1	0
SUBSET OF 33 GENES: SH2B1	1	1
SUBSET OF 330 GENES: GNB1	1	0
SUBSET OF 330 GENES: MYLK	1	0
SUBSET OF 331 GENES: CNTNAP2:DPP6:KCNH2:KMT2C	1	0
SUBSET OF 331 GENES: COL3A1:SATB2	1	0
SUBSET OF 331 GENES: GNB1	1	1
SUBSET OF 331 GENES: MSX1:NSD2	1	1
SUBSET OF 332 GENES: BAP1	1	1
SUBSET OF 332 GENES: CLCN5:EBP:FTSJ1:IQSEC2:KDM5C:PHF8:PORCN:PQBP1:SLC35A2:SMC1A:SYN1:SYP:WAS:WDR45:ZNF41	1	0
SUBSET OF 332 GENES: MSX1:NSD2	1	0
SUBSET OF 332 GENES: TGIF1	1	1
SUBSET OF 333 GENES: ANOS1:AP1S2:ARSL:CDKL5:CLCN4:FANCB:HCCS:MID1:MSL3:NHS:NLGN4X:OFD1:PIGA:RS1:SHOX:STS:TRAPPC2	1	1
SUBSET OF 333 GENES: AUTS2:ELN	1	1
SUBSET OF 333 GENES: CHAMP1	2	2
SUBSET OF 333 GENES: DSP:NEDD9	1	0
SUBSET OF 333 GENES: TMEM127	1	1
SUBSET OF 333 GENES: TWIST1	1	0
SUBSET OF 334 GENES: BRPF1:ITPR1:SETD5:SLC6A1:VHL	1	0
SUBSET OF 334 GENES: CDKN1C:KCNQ1:KCNQ1OT1	1	1
SUBSET OF 334 GENES: CHAMP1	1	0
SUBSET OF 334 GENES: GNB1	1	1
SUBSET OF 335 GENES: COL11A1:TAF13	1	1
SUBSET OF 335 GENES: ELANE:STK11	1	0
SUBSET OF 335 GENES: FLCN:PMP22:RAI1	1	1
SUBSET OF 335 GENES: NFIA:SRSF11	1	1
SUBSET OF 336 GENES: ANKRD17:WDFY3	1	0
SUBSET OF 336 GENES: BAZ2B:NR4A2:SLC4A10:TBR1	1	1
SUBSET OF 336 GENES: EBF3	1	1
SUBSET OF 336 GENES: HDAC4	2	2
SUBSET OF 336 GENES: MSX1:NSD2	1	1
SUBSET OF 336 GENES: SHANK3	2	0
SUBSET OF 337 GENES: ANKRD17:YTHDC1	1	1
SUBSET OF 337 GENES: DIP2A	1	1
SUBSET OF 338 GENES: CAPRIN1:PAX6:SLC1A2:WT1	1	1
SUBSET OF 338 GENES: CNTNAP5	1	0
SUBSET OF 338 GENES: GNB1	1	0
SUBSET OF 339 GENES: CASZ1:SPEN	1	1
SUBSET OF 339 GENES: CTNND2:TRIO	1	1
SUBSET OF 339 GENES: FLCN:PMP22:RAI1	1	1
SUBSET OF 339 GENES: GNB1	2	0
SUBSET OF 339 GENES: PKD2:WDFY3	1	0
SUBSET OF 34 GENES: AHDC1	1	1
SUBSET OF 34 GENES: ARSL	1	0
SUBSET OF 34 GENES: CLCN5	1	1
SUBSET OF 34 GENES: CSMD1	1	0
SUBSET OF 34 GENES: EHMT1	1	1
SUBSET OF 34 GENES: HNF1B	5	3
SUBSET OF 34 GENES: SH2B1	2	0
SUBSET OF 34 GENES: ZMYND11	1	0
SUBSET OF 340 GENES: ABCD1:AFF2:AVPR2:BCAP31:CCNQ:FLNA:FMR1:GDI1:IDS:IKBKG:L1CAM:MECP2:MTM1:NAA10:NSDHL:SLC6A8:SOX3	1	1
SUBSET OF 340 GENES: GNB1	1	1
SUBSET OF 340 GENES: PAK2	1	0
SUBSET OF 341 GENES: ABCD1:AFF2:AVPR2:BCAP31:CCNQ:FLNA:FMR1:GDI1:IDS:IKBKG:L1CAM:MECP2:MTM1:NAA10:NSDHL:SLC6A8	1	1
SUBSET OF 341 GENES: CHAMP1	1	0
SUBSET OF 341 GENES: GNB1	1	1
SUBSET OF 341 GENES: LMNB1:RAD50	1	1
SUBSET OF 341 GENES: SHANK3	1	0
SUBSET OF 342 GENES: PKD2:WDFY3	1	1
SUBSET OF 342 GENES: TCF4	1	1
SUBSET OF 343 GENES: APC	1	0
SUBSET OF 343 GENES: DIP2A	1	0
SUBSET OF 343 GENES: GNB1	2	0
SUBSET OF 344 GENES: NFIA:SRSF11	1	1
SUBSET OF 345 GENES: DLL1:ERMARD	1	1
SUBSET OF 345 GENES: FLNC:POT1	1	0
SUBSET OF 345 GENES: TGIF1	1	1
SUBSET OF 345 GENES: ZIC2	1	1
SUBSET OF 346 GENES: APC:NR2F1	1	0
SUBSET OF 346 GENES: CLCN5:EBP:FGD1:FTSJ1:IQSEC2:KDM5C:PHF8:PORCN:PQBP1:SLC35A2:SMC1A:SYP:WAS:WDR45	1	0
SUBSET OF 346 GENES: EHMT1:NOTCH1	1	1
SUBSET OF 346 GENES: SHANK3	1	1
SUBSET OF 347 GENES: ATR:FOXL2	1	0
SUBSET OF 347 GENES: EHMT1:NOTCH1	1	1
SUBSET OF 347 GENES: GPHN:MAX	1	1
SUBSET OF 347 GENES: ZIC2	1	1
SUBSET OF 348 GENES: EHMT1:NOTCH1	1	1
SUBSET OF 348 GENES: FOXC1	1	0
SUBSET OF 349 GENES: ACTC1:MAGEL2:MEIS2:SNURF:UBE3A	1	0
SUBSET OF 349 GENES: DIS3L2:GIGYF2:TRIP12	1	1
SUBSET OF 349 GENES: EHMT1:NOTCH1	1	1
SUBSET OF 35 GENES: EHMT1	4	4
SUBSET OF 35 GENES: GJA5:GJA8	2	1
SUBSET OF 35 GENES: GRIN2A:USP7	1	0
SUBSET OF 35 GENES: HNF1B	10	9
SUBSET OF 35 GENES: SH2B1	1	1
SUBSET OF 35 GENES: SHOX	1	0
SUBSET OF 35 GENES: TCF4	2	1
SUBSET OF 350 GENES: AHDC1	1	1
SUBSET OF 350 GENES: CACNA1E:LHX4	1	1
SUBSET OF 350 GENES: CSNK2A1	1	0
SUBSET OF 350 GENES: EHMT1:NOTCH1	2	2
SUBSET OF 350 GENES: TGIF1	1	1
SUBSET OF 350 GENES: TMEM127	1	1
SUBSET OF 351 GENES: CSNK2A1	1	0
SUBSET OF 351 GENES: ZIC2	1	0
SUBSET OF 352 GENES: CACNA1C:CHD4	1	0
SUBSET OF 353 GENES: AUTS2:ELN	1	0
SUBSET OF 353 GENES: CACNA1A:NFIX	1	1
SUBSET OF 353 GENES: DPP6:KCNH2:KMT2C:MNX1:SHH	1	0
SUBSET OF 354 GENES: AUTS2:ELN	1	0
SUBSET OF 355 GENES: GATA3:ZMYND11	1	1
SUBSET OF 355 GENES: MSX1:NSD2	1	0
SUBSET OF 357 GENES: CACNA1A:NFIX	1	0
SUBSET OF 357 GENES: PAFAH1B1	1	0
SUBSET OF 358 GENES: ARCN1:HMBS:KMT2A	1	1
SUBSET OF 358 GENES: EBF3	1	1
SUBSET OF 359 GENES: KCNQ2	1	0
SUBSET OF 359 GENES: NPRL3:PKD1:TSC2	1	1
SUBSET OF 359 GENES: SGCE:TRRAP	1	1
SUBSET OF 36 GENES: CRKL	2	1
SUBSET OF 36 GENES: DLL1:ERMARD	1	0
SUBSET OF 36 GENES: DYRK1A	1	1
SUBSET OF 36 GENES: ERF	1	0
SUBSET OF 36 GENES: F8:RAB39B:TMLHE	1	1
SUBSET OF 36 GENES: GJA5	1	1
SUBSET OF 36 GENES: HNF1B	4	3
SUBSET OF 36 GENES: NSD1	1	0
SUBSET OF 36 GENES: SH2B1	4	0
SUBSET OF 36 GENES: SYNCRIP:ZNF292	1	0
SUBSET OF 36 GENES: VHL	1	0
SUBSET OF 360 GENES: CDKN2A:ELAVL2:MTAP:NFIB	1	0
SUBSET OF 360 GENES: CNTNAP2:KCNH2:KMT2C	1	1
SUBSET OF 361 GENES: HDAC4	1	1
SUBSET OF 363 GENES: CASZ1:SPEN	1	1
SUBSET OF 363 GENES: HDAC4	1	1
SUBSET OF 363 GENES: PAX5:TPM2	1	0
SUBSET OF 364 GENES: TGIF1	1	1
SUBSET OF 365 GENES: CHAMP1	1	1
SUBSET OF 365 GENES: MAP2K2	1	1
SUBSET OF 366 GENES: ACTC1:MAGEL2:MEIS2:SNURF:SPRED1:UBE3A	1	0
SUBSET OF 366 GENES: EBF3	1	0
SUBSET OF 367 GENES: ABCD1:AFF2:AVPR2:BCAP31:CCNQ:DKC1:F8:FLNA:FMR1:GDI1:IDS:IKBKG:L1CAM:MECP2:MTM1:NAA10:NSDHL:RAB39B:SLC6A8	1	0
SUBSET OF 3679 GENES: CHD7:CSMD1:EXT1:EYA1:FGFR1:GATA4:KAT6A:PUF60:RAD21:RB1CC1:TRPS1:YTHDF3:ZFHX4:ZFPM2	1	1
SUBSET OF 368 GENES: WAC	1	1
SUBSET OF 3683 GENES: CHD7:CSMD1:EXT1:EYA1:FGFR1:GATA4:KAT6A:PUF60:RAD21:RB1CC1:TRPS1:YTHDF3:ZFHX4:ZFPM2	2	0
SUBSET OF 3685 GENES: CHD7:CSMD1:EXT1:EYA1:FGFR1:GATA4:KAT6A:PUF60:RAD21:RB1CC1:TRPS1:YTHDF3:ZFHX4:ZFPM2	2	0
SUBSET OF 369 GENES: CDC42BPB	1	0
SUBSET OF 369 GENES: CHAMP1	1	0
SUBSET OF 37 GENES: ANKRD11	1	1
SUBSET OF 37 GENES: AVPR2:L1CAM:MECP2:NAA10	2	1
SUBSET OF 37 GENES: CREBBP	1	0
SUBSET OF 37 GENES: CRKL	4	4
SUBSET OF 37 GENES: FH	1	0
SUBSET OF 37 GENES: GATAD2B	1	1
SUBSET OF 37 GENES: GDF5	1	0
SUBSET OF 37 GENES: HNF1B	3	2
SUBSET OF 370 GENES: CHAMP1	1	1
SUBSET OF 370 GENES: COL5A1:EHMT1:NOTCH1	1	1
SUBSET OF 371 GENES: AKT3:FH	1	1
SUBSET OF 371 GENES: CHAMP1	1	1
SUBSET OF 372 GENES: MSX1:NSD2	1	0
SUBSET OF 372 GENES: ZIC2	1	0
SUBSET OF 373 GENES: ANKRD17:KIT:YTHDC1	1	1
SUBSET OF 373 GENES: CASZ1	1	0
SUBSET OF 373 GENES: PBX1:SDHC	1	1
SUBSET OF 373 GENES: TGIF1	7	2
SUBSET OF 374 GENES: COL5A1:EHMT1:NOTCH1	1	1
SUBSET OF 374 GENES: SHANK3	1	1
SUBSET OF 374 GENES: TGIF1	3	2
SUBSET OF 375 GENES: MSX1	1	0
SUBSET OF 376 GENES: PUF60	1	0
SUBSET OF 377 GENES: DNAJC21:FGF10:NIPBL	1	1
SUBSET OF 377 GENES: DPP6:KCNH2:KMT2C:MNX1:SHH	1	0
SUBSET OF 377 GENES: UBN2	1	1
SUBSET OF 378 GENES: FGF12:PAK2	1	1
SUBSET OF 378 GENES: PUF60	1	0
SUBSET OF 379 GENES: CTNNA1:PURA	1	1
SUBSET OF 379 GENES: DIP2A	1	0
SUBSET OF 379 GENES: LGI1:PAX2	1	1
SUBSET OF 379 GENES: TGIF1	1	0
SUBSET OF 38 GENES: AKT3:ZBTB18	1	0
SUBSET OF 38 GENES: ANOS1:STS	1	0
SUBSET OF 38 GENES: EHMT1	1	1
SUBSET OF 38 GENES: GJA5:GJA8	2	2
SUBSET OF 38 GENES: PAFAH1B1	1	1
SUBSET OF 38 GENES: SH2B1	2	1
SUBSET OF 380 GENES: AKT3:FH	1	1
SUBSET OF 380 GENES: ASTN2	1	0
SUBSET OF 380 GENES: COL3A1:HOXD13:NCKAP1:TTN	1	0
SUBSET OF 380 GENES: TGIF1	5	2
SUBSET OF 380 GENES: WAC	1	0
SUBSET OF 3802 GENES: ASTN2:CDKN2A:COL5A1:DMRT1:EHMT1:ELAVL2:ENG:GALNT12:HNRNPK:LMX1B:MTAP:NFIB:NOTCH1:NR5A1:PAX5:PHF2:PTCH1:RFX3:RORB:SET:SPTAN1:STXBP1:TGFBR1:TPM2:TSC1:ZNF462	1	0
SUBSET OF 3803 GENES: ASTN2:CDKN2A:COL5A1:DMRT1:EHMT1:ELAVL2:ENG:GALNT12:HNRNPK:LMX1B:MTAP:NFIB:NOTCH1:NR5A1:PAX5:PHF2:PTCH1:RFX3:RORB:SET:SPTAN1:STXBP1:TGFBR1:TPM2:TSC1:ZNF462	8	2
SUBSET OF 381 GENES: PRRT2:SETD1A:SH2B1:SRCAP	1	0
SUBSET OF 381 GENES: TGIF1	1	1
SUBSET OF 382 GENES: ABCD1:AFF2:AVPR2:BCAP31:CCNQ:DKC1:F8:FLNA:FMR1:GDI1:IDS:IKBKG:L1CAM:MECP2:MTM1:NAA10:NSDHL:RAB39B:SLC6A8:TMLHE	1	0
SUBSET OF 382 GENES: APC:LMNB1	1	0
SUBSET OF 382 GENES: CRIPTO:PTH1R:QRICH1:SETD2	1	0
SUBSET OF 382 GENES: DLG2:FZD4:YAP1	1	1
SUBSET OF 382 GENES: JARID2	1	1
SUBSET OF 382 GENES: TGIF1	1	1
SUBSET OF 383 GENES: ASXL3:CELF4:DSC2:DSG2:GATA6	1	0
SUBSET OF 383 GENES: CAMK2B:CDK13:GCK:GLI3	1	0
SUBSET OF 383 GENES: CRKL:TBX1	1	0
SUBSET OF 383 GENES: CSMD1:GATA4	1	1
SUBSET OF 384 GENES: TGIF1	1	0
SUBSET OF 385 GENES: TGIF1	4	3
SUBSET OF 386 GENES: PMS2	1	1
SUBSET OF 387 GENES: CTNND2:TERT	3	1
SUBSET OF 388 GENES: CHD2:IGF1R	1	1
SUBSET OF 389 GENES: EBF3	1	1
SUBSET OF 39 GENES: ANKRD11	1	0
SUBSET OF 39 GENES: AVPR2:L1CAM:MECP2:NAA10	1	0
SUBSET OF 39 GENES: CRKL	2	1
SUBSET OF 39 GENES: DLL1:ERMARD	1	1
SUBSET OF 39 GENES: DMD:GK:NR0B1	1	0
SUBSET OF 39 GENES: EHMT1	1	1
SUBSET OF 39 GENES: GDI1:IKBKG	1	1
SUBSET OF 39 GENES: HNF1B	2	2
SUBSET OF 39 GENES: KCNQ2	1	1
SUBSET OF 39 GENES: SH2B1	3	0
SUBSET OF 390 GENES: ATM:YAP1	1	0
SUBSET OF 390 GENES: CAMTA1:CASZ1	1	1
SUBSET OF 390 GENES: CDKN1C:KCNQ1:KCNQ1OT1	1	0
SUBSET OF 390 GENES: DDX41:NSD1	1	0
SUBSET OF 390 GENES: DNAJC21:FGF10:NIPBL	1	0
SUBSET OF 390 GENES: MAP2K2	1	0
SUBSET OF 391 GENES: CAMTA1:CASZ1	1	1
SUBSET OF 391 GENES: COL5A1:EHMT1:NOTCH1	1	1
SUBSET OF 391 GENES: CTNND2:TERT	1	0
SUBSET OF 393 GENES: GATA3	1	0
SUBSET OF 394 GENES: ABCD1:AFF2:AVPR2:BCAP31:CCNQ:DKC1:F8:FLNA:FMR1:GDI1:IDS:IKBKG:L1CAM:MECP2:MTM1:NAA10:NSDHL:RAB39B:SLC6A8:TMLHE	1	0
SUBSET OF 394 GENES: CNTNAP5:GLI2	1	0
SUBSET OF 395 GENES: ABCD1:AFF2:AVPR2:BCAP31:CCNQ:DKC1:F8:FLNA:FMR1:GDI1:IDS:IKBKG:L1CAM:MECP2:MTM1:NAA10:NSDHL:RAB39B:SLC6A8:TMLHE	1	1
SUBSET OF 395 GENES: COL5A1:EHMT1:NOTCH1	1	1
SUBSET OF 395 GENES: DIS3L2:GIGYF2:TRIP12	1	1
SUBSET OF 396 GENES: BMP4:GCH1	1	0
SUBSET OF 396 GENES: CSMD1:GATA4	2	0
SUBSET OF 397 GENES: ABCD1:AFF2:AVPR2:BCAP31:CCNQ:DKC1:F8:FLNA:FMR1:GDI1:IDS:IKBKG:L1CAM:MECP2:MTM1:NAA10:NSDHL:RAB39B:SLC6A8:TMLHE	1	0
SUBSET OF 397 GENES: CHAMP1	1	1
SUBSET OF 399 GENES: CDC42BPB	2	1
SUBSET OF 399 GENES: SHANK3	4	2
SUBSET OF 40 GENES: BRWD3:CHM:ZNF711	1	0
SUBSET OF 40 GENES: DIS3L2	1	0
SUBSET OF 40 GENES: FLNA:MECP2:NAA10	1	1
SUBSET OF 40 GENES: GDI1:IKBKG	1	0
SUBSET OF 40 GENES: GJA5:GJA8	4	4
SUBSET OF 40 GENES: HNF1B	2	2
SUBSET OF 40 GENES: PAFAH1B1	1	0
SUBSET OF 40 GENES: SCN1A:SCN2A	1	1
SUBSET OF 400 GENES: PALB2	1	1
SUBSET OF 401 GENES: EBF3	1	0
SUBSET OF 401 GENES: FOXG1:PAX9	1	1
SUBSET OF 402 GENES: CHD8:HNRNPC	1	1
SUBSET OF 402 GENES: MSX1:NSD2	1	1
SUBSET OF 403 GENES: ABCD1:AFF2:AVPR2:BCAP31:CCNQ:DKC1:F8:FLNA:FMR1:GDI1:IDS:IKBKG:L1CAM:MECP2:MTM1:NAA10:NSDHL:RAB39B:SLC6A8:SOX3:TMLHE	1	1
SUBSET OF 403 GENES: CHD5:GNB1	2	1
SUBSET OF 403 GENES: EYA4:NUS1	1	1
SUBSET OF 403 GENES: FGF12:SOX2:TP63	1	0
SUBSET OF 404 GENES: SHANK3	2	0
SUBSET OF 405 GENES: EBF3	1	0
SUBSET OF 405 GENES: MSX1:NSD2	1	1
SUBSET OF 405 GENES: PALB2	1	1
SUBSET OF 406 GENES: ANOS1:AP1S2:ARSL:CDKL5:CLCN4:CNKSR2:FANCB:HCCS:MID1:MSL3:NHS:NLGN4X:OFD1:PDHA1:PHEX:PIGA:RPS6KA3:RS1:SHOX:SMS:STS:TRAPPC2	1	1
SUBSET OF 407 GENES: SHANK3	1	0
SUBSET OF 408 GENES: COL5A1:EHMT1:NOTCH1	1	0
SUBSET OF 409 GENES: ANOS1:AP1S2:ARSL:CDKL5:CLCN4:CNKSR2:FANCB:HCCS:MID1:MSL3:NHS:NLGN4X:OFD1:PDHA1:PHEX:PIGA:RPS6KA3:RS1:SHOX:SMS:STS:TRAPPC2	1	1
SUBSET OF 409 GENES: BRPF1:ITPR1:SETD5:SLC6A1:VHL	1	0
SUBSET OF 409 GENES: DPP6:KCNH2:KMT2C:MNX1:SHH	1	0
SUBSET OF 41 GENES: BRIP1	1	0
SUBSET OF 41 GENES: FOXL2	1	0
SUBSET OF 41 GENES: HNF1B	7	3
SUBSET OF 410 GENES: GIGYF2:HDAC4	1	1
SUBSET OF 410 GENES: PBX1	1	1
SUBSET OF 411 GENES: PBX1	1	0
SUBSET OF 411 GENES: POLE	1	0
SUBSET OF 412 GENES: AR:ARHGEF9:ATP7A:ATRX:BRWD3:CHM:DLG3:EDA:EFNB1:FGD1:HDAC8:MAGT1:NEXMIF:NONO:OPHN1:PGK1:PHF8:SLC16A2:TBX22:XIST:ZC4H2:ZNF711	1	0
SUBSET OF 412 GENES: PALB2:PRRT2:SH2B1	1	1
SUBSET OF 414 GENES: FGF12:PAK2:TP63	1	1
SUBSET OF 414 GENES: SHANK3	1	0
SUBSET OF 415 GENES: POLE	1	1
SUBSET OF 416 GENES: CDKN2A:DMRT1:MTAP:NFIB:RFX3	1	1
SUBSET OF 416 GENES: EBF3	1	0
SUBSET OF 416 GENES: HOXD13:NCKAP1:TTN	1	1
SUBSET OF 417 GENES: MYT1L:RPS7:SOX11	1	1
SUBSET OF 418 GENES: CDC42BPB	1	0
SUBSET OF 418 GENES: CDKN2A:DMRT1:ELAVL2:MTAP:NFIB:RFX3	1	0
SUBSET OF 419 GENES: DIP2A	1	1
SUBSET OF 419 GENES: HNF1A:SETD1B	1	0
SUBSET OF 419 GENES: POLR1D	1	1
SUBSET OF 42 GENES: BRWD3:CHM:TBX22:ZNF711	1	1
SUBSET OF 42 GENES: CREBBP	1	1
SUBSET OF 42 GENES: DLL1:ERMARD	1	1
SUBSET OF 42 GENES: EHMT1	2	2
SUBSET OF 420 GENES: COL5A1:EHMT1:NOTCH1	1	0
SUBSET OF 420 GENES: FGFR1:KAT6A	1	1
SUBSET OF 421 GENES: ABCD1:AFF2:AVPR2:BCAP31:CCNQ:DKC1:F8:F9:FLNA:FMR1:GDI1:IDS:IKBKG:L1CAM:MECP2:MTM1:NAA10:NSDHL:RAB39B:SLC6A8:SOX3:TMLHE	1	0
SUBSET OF 421 GENES: COL3A1:HOXD13:NCKAP1:TTN	1	0
SUBSET OF 422 GENES: ABCD1:AFF2:AVPR2:BCAP31:CCNQ:DKC1:F8:F9:FLNA:FMR1:GDI1:IDS:IKBKG:L1CAM:MECP2:MTM1:NAA10:NSDHL:RAB39B:SLC6A8:SOX3:TMLHE	1	0
SUBSET OF 422 GENES: GALNT12:PTCH1:TGFBR1:ZNF462	1	0
SUBSET OF 423 GENES: CTNND2:TERT:TRIO	1	1
SUBSET OF 423 GENES: EYA1:YTHDF3:ZFHX4	1	1
SUBSET OF 423 GENES: PMS2	1	0
SUBSET OF 423 GENES: ZIC2	1	1
SUBSET OF 424 GENES: GATA3:ZMYND11	1	0
SUBSET OF 425 GENES: ABCD1:AFF2:AVPR2:BCAP31:CCNQ:DKC1:F8:F9:FLNA:FMR1:GDI1:IDS:IKBKG:L1CAM:MECP2:MTM1:NAA10:NSDHL:RAB39B:SLC6A8:SOX3:TMLHE:ZIC3	1	1
SUBSET OF 425 GENES: ANKRD11:FOXC2:FOXF1	1	0
SUBSET OF 425 GENES: EBF3	1	1
SUBSET OF 425 GENES: MSX1:NSD2	1	1
SUBSET OF 426 GENES: CHD7:EYA1:YTHDF3:ZFHX4	1	1
SUBSET OF 426 GENES: NFIA	1	0
SUBSET OF 427 GENES: CHD2:IGF1R	1	1
SUBSET OF 427 GENES: NAA15	1	1
SUBSET OF 43 GENES: ARID1B	1	1
SUBSET OF 43 GENES: AVPR2:L1CAM:MECP2:NAA10	1	0
SUBSET OF 43 GENES: DCHS1	1	0
SUBSET OF 43 GENES: HNF1B	2	1
SUBSET OF 43 GENES: ITSN1:SON	1	0
SUBSET OF 430 GENES: CAMK2B:GCK:GLI3:IKZF1	1	0
SUBSET OF 431 GENES: ABCD1:AFF2:AVPR2:BCAP31:CCNQ:DKC1:F8:F9:FLNA:FMR1:GDI1:IDS:IKBKG:L1CAM:MECP2:MTM1:NAA10:NSDHL:RAB39B:SLC6A8:SOX3:TMLHE:ZIC3	1	0
SUBSET OF 432 GENES: COL3A1:NCKAP1:TTN	1	1
SUBSET OF 432 GENES: DIP2A:DSCAM	1	0
SUBSET OF 433 GENES: ELANE:STK11	1	1
SUBSET OF 434 GENES: ABCD1:AFF2:AVPR2:BCAP31:CCNQ:DKC1:F8:F9:FLNA:FMR1:GDI1:IDS:IKBKG:L1CAM:MECP2:MTM1:NAA10:NSDHL:RAB39B:SLC6A8:SOX3:TMLHE:ZIC3	1	1
SUBSET OF 434 GENES: DSP:FOXC1	1	1
SUBSET OF 436 GENES: CACNA1A:LDLR:NFIX:SMARCA4	1	0
SUBSET OF 437 GENES: MSX1:NSD2	1	0
SUBSET OF 437 GENES: SHANK3	1	0
SUBSET OF 438 GENES: DSP:FOXC1	1	0
SUBSET OF 438 GENES: PPP2R5D:RUNX2:VEGFA	1	1
SUBSET OF 438 GENES: RB1	1	0
SUBSET OF 439 GENES: PAX5:TPM2	1	0
SUBSET OF 44 GENES: AVPR2:L1CAM:MECP2:NAA10	1	0
SUBSET OF 44 GENES: CRKL	1	0
SUBSET OF 44 GENES: EHMT1	1	1
SUBSET OF 44 GENES: ERF	1	0
SUBSET OF 44 GENES: EXT2	1	0
SUBSET OF 44 GENES: HNF1B	1	1
SUBSET OF 44 GENES: PTEN	1	1
SUBSET OF 440 GENES: MEF2C:NR2F1:RASA1	1	0
SUBSET OF 442 GENES: COL5A1:EHMT1:NOTCH1	1	0
SUBSET OF 442 GENES: KMT2B	1	0
SUBSET OF 443 GENES: CAMTA1:CHD5:GNB1	1	0
SUBSET OF 443 GENES: CDC42BPB	1	0
SUBSET OF 444 GENES: PMS2	1	0
SUBSET OF 444 GENES: SHANK3	1	1
SUBSET OF 445 GENES: EBF3	1	0
SUBSET OF 446 GENES: MSH2:MSH6:NRXN1:SIX3	1	1
SUBSET OF 446 GENES: SHANK3	1	0
SUBSET OF 447 GENES: ASXL3:CELF4:DSC2:DSG2:KATNAL2:SETBP1	1	1
SUBSET OF 447 GENES: CTNND2:TERT:TRIO	1	0
SUBSET OF 449 GENES: MSX1:NSD2	1	1
SUBSET OF 45 GENES: CIC:ERF	1	0
SUBSET OF 45 GENES: EHMT1	1	1
SUBSET OF 45 GENES: GJA5:GJA8	1	1
SUBSET OF 45 GENES: NFIA	1	1
SUBSET OF 45 GENES: SLC2A1	1	0
SUBSET OF 45 GENES: ZEB2	1	0
SUBSET OF 450 GENES: MSX1:NSD2	1	1
SUBSET OF 451 GENES: CAMTA1:CHD5:GNB1	1	0
SUBSET OF 451 GENES: CSMD1:GATA4	1	0
SUBSET OF 452 GENES: CD40LG:CUL4B:F9:FRMD7:GPC3:GRIA3:HPRT1:LAMP2:OCRL:PHF6:SH2D1A:SLC9A6:STAG2:UBE2A:UPF3B:XIAP:ZDHHC9:ZIC3	1	0
SUBSET OF 453 GENES: FOXC2:FOXF1	1	1
SUBSET OF 454 GENES: SHANK3	1	0
SUBSET OF 457 GENES: DIS3L2:GIGYF2:HDAC4	2	1
SUBSET OF 457 GENES: ELANE:STK11	1	0
SUBSET OF 458 GENES: CSNK2A1:JAG1	1	0
SUBSET OF 459 GENES: CNTNAP2:UBN2	1	0
SUBSET OF 46 GENES: AKT3:HNRNPU:ZBTB18	1	1
SUBSET OF 46 GENES: EHMT1	1	1
SUBSET OF 46 GENES: GJA5:GJA8	2	1
SUBSET OF 46 GENES: HNF1B	2	1
SUBSET OF 46 GENES: PCDH19	1	0
SUBSET OF 46 GENES: SH2B1	1	1
SUBSET OF 460 GENES: CACNA1E:CDC73:LHX4	1	0
SUBSET OF 460 GENES: CAMTA1:CHD5:GNB1	1	1
SUBSET OF 462 GENES: KMT2B	1	0
SUBSET OF 462 GENES: PAFAH1B1	1	1
SUBSET OF 463 GENES: NUS1	1	0
SUBSET OF 464 GENES: CDKN2A:DMRT1:ELAVL2:MTAP:NFIB:RFX3	1	0
SUBSET OF 464 GENES: DLG4:KDM6B:MYH10:TP53	1	0
SUBSET OF 465 GENES: CASZ1:SPEN	1	1
SUBSET OF 465 GENES: CTNND2:TERT:TRIO	2	1
SUBSET OF 466 GENES: CAMTA1:CHD5:GNB1	1	0
SUBSET OF 466 GENES: CTNND2:TERT:TRIO	1	0
SUBSET OF 467 GENES: CDKN2A:DMRT1:ELAVL2:MTAP:NFIB:RFX3	1	0
SUBSET OF 468 GENES: GNAS:KCNQ2	1	0
SUBSET OF 468 GENES: PAFAH1B1	1	0
SUBSET OF 47 GENES: MYT1L	1	1
SUBSET OF 47 GENES: RPS6KA3	1	1
SUBSET OF 470 GENES: CAMTA1:CHD5:GNB1	1	1
SUBSET OF 472 GENES: CAMTA1:CHD5:GNB1	1	0
SUBSET OF 472 GENES: MSX1:NSD2	1	1
SUBSET OF 474 GENES: CSMD1:GATA4	1	1
SUBSET OF 474 GENES: NUS1	1	0
SUBSET OF 474 GENES: SHANK3	1	0
SUBSET OF 475 GENES: CNTNAP2:DPP6:KCNH2:KMT2C:MNX1:SHH	1	0
SUBSET OF 4753 GENES: ABCB4:AUTS2:CAMK2B:CDK13:CNTNAP2:DPP6:ELN:FLNC:FOXP2:GCK:GLI3:IKZF1:KCNH2:KMT2C:KMT2E:MNX1:PMS2:POT1:SEMA3A:SGCE:SHH:TBX20:TRRAP:TWIST1:UBN2	1	0
SUBSET OF 477 GENES: FOXP2:KMT2E	1	0
SUBSET OF 478 GENES: CTNND2:TERT:TRIO	1	0
SUBSET OF 478 GENES: EYA1:ZFHX4	1	0
SUBSET OF 479 GENES: DLG2:FZD4	1	0
SUBSET OF 48 GENES: ARSL:NLGN4X	1	0
SUBSET OF 48 GENES: AVPR2:L1CAM:MECP2:NAA10	1	1
SUBSET OF 48 GENES: EHMT1	3	3
SUBSET OF 48 GENES: GJA5	2	2
SUBSET OF 48 GENES: GJA5:GJA8	1	1
SUBSET OF 48 GENES: HNF1B	1	1
SUBSET OF 48 GENES: MYT1L	1	0
SUBSET OF 48 GENES: NOTCH1	1	1
SUBSET OF 480 GENES: ACSL4:BTK:CHM:CHRDL1:COL4A5:CUL4B:DCX:GLA:GRIA3:LAMP2:NXF5:PAK3:PCDH19:PLP1:PRPS1:SH2D1A:STAG2:TIMM8A:UBE2A:UPF3B:XIAP:ZNF711	1	1
SUBSET OF 483 GENES: CACNA1E:CDC73:LHX4	1	1
SUBSET OF 483 GENES: CTNND2:TERT:TRIO	1	0
SUBSET OF 483 GENES: ZIC2	1	1
SUBSET OF 484 GENES: SHANK3	1	0
SUBSET OF 485 GENES: DIP2A:DSCAM	1	0
SUBSET OF 485 GENES: FOXP1:MITF	1	0
SUBSET OF 485 GENES: GATA3:ZMYND11	1	0
SUBSET OF 486 GENES: BRCA2:NBEA:RB1	1	0
SUBSET OF 486 GENES: CACNA1A:LDLR:NFIX:SMARCA4	1	1
SUBSET OF 486 GENES: NPRL3:PKD1:SRRM2:TSC2	1	1
SUBSET OF 486 GENES: SHANK3	1	1
SUBSET OF 4863 GENES: ACVRL1:ANKS1B:ARID2:ATP2A2:CACNA1C:CDKN1B:CHD4:CNOT2:COL2A1:ETV6:GRIN2B:HMGA2:HNF1A:KMT2D:LEMD3:MED13L:PKP2:POLE:PTHLH:PTPN11:RPH3A:RPS26:SETD1B:SLC17A8:SOX5:SYT1:TBX3:TBX5	1	0
SUBSET OF 487 GENES: GATA3	1	1
SUBSET OF 489 GENES: FGF12:PAK2:TP63	1	1
SUBSET OF 489 GENES: NAF1:NR3C2	1	1
SUBSET OF 49 GENES: ARHGEF9	1	0
SUBSET OF 49 GENES: ARSL:NLGN4X	1	0
SUBSET OF 49 GENES: GJA5	2	0
SUBSET OF 49 GENES: GJA5:GJA8	2	0
SUBSET OF 49 GENES: HNRNPU	1	1
SUBSET OF 49 GENES: MYT1L	2	0
SUBSET OF 490 GENES: CDKN2A:DMRT1:ELAVL2:MTAP:NFIB:RFX3	1	0
SUBSET OF 490 GENES: MSX1:NSD2	1	0
SUBSET OF 491 GENES: SIN3A	1	0
SUBSET OF 492 GENES: BRCA2:POLR1D	1	0
SUBSET OF 492 GENES: CAMTA1:CHD5:GNB1	1	0
SUBSET OF 493 GENES: HOXD13:SCN1A:SCN2A:TTN	1	1
SUBSET OF 495 GENES: CHD7:RB1CC1:YTHDF3	1	0
SUBSET OF 495 GENES: GNAS:KCNQ2	1	0
SUBSET OF 495 GENES: SHANK3	1	0
SUBSET OF 496 GENES: FLNC:POT1	1	0
SUBSET OF 497 GENES: RPS17	2	2
SUBSET OF 498 GENES: SHANK3	1	1
SUBSET OF 499 GENES: GATA3:ZMYND11	1	0
SUBSET OF 50 GENES: BRPF1:SETD5	1	1
SUBSET OF 50 GENES: CHD2	1	1
SUBSET OF 50 GENES: CHD8:HNRNPC	1	1
SUBSET OF 50 GENES: EHMT1	1	1
SUBSET OF 50 GENES: GJA5	2	0
SUBSET OF 50 GENES: GJA5:GJA8	4	1
SUBSET OF 50 GENES: HNF1B	1	1
SUBSET OF 50 GENES: IQSEC2:KDM5C	1	0
SUBSET OF 50 GENES: SH2B1	1	1
SUBSET OF 500 GENES: APC:NR2F1	1	0
SUBSET OF 500 GENES: NAF1	1	1
SUBSET OF 502 GENES: MYCN:MYT1L:RPS7:SOX11	1	0
SUBSET OF 503 GENES: PAFAH1B1	1	0
SUBSET OF 503 GENES: PUF60	1	0
SUBSET OF 504 GENES: ARCN1:HMBS:KMT2A	1	0
SUBSET OF 504 GENES: CAMTA1:CASZ1:CHD5	1	0
SUBSET OF 504 GENES: CDKN2A:DMRT1:ELAVL2:MTAP:NFIB:RFX3	1	1
SUBSET OF 505 GENES: CHD2:IGF1R	1	0
SUBSET OF 505 GENES: SHANK3	1	1
SUBSET OF 507 GENES: IRF2BPL	1	0
SUBSET OF 507 GENES: PAX5:TPM2	1	0
SUBSET OF 507 GENES: PRRT2:SETD1A:SH2B1:SRCAP	1	0
SUBSET OF 509 GENES: CAMTA1:CASZ1:CHD5	1	1
SUBSET OF 51 GENES: BRIP1:TBX2:TBX4	1	0
SUBSET OF 51 GENES: CREBBP	1	0
SUBSET OF 51 GENES: EHMT1	2	2
SUBSET OF 51 GENES: EYA1	2	0
SUBSET OF 51 GENES: GJA5	4	0
SUBSET OF 51 GENES: GJA5:GJA8	6	0
SUBSET OF 511 GENES: BARD1:BMPR2:CASP10:ERBB4:SATB2	1	0
SUBSET OF 511 GENES: DSP:FOXC1:NEDD9	1	0
SUBSET OF 511 GENES: MSX1:NSD2	1	0
SUBSET OF 512 GENES: ZNF462	1	1
SUBSET OF 513 GENES: COL5A1:EHMT1:NOTCH1	1	0
SUBSET OF 514 GENES: CTNND2:TERT:TRIO	1	1
SUBSET OF 514 GENES: EDNRB:RB1	1	0
SUBSET OF 515 GENES: MSX1:NSD2	2	0
SUBSET OF 516 GENES: CIC:ERF:RPS19	1	1
SUBSET OF 517 GENES: CACNA1E:LHX4	1	0
SUBSET OF 517 GENES: TGFBR1:ZNF462	2	1
SUBSET OF 519 GENES: DIP2A:DSCAM	1	0
SUBSET OF 52 GENES: CD40LG:F9:ZIC3	1	1
SUBSET OF 52 GENES: CREBBP	1	0
SUBSET OF 52 GENES: EDNRB	1	0
SUBSET OF 52 GENES: LMNB1	1	1
SUBSET OF 52 GENES: MYT1L	2	0
SUBSET OF 52 GENES: ZEB2	1	1
SUBSET OF 520 GENES: KAT6B:NODAL	1	0
SUBSET OF 521 GENES: NUS1	1	1
SUBSET OF 522 GENES: CAMTA1:CHD5:GNB1:RERE	1	1
SUBSET OF 522 GENES: CHD2:IGF1R	1	0
SUBSET OF 523 GENES: CAMTA1:CHD5:GNB1:RERE	1	1
SUBSET OF 523 GENES: CNOT1:CYLD:GNAO1:SALL1	1	1
SUBSET OF 523 GENES: GATA3:ZMYND11	1	0
SUBSET OF 523 GENES: PMS2	1	1
SUBSET OF 524 GENES: BAG3:EBF3	1	1
SUBSET OF 524 GENES: SHANK3	1	1
SUBSET OF 525 GENES: FGF10:NIPBL	1	0
SUBSET OF 526 GENES: CTNND2:TERT:TRIO	1	1
SUBSET OF 526 GENES: SHANK3	1	0
SUBSET OF 528 GENES: CNTNAP2:DPP6:KCNH2:KMT2C:MNX1:SHH	2	1
SUBSET OF 53 GENES: CREBBP	1	0
SUBSET OF 53 GENES: GJA5	1	1
SUBSET OF 53 GENES: GJA5:GJA8	2	1
SUBSET OF 53 GENES: MYT1L	1	0
SUBSET OF 53 GENES: SOX11	1	0
SUBSET OF 53 GENES: WAC	1	1
SUBSET OF 531 GENES: EDNRB:RB1	1	1
SUBSET OF 532 GENES: CDC42BPB:MEG3	1	0
SUBSET OF 532 GENES: CHD8:HNRNPC	1	0
SUBSET OF 533 GENES: COL5A1:EHMT1:NOTCH1:TSC1	1	0
SUBSET OF 533 GENES: DLG2:FZD4:YAP1	1	1
SUBSET OF 534 GENES: NR4A2:SCN1A:SCN2A:SLC4A10:TBR1	1	0
SUBSET OF 535 GENES: CNTNAP2:DPP6:KCNH2:KMT2C:MNX1:SHH	1	1
SUBSET OF 535 GENES: CTNND2:TERT:TRIO	1	0
SUBSET OF 536 GENES: ANKRD11:FOXC2:FOXF1	1	0
SUBSET OF 536 GENES: ANOS1:AP1S2:ARSL:ARX:CDKL5:CLCN4:CNKSR2:DMD:FANCB:GK:HCCS:IL1RAPL1:MID1:MSL3:NHS:NLGN4X:NR0B1:OFD1:PDHA1:PHEX:PIGA:PTCHD1:RPS6KA3:RS1:SHOX:SMS:STS:TRAPPC2	1	0
SUBSET OF 536 GENES: CTNND2:DNAJC21:TRIO	1	0
SUBSET OF 537 GENES: ANOS1:AP1S2:ARSL:ARX:CDKL5:CLCN4:CNKSR2:DMD:FANCB:GK:HCCS:IL1RAPL1:MID1:MSL3:NHS:NLGN4X:NR0B1:OFD1:PDHA1:PHEX:PIGA:PTCHD1:RPS6KA3:RS1:SHOX:SMS:STS:TRAPPC2	1	0
SUBSET OF 537 GENES: CTNND2:TERT:TRIO	1	0
SUBSET OF 538 GENES: CACNA1A:LDLR:NFIX:SMARCA4	1	0
SUBSET OF 538 GENES: DSP:FOXC1:NEDD9	1	1
SUBSET OF 539 GENES: ANKRD11:FOXC2:FOXF1	1	0
SUBSET OF 539 GENES: COL5A1:NOTCH1:TSC1	1	1
SUBSET OF 539 GENES: TNNI3	1	0
SUBSET OF 54 GENES: AFF2:FMR1:IDS	1	1
SUBSET OF 54 GENES: AP1S2:CDKL5:NHS:RS1	1	0
SUBSET OF 54 GENES: CACNA1A:NFIX	1	0
SUBSET OF 54 GENES: CDKN1C:KCNQ1:KCNQ1OT1	1	0
SUBSET OF 54 GENES: DIP2A	1	1
SUBSET OF 54 GENES: EHMT1	1	1
SUBSET OF 54 GENES: GJA5	3	3
SUBSET OF 54 GENES: GJA5:GJA8	1	0
SUBSET OF 54 GENES: MEF2C:RASA1	1	1
SUBSET OF 540 GENES: ANOS1:AP1S2:ARSL:ARX:CDKL5:CLCN4:CNKSR2:DMD:FANCB:GK:HCCS:IL1RAPL1:MID1:MSL3:NHS:NLGN4X:NR0B1:OFD1:PDHA1:PHEX:PIGA:PTCHD1:RPS6KA3:RS1:SHOX:SMS:STS:TRAPPC2	1	0
SUBSET OF 540 GENES: CNTNAP2:DPP6:KCNH2:KMT2C:MNX1:SHH	1	0
SUBSET OF 540 GENES: CRKL:SMARCB1:TBX1	1	1
SUBSET OF 542 GENES: ANKRD17:PKD2:WDFY3	1	0
SUBSET OF 542 GENES: CNTNAP2:DPP6:KCNH2:KMT2C:MNX1:SHH	1	0
SUBSET OF 542 GENES: CTNND2:TERT:TRIO	1	0
SUBSET OF 542 GENES: NAF1	1	1
SUBSET OF 543 GENES: ANOS1:AP1S2:ARSL:ARX:CDKL5:CLCN4:CNKSR2:DMD:FANCB:GK:HCCS:IL1RAPL1:MID1:MSL3:NHS:NLGN4X:NR0B1:OFD1:PDHA1:PHEX:PIGA:PTCHD1:RPS6KA3:RS1:SHOX:SMS:STS:TRAPPC2	1	0
SUBSET OF 543 GENES: CTNND2:TERT:TRIO	1	1
SUBSET OF 544 GENES: CACNA1E:LHX4	1	0
SUBSET OF 544 GENES: SHANK3:TCF20	1	0
SUBSET OF 545 GENES: ARID1B:DLL1:ERMARD	1	0
SUBSET OF 545 GENES: CDKN2A:DMRT1:ELAVL2:MTAP:NFIB:RFX3	1	1
SUBSET OF 545 GENES: FGFR1:KAT6A:RB1CC1	1	0
SUBSET OF 547 GENES: CHAMP1:ZIC2	1	0
SUBSET OF 547 GENES: CTNND2:TERT:TRIO	1	0
SUBSET OF 548 GENES: MSX1:NSD2	1	0
SUBSET OF 549 GENES: APOB:MYCN:MYT1L:RPS7:SOX11	1	0
SUBSET OF 549 GENES: MSX1:NSD2	1	0
SUBSET OF 55 GENES: CDC73	1	1
SUBSET OF 55 GENES: CRKL	1	0
SUBSET OF 55 GENES: FGFR1	1	1
SUBSET OF 55 GENES: GJA5	3	2
SUBSET OF 55 GENES: GJA5:GJA8	8	6
SUBSET OF 55 GENES: GPC3:HPRT1:PHF6	1	1
SUBSET OF 55 GENES: MEF2C:RASA1	1	0
SUBSET OF 55 GENES: PTCH1	1	1
SUBSET OF 550 GENES: TNNI3	1	0
SUBSET OF 552 GENES: COL11A1:GLMN	1	0
SUBSET OF 553 GENES: ARID1B:DLL1:ERMARD	1	1
SUBSET OF 553 GENES: TMEM127	1	0
SUBSET OF 555 GENES: ARID1B:DLL1:ERMARD	1	1
SUBSET OF 555 GENES: COL5A1:EHMT1:NOTCH1:TSC1	1	1
SUBSET OF 556 GENES: APOB:DNMT3A:MYCN	1	1
SUBSET OF 556 GENES: TNNI3	1	0
SUBSET OF 557 GENES: CHD2:IGF1R	1	0
SUBSET OF 557 GENES: CTNND2:TERT:TRIO	1	0
SUBSET OF 558 GENES: CTNND2:TERT:TRIO	1	0
SUBSET OF 558 GENES: GNAS:KCNQ2	1	0
SUBSET OF 559 GENES: CHEK2:DEPDC5:NF2:SMARCB1	1	0
SUBSET OF 56 GENES: CHRDL1:DCX:PAK3	1	1
SUBSET OF 56 GENES: DLL1:ERMARD	1	1
SUBSET OF 56 GENES: EYA1	1	1
SUBSET OF 56 GENES: GJA5:GJA8	1	1
SUBSET OF 56 GENES: MBD5	1	0
SUBSET OF 56 GENES: RAI1	1	0
SUBSET OF 56 GENES: SRY	1	1
SUBSET OF 56 GENES: ZMYND11	1	0
SUBSET OF 560 GENES: CREBBP:NPRL3:PKD1:SRRM2:TSC2	1	0
SUBSET OF 560 GENES: DSP:FOXC1:NEDD9	1	0
SUBSET OF 560 GENES: NAF1	1	0
SUBSET OF 561 GENES: CAMTA1:CASZ1	1	0
SUBSET OF 561 GENES: CTNND2:TERT:TRIO	1	0
SUBSET OF 561 GENES: FGF12:PAK2:TP63	1	1
SUBSET OF 561 GENES: NUS1	1	0
SUBSET OF 562 GENES: PMS2:TWIST1	1	0
SUBSET OF 563 GENES: CDC42BPB:MEG3	1	1
SUBSET OF 563 GENES: NFIA:SRSF11	1	0
SUBSET OF 564 GENES: CTNND2:TERT:TRIO	4	0
SUBSET OF 565 GENES: EXT1:RAD21:TRPS1	1	1
SUBSET OF 565 GENES: TAF13	1	0
SUBSET OF 566 GENES: CACNA1E:LHX4	1	0
SUBSET OF 566 GENES: CTNND2:TERT:TRIO	2	0
SUBSET OF 566 GENES: RET	1	0
SUBSET OF 567 GENES: CAMTA1:CASZ1:SPEN	1	0
SUBSET OF 567 GENES: CAMTA1:CHD5:GNB1:RERE	1	0
SUBSET OF 57 GENES: AKT3:FH	1	1
SUBSET OF 57 GENES: ARID1B	1	0
SUBSET OF 57 GENES: JAG1	1	0
SUBSET OF 57 GENES: PAX6	1	1
SUBSET OF 57 GENES: SETBP1	1	0
SUBSET OF 570 GENES: ARID1B:DLL1:ERMARD	1	0
SUBSET OF 570 GENES: BRCA2:NBEA:POLR1D	1	1
SUBSET OF 570 GENES: GDF5:RALGAPB	1	0
SUBSET OF 571 GENES: ANKRD11:FOXC2:FOXF1	1	1
SUBSET OF 571 GENES: COL5A1:EHMT1:NOTCH1:TSC1	1	1
SUBSET OF 571 GENES: DIP2A:DSCAM:DYRK1A	1	0
SUBSET OF 571 GENES: PUF60	1	1
SUBSET OF 572 GENES: COL5A1:EHMT1:NOTCH1:TSC1	1	1
SUBSET OF 573 GENES: CDC42BPB:MEG3	1	0
SUBSET OF 574 GENES: CSNK2A1:JAG1	1	0
SUBSET OF 574 GENES: DSP:FOXC1:NEDD9	1	0
SUBSET OF 575 GENES: CNTNAP2:DPP6:KCNH2:KMT2C:MNX1:SHH	1	1
SUBSET OF 575 GENES: COL5A1:EHMT1:NOTCH1:TSC1	4	4
SUBSET OF 576 GENES: GATA2:MYLK	1	0
SUBSET OF 576 GENES: NFIA:SRSF11	1	1
SUBSET OF 577 GENES: MSX1:NSD2	1	1
SUBSET OF 578 GENES: DIS3L2:GIGYF2:HDAC4:TRIP12	1	0
SUBSET OF 579 GENES: ARID1B:DLL1:ERMARD	1	0
SUBSET OF 579 GENES: CTNND2:TERT:TRIO	1	0
SUBSET OF 58 GENES: BRIP1:TBX2:TBX4	1	1
SUBSET OF 58 GENES: DLL1:ERMARD	1	0
SUBSET OF 58 GENES: POLE	1	0
SUBSET OF 58 GENES: PRRT2	1	1
SUBSET OF 58 GENES: SHANK3	1	0
SUBSET OF 580 GENES: CAMTA1:CHD5:GNB1:RERE	1	0
SUBSET OF 580 GENES: CDH1:CNOT1:CTCF	1	1
SUBSET OF 581 GENES: CAMTA1:CHD5:GNB1:RERE	1	0
SUBSET OF 582 GENES: CSNK2A1:JAG1	1	1
SUBSET OF 582 GENES: MSX1:NSD2	2	1
SUBSET OF 583 GENES: SHANK3:TCF20	1	0
SUBSET OF 584 GENES: CDC42BPB:MEG3	1	1
SUBSET OF 584 GENES: CSNK2A1:JAG1	1	1
SUBSET OF 585 GENES: KAT6B:NODAL:RPS24	1	0
SUBSET OF 588 GENES: CDKN2A:DMRT1:ELAVL2:MTAP:NFIB:RFX3	1	0
SUBSET OF 589 GENES: DIP2A:DSCAM:DYRK1A	1	0
SUBSET OF 59 GENES: AFF2:FMR1:IDS	1	0
SUBSET OF 59 GENES: ARSL:SHOX	1	1
SUBSET OF 59 GENES: DLL1:ERMARD	1	0
SUBSET OF 59 GENES: EXT1	1	1
SUBSET OF 59 GENES: GJA5	1	1
SUBSET OF 59 GENES: GJA5:GJA8	1	0
SUBSET OF 59 GENES: SH2B1	1	0
SUBSET OF 59 GENES: ZEB2	1	1
SUBSET OF 590 GENES: CDKN2A:ELAVL2:MTAP:NFIB:PAX5:TPM2	1	0
SUBSET OF 594 GENES: CASP10:COL3A1:NCKAP1:SATB2:TTN	1	1
SUBSET OF 594 GENES: FGFR1:KAT6A	1	1
SUBSET OF 60 GENES: ARSL:SHOX	1	0
SUBSET OF 60 GENES: AVPR2:FLNA:L1CAM:MECP2:NAA10	1	0
SUBSET OF 60 GENES: CACNA1A:NFIX	1	0
SUBSET OF 60 GENES: DKC1:F8:RAB39B:TMLHE	1	0
SUBSET OF 60 GENES: GJA5:GJA8	5	1
SUBSET OF 60 GENES: ITSN1:RUNX1	1	1
SUBSET OF 60 GENES: SLC4A10:TBR1	1	0
SUBSET OF 60 GENES: VHL	1	0
SUBSET OF 601 GENES: DIP2A:DSCAM:DYRK1A	1	0
SUBSET OF 601 GENES: NAF1	1	1
SUBSET OF 602 GENES: KATNAL2:SETBP1:SMAD4:TCF4	1	0
SUBSET OF 603 GENES: CDH1:CNOT1:CTCF	1	1
SUBSET OF 605 GENES: RB1	1	0
SUBSET OF 606 GENES: TCF4	1	0
SUBSET OF 609 GENES: DLG4:PAFAH1B1	1	0
SUBSET OF 61 GENES: ABCD1:AVPR2:BCAP31:L1CAM:MECP2:NAA10:SLC6A8	1	0
SUBSET OF 61 GENES: GJA5:GJA8	1	1
SUBSET OF 61 GENES: KCNQ2	1	1
SUBSET OF 61 GENES: POGZ	1	0
SUBSET OF 61 GENES: SLC6A1:VHL	1	1
SUBSET OF 61 GENES: SRRM2	1	0
SUBSET OF 610 GENES: MSX1:NSD2	2	1
SUBSET OF 611 GENES: CTNND2:TERT:TRIO	1	0
SUBSET OF 612 GENES: BRPF1:ITPR1:SETD5:SLC6A1:VHL	1	1
SUBSET OF 612 GENES: MSX1:NSD2	1	1
SUBSET OF 613 GENES: RB1	1	0
SUBSET OF 614 GENES: DSP:FOXC1:NEDD9	1	0
SUBSET OF 615 GENES: HMBS	1	1
SUBSET OF 616 GENES: CHD2:IGF1R	1	1
SUBSET OF 617 GENES: NODAL	1	1
SUBSET OF 62 GENES: DLL1:ERMARD	2	1
SUBSET OF 62 GENES: MEF2C:RASA1	1	1
SUBSET OF 62 GENES: MSH2:MSH6	1	0
SUBSET OF 62 GENES: NFIB	1	1
SUBSET OF 620 GENES: BCLAF1:HIVEP2:TAB2	1	0
SUBSET OF 621 GENES: DSP:JARID2:NEDD9	1	0
SUBSET OF 624 GENES: BRCA2:NBEA:POLR1D	1	0
SUBSET OF 627 GENES: DDX41:FBXW11:MSX2:NKX2-5:NSD1	1	0
SUBSET OF 63 GENES: BRIP1:TBX2:TBX4	1	1
SUBSET OF 63 GENES: GJA5	6	0
SUBSET OF 63 GENES: GJA5:GJA8	10	0
SUBSET OF 63 GENES: NR4A2	1	1
SUBSET OF 63 GENES: SH2B1	1	0
SUBSET OF 631 GENES: MSX1:NSD2	1	0
SUBSET OF 631 GENES: SOX2:TBL1XR1:TERC	1	0
SUBSET OF 632 GENES: DIS3L2:GIGYF2:HDAC4:TRIP12	1	1
SUBSET OF 633 GENES: TBL1XR1	1	1
SUBSET OF 634 GENES: CDC42BPB:MEG3	1	0
SUBSET OF 634 GENES: CHAMP1:ZIC2	1	1
SUBSET OF 635 GENES: CHD2:IGF1R	1	0
SUBSET OF 636 GENES: BRCA1:EFTUD2:SMARCE1	1	1
SUBSET OF 636 GENES: MSX1:NSD2	1	0
SUBSET OF 64 GENES: BPTF	1	0
SUBSET OF 64 GENES: CRKL	6	4
SUBSET OF 64 GENES: DMRT1	1	0
SUBSET OF 64 GENES: GJA5:GJA8	1	1
SUBSET OF 64 GENES: NF1	2	2
SUBSET OF 64 GENES: NFIB	1	1
SUBSET OF 64 GENES: PAX9	1	1
SUBSET OF 64 GENES: TCF4	1	1
SUBSET OF 640 GENES: ADNP:GNAS:KCNQ2:SALL4	1	1
SUBSET OF 640 GENES: CAMK2B:CDK13:GCK:GLI3:IKZF1:TBX20	1	1
SUBSET OF 640 GENES: TCF4	2	0
SUBSET OF 641 GENES: CHAMP1:ZIC2	1	0
SUBSET OF 642 GENES: HMBS	1	1
SUBSET OF 643 GENES: AR:ARHGEF9:ATP7A:ATRX:BRWD3:BTK:CHM:CLCN5:DLG3:EDA:EFNB1:FGD1:GLA:HDAC8:IQSEC2:KDM5C:MAGT1:NEXMIF:NONO:OPHN1:PCDH19:PGK1:PHF8:POU3F4:SLC16A2:SMC1A:SYP:TBX22:TIMM8A:WDR45:XIST:ZC4H2:ZNF711	1	0
SUBSET OF 645 GENES: DSP:FOXC1:NEDD9	1	0
SUBSET OF 646 GENES: APP:DYRK1A:ITSN1:RUNX1:SON	1	0
SUBSET OF 646 GENES: DIP2A:DSCAM:DYRK1A:RUNX1	1	0
SUBSET OF 646 GENES: MSX1:NSD2	1	0
SUBSET OF 647 GENES: CTNND2:TERT:TRIO	1	0
SUBSET OF 648 GENES: TCF4	1	0
SUBSET OF 65 GENES: ADNP:SALL4	1	0
SUBSET OF 65 GENES: BRPF1:VHL	1	1
SUBSET OF 65 GENES: CRKL	2	2
SUBSET OF 65 GENES: FMR1:SOX3	1	1
SUBSET OF 65 GENES: SHANK3	1	1
SUBSET OF 65 GENES: TWIST1	1	1
SUBSET OF 65 GENES: WDFY3	1	0
SUBSET OF 650 GENES: TNNI3	1	1
SUBSET OF 651 GENES: BRPF1:ITPR1:SETD5:SLC6A1:VHL	1	0
SUBSET OF 653 GENES: CHAMP1:ZIC2	1	0
SUBSET OF 656 GENES: CAMTA1:CASZ1:CHD5:RERE	1	1
SUBSET OF 656 GENES: CDC42BPB:MEG3	1	0
SUBSET OF 656 GENES: DLG4:PAFAH1B1:TP53	1	0
SUBSET OF 657 GENES: APOB:MYCN:MYT1L:RPS7:SOX11	1	0
SUBSET OF 658 GENES: AKT3:FH:HNRNPU:ZBTB18	1	0
SUBSET OF 658 GENES: EDNRB:RB1	1	1
SUBSET OF 659 GENES: COL5A1:EHMT1:NOTCH1:TSC1	1	0
SUBSET OF 66 GENES: AVPR2:FLNA:L1CAM:MECP2:NAA10	2	2
SUBSET OF 66 GENES: CRKL	1	1
SUBSET OF 66 GENES: CSMD1	2	0
SUBSET OF 66 GENES: CSNK2A1	1	1
SUBSET OF 66 GENES: DKC1:F8:RAB39B:TMLHE	1	1
SUBSET OF 66 GENES: PAX9	1	1
SUBSET OF 66 GENES: PMS2	1	1
SUBSET OF 66 GENES: SRY	1	0
SUBSET OF 66 GENES: TFAP2B	1	0
SUBSET OF 662 GENES: CTNND2:TERT:TRIO	1	0
SUBSET OF 666 GENES: ANK2:PITX2	1	1
SUBSET OF 666 GENES: CDC42BPB:DICER1:MEG3	1	0
SUBSET OF 666 GENES: CHAMP1:ZIC2	1	0
SUBSET OF 667 GENES: HNF1A:POLE:SETD1B	1	0
SUBSET OF 668 GENES: TCF4	2	0
SUBSET OF 669 GENES: CDC42BPB:MEG3	1	1
SUBSET OF 669 GENES: CHD2:IGF1R	1	0
SUBSET OF 67 GENES: ARHGEF9:ZC4H2	1	1
SUBSET OF 67 GENES: CSNK2A1	1	1
SUBSET OF 67 GENES: NAF1	1	1
SUBSET OF 67 GENES: NF1	4	3
SUBSET OF 67 GENES: NSD1	1	1
SUBSET OF 671 GENES: MSX1:NSD2	1	0
SUBSET OF 673 GENES: CDC42BPB:MEG3	1	0
SUBSET OF 673 GENES: MSX1:NSD2	1	1
SUBSET OF 677 GENES: ANKRD11:FOXC2:FOXF1	1	0
SUBSET OF 678 GENES: CNOT1:CTCF:CYLD:GNAO1:SALL1	1	0
SUBSET OF 68 GENES: AKT3:HNRNPU:ZBTB18	1	1
SUBSET OF 68 GENES: AVPR2:FLNA:L1CAM:MECP2:NAA10	1	1
SUBSET OF 68 GENES: CRKL	1	1
SUBSET OF 68 GENES: CSMD1	2	1
SUBSET OF 68 GENES: EHMT1	1	0
SUBSET OF 68 GENES: GJA5	1	0
SUBSET OF 68 GENES: GJA5:GJA8	2	0
SUBSET OF 68 GENES: SH2B1	1	0
SUBSET OF 68 GENES: ZMYND11	1	1
SUBSET OF 683 GENES: ANOS1:AP1S2:ARSL:ARX:BCOR:CASK:CDKL5:CLCN4:CNKSR2:CYBB:DDX3X:DMD:FANCB:GK:HCCS:IL1RAPL1:MID1:MSL3:NHS:NLGN4X:NR0B1:NYX:OFD1:OTC:PDHA1:PHEX:PIGA:PTCHD1:RPS6KA3:RS1:SHOX:SMS:STS:TRAPPC2:TSPAN7:USP9X	1	1
SUBSET OF 684 GENES: ANKRD11:FOXC2:FOXF1	1	0
SUBSET OF 684 GENES: DDX41:FBXW11:MSX2:NKX2-5:NSD1	1	0
SUBSET OF 686 GENES: GATA3:ZMYND11	2	1
SUBSET OF 686 GENES: MYLK	1	1
SUBSET OF 688 GENES: MSX1:NSD2	1	0
SUBSET OF 689 GENES: APC:LMNB1:NR2F1	1	0
SUBSET OF 689 GENES: BAG3:EBF3:EMX2:TCF7L2	1	1
SUBSET OF 69 GENES: ABCD1:AVPR2:BCAP31:CCNQ:L1CAM:MECP2:NAA10:SLC6A8	1	1
SUBSET OF 69 GENES: DMRT1	1	0
SUBSET OF 69 GENES: EHMT1	2	1
SUBSET OF 69 GENES: GJA5:GJA8	3	0
SUBSET OF 69 GENES: ITPR1	1	1
SUBSET OF 69 GENES: RAI1	1	1
SUBSET OF 69 GENES: SH2B1	1	0
SUBSET OF 69 GENES: TWIST1	1	1
SUBSET OF 690 GENES: EP300:SHANK3:TCF20:TNRC6B	1	0
SUBSET OF 691 GENES: ELANE:MAP2K2:STK11	1	1
SUBSET OF 693 GENES: CSMD1:GATA4	1	0
SUBSET OF 694 GENES: CDKN2A:ELAVL2:MTAP:PAX5:TPM2	1	0
SUBSET OF 696 GENES: APC:LMNB1:NR2F1	1	0
SUBSET OF 696 GENES: CNTNAP2:DPP6:KCNH2:KMT2C:UBN2	1	0
SUBSET OF 697 GENES: MEF2C:NR2F1:RASA1	1	1
SUBSET OF 698 GENES: ANKRD11:FOXC2:FOXF1	1	0
SUBSET OF 70 GENES: CSMD1	1	1
SUBSET OF 70 GENES: DLL1:ERMARD	1	1
SUBSET OF 70 GENES: DMRT1	1	1
SUBSET OF 70 GENES: GATA4	1	0
SUBSET OF 70 GENES: NF1	1	0
SUBSET OF 70 GENES: NIPBL	1	1
SUBSET OF 70 GENES: NUS1	1	0
SUBSET OF 70 GENES: SH2B1	1	1
SUBSET OF 70 GENES: TBX5	1	0
SUBSET OF 700 GENES: BMPR2:CASP10:COL3A1:HOXD13:NCKAP1:SATB2:TTN	1	1
SUBSET OF 701 GENES: CTNND2:DNAJC21:TERT:TRIO	1	1
SUBSET OF 702 GENES: CTNND2:DNAJC21:TERT:TRIO	1	0
SUBSET OF 703 GENES: ABCD1:AFF2:AVPR2:BCAP31:CCNQ:CD40LG:DKC1:F8:F9:FLNA:FMR1:FRMD7:GDI1:GPC3:HPRT1:IDS:IKBKG:L1CAM:MECP2:MTM1:NAA10:NSDHL:OCRL:PHF6:RAB39B:SLC6A8:SLC9A6:SOX3:TMLHE:ZDHHC9:ZIC3	1	0
SUBSET OF 703 GENES: CDKN1B:CHD4:ETV6:GRIN2B	1	0
SUBSET OF 705 GENES: MSX1:NSD2	1	0
SUBSET OF 706 GENES: ABCD1:AFF2:AVPR2:BCAP31:CCNQ:CD40LG:DKC1:F8:F9:FLNA:FMR1:FRMD7:GDI1:GPC3:HPRT1:IDS:IKBKG:L1CAM:MECP2:MTM1:NAA10:NSDHL:OCRL:PHF6:RAB39B:SLC6A8:SLC9A6:SOX3:TMLHE:ZDHHC9:ZIC3	1	1
SUBSET OF 708 GENES: CHAMP1:ZIC2	1	0
SUBSET OF 709 GENES: CHAMP1:ZIC2	1	0
SUBSET OF 709 GENES: CNTNAP2:DPP6:KCNH2:KMT2C:MNX1:SHH	1	0
SUBSET OF 71 GENES: ARSL:SHOX	1	1
SUBSET OF 71 GENES: GJA5:GJA8	1	1
SUBSET OF 71 GENES: KIT	1	1
SUBSET OF 71 GENES: MYT1L	1	1
SUBSET OF 71 GENES: NF1	1	1
SUBSET OF 71 GENES: NFIB	1	1
SUBSET OF 71 GENES: SATB2	1	0
SUBSET OF 71 GENES: SYNCRIP	1	1
SUBSET OF 71 GENES: TAB2	1	0
SUBSET OF 710 GENES: SMAD4:TCF4	1	1
SUBSET OF 716 GENES: MSX1:NSD2	1	0
SUBSET OF 717 GENES: ANOS1:AP1S2:ARSL:ARX:BCOR:CASK:CDKL5:CLCN4:CNKSR2:CYBB:DDX3X:DMD:FANCB:GK:HCCS:IL1RAPL1:KDM6A:MAOA:MID1:MSL3:NDP:NHS:NLGN4X:NR0B1:NYX:OFD1:OTC:PDHA1:PHEX:PIGA:PTCHD1:RPS6KA3:RS1:SMS:STS:TRAPPC2:TSPAN7:USP9X	1	1
SUBSET OF 717 GENES: SLC17A8	1	0
SUBSET OF 72 GENES: AKT3:HNRNPU:ZBTB18	1	1
SUBSET OF 72 GENES: DKC1:FLNA:GDI1:IKBKG	1	0
SUBSET OF 72 GENES: NF1	1	0
SUBSET OF 72 GENES: SET	1	0
SUBSET OF 72 GENES: SH2B1	1	0
SUBSET OF 72 GENES: TP63	1	1
SUBSET OF 723 GENES: ABCD1:AFF2:AVPR2:BCAP31:CCNQ:CD40LG:DKC1:F8:F9:FLNA:FMR1:FRMD7:GDI1:GPC3:HPRT1:IDS:IKBKG:L1CAM:MECP2:MTM1:NAA10:NSDHL:OCRL:PHF6:RAB39B:SH2D1A:SLC6A8:SLC9A6:SOX3:STAG2:TMLHE:XIAP:ZDHHC9:ZIC3	1	1
SUBSET OF 724 GENES: ARX:BCOR:CASK:CLCN5:CYBB:DDX3X:DMD:EBP:FGD1:FTSJ1:GK:IL1RAPL1:IQSEC2:KDM5C:KDM6A:MAOA:NDP:NR0B1:NYX:OTC:PHF8:PORCN:PQBP1:RP2:SLC35A2:SMC1A:SYN1:SYP:TSPAN7:USP9X:WAS:WDR45:ZNF41	1	1
SUBSET OF 725 GENES: ABCD1:AFF2:AVPR2:BCAP31:CCNQ:CD40LG:DKC1:F8:F9:FLNA:FMR1:FRMD7:GDI1:GPC3:HPRT1:IDS:IKBKG:L1CAM:MECP2:MTM1:NAA10:NSDHL:OCRL:PHF6:RAB39B:SH2D1A:SLC6A8:SLC9A6:SOX3:STAG2:TMLHE:XIAP:ZDHHC9:ZIC3	1	0
SUBSET OF 725 GENES: CDKN1C:DCHS1:KCNQ1:KCNQ1OT1	1	0
SUBSET OF 725 GENES: IRF6:WDR26	1	0
SUBSET OF 726 GENES: ANKRD11:FOXC2:FOXF1	1	1
SUBSET OF 726 GENES: CSMD1:GATA4	1	1
SUBSET OF 73 GENES: ABCD1:AVPR2:BCAP31:FLNA:L1CAM:MECP2:NAA10	1	1
SUBSET OF 73 GENES: CRKL	1	1
SUBSET OF 73 GENES: DMRT1	1	1
SUBSET OF 73 GENES: EHMT1	1	1
SUBSET OF 73 GENES: JAG1	1	1
SUBSET OF 73 GENES: NF1	1	1
SUBSET OF 73 GENES: NSD1	1	1
SUBSET OF 73 GENES: PMS2	1	0
SUBSET OF 73 GENES: ZMYND11	1	0
SUBSET OF 730 GENES: EDNRB:RB1	1	0
SUBSET OF 730 GENES: MSX1:NSD2	1	1
SUBSET OF 733 GENES: FBN1:LEO1:TCF12	1	1
SUBSET OF 733 GENES: MLH1:RPL15:SCN5A	1	1
SUBSET OF 734 GENES: EDNRB:RB1	1	0
SUBSET OF 735 GENES: CAMTA1:CASZ1:CHD5:SDHB:SPEN	1	0
SUBSET OF 735 GENES: CSNK2A1:JAG1	1	1
SUBSET OF 736 GENES: BRCA2:NBEA:RB1	1	0
SUBSET OF 737 GENES: SMAD4:TCF4	1	0
SUBSET OF 739 GENES: BRAF:CNTNAP2:DPP6:KCNH2:KMT2C:MNX1:SHH	1	1
SUBSET OF 74 GENES: ALX4:EXT2	1	0
SUBSET OF 74 GENES: APP	1	0
SUBSET OF 74 GENES: BCL11A	1	0
SUBSET OF 74 GENES: DLG4	1	1
SUBSET OF 74 GENES: ELN	1	0
SUBSET OF 740 GENES: APOB:DNMT3A:MYCN:MYT1L:RPS7:SOX11	1	0
SUBSET OF 742 GENES: CSMD1:GATA4	1	0
SUBSET OF 749 GENES: PUF60	1	0
SUBSET OF 75 GENES: ABCD1:AVPR2:BCAP31:CCNQ:L1CAM:MECP2:NAA10:SLC6A8	1	0
SUBSET OF 75 GENES: AKT3:HNRNPU:ZBTB18	2	2
SUBSET OF 75 GENES: ITPR1	1	0
SUBSET OF 75 GENES: NF1	4	2
SUBSET OF 75 GENES: SLC6A1:VHL	1	1
SUBSET OF 750 GENES: PUF60	1	0
SUBSET OF 758 GENES: CDC42BPB:MEG3	1	0
SUBSET OF 76 GENES: AAGAB:SMAD3	1	1
SUBSET OF 76 GENES: AFF2:FMR1:IDS	1	1
SUBSET OF 76 GENES: CSMD1	1	0
SUBSET OF 76 GENES: DMRT1	1	1
SUBSET OF 76 GENES: NR4A2	1	0
SUBSET OF 76 GENES: PKD2	1	1
SUBSET OF 76 GENES: SETBP1	1	0
SUBSET OF 76 GENES: YAP1	1	0
SUBSET OF 764 GENES: POLD1:SHANK1:TNNI3	1	1
SUBSET OF 77 GENES: ARSL:SHOX	1	1
SUBSET OF 77 GENES: CELF4	1	1
SUBSET OF 77 GENES: COL1A1	1	0
SUBSET OF 77 GENES: NF1	1	1
SUBSET OF 77 GENES: PAX3	1	0
SUBSET OF 77 GENES: ZEB2	1	0
SUBSET OF 770 GENES: ARCN1:HMBS:KMT2A	1	0
SUBSET OF 771 GENES: ARCN1:HMBS:KMT2A	3	1
SUBSET OF 773 GENES: PMS2:TWIST1	1	0
SUBSET OF 774 GENES: ANKRD11:FOXC2:FOXF1	1	1
SUBSET OF 774 GENES: ANKRD17:KIT:PKD2:WDFY3:YTHDC1	1	1
SUBSET OF 774 GENES: BCL11A	1	0
SUBSET OF 777 GENES: ARCN1:HMBS:KMT2A	2	1
SUBSET OF 779 GENES: CSMD1:GATA4	2	1
SUBSET OF 779 GENES: PBX1:SDHC	1	1
SUBSET OF 78 GENES: ABCD1:AVPR2:BCAP31:FLNA:L1CAM:MECP2:NAA10:SLC6A8	1	0
SUBSET OF 78 GENES: AKT3:HNRNPU:ZBTB18	1	0
SUBSET OF 78 GENES: CSNK2A1	2	0
SUBSET OF 78 GENES: DMRT1	1	0
SUBSET OF 78 GENES: MYT1L	1	0
SUBSET OF 780 GENES: ARCN1:HMBS:KMT2A	1	0
SUBSET OF 781 GENES: DSP:FOXC1:JARID2:NEDD9	1	0
SUBSET OF 783 GENES: BRCA2:NBEA:RB1	1	1
SUBSET OF 783 GENES: CHD8:FOXG1:HNRNPC:PAX9	1	1
SUBSET OF 785 GENES: POLD1:SHANK1:TNNI3	1	0
SUBSET OF 788 GENES: ANKRD11:FOXC2:FOXF1	1	1
SUBSET OF 79 GENES: ANKRD11	1	1
SUBSET OF 79 GENES: DLL1:ERMARD	2	1
SUBSET OF 791 GENES: HNF1A:POLE:SETD1B	1	1
SUBSET OF 792 GENES: COL5A1:EHMT1:NOTCH1:TSC1	1	0
SUBSET OF 795 GENES: ANKRD11:FOXC2:FOXF1	1	0
SUBSET OF 796 GENES: FGFR1	1	0
SUBSET OF 799 GENES: ANKRD11:FOXC2:FOXF1	1	1
SUBSET OF 799 GENES: ARID1B:DLL1:ERMARD:TAB2	1	1
SUBSET OF 80 GENES: ABCB4	1	0
SUBSET OF 80 GENES: ANK2	1	0
SUBSET OF 80 GENES: CDKN2A:ELAVL2:MTAP	1	1
SUBSET OF 80 GENES: DLL1:ERMARD	1	0
SUBSET OF 80 GENES: IQSEC2:KDM5C:SMC1A	1	1
SUBSET OF 80 GENES: RUNX2	1	0
SUBSET OF 80 GENES: SMARCB1	2	2
SUBSET OF 80 GENES: YTHDC1	1	1
SUBSET OF 803 GENES: BRPF1:ITPR1:RPL15:SETD5:SLC6A1:VHL	1	0
SUBSET OF 803 GENES: CHEK2:CRKL:DEPDC5:NF2:SMARCB1:TBX1	1	1
SUBSET OF 807 GENES: CAMTA1:CASZ1:CHD5:RERE:SDHB:SPEN	1	1
SUBSET OF 809 GENES: POLD1:SHANK1:TNNI3	1	1
SUBSET OF 81 GENES: ALX4:EXT2:PHF21A	1	1
SUBSET OF 81 GENES: BRCA2	1	1
SUBSET OF 81 GENES: CHD7:YTHDF3	1	0
SUBSET OF 81 GENES: EYA1	1	1
SUBSET OF 81 GENES: FGFR1	1	0
SUBSET OF 81 GENES: SEMA3A	1	0
SUBSET OF 81 GENES: SLC6A1:VHL	1	1
SUBSET OF 810 GENES: CAMTA1:CASZ1:CHD5:GNB1:RERE	1	0
SUBSET OF 811 GENES: FGFR1	1	0
SUBSET OF 812 GENES: BAG3:EBF3:EMX2:SMC3:TCF7L2	1	0
SUBSET OF 813 GENES: CNTNAP2:DPP6:KCNH2:KMT2C:MNX1:SHH	1	1
SUBSET OF 814 GENES: MAP2K2	1	1
SUBSET OF 817 GENES: CHD8:FOXG1:HNRNPC:PAX9	1	0
SUBSET OF 819 GENES: CSNK2A1:JAG1	1	1
SUBSET OF 82 GENES: FGFR1	1	1
SUBSET OF 82 GENES: SDHB	1	1
SUBSET OF 822 GENES: FGFR1	1	0
SUBSET OF 825 GENES: ABCD1:AFF2:AVPR2:BCAP31:CCNQ:CD40LG:CUL4B:DKC1:F8:F9:FLNA:FMR1:FRMD7:GDI1:GPC3:GRIA3:HPRT1:IDS:IKBKG:L1CAM:LAMP2:MECP2:MTM1:NAA10:NSDHL:OCRL:PHF6:RAB39B:SH2D1A:SLC6A8:SLC9A6:SOX3:STAG2:TMLHE:UBE2A:UPF3B:XIAP:ZDHHC9:ZIC3	1	0
SUBSET OF 825 GENES: PAX2:SMC3:SUFU:TCF7L2	1	1
SUBSET OF 826 GENES: CREBBP:GRIN2A:NPRL3:PKD1:RBFOX1:SRRM2:TSC2:USP7	1	1
SUBSET OF 827 GENES: ACSL4:ALG13:AR:ARHGEF9:ATP7A:ATRX:BRWD3:BTK:CHM:CHRDL1:COL4A5:DCX:DLG3:EDA:EFNB1:FGD1:GLA:HDAC8:IQSEC2:KDM5C:MAGT1:NEXMIF:NONO:OPHN1:PAK3:PCDH19:PGK1:PHF8:PLP1:POU3F4:PRPS1:SLC16A2:SMC1A:TBX22:TIMM8A:XIST:ZC4H2:ZNF711	1	0
SUBSET OF 827 GENES: DSP:FOXC1:JARID2:NEDD9	1	1
SUBSET OF 828 GENES: ANOS1:AP1S2:ARSL:ARX:BCOR:CASK:CDKL5:CLCN4:CNKSR2:CYBB:DDX3X:DMD:FANCB:GK:HCCS:IL1RAPL1:KDM6A:MAOA:MID1:MSL3:NDP:NHS:NLGN4X:NR0B1:NYX:OFD1:OTC:PDHA1:PHEX:PIGA:PTCHD1:RP2:RPS6KA3:RS1:SHOX:SMS:STS:SYN1:TRAPPC2:TSPAN7:USP9X:ZNF41	1	1
SUBSET OF 828 GENES: CHEK2:CRKL:DEPDC5:MYH9:NF2:SMARCB1	1	0
SUBSET OF 828 GENES: PMS2:TWIST1	1	0
SUBSET OF 83 GENES: ARSL:NLGN4X:SHOX	1	1
SUBSET OF 833 GENES: CSNK2A1:JAG1	1	0
SUBSET OF 836 GENES: ABCD1:AFF2:ALG13:AVPR2:BCAP31:CCNQ:CD40LG:CUL4B:F9:FLNA:FMR1:FRMD7:GDI1:GPC3:GRIA3:HPRT1:IDS:IKBKG:L1CAM:LAMP2:MECP2:MTM1:NAA10:NSDHL:OCRL:PHF6:SH2D1A:SLC6A8:SLC9A6:SOX3:STAG2:UBE2A:UPF3B:XIAP:ZDHHC9:ZIC3	1	0
SUBSET OF 838 GENES: ABCD1:AFF2:AVPR2:BCAP31:CCNQ:CD40LG:CUL4B:DKC1:F8:F9:FLNA:FMR1:FRMD7:GDI1:GPC3:GRIA3:HPRT1:IDS:IKBKG:L1CAM:LAMP2:MECP2:MTM1:NAA10:NSDHL:OCRL:PHF6:RAB39B:SH2D1A:SLC6A8:SLC9A6:SOX3:STAG2:TMLHE:UBE2A:UPF3B:XIAP:ZDHHC9:ZIC3	1	0
SUBSET OF 838 GENES: CSNK2A1:JAG1	1	0
SUBSET OF 839 GENES: ANKRD11:FOXC2:FOXF1	1	0
SUBSET OF 84 GENES: MSX2:NKX2-5	1	1
SUBSET OF 84 GENES: POU4F3:SPINK1	1	0
SUBSET OF 84 GENES: PRRT2	1	0
SUBSET OF 84 GENES: SRSF11	1	1
SUBSET OF 843 GENES: CHD8:FOXG1:HNRNPC:PAX9	1	1
SUBSET OF 843 GENES: GATA3:ZMYND11	1	0
SUBSET OF 847 GENES: CREBBP:GRIN2A:NPRL3:PKD1:RBFOX1:SRRM2:TSC2:USP7	1	0
SUBSET OF 849 GENES: BRAF:CNTNAP2:DPP6:KCNH2:KMT2C:MNX1:SHH:UBN2	1	1
SUBSET OF 85 GENES: ABCD1:AVPR2:BCAP31:CCNQ:FLNA:L1CAM:MECP2:NAA10:SLC6A8	1	1
SUBSET OF 85 GENES: ANOS1:CLCN4:MID1:NLGN4X:STS	1	1
SUBSET OF 85 GENES: ARSL:NLGN4X:SHOX	2	0
SUBSET OF 85 GENES: CLCN4:HCCS:MID1:MSL3	1	1
SUBSET OF 85 GENES: DMRT1	1	0
SUBSET OF 85 GENES: EHMT1	1	1
SUBSET OF 85 GENES: PRRT2	1	1
SUBSET OF 850 GENES: MSX1:NSD2	1	1
SUBSET OF 858 GENES: CACNA1C:CDKN1B:CHD4:ETV6:GRIN2B	1	0
SUBSET OF 858 GENES: GRIN2A:PALB2:RBFOX1:SH2B1:USP7	1	0
SUBSET OF 86 GENES: ANOS1:ARSL:NLGN4X:STS	1	1
SUBSET OF 86 GENES: BCL11A	1	0
SUBSET OF 86 GENES: RAD51B	1	0
SUBSET OF 86 GENES: SHOX:SRY	1	0
SUBSET OF 86 GENES: TWIST1	1	0
SUBSET OF 861 GENES: FGFR1	1	1
SUBSET OF 862 GENES: CHD8:FOXG1:HNRNPC:PAX9	1	0
SUBSET OF 87 GENES: ASXL3:CELF4	1	0
SUBSET OF 87 GENES: BPTF	1	1
SUBSET OF 87 GENES: DSCAM	1	1
SUBSET OF 87 GENES: NAF1	1	0
SUBSET OF 87 GENES: PAK2	1	1
SUBSET OF 87 GENES: UBE3A	1	1
SUBSET OF 871 GENES: FGF12:PAK2:SOX2:TBL1XR1:TP63	1	0
SUBSET OF 872 GENES: DDX41:FBXW11:GABRA1:GABRG2:MSX2:NKX2-5:NSD1	1	0
SUBSET OF 872 GENES: FGF12:PAK2:SOX2:TBL1XR1:TP63	1	0
SUBSET OF 873 GENES: AKT3:FH:HNRNPU:ZBTB18	1	0
SUBSET OF 874 GENES: ABCD1:AFF2:AVPR2:BCAP31:CCNQ:CD40LG:CUL4B:DKC1:F8:F9:FLNA:FMR1:FRMD7:GDI1:GPC3:GRIA3:HPRT1:IDS:IKBKG:L1CAM:LAMP2:MECP2:MTM1:NAA10:NSDHL:OCRL:PHF6:RAB39B:SH2D1A:SLC6A8:SLC9A6:SOX3:STAG2:TMLHE:UBE2A:UPF3B:XIAP:ZDHHC9:ZIC3	1	1
SUBSET OF 874 GENES: FGFR1:KAT6A	2	1
SUBSET OF 875 GENES: ARID1B:HIVEP2:TAB2	1	1
SUBSET OF 875 GENES: CDH1:CTCF	1	0
SUBSET OF 879 GENES: MSX1:NSD2	1	1
SUBSET OF 88 GENES: ANK2	1	0
SUBSET OF 88 GENES: BCL11A	1	1
SUBSET OF 88 GENES: EFTUD2	1	0
SUBSET OF 88 GENES: KAT6A	1	1
SUBSET OF 88 GENES: KMT2E	1	1
SUBSET OF 88 GENES: MEF2C	1	0
SUBSET OF 884 GENES: CDC42BPB:DICER1:MEG3	1	1
SUBSET OF 884 GENES: MSX1:NSD2	1	1
SUBSET OF 884 GENES: PMS2:TWIST1	1	0
SUBSET OF 886 GENES: KATNAL2:SETBP1:SMAD4:TCF4	1	0
SUBSET OF 887 GENES: APP:DSCAM:DYRK1A:ITSN1:RUNX1:SON	1	0
SUBSET OF 888 GENES: ABCD1:AFF2:AVPR2:BCAP31:CCNQ:CD40LG:CUL4B:DKC1:F8:F9:FLNA:FMR1:FRMD7:GDI1:GPC3:GRIA3:HPRT1:IDS:IKBKG:L1CAM:LAMP2:MECP2:MTM1:NAA10:NSDHL:OCRL:PHF6:RAB39B:SH2D1A:SLC6A8:SLC9A6:SOX3:STAG2:TMLHE:UBE2A:UPF3B:XIAP:ZDHHC9:ZIC3	1	0
SUBSET OF 89 GENES: AKT3:HNRNPU:ZBTB18	2	1
SUBSET OF 89 GENES: CDC42BPB	1	1
SUBSET OF 89 GENES: CSNK2A1	1	1
SUBSET OF 89 GENES: DLL1:ERMARD	1	0
SUBSET OF 89 GENES: PRRT2	1	0
SUBSET OF 890 GENES: CDKN2A:DMRT1:ELAVL2:MTAP:NFIB:PAX5:RFX3:TPM2	1	0
SUBSET OF 892 GENES: CNTNAP2:DPP6:KCNH2:KMT2C:MNX1:SHH:UBN2	1	1
SUBSET OF 893 GENES: ABCD1:AFF2:AVPR2:BCAP31:CCNQ:CD40LG:CUL4B:DKC1:F8:F9:FLNA:FMR1:FRMD7:GDI1:GPC3:GRIA3:HPRT1:IDS:IKBKG:L1CAM:LAMP2:MECP2:MTM1:NAA10:NSDHL:OCRL:PHF6:RAB39B:SH2D1A:SLC6A8:SLC9A6:SOX3:STAG2:TMLHE:UBE2A:UPF3B:XIAP:ZDHHC9:ZIC3	1	1
SUBSET OF 894 GENES: KATNAL2:SETBP1:SMAD4:TCF4	1	0
SUBSET OF 897 GENES: APOB:DNMT3A:MYCN:MYT1L:RPS7:SOX11	1	0
SUBSET OF 897 GENES: CDKN2A:DMRT1:ELAVL2:MTAP:NFIB:PAX5:RFX3:TPM2	1	1
SUBSET OF 898 GENES: HNF1A:MED13L:POLE:SETD1B	1	1
SUBSET OF 90 GENES: CD40LG:F9:SOX3:ZIC3	1	1
SUBSET OF 90 GENES: MEF2C:RASA1	1	1
SUBSET OF 90 GENES: MYBPC3	1	1
SUBSET OF 90 GENES: NCKAP1	1	0
SUBSET OF 90 GENES: PRRT2	5	1
SUBSET OF 901 GENES: CDKN2A:DMRT1:ELAVL2:MTAP:NFIB:PAX5:RFX3:TPM2	1	1
SUBSET OF 904 GENES: FGFR1:KAT6A	1	1
SUBSET OF 905 GENES: CDKN2A:DMRT1:ELAVL2:MTAP:NFIB:PAX5:RFX3:TPM2	1	1
SUBSET OF 906 GENES: CDKN2A:DMRT1:ELAVL2:MTAP:NFIB:PAX5:RFX3:TPM2	4	2
SUBSET OF 908 GENES: ELANE:MAP2K2:STK11	1	0
SUBSET OF 909 GENES: NODAL:RET	1	0
SUBSET OF 909 GENES: PMS2:TWIST1	1	0
SUBSET OF 91 GENES: BMP4:GCH1	1	1
SUBSET OF 91 GENES: CHEK2:NF2	1	1
SUBSET OF 91 GENES: CLCN5:IQSEC2:KDM5C:PHF8:SMC1A	1	1
SUBSET OF 91 GENES: DIP2A	2	2
SUBSET OF 91 GENES: PAK2	1	1
SUBSET OF 91 GENES: PRRT2	1	1
SUBSET OF 91 GENES: SHOX:SRY	1	0
SUBSET OF 91 GENES: TBX1	1	1
SUBSET OF 912 GENES: CNTNAP2:DPP6:KCNH2:KMT2C:MNX1:SHH:UBN2	1	1
SUBSET OF 912 GENES: HNF1A:MED13L:POLE:SETD1B:TBX3:TBX5	1	0
SUBSET OF 914 GENES: ABCD1:AFF2:ALG13:AVPR2:BCAP31:CCNQ:CD40LG:CUL4B:DCX:DKC1:F8:F9:FLNA:FMR1:FRMD7:GDI1:GPC3:GRIA3:HPRT1:IDS:IKBKG:L1CAM:LAMP2:MECP2:MTM1:NAA10:NSDHL:OCRL:PAK3:PHF6:RAB39B:SH2D1A:SLC6A8:SLC9A6:SOX3:STAG2:TMLHE:UBE2A:UPF3B:XIAP:ZDHHC9:ZIC3	1	0
SUBSET OF 914 GENES: NAF1:NR3C2	1	0
SUBSET OF 917 GENES: DLG4:KDM6B:MYH10:PAFAH1B1:TP53	1	1
SUBSET OF 919 GENES: ANOS1:AP1S2:ARSL:ARX:BCOR:CASK:CDKL5:CLCN4:CNKSR2:CYBB:DDX3X:DMD:EBP:FANCB:FTSJ1:GK:HCCS:IL1RAPL1:KDM6A:MAOA:MID1:MSL3:NDP:NHS:NLGN4X:NR0B1:NYX:OFD1:OTC:PDHA1:PHEX:PIGA:PORCN:PQBP1:PTCHD1:RP2:RPS6KA3:RS1:SHOX:SLC35A2:SMS:STS:SYN1:TRAPPC2:TSPAN7:USP9X:WAS:ZNF41	1	0
SUBSET OF 92 GENES: ARSL:NLGN4X:STS	1	0
SUBSET OF 92 GENES: GLA:NXF5:PLP1	1	1
SUBSET OF 92 GENES: PRRT2	2	1
SUBSET OF 92 GENES: UBN2	1	1
SUBSET OF 922 GENES: CDKN1C:DCHS1:KCNC1:KCNQ1:KCNQ1OT1	1	0
SUBSET OF 922 GENES: COL11A1:GLMN:KCNA2:RPL5:TAF13	1	1
SUBSET OF 922 GENES: CREBBP:GRIN2A:NPRL3:PKD1:RBFOX1:SRRM2:TSC2:USP7	1	0
SUBSET OF 926 GENES: FGFR1:KAT6A	3	2
SUBSET OF 928 GENES: DLG4:KDM6B:MYH10:PAFAH1B1:TP53	1	0
SUBSET OF 929 GENES: ANOS1:AP1S2:ARSL:ARX:BCOR:CASK:CDKL5:CLCN4:CNKSR2:CYBB:DDX3X:DMD:EBP:FANCB:FTSJ1:GK:HCCS:IL1RAPL1:KDM6A:MAOA:MID1:MSL3:NDP:NHS:NLGN4X:NR0B1:NYX:OFD1:OTC:PDHA1:PHEX:PIGA:PORCN:PQBP1:PTCHD1:RP2:RPS6KA3:RS1:SHOX:SLC35A2:SMS:STS:SYN1:TRAPPC2:TSPAN7:USP9X:WAS:WDR45:ZNF41	1	0
SUBSET OF 93 GENES: NUS1	1	0
SUBSET OF 93 GENES: PRRT2	1	1
SUBSET OF 93 GENES: RORB	1	1
SUBSET OF 93 GENES: SLC17A8	1	0
SUBSET OF 931 GENES: CREBBP:GRIN2A:PKD1:RBFOX1:SRRM2:TSC2:USP7	1	0
SUBSET OF 933 GENES: FGFR1:KAT6A	3	1
SUBSET OF 938 GENES: FGFR1:KAT6A	1	0
SUBSET OF 939 GENES: EDNRB:NBEA:RB1	1	0
SUBSET OF 94 GENES: CACNA1C	1	1
SUBSET OF 94 GENES: EHMT1	1	1
SUBSET OF 94 GENES: FGD1:PHF8	1	0
SUBSET OF 94 GENES: MEIS2:SPRED1	1	1
SUBSET OF 94 GENES: NKX2-5	1	1
SUBSET OF 94 GENES: SLC2A1	1	0
SUBSET OF 94 GENES: WAC	1	1
SUBSET OF 941 GENES: FGFR1:KAT6A	1	0
SUBSET OF 946 GENES: CDH1:CTCF	1	0
SUBSET OF 948 GENES: CNTNAP2:DPP6:KCNH2:KMT2C:MNX1:SHH:UBN2	1	0
SUBSET OF 95 GENES: ACTC1	1	1
SUBSET OF 95 GENES: FGD1:PHF8	1	0
SUBSET OF 95 GENES: GLI2	1	0
SUBSET OF 95 GENES: LMX1B:STXBP1	1	1
SUBSET OF 95 GENES: PRRT2	4	1
SUBSET OF 953 GENES: AKT3:FH:HNRNPU:WDR26:ZBTB18	1	1
SUBSET OF 954 GENES: ASXL1:GDF5:JAG1:RALGAPB	1	1
SUBSET OF 955 GENES: AKT3:FH:HNRNPU:WDR26:ZBTB18	1	0
SUBSET OF 956 GENES: AKT3:FH:HNRNPU:WDR26:ZBTB18	1	1
SUBSET OF 958 GENES: AKT3:FH:HNRNPU:WDR26:ZBTB18	2	1
SUBSET OF 959 GENES: AKT3:FH:HNRNPU:WDR26:ZBTB18	1	1
SUBSET OF 96 GENES: EXT1:RAD21:TRPS1	1	0
SUBSET OF 96 GENES: PRRT2	3	2
SUBSET OF 960 GENES: CTNND2:DNAJC21:FGF10:NIPBL:TERT:TRIO	1	1
SUBSET OF 961 GENES: CTNND2:DNAJC21:FGF10:NIPBL:TERT:TRIO	1	0
SUBSET OF 966 GENES: BRPF1:ITPR1:MLH1:RPL15:SETD5:SLC6A1:VHL	1	1
SUBSET OF 968 GENES: ANOS1:AP1S2:ARX:BCOR:CASK:CDKL5:CLCN4:CLCN5:CNKSR2:CYBB:DDX3X:DMD:EBP:FANCB:FTSJ1:GK:HCCS:IL1RAPL1:IQSEC2:KDM5C:KDM6A:MAOA:MID1:MSL3:NDP:NHS:NR0B1:NYX:OFD1:OTC:PDHA1:PHEX:PHF8:PIGA:PORCN:PQBP1:PTCHD1:RP2:RPS6KA3:RS1:SLC35A2:SMC1A:SMS:SYN1:SYP:TRAPPC2:TSPAN7:USP9X:WAS:WDR45:ZNF41	1	0
SUBSET OF 969 GENES: DLG4:KDM6B:MYH10:PAFAH1B1:TP53	1	0
SUBSET OF 969 GENES: EXT1:PUF60:RAD21:TRPS1	1	1
SUBSET OF 97 GENES: CAMK2B	1	1
SUBSET OF 97 GENES: CIC:ERF	1	1
SUBSET OF 97 GENES: FOXP1	1	0
SUBSET OF 97 GENES: MSH2:MSH6:NRXN1	1	0
SUBSET OF 97 GENES: PAFAH1B1	1	0
SUBSET OF 97 GENES: PRRT2	8	4
SUBSET OF 97 GENES: PTCH1	1	1
SUBSET OF 97 GENES: TBX1	1	0
SUBSET OF 971 GENES: AKT3:FH:HNRNPU:WDR26:ZBTB18	1	1
SUBSET OF 979 GENES: MSX1:PHOX2B	1	1
SUBSET OF 98 GENES: CACNA1A:NFIX	1	1
SUBSET OF 98 GENES: CSNK2A1	1	0
SUBSET OF 98 GENES: ZIC2	1	1
SUBSET OF 985 GENES: CSMD1:GATA4	1	1
SUBSET OF 987 GENES: CDKN2A:DMRT1:ELAVL2:MTAP:NFIB:PAX5:RFX3:TPM2	1	0
SUBSET OF 988 GENES: CUL3:DIS3L2:GIGYF2:HDAC4:PAX3:TRIP12	1	0
SUBSET OF 99 GENES: CYLD:SALL1	1	1
SUBSET OF 99 GENES: DMRT1	1	0
SUBSET OF 99 GENES: FGF12:TP63	1	0
SUBSET OF 99 GENES: FGFR1	1	0
SUBSET OF 99 GENES: IRF6	1	0
SUBSET OF 99 GENES: MEG3	1	0
SUBSET OF 99 GENES: NR2F1	1	1
SUBSET OF 99 GENES: PRRT2	4	0
SUBSET OF 991 GENES: CDKN2A:DMRT1:ELAVL2:MTAP:NFIB:PAX5:RFX3:TPM2	1	0
SUBSET OF 993 GENES: ANOS1:AP1S2:ARSL:ARX:BCOR:CASK:CDKL5:CLCN4:CLCN5:CNKSR2:CYBB:DDX3X:DMD:EBP:FANCB:FTSJ1:GK:HCCS:IL1RAPL1:KDM6A:MAOA:MID1:MSL3:NDP:NHS:NLGN4X:NR0B1:NYX:OFD1:OTC:PDHA1:PHEX:PIGA:PORCN:PQBP1:PTCHD1:RP2:RPS6KA3:RS1:SHOX:SLC35A2:SMS:STS:SYN1:SYP:TRAPPC2:TSPAN7:USP9X:WAS:WDR45:ZNF41	1	0
SUBSET OF 993 GENES: BRCA2:EDNRB:NBEA:RB1	2	1
SUBSET OF 996 GENES: ANOS1:AP1S2:ARSL:ARX:BCOR:CASK:CDKL5:CLCN4:CLCN5:CNKSR2:CYBB:DDX3X:DMD:EBP:FANCB:FTSJ1:GK:HCCS:IL1RAPL1:KDM6A:MAOA:MID1:MSL3:NDP:NHS:NLGN4X:NR0B1:NYX:OFD1:OTC:PDHA1:PHEX:PIGA:PORCN:PQBP1:PTCHD1:RP2:RPS6KA3:RS1:SHOX:SLC35A2:SMS:STS:SYN1:SYP:TRAPPC2:TSPAN7:USP9X:WAS:WDR45:ZNF41	1	0
SUCLA2	40	36
SUCLG1	32	26
SUFU	135	130
SUGCT	4	4
SULT2B1	7	7
SUMF1	143	138
SUMF2	1	0
SUN5	8	4
SUOX	84	81
SUPT16H	9	7
SUPT5H	1	1
SUPT7L	2	0
SURF1	180	173
SUZ12	41	38
SV2A	3	3
SVBP	6	6
SVIL	10	8
SYCE1	7	3
SYCP2	6	6
SYCP2L	5	3
SYCP3	3	0
SYK	3	3
SYN1	70	63
SYN3	1	0
SYN3;TIMP3	2	2
SYNCRIP	5	5
SYNE1	409	392
SYNE1;SYNE1-AS1	1	1
SYNE2	12	11
SYNE4	44	44
SYNGAP1	445	428
SYNGAP1-AS1;SYNGAP1	4	4
SYNGAP1;SYNGAP1-AS1	11	11
SYNJ1	57	55
SYP	10	8
SYT1	25	21
SYT14	2	1
SYT2	18	10
SZT2	196	182
TAB2	83	77
TAC3	4	2
TACO1	17	17
TACR3	19	17
TACR3;TACR3-AS1	1	1
TACSTD2	11	2
TAF1	39	31
TAF13	3	3
TAF2	5	3
TAF4	29	25
TAF4B	1	0
TAF6	5	4
TAF7L	1	1
TAF8	8	6
TAFAZZIN	105	95
TALDO1	28	23
TAMM41	5	2
TANC2	57	42
TANGO2	53	51
TAOK1	83	78
TAOK2	1	1
TAP1	32	30
TAP2	26	24
TAPBP	2	1
TAPBPL;VAMP1	1	1
TAPT1	9	7
TARDBP	23	19
TARS1	5	2
TARS2	18	12
TASP1	5	4
TAT	71	65
TBATA	1	0
TBC1D20	8	3
TBC1D23	16	11
TBC1D24	109	96
TBC1D25	1	1
TBC1D2B	15	8
TBC1D31	1	0
TBC1D32	19	12
TBC1D7	7	6
TBC1D8B	11	8
TBCD	94	89
TBCE	63	62
TBCEL-TECTA;TECTA	7	7
TBCK	106	100
TBK1	85	78
TBL1X	1	1
TBL1XR1	116	107
TBL1XR1;TBL1XR1-AS1	1	1
TBP	3	2
TBR1	79	69
TBRG1	1	0
TBX1	65	59
TBX15	4	2
TBX18	6	2
TBX19	27	23
TBX2	5	3
TBX20	54	52
TBX21	1	0
TBX22	16	8
TBX3	43	32
TBX3;TBX3-AS1	2	2
TBX4	77	65
TBX5	207	159
TBX6	27	24
TBXA2R	4	3
TBXAS1	25	22
TBXT	2	1
TCAP	35	32
TCEAL1	13	13
TCERG1	1	0
TCF12	147	135
TCF20	157	143
TCF3	34	32
TCF4	299	288
TCF7L2	19	19
TCHH	3	3
TCIRG1	285	273
TCN1	6	6
TCN2	76	73
TCOF1	253	233
TCP1	8	4
TCTN1	62	60
TCTN2	80	79
TCTN3	73	68
TDP1	8	8
TDP2	14	12
TDRD1	1	1
TDRD12	4	4
TDRD6	5	5
TDRD7	10	5
TDRD9	12	10
TDRKH	1	0
TEAD1	1	1
TEAD3;TULP1	1	1
TEC	1	1
TECPR1	2	0
TECPR2	127	124
TECRL	24	23
TECTA	125	114
TEK	66	64
TEKT3	4	1
TELO2	30	30
TENM1	1	0
TENM3	14	11
TENM4	3	1
TENT5A	4	0
TERB1	4	1
TERB2	3	1
TERC	40	27
TERF2IP	1	1
TERT	169	154
TET2	179	163
TET2;TET2-AS1	1	0
TET3	56	43
TEX11	14	14
TEX14	13	11
TEX15	28	25
TF	17	11
TFAM	2	2
TFAP2A	56	51
TFAP2A;TFAP2A-AS2	1	1
TFAP2B	30	20
TFCP2L1	1	0
TFE3	21	17
TFG	5	4
TFR2	188	185
TFRC	1	1
TG	249	237
TGDS	13	9
TGFB1	11	8
TGFB2	120	118
TGFB3	84	79
TGFBI	21	17
TGFBR1	115	109
TGFBR2	126	119
TGIF1	12	9
TGIF2LY	1	1
TGM1	311	294
TGM3	1	0
TGM4	1	0
TGM5	28	27
TGM6	14	11
TH	195	179
THAP1	50	43
THAP11	1	1
THBD	9	8
THBS2	1	1
THG1L	5	5
THOC1	1	0
THOC2	24	15
THOC6	25	20
THPO	16	14
THRA	21	18
THRB	83	65
THSD1	7	5
THSD4	9	5
THSD4;LOC121530590;LOC125110355;LOC126862169;LOC130057452;LOC130057453	1	1
THUMPD1	9	9
TIA1	1	1
TIAM1	5	1
TIE1	2	0
TIMELESS	1	0
TIMM22	1	0
TIMM50	6	6
TIMM8A	24	13
TIMMDC1	9	9
TIMP3	11	11
TINF2	28	21
TJP2	87	78
TK2	96	95
TKFC	2	2
TKT	5	3
TLCD3B	2	1
TLE6	8	7
TLK2	98	94
TLL1	3	1
TLN1	1	1
TLR1	2	0
TLR5	1	1
TLR7	8	3
TLR8	6	3
TLR9	1	0
TM2D3	4	0
TM4SF20	1	1
TMBIM1	1	0
TMC1	187	165
TMC6	38	38
TMC8	39	39
TMCO1	20	20
TMEM106B	2	2
TMEM107	6	5
TMEM107;SNORD118	1	1
TMEM126A	12	12
TMEM126B	18	16
TMEM127	126	121
TMEM132E	2	2
TMEM138	21	18
TMEM147	17	16
TMEM151A	11	1
TMEM163	4	1
TMEM165	5	3
TMEM167A	1	1
TMEM203;TPRN;LOC130003092	1	1
TMEM216	52	46
TMEM218	4	2
TMEM222	5	0
TMEM230	1	1
TMEM231	53	51
TMEM237	48	45
TMEM240	3	2
TMEM256	1	0
TMEM260	34	32
TMEM38B	15	13
TMEM43	3	3
TMEM47	1	0
TMEM53	2	2
TMEM63A	10	9
TMEM63B	11	6
TMEM63C	4	0
TMEM67	249	223
TMEM70	38	37
TMEM87B	1	1
TMEM92	1	0
TMEM94	26	21
TMEM98	3	0
TMIE	18	14
TMLHE	5	4
TMPRSS15	81	80
TMPRSS3	120	111
TMPRSS6	45	33
TMPRSS9	2	2
TMTC3	20	17
TMTC4	2	0
TMX2	8	2
TNC	6	4
TNF	1	0
TNFAIP3	97	90
TNFRSF10B	2	1
TNFRSF11A	35	31
TNFRSF11B	14	8
TNFRSF13B	33	33
TNFRSF13C	2	1
TNFRSF1A	37	30
TNFRSF9	13	13
TNFSF11	5	2
TNFSF12-TNFSF13	1	1
TNIK	1	1
TNK2	1	0
TNNC1	11	7
TNNC2	2	0
TNNI2	15	14
TNNI3	79	70
TNNI3K	5	5
TNNT1	39	34
TNNT2	67	62
TNNT3	5	5
TNPO2	18	15
TNPO3	9	7
TNR	14	13
TNRC6B	72	63
TNXB	155	149
TOE1	32	21
TOGARAM1	18	17
TOM1	1	0
TOMM7	3	2
TONSL	86	76
TONSL;TONSL-AS1	1	1
TOP1	1	0
TOP2B	3	1
TOP3A	40	38
TOP6BL	2	1
TOPORS	29	27
TOR1A	15	14
TOR1AIP1	28	28
TOR1AIP2;LOC112577517;TOR1AIP1	1	0
TP53	1164	1090
TP53RK	9	6
TP63	140	120
TP73	6	3
TPCN2	1	1
TPI1	13	8
TPK1	31	28
TPM1	53	45
TPM2	45	40
TPM3	38	35
TPM4	3	1
TPO	125	116
TPP1	224	210
TPP2	19	15
TPRKB	2	1
TPRN	33	27
TRA2B	7	3
TRAC	1	0
TRAF3	5	3
TRAF3IP1	32	29
TRAF3IP2	20	19
TRAF5	1	0
TRAF7	23	20
TRAIP	13	12
TRAK1	8	5
TRAP1	1	0
TRAPPC10	6	3
TRAPPC11	77	76
TRAPPC12	29	28
TRAPPC14	1	0
TRAPPC2	36	26
TRAPPC2L	5	4
TRAPPC3	1	0
TRAPPC4	4	3
TRAPPC6B	11	10
TRAPPC9	83	76
TRDN	56	55
TREM2	24	21
TREX1	78	73
TRH-GTG2-1	6	1
TRHR	7	6
TRIM2	7	5
TRIM24	1	1
TRIM28	15	12
TRIM32	69	68
TRIM33	2	1
TRIM36	1	0
TRIM37	117	112
TRIM63	6	5
TRIM71	9	4
TRIM8	27	21
TRIO	195	179
TRIOBP	109	99
TRIP11	91	84
TRIP11;FLT3	2	0
TRIP12	108	99
TRIP13	9	5
TRIP4	34	31
TRIT1	17	15
TRMT1	31	27
TRMT10A	25	25
TRMT10C	2	1
TRMT5	4	3
TRMT61A	1	1
TRMU	172	169
TRNT1	81	77
TRPA1	1	0
TRPC3	1	1
TRPC4	1	1
TRPC6	35	33
TRPM1	125	112
TRPM1-AS1;LOC126862088;TRPM1	2	2
TRPM1;TRPM1-AS1	1	1
TRPM3	11	11
TRPM4	7	5
TRPM6	76	66
TRPM7	4	2
TRPS1	190	175
TRPV1	1	1
TRPV3	12	9
TRPV4	71	60
TRPV5	1	0
TRPV6	24	22
TRRAP	35	30
TRU-TCA1-1	1	0
TSC1	776	761
TSC2	1504	1468
TSEN15	2	1
TSEN2	31	28
TSEN34	2	1
TSEN54	83	80
TSFM	92	92
TSGA10	1	0
TSHB	12	11
TSHR	109	89
TSHR;TSHR-AS1	2	2
TSHZ1	1	0
TSHZ3	1	1
TSLIG3C	1	0
TSPAN12	47	42
TSPAN7	5	2
TSPEAR	76	70
TSPOAP1	7	5
TSPYL1	3	2
TSR2	1	1
TSR2;FGD1	1	1
TTBK1	2	2
TTBK2	12	9
TTC1	1	1
TTC12	8	4
TTC19	33	30
TTC21A	10	5
TTC21B	156	144
TTC21B;TTC21B-AS1	1	1
TTC29	11	4
TTC5	10	6
TTC7A	98	91
TTC8	81	75
TTI1	11	6
TTI2	9	6
TTLL5	107	103
TTN	5919	5602
TTN-AS1	2	2
TTN-AS1;TTN	15	15
TTN-AS1;TTN;LOC129935182	1	1
TTN;TTN-AS1	108	106
TTPA	98	92
TTR	132	119
TUB	14	14
TUBA1A	206	196
TUBA3D	2	0
TUBA3E	1	0
TUBA4A	29	18
TUBA4A;STK16;TUBA4B	1	1
TUBA8	1	0
TUBB	42	37
TUBB1	17	13
TUBB2A	37	36
TUBB2B	75	68
TUBB3	58	50
TUBB4A	46	43
TUBB4B	8	8
TUBB6	2	1
TUBB8	46	16
TUBG1	13	11
TUBGCP2	2	0
TUBGCP4	44	43
TUBGCP6	144	137
TUFM	6	4
TUFT1	2	0
TULP1	167	148
TULP3	9	5
TUSC3	21	17
TWIST1	105	97
TWIST2	7	3
TWNK	82	73
TXN2	1	0
TXNDC15	8	6
TXNL4A	11	5
TYK2	47	41
TYMP	204	171
TYMS	5	5
TYR	323	296
TYROBP	9	6
TYRP1	94	92
U2AF1	1	1
U2AF2	13	11
UBA1	1	1
UBA2	32	26
UBA5	40	36
UBAP1	22	14
UBAP1L	8	6
UBAP2L	14	11
UBE2A	26	20
UBE2H	1	1
UBE2T	14	11
UBE3A	300	236
UBE3B	75	69
UBE3C	1	1
UBE4A	9	8
UBIAD1	12	6
UBN1	1	1
UBN2	1	1
UBQLN1	1	1
UBQLN2	7	7
UBQLN4	1	1
UBR1	72	66
UBR4	3	0
UBR5	10	5
UBR7	8	4
UBTF	7	6
UCHL1	23	19
UCHL1;UCHL1-DT	3	3
UFC1	6	5
UFM1	4	3
UFSP2	9	8
UGDH	26	8
UGGT1	10	2
UGP2	1	1
UGT1A1	74	63
UHMK1	1	1
UIMC1	1	1
ULK2	1	1
ULK4	3	3
UMOD	113	95
UMPS	5	4
UNC119	1	0
UNC13A	10	5
UNC13D	216	212
UNC45A	14	7
UNC45B	6	3
UNC79	18	18
UNC80	152	149
UNC93B1	13	11
UNG	23	21
UPB1	39	38
UPF1	7	7
UPF2	1	1
UPF3B	39	37
UPK3A	1	1
UQCC2	2	0
UQCC3	1	0
UQCRB	3	3
UQCRB;UQCRB-AS1	1	1
UQCRC1	4	0
UQCRC2	8	8
UQCRFS1	3	2
UQCRH	1	0
UROC1	5	4
UROD	62	58
UROS	32	22
USB1	30	22
USH1C	203	187
USH1G	63	53
USH2A	2206	2082
USH2A-AS1;USH2A	1	1
USH2A-AS2;USH2A	2	2
USH2A;USH2A-AS1	13	13
USH2A;USH2A-AS2	14	14
USP11	2	2
USP14	1	1
USP18	5	4
USP19	2	0
USP24	1	0
USP26	3	0
USP27X	10	8
USP34	1	0
USP45	10	4
USP48	1	0
USP51	1	0
USP53	42	41
USP7	56	39
USP7;USP7-AS1	1	0
USP8	5	1
USP9X	139	122
USP9Y	2	1
UTRN	1	1
UVSSA	13	10
VAC14	15	11
VAMP1	14	12
VAMP2	15	11
VANGL1	2	1
VAPA	1	0
VAPB	2	1
VARS1	38	30
VARS1;VARS2	1	0
VARS2	49	44
VAX1	2	1
VCAN	22	20
VCL	4	4
VCP	52	50
VDR	42	32
VEGFA	2	2
VEGFC	3	2
VEZF1	1	0
VHL	447	412
VHL;LOC107303340	1	1
VIM	3	0
VIPAS39	32	24
VKORC1	5	2
VLDLR	65	58
VMA12	7	5
VMA21	8	4
VMA22	5	4
VPS11	5	1
VPS13A	535	528
VPS13B	1053	914
VPS13C	97	96
VPS13D	80	74
VPS16	23	19
VPS25	1	1
VPS26C	1	1
VPS33A	1	1
VPS33B	62	52
VPS35	3	3
VPS35L	7	3
VPS37A	1	0
VPS41	11	7
VPS45	16	16
VPS4A	7	6
VPS50	8	5
VPS51	5	3
VPS53	17	15
VRK1	103	101
VSX2	54	53
VTA1	1	1
VWA1	22	20
VWA2	1	0
VWA3B	11	10
VWA8	3	0
VWCE	1	0
VWDE	1	1
VWF	476	377
WAC	128	121
WARS1	5	4
WARS2	16	15
WAS	216	194
WASF1	13	11
WASHC4	14	11
WASHC5	44	39
WBP11	24	22
WBP2	1	1
WBP4	6	6
WDFY3	101	93
WDPCP	56	52
WDR1	7	0
WDR11	18	15
WDR19	157	145
WDR26	76	68
WDR35	78	69
WDR37	10	10
WDR4	17	14
WDR44	2	2
WDR45	216	204
WDR45B	3	2
WDR47	2	2
WDR5	4	4
WDR62	134	116
WDR72	50	42
WDR73	39	32
WDR81	43	41
WDR83OS	5	4
WDR91	4	3
WDR93	1	0
WDTC1	1	1
WEE2	8	3
WFDC2	3	3
WFS1	248	236
WHRN	63	59
WIPF1	6	4
WIPI2	2	0
WLS	3	3
WNK1	76	57
WNK2	1	1
WNK3	11	5
WNK4	7	5
WNT1	52	47
WNT10A	118	111
WNT10B	26	19
WNT2B	3	3
WNT3	2	0
WNT4	5	0
WNT5A	12	9
WNT7A	9	4
WNT7B	6	4
WNT9B	2	0
WRAP53	6	5
WRN	431	426
WSB2	1	0
WT1	175	161
WWOX	108	100
XDH	54	52
XIAP	78	72
XIST	1	1
XK	16	8
XKR7	1	0
XPA	113	96
XPC	224	210
XPNPEP3	19	16
XPO1	17	17
XPR1	7	3
XRCC1	4	3
XRCC2	17	16
XRCC4	22	19
XYLT1	26	19
XYLT2	17	15
YAP1	7	4
YARS1	15	10
YARS2	38	34
YIF1B	9	6
YIPF5	5	0
YME1L1	2	1
YPEL3	1	1
YRDC	4	0
YWHAE	4	2
YWHAG	32	31
YWHAZ	8	4
YY1	50	41
YY1AP1	14	11
ZAP70	38	37
ZBED4	1	0
ZBTB11	10	2
ZBTB18	82	75
ZBTB20	89	76
ZBTB20;ZBTB20-AS1	1	1
ZBTB24	56	55
ZBTB47	1	1
ZBTB7A	24	19
ZC3H14	1	0
ZC4H2	72	62
ZCCHC8	5	5
ZDHHC15	2	1
ZDHHC16	2	0
ZDHHC9	22	19
ZEB1	47	42
ZEB2	415	374
ZFC3H1	2	0
ZFHX2	1	0
ZFHX3	51	45
ZFHX3;ZFHX3-AS1	3	3
ZFHX4	21	21
ZFP30	1	1
ZFP36L2	2	1
ZFP57	14	5
ZFPM2	21	15
ZFTRAF1	3	0
ZFX	11	8
ZFYVE16	1	1
ZFYVE19	9	3
ZFYVE26	414	396
ZIC1	13	10
ZIC2	57	47
ZIC3	44	33
ZMIZ1	64	53
ZMPSTE24	39	34
ZMYM2	100	83
ZMYM3	13	12
ZMYND10	35	33
ZMYND11	89	77
ZMYND15	10	7
ZMYND8	6	6
ZNF141	1	0
ZNF142	47	47
ZNF148	31	27
ZNF276;FANCA	1	1
ZNF292	115	102
ZNF335	27	25
ZNF341	28	27
ZNF407	2	0
ZNF408	19	14
ZNF418	1	0
ZNF423	5	3
ZNF446	1	0
ZNF454;GRM6	1	1
ZNF462	92	80
ZNF469	203	184
ZNF496	2	2
ZNF513	2	1
ZNF526	5	2
ZNF644	3	0
ZNF668	3	1
ZNF687	1	0
ZNF699	14	10
ZNF711	17	15
ZNF750	1	0
ZNF766	1	1
ZNF804A	1	1
ZNF808	9	4
ZNF862	1	1
ZNF865	1	1
ZNFX1	12	6
ZNHIT3	3	3
ZNRF3	7	7
ZP1	17	12
ZP2	9	6
ZP3	5	2
ZPBP	1	0
ZPR1	1	0
ZRS	4	0
ZRS;LMBR1	2	0
ZRSR2	6	5
ZSCAN10	5	3
ZSWIM6	5	5
ZSWIM7	4	1
ZYG11B	1	1
