Gene	ClinGen_HI_score	ClinGen_HI_category	ClinGen_HI_last_curated
A4GALT	30	Gene Associated with Autosomal Recessive Phenotype	2014-12-11T15:51:23+00:00
AAGAB	3	Sufficient Evidence for Haploinsufficiency	2013-02-28T20:17:25+00:00
AARS1	0	No Evidence for Haploinsufficiency	2018-01-11T20:05:45+00:00
AARS2	30	Gene Associated with Autosomal Recessive Phenotype	2025-06-27T09:19:05-04:00
AASS	30	Gene Associated with Autosomal Recessive Phenotype	2025-10-08T11:56:37-04:00
ABAT	30	Gene Associated with Autosomal Recessive Phenotype	2016-08-22T17:45:36+00:00
ABCB4	3	Sufficient Evidence for Haploinsufficiency	2024-04-16T12:20:06-04:00
ABCB11	30	Gene Associated with Autosomal Recessive Phenotype	2020-07-08T16:37:14+00:00
ABCC8	30	Gene Associated with Autosomal Recessive Phenotype	2012-02-24T14:52:51+00:00
ABCD1	3	Sufficient Evidence for Haploinsufficiency	2020-12-02T17:18:11+00:00
ABCG5	30	Gene Associated with Autosomal Recessive Phenotype	2025-09-28T20:15:41-04:00
ABCG8	30	Gene Associated with Autosomal Recessive Phenotype	2025-02-03T13:56:29-05:00
ABHD12	30	Gene Associated with Autosomal Recessive Phenotype	2025-07-18T16:25:42-04:00
ABR	0	No Evidence for Haploinsufficiency	2012-09-05T14:36:50+00:00
ABRAXAS1	0	No Evidence for Haploinsufficiency	2023-07-18T21:33:08+00:00
ACAD8	30	Gene Associated with Autosomal Recessive Phenotype	2026-03-27T11:17:41-04:00
ACADM	30	Gene Associated with Autosomal Recessive Phenotype	2016-08-22T16:04:53+00:00
ACADSB	30	Gene Associated with Autosomal Recessive Phenotype	2016-08-22T17:45:39+00:00
ACADVL	30	Gene Associated with Autosomal Recessive Phenotype	2025-09-26T11:42:04-04:00
ACD	0	No Evidence for Haploinsufficiency	2025-04-24T11:25:55-04:00
ACOX1	30	Gene Associated with Autosomal Recessive Phenotype	2025-12-12T10:41:26-05:00
ACP5	30	Gene Associated with Autosomal Recessive Phenotype	2016-08-22T17:45:40+00:00
ACSF3	30	Gene Associated with Autosomal Recessive Phenotype	2025-10-24T11:15:08-04:00
ACSL4	1	Little Evidence for Haploinsufficiency	2025-06-10T12:33:26-04:00
ACTA2	1	Little Evidence for Haploinsufficiency	2022-09-28T13:20:42-04:00
ACTB	0	No Evidence for Haploinsufficiency	2022-02-08T17:17:21+00:00
ACTC1	1	Little Evidence for Haploinsufficiency	2024-09-10T12:57:33-04:00
ACTL6B	30	Gene Associated with Autosomal Recessive Phenotype	2022-11-23T17:22:31+00:00
ACVRL1	3	Sufficient Evidence for Haploinsufficiency	2025-02-11T12:43:39-05:00
ADA2	30	Gene Associated with Autosomal Recessive Phenotype	2025-10-24T11:24:06-04:00
ADAM9	30	Gene Associated with Autosomal Recessive Phenotype	2026-03-27T11:21:39-04:00
ADAMTS2	30	Gene Associated with Autosomal Recessive Phenotype	2016-08-22T17:45:44+00:00
ADAMTS13	30	Gene Associated with Autosomal Recessive Phenotype	2016-08-22T17:45:42+00:00
ADAMTS17	30	Gene Associated with Autosomal Recessive Phenotype	2016-08-22T17:45:43+00:00
ADAMTS18	30	Gene Associated with Autosomal Recessive Phenotype	2016-08-22T17:45:43+00:00
ADAMTSL2	30	Gene Associated with Autosomal Recessive Phenotype	2016-08-22T17:45:45+00:00
ADGRG1	30	Gene Associated with Autosomal Recessive Phenotype	2025-10-24T11:31:17-04:00
ADGRV1	30	Gene Associated with Autosomal Recessive Phenotype	2021-08-23T16:03:40+00:00
ADNP	3	Sufficient Evidence for Haploinsufficiency	2017-11-22T17:55:30+00:00
ADSL	30	Gene Associated with Autosomal Recessive Phenotype	2015-11-06T04:36:44+00:00
AFF2	3	Sufficient Evidence for Haploinsufficiency	2020-12-08T17:30:05+00:00
AGA	30	Gene Associated with Autosomal Recessive Phenotype	2026-02-05T15:48:09-05:00
AGAP2	0	No Evidence for Haploinsufficiency	2025-02-26T12:31:24-05:00
AGK	30	Gene Associated with Autosomal Recessive Phenotype	2025-09-26T11:14:44-04:00
AGO1	1	Little Evidence for Haploinsufficiency	2026-09-08T20:49:22-04:00
AGO4	0	No Evidence for Haploinsufficiency	2024-10-08T12:59:32-04:00
AGPAT2	30	Gene Associated with Autosomal Recessive Phenotype	2016-08-22T17:45:46+00:00
AGRN	30	Gene Associated with Autosomal Recessive Phenotype	2016-08-22T17:45:47+00:00
AGT	30	Gene Associated with Autosomal Recessive Phenotype	2014-11-13T15:04:16+00:00
AGTR2	0	No Evidence for Haploinsufficiency	2012-05-10T13:30:11+00:00
AGXT	30	Gene Associated with Autosomal Recessive Phenotype	2016-08-22T17:45:48+00:00
AHCY	30	Gene Associated with Autosomal Recessive Phenotype	2016-06-08T14:14:30+00:00
AHDC1	3	Sufficient Evidence for Haploinsufficiency	2018-02-28T17:31:33+00:00
AHI1	30	Gene Associated with Autosomal Recessive Phenotype	2025-09-26T11:29:08-04:00
AICDA	30	Gene Associated with Autosomal Recessive Phenotype	2016-08-22T17:45:48+00:00
AIFM1	0	No Evidence for Haploinsufficiency	2025-04-23T12:53:19-04:00
AIMP1	30	Gene Associated with Autosomal Recessive Phenotype	2016-08-22T17:45:49+00:00
AKT1	0	No Evidence for Haploinsufficiency	2022-01-25T18:10:51+00:00
AKT2	0	No Evidence for Haploinsufficiency	2015-05-07T13:10:30+00:00
AKT3	1	Little Evidence for Haploinsufficiency	2023-05-09T16:50:48+00:00
ALAD	30	Gene Associated with Autosomal Recessive Phenotype	2016-08-22T17:45:50+00:00
ALDH1A3	30	Gene Associated with Autosomal Recessive Phenotype	2016-08-22T17:45:51+00:00
ALDH3A2	30	Gene Associated with Autosomal Recessive Phenotype	2016-08-22T17:45:52+00:00
ALDH4A1	30	Gene Associated with Autosomal Recessive Phenotype	2025-11-21T11:23:07-05:00
ALDH5A1	30	Gene Associated with Autosomal Recessive Phenotype	2016-08-22T17:45:53+00:00
ALDOA	30	Gene Associated with Autosomal Recessive Phenotype	2016-08-22T17:45:54+00:00
ALG1	30	Gene Associated with Autosomal Recessive Phenotype	2016-08-22T17:45:54+00:00
ALG2	30	Gene Associated with Autosomal Recessive Phenotype	2016-08-22T17:45:56+00:00
ALG6	30	Gene Associated with Autosomal Recessive Phenotype	2016-08-22T17:45:57+00:00
ALG12	30	Gene Associated with Autosomal Recessive Phenotype	2016-08-22T17:45:55+00:00
ALG13	1	Little Evidence for Haploinsufficiency	2025-04-23T12:39:23-04:00
ALK	0	No Evidence for Haploinsufficiency	2025-06-23T16:06:55-04:00
ALMS1	30	Gene Associated with Autosomal Recessive Phenotype	2016-08-22T17:45:58+00:00
ALS2	30	Gene Associated with Autosomal Recessive Phenotype	2026-02-05T15:15:17-05:00
ALX4	3	Sufficient Evidence for Haploinsufficiency	2020-07-22T17:39:04+00:00
AMH	30	Gene Associated with Autosomal Recessive Phenotype	2016-08-22T17:45:59+00:00
AMN	30	Gene Associated with Autosomal Recessive Phenotype	2016-08-22T17:46:00+00:00
ANGPTL3	30	Gene Associated with Autosomal Recessive Phenotype	2026-06-30T16:27:48-04:00
ANK2	3	Sufficient Evidence for Haploinsufficiency	2025-01-14T12:11:45-05:00
ANKH	0	No Evidence for Haploinsufficiency	2022-02-23T18:51:21+00:00
ANKRD11	3	Sufficient Evidence for Haploinsufficiency	2022-06-14T16:16:46+00:00
ANKRD17	3	Sufficient Evidence for Haploinsufficiency	2023-04-11T16:22:41+00:00
ANKRD26	0	No Evidence for Haploinsufficiency	2023-10-10T16:23:50+00:00
ANKS1B	1	Little Evidence for Haploinsufficiency	2026-06-09T12:58:55-04:00
ANKS6	30	Gene Associated with Autosomal Recessive Phenotype	2016-08-22T17:46:02+00:00
ANOS1	3	Sufficient Evidence for Haploinsufficiency	2021-05-26T17:04:49+00:00
ANTXR2	30	Gene Associated with Autosomal Recessive Phenotype	2025-11-21T11:36:41-05:00
AP1S2	3	Sufficient Evidence for Haploinsufficiency	2021-04-28T16:13:16+00:00
AP4B1	30	Gene Associated with Autosomal Recessive Phenotype	2025-11-21T11:57:07-05:00
AP4S1	30	Gene Associated with Autosomal Recessive Phenotype	2026-02-27T11:38:46-05:00
APC	3	Sufficient Evidence for Haploinsufficiency	2021-07-18T22:10:32-04:00
APOB	3	Sufficient Evidence for Haploinsufficiency	2020-04-09T20:59:06+00:00
APOC2	30	Gene Associated with Autosomal Recessive Phenotype	2016-08-22T17:46:06+00:00
APP	0	No Evidence for Haploinsufficiency	2025-10-27T10:38:26-04:00
AR	3	Sufficient Evidence for Haploinsufficiency	2020-12-08T17:09:48+00:00
ARCN1	3	Sufficient Evidence for Haploinsufficiency	2022-05-10T16:22:31+00:00
ARFGEF2	30	Gene Associated with Autosomal Recessive Phenotype	2026-01-23T11:53:34-05:00
ARG1	30	Gene Associated with Autosomal Recessive Phenotype	2016-08-22T13:46:07-04:00
ARHGAP11B	0	No Evidence for Haploinsufficiency	2023-03-28T13:48:23-04:00
ARHGAP31	0	No Evidence for Haploinsufficiency	2023-06-13T16:29:25+00:00
ARHGEF4	0	No Evidence for Haploinsufficiency	2018-04-05T18:17:22+00:00
ARHGEF6	0	No Evidence for Haploinsufficiency	2012-04-25T19:40:11+00:00
ARHGEF9	3	Sufficient Evidence for Haploinsufficiency	2021-11-25T02:41:01+00:00
ARID1A	3	Sufficient Evidence for Haploinsufficiency	2020-05-27T16:53:48+00:00
ARID1B	3	Sufficient Evidence for Haploinsufficiency	2021-05-26T16:28:52+00:00
ARID2	3	Sufficient Evidence for Haploinsufficiency	2019-06-26T16:51:18+00:00
ARL6	30	Gene Associated with Autosomal Recessive Phenotype	2016-08-22T17:46:08+00:00
ARL6IP1	30	Gene Associated with Autosomal Recessive Phenotype	2016-08-22T17:46:09+00:00
ARSA	30	Gene Associated with Autosomal Recessive Phenotype	2026-09-25T11:31:23-04:00
ARSD	0	No Evidence for Haploinsufficiency	2016-07-21T21:14:39+00:00
ARSL	3	Sufficient Evidence for Haploinsufficiency	2012-07-12T19:08:24+00:00
ARX	3	Sufficient Evidence for Haploinsufficiency	2019-12-05T15:51:07+00:00
ASAH1	30	Gene Associated with Autosomal Recessive Phenotype	2017-09-12T01:02:04+00:00
ASH1L	3	Sufficient Evidence for Haploinsufficiency	2017-12-27T17:05:55+00:00
ASL	30	Gene Associated with Autosomal Recessive Phenotype	2026-05-26T10:31:20-04:00
ASPA	30	Gene Associated with Autosomal Recessive Phenotype	2026-02-27T11:17:49-05:00
ASPH	30	Gene Associated with Autosomal Recessive Phenotype	2016-08-22T17:46:12+00:00
ASPM	30	Gene Associated with Autosomal Recessive Phenotype	2026-01-23T11:35:18-05:00
ASTN2	1	Little Evidence for Haploinsufficiency	2021-03-09T17:57:18+00:00
ASXL1	3	Sufficient Evidence for Haploinsufficiency	2013-03-14T19:15:48+00:00
ASXL2	0	No Evidence for Haploinsufficiency	2018-06-28T13:53:56+00:00
ASXL3	3	Sufficient Evidence for Haploinsufficiency	2017-11-22T17:58:47+00:00
ATCAY	30	Gene Associated with Autosomal Recessive Phenotype	2016-08-22T17:46:14+00:00
ATF6	30	Gene Associated with Autosomal Recessive Phenotype	2026-01-23T11:45:22-05:00
ATL1	0	No Evidence for Haploinsufficiency	2026-08-27T15:37:35-04:00
ATM	3	Sufficient Evidence for Haploinsufficiency	2020-04-08T17:01:25+00:00
ATP2A1	30	Gene Associated with Autosomal Recessive Phenotype	2016-08-22T17:46:15+00:00
ATP2A2	3	Sufficient Evidence for Haploinsufficiency	2026-06-09T12:13:50-04:00
ATP2C2	0	No Evidence for Haploinsufficiency	2018-09-17T17:53:59+00:00
ATP6AP2	0	No Evidence for Haploinsufficiency	2012-10-31T18:37:06+00:00
ATP6V1E1	0	No Evidence for Haploinsufficiency	2012-04-26T22:40:17+00:00
ATP6V0A2	30	Gene Associated with Autosomal Recessive Phenotype	2026-04-24T11:26:28-04:00
ATP6V0A4	30	Gene Associated with Autosomal Recessive Phenotype	2016-08-22T17:46:16+00:00
ATP7A	3	Sufficient Evidence for Haploinsufficiency	2021-03-24T16:30:24+00:00
ATP7B	30	Gene Associated with Autosomal Recessive Phenotype	2026-02-27T11:24:20-05:00
ATP8A2	30	Gene Associated with Autosomal Recessive Phenotype	2023-03-28T16:15:31+00:00
ATP10A	0	No Evidence for Haploinsufficiency	2012-04-25T01:41:07+00:00
ATP13A2	30	Gene Associated with Autosomal Recessive Phenotype	2026-04-17T15:17:58-04:00
ATPAF2	30	Gene Associated with Autosomal Recessive Phenotype	2016-08-22T17:46:17+00:00
ATR	1	Little Evidence for Haploinsufficiency	2020-06-05T20:24:49+00:00
ATRX	3	Sufficient Evidence for Haploinsufficiency	2012-07-31T20:43:57+00:00
AUTS2	3	Sufficient Evidence for Haploinsufficiency	2020-06-24T12:20:48-04:00
AVPR2	3	Sufficient Evidence for Haploinsufficiency	2021-02-01T17:25:21+00:00
AXIN2	3	Sufficient Evidence for Haploinsufficiency	2021-12-08T17:17:50+00:00
B3GALNT2	30	Gene Associated with Autosomal Recessive Phenotype	2016-08-22T17:46:20+00:00
B3GALT6	30	Gene Associated with Autosomal Recessive Phenotype	2016-08-22T17:46:21+00:00
B4GALT1	30	Gene Associated with Autosomal Recessive Phenotype	2016-08-22T17:46:21+00:00
B4GALT7	30	Gene Associated with Autosomal Recessive Phenotype	2016-08-22T17:46:22+00:00
B9D1	30	Gene Associated with Autosomal Recessive Phenotype	2026-05-14T16:08:18-04:00
BAG3	3	Sufficient Evidence for Haploinsufficiency	2015-02-12T15:07:18-05:00
BAP1	3	Sufficient Evidence for Haploinsufficiency	2025-01-30T13:46:16-05:00
BARD1	3	Sufficient Evidence for Haploinsufficiency	2020-05-01T15:36:01+00:00
BAZ2B	1	Little Evidence for Haploinsufficiency	2026-04-13T15:53:39-04:00
BBS5	30	Gene Associated with Autosomal Recessive Phenotype	2015-10-12T03:35:00+00:00
BBS7	30	Gene Associated with Autosomal Recessive Phenotype	2016-08-22T17:46:25+00:00
BBS12	30	Gene Associated with Autosomal Recessive Phenotype	2016-08-22T17:46:24+00:00
BCAP31	3	Sufficient Evidence for Haploinsufficiency	2023-08-08T16:19:07+00:00
BCHE	30	Gene Associated with Autosomal Recessive Phenotype	2016-08-22T17:46:26+00:00
BCKDHB	30	Gene Associated with Autosomal Recessive Phenotype	2026-02-27T11:26:50-05:00
BCKDK	30	Gene Associated with Autosomal Recessive Phenotype	2016-08-22T17:46:27+00:00
BCL2L11	0	No Evidence for Haploinsufficiency	2018-06-21T18:08:49+00:00
BCL11A	3	Sufficient Evidence for Haploinsufficiency	2017-04-13T18:38:55+00:00
BCLAF1	1	Little Evidence for Haploinsufficiency	2018-06-28T13:48:57+00:00
BCOR	3	Sufficient Evidence for Haploinsufficiency	2012-10-04T19:16:22+00:00
BCR	0	No Evidence for Haploinsufficiency	2012-07-10T22:53:32+00:00
BCS1L	30	Gene Associated with Autosomal Recessive Phenotype	2016-08-22T17:46:28+00:00
BIN1	30	Gene Associated with Autosomal Recessive Phenotype	2016-08-22T17:46:29+00:00
BLM	30	Gene Associated with Autosomal Recessive Phenotype	2022-02-09T17:20:52+00:00
BLNK	30	Gene Associated with Autosomal Recessive Phenotype	2016-08-22T17:46:30+00:00
BMP4	3	Sufficient Evidence for Haploinsufficiency	2025-04-23T12:16:43-04:00
BMPER	30	Gene Associated with Autosomal Recessive Phenotype	2016-08-22T17:46:31+00:00
BMPR1A	3	Sufficient Evidence for Haploinsufficiency	2020-06-24T16:47:13+00:00
BMPR2	3	Sufficient Evidence for Haploinsufficiency	2020-08-26T16:19:41+00:00
BPHL	40	Dosage Sensitivity Unlikely for Haploinsufficiency	2021-02-02T17:39:43+00:00
BPNT2	30	Gene Associated with Autosomal Recessive Phenotype	2016-08-22T17:49:31+00:00
BPTF	3	Sufficient Evidence for Haploinsufficiency	2022-07-12T16:07:42+00:00
BPY2	0	No Evidence for Haploinsufficiency	2012-08-22T13:38:06+00:00
BRAF	0	No Evidence for Haploinsufficiency	2025-09-24T13:02:09-04:00
BRAT1	30	Gene Associated with Autosomal Recessive Phenotype	2026-05-26T10:37:57-04:00
BRCA1	3	Sufficient Evidence for Haploinsufficiency	2021-09-23T08:27:44-04:00
BRCA2	3	Sufficient Evidence for Haploinsufficiency	2021-07-14T12:56:45-04:00
BRIP1	3	Sufficient Evidence for Haploinsufficiency	2025-10-09T16:19:25-04:00
BRPF1	3	Sufficient Evidence for Haploinsufficiency	2023-08-23T16:15:11+00:00
BRSK2	3	Sufficient Evidence for Haploinsufficiency	2026-01-13T12:24:05-05:00
BRWD3	3	Sufficient Evidence for Haploinsufficiency	2022-08-24T16:11:15+00:00
BSND	30	Gene Associated with Autosomal Recessive Phenotype	2026-05-26T10:41:00-04:00
BTD	30	Gene Associated with Autosomal Recessive Phenotype	2015-05-21T13:12:18+00:00
BTK	3	Sufficient Evidence for Haploinsufficiency	2021-03-24T16:27:18+00:00
BUB1B	30	Gene Associated with Autosomal Recessive Phenotype	2022-02-02T03:45:26+00:00
C1QB	30	Gene Associated with Autosomal Recessive Phenotype	2017-01-17T18:05:58+00:00
CFAP418	30	Gene Associated with Autosomal Recessive Phenotype	2016-08-22T17:46:35+00:00
C19orf12	30	Gene Associated with Autosomal Recessive Phenotype	2016-08-22T17:46:34+00:00
CA5A	30	Gene Associated with Autosomal Recessive Phenotype	2016-08-22T17:46:37+00:00
CA8	30	Gene Associated with Autosomal Recessive Phenotype	2016-08-22T17:46:37+00:00
CA12	30	Gene Associated with Autosomal Recessive Phenotype	2016-08-22T17:46:36+00:00
CABP2	30	Gene Associated with Autosomal Recessive Phenotype	2021-08-20T14:04:01+00:00
CABP4	30	Gene Associated with Autosomal Recessive Phenotype	2016-08-22T17:46:38+00:00
CACNA1A	3	Sufficient Evidence for Haploinsufficiency	2017-05-21T23:42:42+00:00
CACNA1C	1	Little Evidence for Haploinsufficiency	2016-03-24T19:23:05+00:00
CACNA1E	1	Little Evidence for Haploinsufficiency	2024-09-10T12:53:10-04:00
CACNA1S	0	No Evidence for Haploinsufficiency	2026-06-18T14:27:34-04:00
CADPS2	0	No Evidence for Haploinsufficiency	2012-07-10T22:51:42+00:00
CALM1	0	No Evidence for Haploinsufficiency	2023-12-12T18:00:56+00:00
CALM2	0	No Evidence for Haploinsufficiency	2024-07-09T14:17:17-04:00
CALM3	0	No Evidence for Haploinsufficiency	2024-07-09T14:17:54-04:00
CAMK2A	1	Little Evidence for Haploinsufficiency	2023-05-24T13:14:16-04:00
CAMK2B	1	Little Evidence for Haploinsufficiency	2023-01-25T17:55:34+00:00
CAMTA1	3	Sufficient Evidence for Haploinsufficiency	2017-12-14T19:57:45+00:00
CANT1	30	Gene Associated with Autosomal Recessive Phenotype	2016-08-22T17:46:39+00:00
CAPN3	30	Gene Associated with Autosomal Recessive Phenotype	2026-04-24T11:37:25-04:00
CAPN5	0	No Evidence for Haploinsufficiency	2026-09-08T12:39:50-04:00
CAPRIN1	2	Emerging Evidence for Haploinsufficiency	2026-06-09T12:37:13-04:00
CARD14	0	No Evidence for Haploinsufficiency	2013-08-01T16:41:48+00:00
CASK	3	Sufficient Evidence for Haploinsufficiency	2012-06-28T19:09:55+00:00
CASP10	1	Little Evidence for Haploinsufficiency	2020-04-10T21:24:57+00:00
CASQ2	30	Gene Associated with Autosomal Recessive Phenotype	2026-06-26T11:31:10-04:00
CASR	0	No Evidence for Haploinsufficiency	2012-03-02T23:26:38+00:00
CASZ1	1	Little Evidence for Haploinsufficiency	2019-04-25T21:07:36+00:00
CATSPER2	30	Gene Associated with Autosomal Recessive Phenotype	2012-09-20T19:37:27+00:00
CBFB	0	No Evidence for Haploinsufficiency	2012-02-22T15:19:44+00:00
CBL	0	No Evidence for Haploinsufficiency	2024-02-14T17:47:59+00:00
CBS	30	Gene Associated with Autosomal Recessive Phenotype	2016-08-22T17:46:41+00:00
CBY2	40	Dosage Sensitivity Unlikely for Haploinsufficiency	2021-02-03T13:26:42+00:00
CC2D2A	30	Gene Associated with Autosomal Recessive Phenotype	2013-07-17T14:12:35+00:00
CCBE1	30	Gene Associated with Autosomal Recessive Phenotype	2016-08-22T17:46:42+00:00
CCDC8	30	Gene Associated with Autosomal Recessive Phenotype	2016-08-22T17:46:46+00:00
CCDC39	30	Gene Associated with Autosomal Recessive Phenotype	2026-07-24T11:28:26-04:00
CCDC40	30	Gene Associated with Autosomal Recessive Phenotype	2016-08-22T17:46:46+00:00
DNAAF19	30	Gene Associated with Autosomal Recessive Phenotype	2016-08-22T17:46:43+00:00
CCN6	30	Gene Associated with Autosomal Recessive Phenotype	2016-08-22T17:53:27+00:00
CCNQ	1	Little Evidence for Haploinsufficiency	2024-06-11T12:51:10-04:00
CCT5	30	Gene Associated with Autosomal Recessive Phenotype	2016-08-22T17:46:47+00:00
CD3D	30	Gene Associated with Autosomal Recessive Phenotype	2016-08-22T17:46:49+00:00
CD3E	30	Gene Associated with Autosomal Recessive Phenotype	2026-06-26T11:07:26-04:00
CD3G	30	Gene Associated with Autosomal Recessive Phenotype	2016-08-22T17:46:50+00:00
CD8A	30	Gene Associated with Autosomal Recessive Phenotype	2016-08-22T17:46:52+00:00
CD19	30	Gene Associated with Autosomal Recessive Phenotype	2026-07-24T11:37:51-04:00
CD27	30	Gene Associated with Autosomal Recessive Phenotype	2023-07-28T00:27:37+00:00
CD36	30	Gene Associated with Autosomal Recessive Phenotype	2016-08-22T17:46:49+00:00
CD40LG	3	Sufficient Evidence for Haploinsufficiency	2020-04-08T17:33:25+00:00
CD59	30	Gene Associated with Autosomal Recessive Phenotype	2016-08-22T17:46:51+00:00
CDAN1	30	Gene Associated with Autosomal Recessive Phenotype	2016-08-22T17:46:53+00:00
CDC42BPB	2	Emerging Evidence for Haploinsufficiency	2025-07-23T12:20:26-04:00
CDC73	3	Sufficient Evidence for Haploinsufficiency	2022-04-13T16:22:10+00:00
CDH1	3	Sufficient Evidence for Haploinsufficiency	2020-04-10T15:02:12+00:00
CDH15	0	No Evidence for Haploinsufficiency	2013-08-08T14:28:39+00:00
CDH23	30	Gene Associated with Autosomal Recessive Phenotype	2016-08-22T17:46:54+00:00
CDHR1	30	Gene Associated with Autosomal Recessive Phenotype	2016-08-22T17:46:55+00:00
CDIN1	30	Gene Associated with Autosomal Recessive Phenotype	2016-08-22T17:46:33+00:00
CDK4	0	No Evidence for Haploinsufficiency	2020-09-02T14:08:46+00:00
CDK5RAP2	30	Gene Associated with Autosomal Recessive Phenotype	2026-06-26T11:18:29-04:00
CDK6	30	Gene Associated with Autosomal Recessive Phenotype	2016-08-22T17:46:56+00:00
CDK13	3	Sufficient Evidence for Haploinsufficiency	2025-09-04T17:13:41-04:00
CDKL5	3	Sufficient Evidence for Haploinsufficiency	2012-07-12T15:05:44-04:00
CDKN1B	3	Sufficient Evidence for Haploinsufficiency	2020-07-08T21:02:40+00:00
CDKN1C	3	Sufficient Evidence for Haploinsufficiency	2020-09-25T15:51:14+00:00
CDKN2A	3	Sufficient Evidence for Haploinsufficiency	2022-03-18T13:12:39+00:00
CDT1	30	Gene Associated with Autosomal Recessive Phenotype	2026-08-28T10:52:32-04:00
CDY1	0	No Evidence for Haploinsufficiency	2012-08-22T14:37:34+00:00
CEBPA	0	No Evidence for Haploinsufficiency	2022-06-09T12:15:54+00:00
CEBPE	30	Gene Associated with Autosomal Recessive Phenotype	2016-08-22T17:46:58+00:00
CELF4	1	Little Evidence for Haploinsufficiency	2022-12-07T17:27:14+00:00
CPAP	30	Gene Associated with Autosomal Recessive Phenotype	2016-08-22T17:46:59+00:00
CENPP	0	No Evidence for Haploinsufficiency	2012-09-19T14:12:20+00:00
CEP78	30	Gene Associated with Autosomal Recessive Phenotype	2017-10-23T19:35:05+00:00
CEP164	30	Gene Associated with Autosomal Recessive Phenotype	2016-08-22T17:47:00+00:00
CEP290	30	Gene Associated with Autosomal Recessive Phenotype	2012-08-22T14:34:26+00:00
CERS3	30	Gene Associated with Autosomal Recessive Phenotype	2016-08-22T17:47:01+00:00
CERT1	0	No Evidence for Haploinsufficiency	2023-01-25T17:11:36+00:00
CFAP53	30	Gene Associated with Autosomal Recessive Phenotype	2016-08-22T17:46:44+00:00
CFC1	0	No Evidence for Haploinsufficiency	2021-09-22T16:07:11+00:00
CFD	30	Gene Associated with Autosomal Recessive Phenotype	2016-08-22T17:47:02+00:00
CFL2	30	Gene Associated with Autosomal Recessive Phenotype	2016-08-22T13:47:03-04:00
CFTR	30	Gene Associated with Autosomal Recessive Phenotype	2016-08-22T17:47:03+00:00
CHAMP1	1	Little Evidence for Haploinsufficiency	2025-06-10T12:16:04-04:00
CHAT	30	Gene Associated with Autosomal Recessive Phenotype	2016-08-22T17:47:04+00:00
CHD1L	0	No Evidence for Haploinsufficiency	2018-08-30T14:53:22-04:00
CHD2	3	Sufficient Evidence for Haploinsufficiency	2019-10-23T16:24:58+00:00
CHD4	1	Little Evidence for Haploinsufficiency	2022-11-30T18:00:07+00:00
CHD5	1	Little Evidence for Haploinsufficiency	2022-09-27T12:44:43-04:00
CHD7	3	Sufficient Evidence for Haploinsufficiency	2023-04-11T16:26:48+00:00
CHD8	3	Sufficient Evidence for Haploinsufficiency	2018-04-25T16:45:15+00:00
CHEK1	0	No Evidence for Haploinsufficiency	2021-11-10T17:45:07+00:00
CHEK2	3	Sufficient Evidence for Haploinsufficiency	2020-01-08T17:26:33+00:00
CHKB	30	Gene Associated with Autosomal Recessive Phenotype	2016-08-22T17:47:05+00:00
CHL1	0	No Evidence for Haploinsufficiency	2023-12-12T17:45:16+00:00
CHM	3	Sufficient Evidence for Haploinsufficiency	2021-03-24T16:36:08+00:00
CHMP1A	30	Gene Associated with Autosomal Recessive Phenotype	2016-08-22T17:47:06+00:00
CHMP7	0	No Evidence for Haploinsufficiency	2022-09-27T16:51:32+00:00
CHRDL1	3	Sufficient Evidence for Haploinsufficiency	2016-12-08T19:39:07+00:00
CHRM3	0	No Evidence for Haploinsufficiency	2023-11-16T21:23:27+00:00
CHRNA4	0	No Evidence for Haploinsufficiency	2025-12-22T10:21:18-05:00
CHRNA7	0	No Evidence for Haploinsufficiency	2018-05-10T21:26:46+00:00
CHST6	30	Gene Associated with Autosomal Recessive Phenotype	2016-08-22T17:47:06+00:00
CHSY1	30	Gene Associated with Autosomal Recessive Phenotype	2016-08-22T17:47:07+00:00
CIC	3	Sufficient Evidence for Haploinsufficiency	2022-11-08T17:49:51+00:00
CIDEC	30	Gene Associated with Autosomal Recessive Phenotype	2016-08-22T17:47:08+00:00
CITED2	0	No Evidence for Haploinsufficiency	2023-11-29T17:51:27+00:00
CLASP1	0	No Evidence for Haploinsufficiency	2022-12-13T17:51:00+00:00
CLCF1	30	Gene Associated with Autosomal Recessive Phenotype	2016-08-22T17:47:09+00:00
CLCN4	1	Little Evidence for Haploinsufficiency	2022-07-27T12:56:39-04:00
CLCN5	3	Sufficient Evidence for Haploinsufficiency	2012-10-18T19:11:43+00:00
CLCNKA	30	Gene Associated with Autosomal Recessive Phenotype	2012-05-17T19:48:55+00:00
CLCNKB	30	Gene Associated with Autosomal Recessive Phenotype	2011-11-17T20:07:39+00:00
CLDN14	30	Gene Associated with Autosomal Recessive Phenotype	2016-08-22T13:47:10-04:00
CLMP	30	Gene Associated with Autosomal Recessive Phenotype	2016-08-22T17:47:10+00:00
CLN3	30	Gene Associated with Autosomal Recessive Phenotype	2016-08-22T17:47:12+00:00
CLN8	30	Gene Associated with Autosomal Recessive Phenotype	2016-08-22T17:47:13+00:00
CLNK	0	No Evidence for Haploinsufficiency	2016-06-02T13:15:06+00:00
CLPP	30	Gene Associated with Autosomal Recessive Phenotype	2018-03-06T21:41:02+00:00
CLRN1	30	Gene Associated with Autosomal Recessive Phenotype	2016-08-22T17:47:15+00:00
CLTC	3	Sufficient Evidence for Haploinsufficiency	2022-09-27T16:11:11+00:00
CNGB1	30	Gene Associated with Autosomal Recessive Phenotype	2016-08-22T17:47:15+00:00
CNKSR2	3	Sufficient Evidence for Haploinsufficiency	2021-01-12T17:07:31+00:00
CNNM4	30	Gene Associated with Autosomal Recessive Phenotype	2016-08-22T13:47:16-04:00
CNOT1	3	Sufficient Evidence for Haploinsufficiency	2022-12-13T18:02:40+00:00
CNOT2	1	Little Evidence for Haploinsufficiency	2022-11-08T17:41:39+00:00
CNOT3	0	No Evidence for Haploinsufficiency	2018-06-27T15:07:24+00:00
CNTN1	30	Gene Associated with Autosomal Recessive Phenotype	2016-08-22T17:47:17+00:00
CNTN2	30	Gene Associated with Autosomal Recessive Phenotype	2016-08-22T17:47:18+00:00
CNTN4	0	No Evidence for Haploinsufficiency	2022-06-14T16:51:13+00:00
CNTN6	0	No Evidence for Haploinsufficiency	2022-09-28T16:59:38+00:00
CNTNAP2	1	Little Evidence for Haploinsufficiency	2019-10-23T12:16:30-04:00
CNTNAP5	1	Little Evidence for Haploinsufficiency	2024-09-24T05:25:24-04:00
COG1	30	Gene Associated with Autosomal Recessive Phenotype	2016-08-22T17:47:18+00:00
COG4	30	Gene Associated with Autosomal Recessive Phenotype	2016-08-22T17:47:19+00:00
COG7	30	Gene Associated with Autosomal Recessive Phenotype	2015-04-09T03:17:21+00:00
COG8	30	Gene Associated with Autosomal Recessive Phenotype	2015-03-25T14:26:12+00:00
COL1A1	3	Sufficient Evidence for Haploinsufficiency	2012-08-23T19:09:32+00:00
COL1A2	0	No Evidence for Haploinsufficiency	2012-10-12T13:56:57+00:00
COL2A1	3	Sufficient Evidence for Haploinsufficiency	2020-07-29T19:10:10+00:00
COL3A1	3	Sufficient Evidence for Haploinsufficiency	2017-01-12T14:29:51-05:00
COL4A3	30	Gene Associated with Autosomal Recessive Phenotype	2013-05-22T14:55:24+00:00
COL4A5	3	Sufficient Evidence for Haploinsufficiency	2020-09-08T16:09:11+00:00
COL5A1	3	Sufficient Evidence for Haploinsufficiency	2017-12-14T19:40:49+00:00
COL5A2	0	No Evidence for Haploinsufficiency	2026-01-13T12:36:33-05:00
COL6A5	40	Dosage Sensitivity Unlikely for Haploinsufficiency	2021-02-02T18:05:32+00:00
COL7A1	30	Gene Associated with Autosomal Recessive Phenotype	2023-02-08T12:26:06-05:00
COL9A1	0	No Evidence for Haploinsufficiency	2013-11-06T18:30:03+00:00
COL9A2	0	No Evidence for Haploinsufficiency	2013-10-09T14:29:54+00:00
COL11A1	1	Little Evidence for Haploinsufficiency	2011-10-19T10:14:13-04:00
COL16A1	40	Dosage Sensitivity Unlikely for Haploinsufficiency	2021-02-01T20:13:44+00:00
COLEC11	30	Gene Associated with Autosomal Recessive Phenotype	2016-08-22T17:47:20+00:00
COLQ	30	Gene Associated with Autosomal Recessive Phenotype	2016-08-22T17:47:20+00:00
COMP	0	No Evidence for Haploinsufficiency	2026-05-27T12:15:03-04:00
COQ2	30	Gene Associated with Autosomal Recessive Phenotype	2016-08-22T17:47:21+00:00
CORO1A	30	Gene Associated with Autosomal Recessive Phenotype	2026-08-28T11:21:40-04:00
COX6B1	30	Gene Associated with Autosomal Recessive Phenotype	2016-08-22T13:47:26-04:00
COX10	30	Gene Associated with Autosomal Recessive Phenotype	2016-08-22T17:47:23+00:00
COX14	30	Gene Associated with Autosomal Recessive Phenotype	2016-08-22T17:47:23+00:00
COX15	30	Gene Associated with Autosomal Recessive Phenotype	2016-08-22T17:47:24+00:00
COX20	30	Gene Associated with Autosomal Recessive Phenotype	2016-08-22T13:47:25-04:00
CP	30	Gene Associated with Autosomal Recessive Phenotype	2016-08-22T17:47:26+00:00
CPA4	0	No Evidence for Haploinsufficiency	2012-07-25T14:40:32+00:00
CPA6	0	No Evidence for Haploinsufficiency	2019-09-04T15:09:34+00:00
CPLANE1	30	Gene Associated with Autosomal Recessive Phenotype	2016-08-22T17:46:34+00:00
CPN1	30	Gene Associated with Autosomal Recessive Phenotype	2016-08-22T17:47:27+00:00
CPS1	30	Gene Associated with Autosomal Recessive Phenotype	2016-08-22T17:47:28+00:00
CPT1A	30	Gene Associated with Autosomal Recessive Phenotype	2016-08-22T17:47:28+00:00
CRADD	30	Gene Associated with Autosomal Recessive Phenotype	2026-06-25T17:40:03-04:00
CREBBP	3	Sufficient Evidence for Haploinsufficiency	2019-10-23T16:27:40+00:00
CRHR1	0	No Evidence for Haploinsufficiency	2012-07-06T20:50:43+00:00
CRIPT	30	Gene Associated with Autosomal Recessive Phenotype	2016-08-22T17:47:30+00:00
CRKL	1	Little Evidence for Haploinsufficiency	2020-04-13T18:49:39+00:00
CRPPA	30	Gene Associated with Autosomal Recessive Phenotype	2016-08-22T17:49:35+00:00
CRTAP	30	Gene Associated with Autosomal Recessive Phenotype	2016-08-22T17:47:31+00:00
CRX	1	Little Evidence for Haploinsufficiency	2026-08-26T12:36:36-04:00
CRYBA1	0	No Evidence for Haploinsufficiency	2013-06-06T13:51:53+00:00
CRYBB2	0	No Evidence for Haploinsufficiency	2023-01-10T17:06:18+00:00
CRYGC	0	No Evidence for Haploinsufficiency	2013-05-22T14:58:27+00:00
CSF2RA	30	Gene Associated with Autosomal Recessive Phenotype	2021-08-23T16:08:07+00:00
CSF2RB	30	Gene Associated with Autosomal Recessive Phenotype	2016-08-22T17:47:32+00:00
CSMD1	1	Little Evidence for Haploinsufficiency	2024-10-08T12:10:21-04:00
CSNK2A1	1	Little Evidence for Haploinsufficiency	2024-06-26T12:51:01-04:00
CSPP1	30	Gene Associated with Autosomal Recessive Phenotype	2026-06-30T17:02:12-04:00
CSTB	30	Gene Associated with Autosomal Recessive Phenotype	2016-08-22T17:47:33+00:00
CTC1	30	Gene Associated with Autosomal Recessive Phenotype	2019-10-08T18:31:04+00:00
CTCF	3	Sufficient Evidence for Haploinsufficiency	2021-09-22T16:34:26+00:00
CTDP1	30	Gene Associated with Autosomal Recessive Phenotype	2016-08-22T17:47:34+00:00
CTH	30	Gene Associated with Autosomal Recessive Phenotype	2016-08-22T13:47:35-04:00
CTNNA1	3	Sufficient Evidence for Haploinsufficiency	2022-10-12T16:23:54+00:00
CTNNA3	0	No Evidence for Haploinsufficiency	2018-10-24T16:40:19+00:00
CTNNB1	3	Sufficient Evidence for Haploinsufficiency	2017-11-22T17:57:27+00:00
CTNND2	1	Little Evidence for Haploinsufficiency	2021-10-12T16:29:43+00:00
CTNS	30	Gene Associated with Autosomal Recessive Phenotype	2012-08-22T10:35:39-04:00
CTSB	0	No Evidence for Haploinsufficiency	2012-02-08T20:52:55+00:00
CUBN	30	Gene Associated with Autosomal Recessive Phenotype	2016-08-22T17:47:35+00:00
CUL3	3	Sufficient Evidence for Haploinsufficiency	2018-01-24T17:47:57+00:00
CUL4B	3	Sufficient Evidence for Haploinsufficiency	2021-02-09T17:13:39+00:00
CUX1	3	Sufficient Evidence for Haploinsufficiency	2026-07-16T17:59:45-04:00
CYB5A	30	Gene Associated with Autosomal Recessive Phenotype	2016-08-22T17:47:36+00:00
CYBB	3	Sufficient Evidence for Haploinsufficiency	2020-05-27T16:23:41+00:00
CYLD	3	Sufficient Evidence for Haploinsufficiency	2021-02-10T17:13:57+00:00
CYP3A43	40	Dosage Sensitivity Unlikely for Haploinsufficiency	2021-02-02T18:18:55+00:00
CYP4F22	30	Gene Associated with Autosomal Recessive Phenotype	2016-08-22T17:47:40+00:00
CYP4V2	30	Gene Associated with Autosomal Recessive Phenotype	2016-08-22T17:47:40+00:00
CYP21A2	30	Gene Associated with Autosomal Recessive Phenotype	2012-07-06T20:55:21+00:00
CYP24A1	30	Gene Associated with Autosomal Recessive Phenotype	2016-08-22T17:47:37+00:00
CYP27A1	30	Gene Associated with Autosomal Recessive Phenotype	2016-08-22T17:47:38+00:00
D2HGDH	30	Gene Associated with Autosomal Recessive Phenotype	2016-08-22T17:47:41+00:00
DARS2	30	Gene Associated with Autosomal Recessive Phenotype	2016-08-22T17:47:43+00:00
DAZ1	0	No Evidence for Haploinsufficiency	2012-10-17T14:23:56+00:00
DBH	30	Gene Associated with Autosomal Recessive Phenotype	2016-08-22T17:47:43+00:00
DBT	30	Gene Associated with Autosomal Recessive Phenotype	2026-04-24T11:23:31-04:00
DCHS1	1	Little Evidence for Haploinsufficiency	2018-08-31T15:02:23-04:00
DCLRE1C	30	Gene Associated with Autosomal Recessive Phenotype	2016-08-22T13:47:45-04:00
DCX	3	Sufficient Evidence for Haploinsufficiency	2012-07-06T19:29:12+00:00
DCXR	30	Gene Associated with Autosomal Recessive Phenotype	2016-08-22T17:47:46+00:00
DDB2	30	Gene Associated with Autosomal Recessive Phenotype	2016-08-22T17:47:47+00:00
DDHD1	30	Gene Associated with Autosomal Recessive Phenotype	2014-09-25T14:00:02+00:00
DDOST	30	Gene Associated with Autosomal Recessive Phenotype	2016-08-22T17:47:48+00:00
DDX3X	3	Sufficient Evidence for Haploinsufficiency	2017-11-22T17:52:42+00:00
DDX41	3	Sufficient Evidence for Haploinsufficiency	2022-02-09T20:37:33+00:00
DEPDC5	3	Sufficient Evidence for Haploinsufficiency	2025-06-30T17:30:57-04:00
DGKE	30	Gene Associated with Autosomal Recessive Phenotype	2016-08-22T17:47:49+00:00
DGUOK	30	Gene Associated with Autosomal Recessive Phenotype	2016-08-22T17:47:50+00:00
DHCR7	30	Gene Associated with Autosomal Recessive Phenotype	2012-04-04T18:45:27+00:00
DHODH	30	Gene Associated with Autosomal Recessive Phenotype	2016-08-22T17:47:51+00:00
DHX57	0	No Evidence for Haploinsufficiency	2018-06-28T13:58:54+00:00
DIAPH1	30	Gene Associated with Autosomal Recessive Phenotype	2026-06-25T13:58:10-04:00
DICER1	3	Sufficient Evidence for Haploinsufficiency	2022-02-09T17:48:43+00:00
DIP2A	1	Little Evidence for Haploinsufficiency	2019-01-23T17:09:45+00:00
DIRAS3	0	No Evidence for Haploinsufficiency	2026-08-26T12:05:22-04:00
DIS3L2	1	Little Evidence for Haploinsufficiency	2020-10-14T13:17:54-04:00
DISC1	0	No Evidence for Haploinsufficiency	2012-03-06T20:06:05+00:00
DISP1	0	No Evidence for Haploinsufficiency	2012-07-06T19:25:51+00:00
DKC1	1	Little Evidence for Haploinsufficiency	2023-06-14T16:20:34+00:00
DLG2	1	Little Evidence for Haploinsufficiency	2018-11-28T17:07:31+00:00
DLG3	3	Sufficient Evidence for Haploinsufficiency	2024-04-25T15:42:13-04:00
DLG4	3	Sufficient Evidence for Haploinsufficiency	2023-10-10T16:08:57+00:00
DLGAP2	0	No Evidence for Haploinsufficiency	2012-03-22T18:36:20+00:00
DLK1	0	No Evidence for Haploinsufficiency	2012-04-28T11:03:13+00:00
DLL1	3	Sufficient Evidence for Haploinsufficiency	2021-03-09T17:14:44+00:00
DLX1	0	No Evidence for Haploinsufficiency	2012-03-30T18:07:18+00:00
DLX2	0	No Evidence for Haploinsufficiency	2012-01-19T18:38:37+00:00
DLX5	0	No Evidence for Haploinsufficiency	2012-05-14T21:39:05+00:00
DLX6	0	No Evidence for Haploinsufficiency	2012-05-14T21:37:24+00:00
DMD	3	Sufficient Evidence for Haploinsufficiency	2019-11-20T17:55:00+00:00
DMP1	30	Gene Associated with Autosomal Recessive Phenotype	2016-08-22T17:47:52+00:00
DMRT1	1	Little Evidence for Haploinsufficiency	2023-11-10T17:27:00+00:00
DMRT2	0	No Evidence for Haploinsufficiency	2012-08-22T14:36:38+00:00
DMXL2	0	No Evidence for Haploinsufficiency	2012-04-04T18:52:20+00:00
DNAAF1	30	Gene Associated with Autosomal Recessive Phenotype	2016-08-22T17:47:53+00:00
DNAH5	30	Gene Associated with Autosomal Recessive Phenotype	2016-08-22T17:47:55+00:00
DNAH11	30	Gene Associated with Autosomal Recessive Phenotype	2016-08-22T17:47:54+00:00
DNAI1	30	Gene Associated with Autosomal Recessive Phenotype	2016-08-22T17:47:55+00:00
DNAI2	30	Gene Associated with Autosomal Recessive Phenotype	2016-08-22T17:47:56+00:00
DNAJB6	0	No Evidence for Haploinsufficiency	2012-10-29T22:14:20+00:00
DNAJC6	30	Gene Associated with Autosomal Recessive Phenotype	2016-08-22T17:47:57+00:00
DNAJC21	1	Little Evidence for Haploinsufficiency	2020-10-14T12:09:44-04:00
DNAJC28	40	Dosage Sensitivity Unlikely for Haploinsufficiency	2021-02-02T18:37:04+00:00
DNASE1	0	No Evidence for Haploinsufficiency	2012-02-22T14:34:39+00:00
DNM1	30	Gene Associated with Autosomal Recessive Phenotype	2023-08-08T16:33:21+00:00
DNM2	0	No Evidence for Haploinsufficiency	2026-04-22T13:00:26-04:00
DNMT3A	3	Sufficient Evidence for Haploinsufficiency	2024-09-25T12:45:16-04:00
DOCK7	30	Gene Associated with Autosomal Recessive Phenotype	2016-08-22T17:47:58+00:00
DOCK8	30	Gene Associated with Autosomal Recessive Phenotype	2023-06-14T16:38:24+00:00
DOK7	30	Gene Associated with Autosomal Recessive Phenotype	2016-08-22T17:47:59+00:00
DPAGT1	30	Gene Associated with Autosomal Recessive Phenotype	2016-08-22T17:48:00+00:00
DPM1	30	Gene Associated with Autosomal Recessive Phenotype	2016-08-22T17:48:01+00:00
DPM3	30	Gene Associated with Autosomal Recessive Phenotype	2015-04-09T03:18:03+00:00
DPP6	1	Little Evidence for Haploinsufficiency	2019-06-26T16:38:44+00:00
DPYD	30	Gene Associated with Autosomal Recessive Phenotype	2018-01-24T04:05:33+00:00
DPYS	30	Gene Associated with Autosomal Recessive Phenotype	2016-08-22T17:48:01+00:00
DRD5	0	No Evidence for Haploinsufficiency	2012-05-15T21:42:04+00:00
DSC2	1	Little Evidence for Haploinsufficiency	2024-04-24T12:56:07-04:00
DSC3	30	Gene Associated with Autosomal Recessive Phenotype	2016-08-22T17:48:02+00:00
DSCAM	2	Emerging Evidence for Haploinsufficiency	2023-10-10T16:39:07+00:00
DSE	30	Gene Associated with Autosomal Recessive Phenotype	2016-08-22T17:48:03+00:00
DSG2	2	Emerging Evidence for Haploinsufficiency	2022-12-13T12:22:31-05:00
DSG4	30	Gene Associated with Autosomal Recessive Phenotype	2016-08-22T17:48:04+00:00
DSP	3	Sufficient Evidence for Haploinsufficiency	2021-10-12T16:58:46+00:00
DSPP	0	No Evidence for Haploinsufficiency	2013-03-27T18:15:34+00:00
DYM	30	Gene Associated with Autosomal Recessive Phenotype	2012-02-23T17:35:02+00:00
DYNC1H1	0	No Evidence for Haploinsufficiency	2023-11-14T16:52:07+00:00
DYNC2H1	30	Gene Associated with Autosomal Recessive Phenotype	2016-08-22T17:48:05+00:00
DYNC2I1	30	Gene Associated with Autosomal Recessive Phenotype	2016-08-22T17:53:25+00:00
DYRK1A	3	Sufficient Evidence for Haploinsufficiency	2020-12-16T17:33:17+00:00
EARS2	30	Gene Associated with Autosomal Recessive Phenotype	2016-08-22T17:48:06+00:00
EBF3	3	Sufficient Evidence for Haploinsufficiency	2023-12-06T17:45:55+00:00
EBP	3	Sufficient Evidence for Haploinsufficiency	2020-01-22T17:44:22+00:00
EDA	3	Sufficient Evidence for Haploinsufficiency	2023-01-25T17:45:17+00:00
EDNRB	1	Little Evidence for Haploinsufficiency	2022-02-07T19:56:02+00:00
EEF1A2	0	No Evidence for Haploinsufficiency	2023-06-13T12:10:40-04:00
EFCAB13	40	Dosage Sensitivity Unlikely for Haploinsufficiency	2021-02-02T18:54:58+00:00
EFL1	30	Gene Associated with Autosomal Recessive Phenotype	2022-04-13T16:31:13+00:00
EFNB1	3	Sufficient Evidence for Haploinsufficiency	2025-05-13T12:22:08-04:00
EFTUD2	3	Sufficient Evidence for Haploinsufficiency	2013-05-23T19:29:21+00:00
EGFR	0	No Evidence for Haploinsufficiency	2022-05-11T16:14:28+00:00
EGR2	0	No Evidence for Haploinsufficiency	2011-11-28T22:52:09+00:00
EHMT1	3	Sufficient Evidence for Haploinsufficiency	2012-07-06T16:41:17-04:00
EIF2AK3	30	Gene Associated with Autosomal Recessive Phenotype	2016-08-22T17:48:07+00:00
EIF2B1	30	Gene Associated with Autosomal Recessive Phenotype	2016-08-22T17:48:08+00:00
EIF2B3	30	Gene Associated with Autosomal Recessive Phenotype	2016-08-22T17:48:08+00:00
EIF4A3	30	Gene Associated with Autosomal Recessive Phenotype	2016-08-22T17:48:09+00:00
ELANE	1	Little Evidence for Haploinsufficiency	2022-07-13T12:51:50-04:00
ELAVL2	1	Little Evidence for Haploinsufficiency	2018-11-28T17:12:50+00:00
ELK1	0	No Evidence for Haploinsufficiency	2012-09-26T19:20:27+00:00
ELN	3	Sufficient Evidence for Haploinsufficiency	2012-07-10T13:20:56+00:00
ELOA3P	0	No Evidence for Haploinsufficiency	2012-02-22T14:41:04+00:00
EMX2	1	Little Evidence for Haploinsufficiency	2021-11-09T17:29:29+00:00
EN2	0	No Evidence for Haploinsufficiency	2012-08-26T21:21:27+00:00
ENG	3	Sufficient Evidence for Haploinsufficiency	2024-01-11T16:58:06+00:00
ENO3	30	Gene Associated with Autosomal Recessive Phenotype	2016-08-22T17:48:10+00:00
ENPP1	30	Gene Associated with Autosomal Recessive Phenotype	2016-08-22T17:48:10+00:00
EP300	3	Sufficient Evidence for Haploinsufficiency	2013-03-14T19:13:49+00:00
EPB42	30	Gene Associated with Autosomal Recessive Phenotype	2016-08-22T17:48:11+00:00
EPCAM	30	Gene Associated with Autosomal Recessive Phenotype	2019-10-08T14:30:22-04:00
EPM2A	30	Gene Associated with Autosomal Recessive Phenotype	2016-08-22T17:56:14+00:00
EPS8	30	Gene Associated with Autosomal Recessive Phenotype	2018-02-07T15:18:57+00:00
ERBB4	1	Little Evidence for Haploinsufficiency	2024-10-23T14:04:19-04:00
ERCC1	30	Gene Associated with Autosomal Recessive Phenotype	2016-08-22T17:48:13+00:00
ERCC2	30	Gene Associated with Autosomal Recessive Phenotype	2023-06-13T17:35:52+00:00
ERCC3	30	Gene Associated with Autosomal Recessive Phenotype	2020-06-30T20:50:33+00:00
ERCC4	30	Gene Associated with Autosomal Recessive Phenotype	2023-08-09T16:31:31+00:00
ERCC5	30	Gene Associated with Autosomal Recessive Phenotype	2016-08-22T17:48:14+00:00
ERCC6L2	30	Gene Associated with Autosomal Recessive Phenotype	2016-08-22T17:48:15+00:00
ERCC8	30	Gene Associated with Autosomal Recessive Phenotype	2016-08-22T17:48:16+00:00
ERF	3	Sufficient Evidence for Haploinsufficiency	2021-06-08T16:56:05+00:00
ERMARD	1	Little Evidence for Haploinsufficiency	2013-11-13T16:19:09+00:00
ESCO2	30	Gene Associated with Autosomal Recessive Phenotype	2016-08-22T17:48:16+00:00
ESPN	30	Gene Associated with Autosomal Recessive Phenotype	2018-02-07T11:00:16-05:00
ETFB	30	Gene Associated with Autosomal Recessive Phenotype	2016-08-22T17:48:17+00:00
ETFDH	30	Gene Associated with Autosomal Recessive Phenotype	2016-08-22T17:48:18+00:00
ETV6	3	Sufficient Evidence for Haploinsufficiency	2023-01-11T12:24:14-05:00
EVC2	30	Gene Associated with Autosomal Recessive Phenotype	2013-07-18T14:50:31+00:00
EVX2	0	No Evidence for Haploinsufficiency	2012-04-04T18:50:01+00:00
EXO5	40	Dosage Sensitivity Unlikely for Haploinsufficiency	2021-02-02T19:04:54+00:00
EXOSC3	30	Gene Associated with Autosomal Recessive Phenotype	2016-08-22T17:48:19+00:00
EXPH5	30	Gene Associated with Autosomal Recessive Phenotype	2016-08-22T17:48:19+00:00
EXT1	3	Sufficient Evidence for Haploinsufficiency	2020-06-17T20:01:06+00:00
EXT2	3	Sufficient Evidence for Haploinsufficiency	2020-06-23T18:07:07+00:00
EYA1	3	Sufficient Evidence for Haploinsufficiency	2020-08-26T02:14:45+00:00
EYA4	3	Sufficient Evidence for Haploinsufficiency	2020-01-22T18:33:25+00:00
EYS	30	Gene Associated with Autosomal Recessive Phenotype	2016-08-22T17:48:20+00:00
F5	30	Gene Associated with Autosomal Recessive Phenotype	2018-01-11T20:10:37+00:00
F7	30	Gene Associated with Autosomal Recessive Phenotype	2016-08-22T17:48:23+00:00
F8	3	Sufficient Evidence for Haploinsufficiency	2020-10-13T16:58:19+00:00
F9	3	Sufficient Evidence for Haploinsufficiency	2021-01-12T14:20:15+00:00
F10	30	Gene Associated with Autosomal Recessive Phenotype	2016-08-22T17:48:21+00:00
F13A1	30	Gene Associated with Autosomal Recessive Phenotype	2016-08-22T17:48:22+00:00
F13B	30	Gene Associated with Autosomal Recessive Phenotype	2016-08-22T17:48:22+00:00
FA2H	30	Gene Associated with Autosomal Recessive Phenotype	2016-08-22T17:48:24+00:00
FADD	30	Gene Associated with Autosomal Recessive Phenotype	2016-08-22T17:48:25+00:00
FAH	30	Gene Associated with Autosomal Recessive Phenotype	2020-09-02T14:03:43+00:00
FAM20C	30	Gene Associated with Autosomal Recessive Phenotype	2016-08-22T17:48:27+00:00
FAM161A	30	Gene Associated with Autosomal Recessive Phenotype	2016-08-22T17:48:26+00:00
FAN1	30	Gene Associated with Autosomal Recessive Phenotype	2016-08-22T17:48:28+00:00
FANCA	30	Gene Associated with Autosomal Recessive Phenotype	2023-10-11T16:57:18+00:00
FANCB	3	Sufficient Evidence for Haploinsufficiency	2021-06-23T16:16:49+00:00
FANCC	30	Gene Associated with Autosomal Recessive Phenotype	2025-07-01T17:31:26-04:00
FANCD2	30	Gene Associated with Autosomal Recessive Phenotype	2023-08-09T16:25:21+00:00
FANCE	30	Gene Associated with Autosomal Recessive Phenotype	2020-06-12T04:05:01+00:00
FANCF	30	Gene Associated with Autosomal Recessive Phenotype	2025-01-08T12:18:00-05:00
FANCG	30	Gene Associated with Autosomal Recessive Phenotype	2020-11-15T05:36:37+00:00
FANCI	30	Gene Associated with Autosomal Recessive Phenotype	2025-12-11T10:21:05-05:00
FANCL	30	Gene Associated with Autosomal Recessive Phenotype	2023-10-21T02:18:06-04:00
FANCM	30	Gene Associated with Autosomal Recessive Phenotype	2024-04-09T11:53:53-04:00
FARS2	30	Gene Associated with Autosomal Recessive Phenotype	2016-08-22T17:48:31+00:00
FAS	1	Little Evidence for Haploinsufficiency	2022-02-08T17:54:24+00:00
FASLG	30	Gene Associated with Autosomal Recessive Phenotype	2023-10-11T13:14:18-04:00
FBN1	3	Sufficient Evidence for Haploinsufficiency	2019-12-04T17:45:52+00:00
FBN2	0	No Evidence for Haploinsufficiency	2024-02-28T17:29:27+00:00
FBP1	30	Gene Associated with Autosomal Recessive Phenotype	2016-08-22T17:48:32+00:00
FBXO7	30	Gene Associated with Autosomal Recessive Phenotype	2016-08-22T17:48:33+00:00
FBXW4	0	No Evidence for Haploinsufficiency	2014-10-08T19:49:31+00:00
FBXW11	0	No Evidence for Haploinsufficiency	2011-12-07T22:47:24+00:00
FGD1	3	Sufficient Evidence for Haploinsufficiency	2021-05-26T16:38:57+00:00
FGD4	30	Gene Associated with Autosomal Recessive Phenotype	2016-08-22T17:48:34+00:00
FGF3	30	Gene Associated with Autosomal Recessive Phenotype	2016-08-22T17:48:34+00:00
FGF10	3	Sufficient Evidence for Haploinsufficiency	2022-02-23T17:17:47+00:00
FGF12	0	No Evidence for Haploinsufficiency	2021-12-01T17:50:50+00:00
FGFR1	3	Sufficient Evidence for Haploinsufficiency	2021-04-05T15:54:15+00:00
FGFR3	0	No Evidence for Haploinsufficiency	2011-11-09T15:19:18+00:00
FGFRL1	0	No Evidence for Haploinsufficiency	2013-08-01T18:59:11+00:00
FH	3	Sufficient Evidence for Haploinsufficiency	2020-07-06T18:25:52+00:00
FHIT	0	No Evidence for Haploinsufficiency	2018-10-24T16:43:13+00:00
FKBP14	30	Gene Associated with Autosomal Recessive Phenotype	2016-08-22T17:48:35+00:00
FLCN	3	Sufficient Evidence for Haploinsufficiency	2023-01-11T12:56:03-05:00
FLG	3	Sufficient Evidence for Haploinsufficiency	2020-02-26T17:04:53+00:00
FLNA	3	Sufficient Evidence for Haploinsufficiency	2020-12-02T18:49:17+00:00
FLNB	0	No Evidence for Haploinsufficiency	2013-07-25T14:07:02+00:00
FLNC	3	Sufficient Evidence for Haploinsufficiency	2021-07-13T16:13:01+00:00
FLVCR2	30	Gene Associated with Autosomal Recessive Phenotype	2016-08-22T17:48:36+00:00
FMO2	40	Dosage Sensitivity Unlikely for Haploinsufficiency	2021-02-02T19:22:10+00:00
FMR1	3	Sufficient Evidence for Haploinsufficiency	2020-12-16T18:12:29+00:00
FOLR1	30	Gene Associated with Autosomal Recessive Phenotype	2019-06-25T20:42:35+00:00
FOSL2	0	No Evidence for Haploinsufficiency	2024-12-10T12:14:50-05:00
FOXC1	3	Sufficient Evidence for Haploinsufficiency	2020-07-29T16:29:12-04:00
FOXC2	3	Sufficient Evidence for Haploinsufficiency	2013-11-26T21:16:14+00:00
FOXE1	30	Gene Associated with Autosomal Recessive Phenotype	2016-08-22T17:48:37+00:00
FOXE3	0	No Evidence for Haploinsufficiency	2017-12-13T22:12:23+00:00
FOXF1	3	Sufficient Evidence for Haploinsufficiency	2013-06-20T15:23:29-04:00
FOXG1	3	Sufficient Evidence for Haploinsufficiency	2021-03-09T17:23:10+00:00
FOXI3	0	No Evidence for Haploinsufficiency	2026-03-25T12:52:45-04:00
FOXL2	3	Sufficient Evidence for Haploinsufficiency	2021-02-09T17:16:18+00:00
FOXP1	3	Sufficient Evidence for Haploinsufficiency	2020-01-22T17:12:56+00:00
FOXP2	3	Sufficient Evidence for Haploinsufficiency	2025-04-08T12:20:38-04:00
FOXRED1	30	Gene Associated with Autosomal Recessive Phenotype	2016-08-22T17:48:37+00:00
FREM1	0	No Evidence for Haploinsufficiency	2013-06-06T13:48:05+00:00
FRMD7	3	Sufficient Evidence for Haploinsufficiency	2020-04-09T18:15:52+00:00
FSHB	30	Gene Associated with Autosomal Recessive Phenotype	2016-08-22T17:48:38+00:00
FTCD	30	Gene Associated with Autosomal Recessive Phenotype	2016-08-22T17:48:39+00:00
FTL	0	No Evidence for Haploinsufficiency	2013-08-22T19:57:24+00:00
FTSJ1	2	Emerging Evidence for Haploinsufficiency	2023-03-22T12:48:49-04:00
FXN	30	Gene Associated with Autosomal Recessive Phenotype	2016-08-22T17:48:40+00:00
FYCO1	30	Gene Associated with Autosomal Recessive Phenotype	2015-05-20T14:17:07+00:00
FZD4	3	Sufficient Evidence for Haploinsufficiency	2023-01-25T17:27:03+00:00
G6PC3	30	Gene Associated with Autosomal Recessive Phenotype	2020-04-30T20:57:13+00:00
GAA	30	Gene Associated with Autosomal Recessive Phenotype	2016-08-22T17:48:40+00:00
GAB4	40	Dosage Sensitivity Unlikely for Haploinsufficiency	2021-02-02T19:31:07+00:00
GABRA1	1	Little Evidence for Haploinsufficiency	2021-11-09T17:57:49+00:00
GABRB3	0	No Evidence for Haploinsufficiency	2012-04-25T19:42:34+00:00
GABRG2	1	Little Evidence for Haploinsufficiency	2026-05-12T12:57:05-04:00
GALC	30	Gene Associated with Autosomal Recessive Phenotype	2016-08-22T17:48:41+00:00
GALK1	30	Gene Associated with Autosomal Recessive Phenotype	2016-08-22T17:48:42+00:00
GALNS	30	Gene Associated with Autosomal Recessive Phenotype	2016-08-22T17:48:43+00:00
GALNT3	30	Gene Associated with Autosomal Recessive Phenotype	2016-08-22T17:48:43+00:00
GALNT12	1	Little Evidence for Haploinsufficiency	2019-09-09T21:10:04+00:00
GALR1	0	No Evidence for Haploinsufficiency	2012-07-06T20:57:44+00:00
GALT	30	Gene Associated with Autosomal Recessive Phenotype	2016-08-22T17:48:44+00:00
GAMT	30	Gene Associated with Autosomal Recessive Phenotype	2016-08-22T17:48:45+00:00
GAN	30	Gene Associated with Autosomal Recessive Phenotype	2016-08-22T17:48:46+00:00
GANAB	3	Sufficient Evidence for Haploinsufficiency	2026-04-14T12:08:11-04:00
GATA1	0	No Evidence for Haploinsufficiency	2020-10-14T20:44:27+00:00
GATA2	3	Sufficient Evidence for Haploinsufficiency	2023-04-12T16:24:45+00:00
GATA3	3	Sufficient Evidence for Haploinsufficiency	2020-06-24T16:24:50+00:00
GATA4	3	Sufficient Evidence for Haploinsufficiency	2017-02-08T14:01:28+00:00
GATA6	3	Sufficient Evidence for Haploinsufficiency	2013-06-20T19:30:56+00:00
GATAD1	30	Gene Associated with Autosomal Recessive Phenotype	2016-08-22T17:48:47+00:00
GATAD2B	3	Sufficient Evidence for Haploinsufficiency	2017-12-27T17:21:55+00:00
GBA1	30	Gene Associated with Autosomal Recessive Phenotype	2016-08-22T17:48:48+00:00
GBA2	30	Gene Associated with Autosomal Recessive Phenotype	2016-08-22T17:48:49+00:00
GBE1	30	Gene Associated with Autosomal Recessive Phenotype	2016-08-22T17:48:50+00:00
GCDH	30	Gene Associated with Autosomal Recessive Phenotype	2016-08-22T17:48:51+00:00
GCH1	3	Sufficient Evidence for Haploinsufficiency	2023-02-14T17:28:25+00:00
GCK	3	Sufficient Evidence for Haploinsufficiency	2025-10-22T12:15:29-04:00
GCSH	30	Gene Associated with Autosomal Recessive Phenotype	2016-08-22T17:48:52+00:00
GDF2	0	No Evidence for Haploinsufficiency	2016-10-13T18:40:34+00:00
GDF5	3	Sufficient Evidence for Haploinsufficiency	2021-02-24T17:07:23+00:00
GDI1	1	Little Evidence for Haploinsufficiency	2022-06-22T16:54:52+00:00
GEN1	40	Dosage Sensitivity Unlikely for Haploinsufficiency	2021-02-02T19:39:52+00:00
GFER	30	Gene Associated with Autosomal Recessive Phenotype	2016-08-22T17:48:53+00:00
GFI1	0	No Evidence for Haploinsufficiency	2024-07-22T15:31:29-04:00
GFI1B	0	No Evidence for Haploinsufficiency	2025-08-27T12:10:27-04:00
GFM1	30	Gene Associated with Autosomal Recessive Phenotype	2016-08-22T17:48:53+00:00
GIGYF2	1	Little Evidence for Haploinsufficiency	2022-08-24T16:24:30+00:00
GIPC3	30	Gene Associated with Autosomal Recessive Phenotype	2016-08-22T17:48:54+00:00
GJA1	0	No Evidence for Haploinsufficiency	2013-11-20T15:13:43+00:00
GJA5	1	Little Evidence for Haploinsufficiency	2012-02-23T20:46:33+00:00
GJA8	0	No Evidence for Haploinsufficiency	2025-04-08T12:27:49-04:00
GJB2	30	Gene Associated with Autosomal Recessive Phenotype	2026-03-27T11:52:31-04:00
GJB6	0	No Evidence for Haploinsufficiency	2014-01-30T20:18:54+00:00
GK	3	Sufficient Evidence for Haploinsufficiency	2012-09-06T19:10:37+00:00
GLA	3	Sufficient Evidence for Haploinsufficiency	2021-03-24T16:20:47+00:00
GLB1	30	Gene Associated with Autosomal Recessive Phenotype	2015-03-25T14:30:45+00:00
GLDC	30	Gene Associated with Autosomal Recessive Phenotype	2016-06-10T12:20:07+00:00
GLI2	3	Sufficient Evidence for Haploinsufficiency	2021-01-11T20:21:14+00:00
GLI3	3	Sufficient Evidence for Haploinsufficiency	2021-01-12T15:39:50+00:00
GLIS3	30	Gene Associated with Autosomal Recessive Phenotype	2016-08-22T17:48:55+00:00
GLMN	3	Sufficient Evidence for Haploinsufficiency	2013-07-18T19:14:28+00:00
GLRB	30	Gene Associated with Autosomal Recessive Phenotype	2016-08-22T17:48:55+00:00
GLUL	30	Gene Associated with Autosomal Recessive Phenotype	2015-06-04T18:40:28+00:00
GMPPA	30	Gene Associated with Autosomal Recessive Phenotype	2016-08-22T17:48:56+00:00
GNAI1	0	No Evidence for Haploinsufficiency	2023-03-28T16:26:34+00:00
GNAI3	0	No Evidence for Haploinsufficiency	2013-07-18T14:49:30+00:00
GNAO1	1	Little Evidence for Haploinsufficiency	2022-05-10T16:11:37+00:00
GNAS	3	Sufficient Evidence for Haploinsufficiency	2021-01-12T21:24:36+00:00
GNB1	1	Little Evidence for Haploinsufficiency	2019-01-23T12:14:57-05:00
GNB4	0	No Evidence for Haploinsufficiency	2026-01-13T12:37:54-05:00
GNPAT	30	Gene Associated with Autosomal Recessive Phenotype	2016-08-22T17:48:57+00:00
GNRH1	30	Gene Associated with Autosomal Recessive Phenotype	2016-08-22T17:48:58+00:00
GNS	30	Gene Associated with Autosomal Recessive Phenotype	2016-08-22T17:48:58+00:00
GOLGA2P2Y	0	No Evidence for Haploinsufficiency	2012-08-22T13:59:04+00:00
GORAB	30	Gene Associated with Autosomal Recessive Phenotype	2016-08-22T17:48:59+00:00
GP1BB	30	Gene Associated with Autosomal Recessive Phenotype	2016-08-22T17:49:00+00:00
GP6	30	Gene Associated with Autosomal Recessive Phenotype	2016-08-22T17:49:01+00:00
GPC3	3	Sufficient Evidence for Haploinsufficiency	2021-01-27T17:38:05+00:00
GPC5	0	No Evidence for Haploinsufficiency	2012-03-09T02:47:21+00:00
GPC6	30	Gene Associated with Autosomal Recessive Phenotype	2011-11-17T19:30:41+00:00
GPD1	30	Gene Associated with Autosomal Recessive Phenotype	2016-08-22T17:49:02+00:00
GPHN	1	Little Evidence for Haploinsufficiency	2024-06-11T15:56:21-04:00
GPIHBP1	30	Gene Associated with Autosomal Recessive Phenotype	2016-08-22T17:49:03+00:00
GPR148	0	No Evidence for Haploinsufficiency	2018-04-05T18:23:16+00:00
GPR179	30	Gene Associated with Autosomal Recessive Phenotype	2016-08-22T17:49:04+00:00
GPSM2	30	Gene Associated with Autosomal Recessive Phenotype	2016-08-22T17:49:05+00:00
GPX4	30	Gene Associated with Autosomal Recessive Phenotype	2016-08-22T17:49:05+00:00
GRB10	0	No Evidence for Haploinsufficiency	2012-03-23T19:17:41+00:00
GREM1	0	No Evidence for Haploinsufficiency	2020-08-20T16:46:10+00:00
GRHPR	30	Gene Associated with Autosomal Recessive Phenotype	2016-08-22T17:49:07+00:00
GRIA3	1	Little Evidence for Haploinsufficiency	2024-03-29T02:57:19+00:00
GRID1	0	No Evidence for Haploinsufficiency	2011-12-21T15:48:39+00:00
GRIK2	30	Gene Associated with Autosomal Recessive Phenotype	2012-09-05T14:36:18+00:00
GRIN2A	3	Sufficient Evidence for Haploinsufficiency	2024-09-25T13:00:39-04:00
GRIN2B	3	Sufficient Evidence for Haploinsufficiency	2019-09-25T16:53:37+00:00
GRIN2D	0	No Evidence for Haploinsufficiency	2026-08-25T14:03:16-04:00
GRIN3B	40	Dosage Sensitivity Unlikely for Haploinsufficiency	2021-02-02T19:48:55+00:00
GRIP1	30	Gene Associated with Autosomal Recessive Phenotype	2012-07-10T23:23:32+00:00
GRM1	30	Gene Associated with Autosomal Recessive Phenotype	2016-08-22T17:49:07+00:00
GRM6	30	Gene Associated with Autosomal Recessive Phenotype	2016-08-22T17:49:08+00:00
GRXCR1	30	Gene Associated with Autosomal Recessive Phenotype	2018-03-06T21:38:13+00:00
GSDMD	0	No Evidence for Haploinsufficiency	2024-03-27T16:41:39+00:00
GTF2H5	30	Gene Associated with Autosomal Recessive Phenotype	2016-08-22T17:49:09+00:00
GTF2I	0	No Evidence for Haploinsufficiency	2012-08-08T21:30:35+00:00
GTF2IRD1	0	No Evidence for Haploinsufficiency	2012-10-10T14:30:06+00:00
GTF2IRD2	0	No Evidence for Haploinsufficiency	2013-12-04T19:58:02+00:00
GUCA1C	40	Dosage Sensitivity Unlikely for Haploinsufficiency	2021-02-02T19:57:43+00:00
GUCY2C	0	No Evidence for Haploinsufficiency	2013-09-18T14:49:41+00:00
GUSB	30	Gene Associated with Autosomal Recessive Phenotype	2015-10-12T03:51:10+00:00
GYS2	30	Gene Associated with Autosomal Recessive Phenotype	2016-08-22T17:49:10+00:00
H1-4	0	No Evidence for Haploinsufficiency	2022-07-27T16:10:31+00:00
H6PD	30	Gene Associated with Autosomal Recessive Phenotype	2016-08-22T17:49:10+00:00
H19	0	No Evidence for Haploinsufficiency	2012-03-22T17:46:34+00:00
HBA1	30	Gene Associated with Autosomal Recessive Phenotype	2012-04-19T22:15:21+00:00
HBA2	30	Gene Associated with Autosomal Recessive Phenotype	2012-07-06T20:43:01+00:00
HCCS	3	Sufficient Evidence for Haploinsufficiency	2012-05-10T19:12:47+00:00
HDAC4	1	Little Evidence for Haploinsufficiency	2024-07-16T11:03:43-04:00
HDAC8	3	Sufficient Evidence for Haploinsufficiency	2018-03-28T16:20:22+00:00
HEXB	30	Gene Associated with Autosomal Recessive Phenotype	2016-08-22T17:49:11+00:00
HFE	30	Gene Associated with Autosomal Recessive Phenotype	2024-04-08T10:07:56-04:00
HFM1	30	Gene Associated with Autosomal Recessive Phenotype	2016-08-22T17:49:14+00:00
HGF	30	Gene Associated with Autosomal Recessive Phenotype	2016-08-22T17:49:15+00:00
HGSNAT	30	Gene Associated with Autosomal Recessive Phenotype	2016-08-22T17:49:15+00:00
HIRA	0	No Evidence for Haploinsufficiency	2012-08-28T18:07:19-04:00
HIVEP2	3	Sufficient Evidence for Haploinsufficiency	2018-04-25T16:25:38+00:00
HIVEP3	1	Little Evidence for Haploinsufficiency	2019-01-23T17:24:05+00:00
HJV	30	Gene Associated with Autosomal Recessive Phenotype	2016-08-22T17:49:13+00:00
HLCS	30	Gene Associated with Autosomal Recessive Phenotype	2016-08-22T17:49:16+00:00
HMBS	3	Sufficient Evidence for Haploinsufficiency	2020-01-08T17:47:56+00:00
HMGA2	1	Little Evidence for Haploinsufficiency	2021-09-14T12:29:17-04:00
HNF1A	3	Sufficient Evidence for Haploinsufficiency	2023-12-13T12:08:54-05:00
HNF1B	3	Sufficient Evidence for Haploinsufficiency	2020-12-21T17:12:17+00:00
HNF4A	3	Sufficient Evidence for Haploinsufficiency	2025-07-23T13:01:42-04:00
HNRNPC	1	Little Evidence for Haploinsufficiency	2023-11-29T17:24:58+00:00
HNRNPDL	0	No Evidence for Haploinsufficiency	2025-04-08T12:04:00-04:00
HNRNPK	3	Sufficient Evidence for Haploinsufficiency	2023-08-23T16:36:18+00:00
HNRNPU	3	Sufficient Evidence for Haploinsufficiency	2024-11-27T12:25:52-05:00
HOMER2	0	No Evidence for Haploinsufficiency	2026-02-10T12:10:25-05:00
HOXD9	0	No Evidence for Haploinsufficiency	2012-02-22T14:35:44+00:00
HOXD13	3	Sufficient Evidence for Haploinsufficiency	2020-09-23T16:46:26+00:00
HPGD	30	Gene Associated with Autosomal Recessive Phenotype	2016-08-22T17:49:17+00:00
HPRT1	3	Sufficient Evidence for Haploinsufficiency	2021-01-13T14:20:34+00:00
HPS1	30	Gene Associated with Autosomal Recessive Phenotype	2016-08-22T17:49:18+00:00
HPS3	30	Gene Associated with Autosomal Recessive Phenotype	2016-08-22T17:49:19+00:00
HPSE2	30	Gene Associated with Autosomal Recessive Phenotype	2015-03-12T03:27:57+00:00
HRAS	0	No Evidence for Haploinsufficiency	2024-07-15T10:34:32-04:00
HSD3B7	30	Gene Associated with Autosomal Recessive Phenotype	2016-08-22T17:49:21+00:00
HSD17B3	30	Gene Associated with Autosomal Recessive Phenotype	2016-08-22T17:49:20+00:00
HSD17B4	30	Gene Associated with Autosomal Recessive Phenotype	2018-03-06T21:35:32+00:00
HSD17B10	0	No Evidence for Haploinsufficiency	2012-09-06T18:40:05+00:00
HSD17B13	40	Dosage Sensitivity Unlikely for Haploinsufficiency	2021-02-02T20:04:07+00:00
HSPB8	0	No Evidence for Haploinsufficiency	2025-11-18T12:15:09-05:00
HSPG2	30	Gene Associated with Autosomal Recessive Phenotype	2016-06-02T13:16:19+00:00
HTN3	40	Dosage Sensitivity Unlikely for Haploinsufficiency	2021-02-02T20:08:19+00:00
HUWE1	0	No Evidence for Haploinsufficiency	2018-09-26T16:24:20+00:00
HYLS1	30	Gene Associated with Autosomal Recessive Phenotype	2016-08-22T17:49:21+00:00
HYMAI	0	No Evidence for Haploinsufficiency	2012-09-06T18:47:49+00:00
IDS	3	Sufficient Evidence for Haploinsufficiency	2020-11-10T17:15:45+00:00
IDUA	30	Gene Associated with Autosomal Recessive Phenotype	2016-08-22T17:49:22+00:00
IFT27	30	Gene Associated with Autosomal Recessive Phenotype	2016-08-22T17:49:24+00:00
IFT43	30	Gene Associated with Autosomal Recessive Phenotype	2016-08-22T17:49:25+00:00
IFT140	30	Gene Associated with Autosomal Recessive Phenotype	2016-08-22T17:49:23+00:00
IGF1R	3	Sufficient Evidence for Haploinsufficiency	2022-11-08T17:23:27+00:00
IGF2	0	No Evidence for Haploinsufficiency	2012-03-22T17:46:06+00:00
IGF2R	0	No Evidence for Haploinsufficiency	2012-06-07T22:10:56+00:00
IGHMBP2	30	Gene Associated with Autosomal Recessive Phenotype	2016-08-22T17:49:27+00:00
IGLL1	30	Gene Associated with Autosomal Recessive Phenotype	2016-08-22T17:49:27+00:00
IKBKG	3	Sufficient Evidence for Haploinsufficiency	2020-11-10T17:35:19+00:00
IKZF1	3	Sufficient Evidence for Haploinsufficiency	2025-10-09T16:32:32-04:00
IL1RAPL1	3	Sufficient Evidence for Haploinsufficiency	2023-11-14T22:32:55+00:00
IL2RA	30	Gene Associated with Autosomal Recessive Phenotype	2016-08-22T17:49:31+00:00
IL10RA	30	Gene Associated with Autosomal Recessive Phenotype	2016-08-22T17:49:28+00:00
IL17RA	30	Gene Associated with Autosomal Recessive Phenotype	2016-08-22T17:49:29+00:00
IL21R	30	Gene Associated with Autosomal Recessive Phenotype	2016-08-22T17:49:30+00:00
IMMP2L	40	Dosage Sensitivity Unlikely for Haploinsufficiency	2022-04-12T16:44:27+00:00
IMPA1	0	No Evidence for Haploinsufficiency	2012-02-08T20:53:42+00:00
INF2	0	No Evidence for Haploinsufficiency	2025-12-11T13:08:12-05:00
INPP5E	30	Gene Associated with Autosomal Recessive Phenotype	2016-08-22T17:49:32+00:00
INS	0	No Evidence for Haploinsufficiency	2012-03-22T18:25:37+00:00
IQSEC2	3	Sufficient Evidence for Haploinsufficiency	2025-03-26T12:37:56-04:00
IRAK4	30	Gene Associated with Autosomal Recessive Phenotype	2016-08-22T17:49:33+00:00
IRF2BPL	1	Little Evidence for Haploinsufficiency	2025-06-10T12:09:41-04:00
IRF4	1	Little Evidence for Haploinsufficiency	2026-09-08T20:51:24-04:00
IRF6	3	Sufficient Evidence for Haploinsufficiency	2012-07-06T20:27:09+00:00
ISL1	1	Little Evidence for Haploinsufficiency	2026-08-27T15:58:35-04:00
ITCH	30	Gene Associated with Autosomal Recessive Phenotype	2016-08-22T17:49:36+00:00
ITGA3	30	Gene Associated with Autosomal Recessive Phenotype	2016-08-22T17:49:36+00:00
ITGB2	30	Gene Associated with Autosomal Recessive Phenotype	2016-08-22T17:49:37+00:00
ITGB3	0	No Evidence for Haploinsufficiency	2012-08-27T04:27:40+00:00
ITK	30	Gene Associated with Autosomal Recessive Phenotype	2016-08-22T17:49:38+00:00
ITPR1	1	Little Evidence for Haploinsufficiency	2023-10-12T20:09:39+00:00
ITSN1	1	Little Evidence for Haploinsufficiency	2024-10-08T13:05:28-04:00
IYD	30	Gene Associated with Autosomal Recessive Phenotype	2016-08-22T17:49:39+00:00
JAG1	3	Sufficient Evidence for Haploinsufficiency	2020-10-19T16:19:32+00:00
JAM3	30	Gene Associated with Autosomal Recessive Phenotype	2015-06-11T14:16:48+00:00
JARID2	2	Emerging Evidence for Haploinsufficiency	2024-06-11T12:21:10-04:00
KANK1	0	No Evidence for Haploinsufficiency	2016-04-28T18:49:45+00:00
KANSL1	3	Sufficient Evidence for Haploinsufficiency	2013-04-11T19:08:20+00:00
KARS1	30	Gene Associated with Autosomal Recessive Phenotype	2016-08-22T17:49:40+00:00
KAT6A	3	Sufficient Evidence for Haploinsufficiency	2018-03-28T16:24:16+00:00
KAT6B	3	Sufficient Evidence for Haploinsufficiency	2018-04-25T16:42:12+00:00
KATNAL2	1	Little Evidence for Haploinsufficiency	2018-11-28T12:31:10-05:00
KCNA2	1	Little Evidence for Haploinsufficiency	2025-05-28T12:51:51-04:00
KCNB1	0	No Evidence for Haploinsufficiency	2026-04-22T12:32:48-04:00
KCNC1	1	Little Evidence for Haploinsufficiency	2025-03-31T17:05:29-04:00
KCNH1	0	No Evidence for Haploinsufficiency	2023-06-28T16:29:27+00:00
KCNH2	3	Sufficient Evidence for Haploinsufficiency	2020-02-26T12:14:24-05:00
KCNJ1	30	Gene Associated with Autosomal Recessive Phenotype	2012-03-22T18:41:43+00:00
KCNJ6	0	No Evidence for Haploinsufficiency	2024-12-10T21:59:23-05:00
KCNK3	0	No Evidence for Haploinsufficiency	2026-08-05T21:55:50-04:00
KCNK9	0	No Evidence for Haploinsufficiency	2012-02-29T20:48:33+00:00
KCNQ1	3	Sufficient Evidence for Haploinsufficiency	2020-10-13T12:21:49-04:00
KCNQ1OT1	1	Little Evidence for Haploinsufficiency	2023-12-06T22:08:45+00:00
KCNQ2	3	Sufficient Evidence for Haploinsufficiency	2013-07-18T19:20:04+00:00
KCNV2	30	Gene Associated with Autosomal Recessive Phenotype	2016-08-22T17:49:41+00:00
KCTD7	30	Gene Associated with Autosomal Recessive Phenotype	2016-08-22T17:49:41+00:00
KDM5B	30	Gene Associated with Autosomal Recessive Phenotype	2026-05-26T15:31:04-04:00
KDM5C	3	Sufficient Evidence for Haploinsufficiency	2023-07-27T16:06:48+00:00
KDM6A	3	Sufficient Evidence for Haploinsufficiency	2013-07-18T19:34:50+00:00
KDM6B	3	Sufficient Evidence for Haploinsufficiency	2024-10-23T12:07:32-04:00
KERA	30	Gene Associated with Autosomal Recessive Phenotype	2016-08-22T17:49:43+00:00
KHDC3L	30	Gene Associated with Autosomal Recessive Phenotype	2016-08-22T17:49:43+00:00
KIF1A	0	No Evidence for Haploinsufficiency	2013-08-08T14:26:35+00:00
KIF1C	30	Gene Associated with Autosomal Recessive Phenotype	2016-08-22T17:49:46+00:00
KIF5C	1	Little Evidence for Haploinsufficiency	2026-09-23T12:51:30-04:00
KIF7	30	Gene Associated with Autosomal Recessive Phenotype	2016-08-22T17:49:47+00:00
KIF11	3	Sufficient Evidence for Haploinsufficiency	2013-08-01T19:42:31+00:00
KIFBP	30	Gene Associated with Autosomal Recessive Phenotype	2016-08-22T17:49:44+00:00
KISS1	30	Gene Associated with Autosomal Recessive Phenotype	2016-08-22T17:49:48+00:00
KIT	3	Sufficient Evidence for Haploinsufficiency	2024-05-08T12:35:44-04:00
KLF8	0	No Evidence for Haploinsufficiency	2012-10-12T13:24:02+00:00
KLF14	0	No Evidence for Haploinsufficiency	2012-04-28T11:05:36+00:00
KLK12	40	Dosage Sensitivity Unlikely for Haploinsufficiency	2021-02-02T20:12:08+00:00
KMT2A	3	Sufficient Evidence for Haploinsufficiency	2018-05-23T16:10:26+00:00
KMT2B	3	Sufficient Evidence for Haploinsufficiency	2025-05-13T12:45:12-04:00
KMT2C	3	Sufficient Evidence for Haploinsufficiency	2018-01-24T19:20:40+00:00
KMT2D	3	Sufficient Evidence for Haploinsufficiency	2020-01-23T11:33:28+00:00
KMT2E	3	Sufficient Evidence for Haploinsufficiency	2021-12-29T18:45:24+00:00
KMT5B	3	Sufficient Evidence for Haploinsufficiency	2023-06-13T12:19:43-04:00
KRAS	0	No Evidence for Haploinsufficiency	2015-10-08T19:53:52+00:00
KRT24	40	Dosage Sensitivity Unlikely for Haploinsufficiency	2021-02-02T20:15:06+00:00
KRT37	40	Dosage Sensitivity Unlikely for Haploinsufficiency	2021-02-02T20:20:21+00:00
L1CAM	3	Sufficient Evidence for Haploinsufficiency	2020-12-02T17:08:55+00:00
L3MBTL1	0	No Evidence for Haploinsufficiency	2012-08-29T14:20:17+00:00
LAMA1	30	Gene Associated with Autosomal Recessive Phenotype	2016-08-22T17:49:48+00:00
LAMA2	30	Gene Associated with Autosomal Recessive Phenotype	2018-11-28T17:46:24+00:00
LAMA3	30	Gene Associated with Autosomal Recessive Phenotype	2016-08-22T17:49:49+00:00
LAMC2	30	Gene Associated with Autosomal Recessive Phenotype	2016-08-22T17:49:50+00:00
LAMP2	3	Sufficient Evidence for Haploinsufficiency	2021-02-09T17:11:05+00:00
LARGE1	30	Gene Associated with Autosomal Recessive Phenotype	2016-08-22T17:49:51+00:00
LBR	30	Gene Associated with Autosomal Recessive Phenotype	2015-02-23T18:21:52+00:00
LBX1	0	No Evidence for Haploinsufficiency	2014-08-21T14:21:08+00:00
LCA5	30	Gene Associated with Autosomal Recessive Phenotype	2016-08-22T17:49:52+00:00
LCT	30	Gene Associated with Autosomal Recessive Phenotype	2016-08-22T17:49:53+00:00
LDLR	3	Sufficient Evidence for Haploinsufficiency	2021-10-27T16:57:43+00:00
LEMD3	3	Sufficient Evidence for Haploinsufficiency	2020-10-19T16:18:32+00:00
LEO1	1	Little Evidence for Haploinsufficiency	2025-03-14T11:05:29-04:00
LEPR	30	Gene Associated with Autosomal Recessive Phenotype	2016-08-22T17:49:54+00:00
LETM1	0	No Evidence for Haploinsufficiency	2012-02-03T21:58:50+00:00
LFNG	30	Gene Associated with Autosomal Recessive Phenotype	2016-08-22T17:49:55+00:00
LGI1	3	Sufficient Evidence for Haploinsufficiency	2025-07-08T12:22:11-04:00
LHX3	30	Gene Associated with Autosomal Recessive Phenotype	2016-08-22T17:49:56+00:00
LHX4	1	Little Evidence for Haploinsufficiency	2022-04-25T16:06:30+00:00
LIG4	30	Gene Associated with Autosomal Recessive Phenotype	2016-08-22T17:49:57+00:00
LIMK1	0	No Evidence for Haploinsufficiency	2012-08-22T09:36:58-04:00
LINS1	30	Gene Associated with Autosomal Recessive Phenotype	2016-08-22T17:49:58+00:00
LIPA	30	Gene Associated with Autosomal Recessive Phenotype	2016-08-22T13:49:59-04:00
LITAF	0	No Evidence for Haploinsufficiency	2016-10-21T20:15:32+00:00
LMAN1	30	Gene Associated with Autosomal Recessive Phenotype	2016-08-22T17:50:00+00:00
LMBR1	30	Gene Associated with Autosomal Recessive Phenotype	2012-10-18T19:30:54+00:00
LMNA	3	Sufficient Evidence for Haploinsufficiency	2023-12-14T14:32:36-05:00
LMNB1	0	No Evidence for Haploinsufficiency	2023-10-25T16:27:36+00:00
LMTK3	1	Little Evidence for Haploinsufficiency	2018-07-25T16:11:15+00:00
LMX1B	3	Sufficient Evidence for Haploinsufficiency	2020-11-10T17:11:38+00:00
LOXHD1	30	Gene Associated with Autosomal Recessive Phenotype	2016-08-22T17:50:01+00:00
LPAR6	30	Gene Associated with Autosomal Recessive Phenotype	2016-08-22T17:50:02+00:00
LPIN2	30	Gene Associated with Autosomal Recessive Phenotype	2016-08-22T17:50:03+00:00
LRAT	30	Gene Associated with Autosomal Recessive Phenotype	2016-08-22T17:50:04+00:00
LRBA	30	Gene Associated with Autosomal Recessive Phenotype	2016-08-22T17:50:05+00:00
LRP2	30	Gene Associated with Autosomal Recessive Phenotype	2019-04-24T16:46:35+00:00
LRP5	1	Little Evidence for Haploinsufficiency	2024-04-09T12:36:52-04:00
LRPAP1	30	Gene Associated with Autosomal Recessive Phenotype	2016-08-22T17:50:06+00:00
LRPPRC	30	Gene Associated with Autosomal Recessive Phenotype	2017-03-20T23:21:54+00:00
DNAAF11	30	Gene Associated with Autosomal Recessive Phenotype	2016-08-22T17:50:07+00:00
LRRK2	40	Dosage Sensitivity Unlikely for Haploinsufficiency	2026-08-13T15:29:01-04:00
LSS	0	No Evidence for Haploinsufficiency	2012-09-06T18:41:36+00:00
LYRM7	30	Gene Associated with Autosomal Recessive Phenotype	2016-08-22T17:50:08+00:00
LYST	30	Gene Associated with Autosomal Recessive Phenotype	2016-08-22T17:50:09+00:00
MAD2L2	0	No Evidence for Haploinsufficiency	2023-10-20T14:48:40+00:00
MAFB	0	No Evidence for Haploinsufficiency	2015-05-21T13:14:22+00:00
MAGEL2	1	Little Evidence for Haploinsufficiency	2025-10-22T12:38:49-04:00
MAGT1	3	Sufficient Evidence for Haploinsufficiency	2021-09-22T16:23:04+00:00
MALT1	30	Gene Associated with Autosomal Recessive Phenotype	2016-08-22T17:50:09+00:00
MAN2B1	30	Gene Associated with Autosomal Recessive Phenotype	2016-08-22T17:50:10+00:00
MAOA	3	Sufficient Evidence for Haploinsufficiency	2026-03-31T14:37:36-04:00
MAP2K1	0	No Evidence for Haploinsufficiency	2015-10-13T20:26:57+00:00
MAP2K2	1	Little Evidence for Haploinsufficiency	2015-05-27T22:47:25+00:00
MAP3K1	0	No Evidence for Haploinsufficiency	2013-08-22T20:00:49+00:00
MAPKBP1	30	Gene Associated with Autosomal Recessive Phenotype	2025-06-26T10:21:21-04:00
MAPT	0	No Evidence for Haploinsufficiency	2012-05-08T07:31:13+00:00
MARVELD2	30	Gene Associated with Autosomal Recessive Phenotype	2016-08-22T17:50:11+00:00
MASP2	30	Gene Associated with Autosomal Recessive Phenotype	2016-08-22T17:50:12+00:00
MATN3	0	No Evidence for Haploinsufficiency	2014-03-12T13:22:25+00:00
MAX	3	Sufficient Evidence for Haploinsufficiency	2021-07-20T12:41:37-04:00
MBD5	3	Sufficient Evidence for Haploinsufficiency	2025-08-29T15:56:13-04:00
MC2R	30	Gene Associated with Autosomal Recessive Phenotype	2016-08-22T17:50:13+00:00
MCCC1	30	Gene Associated with Autosomal Recessive Phenotype	2016-08-22T17:50:14+00:00
MCEE	30	Gene Associated with Autosomal Recessive Phenotype	2015-03-25T14:32:03+00:00
MCFD2	30	Gene Associated with Autosomal Recessive Phenotype	2016-08-22T17:50:15+00:00
MCPH1	30	Gene Associated with Autosomal Recessive Phenotype	2016-08-22T17:50:15+00:00
MECOM	3	Sufficient Evidence for Haploinsufficiency	2026-08-13T17:07:25-04:00
MECP2	3	Sufficient Evidence for Haploinsufficiency	2021-02-22T17:50:36+00:00
MED12	3	Sufficient Evidence for Haploinsufficiency	2026-04-14T12:21:28-04:00
MED13L	3	Sufficient Evidence for Haploinsufficiency	2023-08-08T16:24:06+00:00
MEF2C	3	Sufficient Evidence for Haploinsufficiency	2020-02-26T17:33:14+00:00
MEFV	0	No Evidence for Haploinsufficiency	2018-08-16T23:50:34+00:00
MEG3	1	Little Evidence for Haploinsufficiency	2024-09-12T15:51:02-04:00
MEIS2	3	Sufficient Evidence for Haploinsufficiency	2021-09-14T16:47:18+00:00
MEN1	3	Sufficient Evidence for Haploinsufficiency	2022-01-12T17:39:34+00:00
MEST	0	No Evidence for Haploinsufficiency	2012-04-04T18:50:50+00:00
MET	0	No Evidence for Haploinsufficiency	2012-09-06T19:43:27+00:00
METTL23	30	Gene Associated with Autosomal Recessive Phenotype	2016-08-22T17:50:16+00:00
MFHAS1	0	No Evidence for Haploinsufficiency	2012-02-08T20:52:27+00:00
MFN2	0	No Evidence for Haploinsufficiency	2017-02-02T14:59:08+00:00
MFRP	30	Gene Associated with Autosomal Recessive Phenotype	2016-08-22T17:50:17+00:00
MFSD8	30	Gene Associated with Autosomal Recessive Phenotype	2016-08-22T17:50:18+00:00
MGP	30	Gene Associated with Autosomal Recessive Phenotype	2021-02-08T18:21:30+00:00
MID1	3	Sufficient Evidence for Haploinsufficiency	2021-08-23T15:48:58+00:00
MID2	0	No Evidence for Haploinsufficiency	2012-07-25T14:31:09+00:00
MITF	3	Sufficient Evidence for Haploinsufficiency	2021-04-13T16:15:04+00:00
MKKS	30	Gene Associated with Autosomal Recessive Phenotype	2016-08-22T17:50:19+00:00
MKRN3	0	No Evidence for Haploinsufficiency	2012-04-25T01:46:53+00:00
MKS1	30	Gene Associated with Autosomal Recessive Phenotype	2016-08-22T17:50:20+00:00
MLC1	30	Gene Associated with Autosomal Recessive Phenotype	2016-08-22T17:50:21+00:00
MLH1	3	Sufficient Evidence for Haploinsufficiency	2021-10-13T14:22:36-04:00
MLPH	30	Gene Associated with Autosomal Recessive Phenotype	2016-08-22T17:50:21+00:00
MLYCD	30	Gene Associated with Autosomal Recessive Phenotype	2016-08-22T17:50:22+00:00
MMAA	30	Gene Associated with Autosomal Recessive Phenotype	2016-08-22T17:56:54+00:00
MMAB	30	Gene Associated with Autosomal Recessive Phenotype	2017-06-30T17:12:15+00:00
MMACHC	30	Gene Associated with Autosomal Recessive Phenotype	2016-08-22T17:50:23+00:00
MMADHC	30	Gene Associated with Autosomal Recessive Phenotype	2016-07-21T21:00:45+00:00
MMUT	30	Gene Associated with Autosomal Recessive Phenotype	2016-08-25T21:41:16+00:00
MNX1	3	Sufficient Evidence for Haploinsufficiency	2012-10-04T19:05:41+00:00
MOCS2	30	Gene Associated with Autosomal Recessive Phenotype	2016-08-22T17:50:24+00:00
MOV10	0	No Evidence for Haploinsufficiency	2019-03-12T17:54:50+00:00
MPDZ	30	Gene Associated with Autosomal Recessive Phenotype	2016-08-22T17:50:25+00:00
MPLKIP	30	Gene Associated with Autosomal Recessive Phenotype	2016-08-22T17:50:25+00:00
MPZ	2	Emerging Evidence for Haploinsufficiency	2026-07-14T16:49:22-04:00
MRE11	30	Gene Associated with Autosomal Recessive Phenotype	2023-12-19T09:45:21-05:00
MSH2	3	Sufficient Evidence for Haploinsufficiency	2021-10-13T18:24:26+00:00
MSH3	30	Gene Associated with Autosomal Recessive Phenotype	2020-05-08T22:02:56+00:00
MSH6	3	Sufficient Evidence for Haploinsufficiency	2021-10-13T12:40:38-04:00
MSL3	3	Sufficient Evidence for Haploinsufficiency	2023-08-23T16:27:00+00:00
MSRB3	30	Gene Associated with Autosomal Recessive Phenotype	2021-08-23T16:01:08+00:00
MSX1	3	Sufficient Evidence for Haploinsufficiency	2021-01-12T17:12:44+00:00
MSX2	1	Little Evidence for Haploinsufficiency	2023-06-28T16:10:14+00:00
MTAP	1	Little Evidence for Haploinsufficiency	2022-10-12T13:00:57-04:00
MTFMT	30	Gene Associated with Autosomal Recessive Phenotype	2016-08-22T17:50:26+00:00
MTHFR	30	Gene Associated with Autosomal Recessive Phenotype	2016-08-22T17:50:27+00:00
MTM1	3	Sufficient Evidence for Haploinsufficiency	2021-01-11T21:11:12+00:00
MTMR2	30	Gene Associated with Autosomal Recessive Phenotype	2016-08-22T17:50:27+00:00
MTO1	30	Gene Associated with Autosomal Recessive Phenotype	2016-08-22T17:50:28+00:00
MTOR	0	No Evidence for Haploinsufficiency	2026-09-08T12:09:22-04:00
MTR	30	Gene Associated with Autosomal Recessive Phenotype	2016-08-22T17:50:29+00:00
MTRR	30	Gene Associated with Autosomal Recessive Phenotype	2016-08-22T17:50:30+00:00
MTTP	30	Gene Associated with Autosomal Recessive Phenotype	2016-08-22T17:50:31+00:00
MTX2	30	Gene Associated with Autosomal Recessive Phenotype	2026-06-25T14:01:41-04:00
MUTYH	30	Gene Associated with Autosomal Recessive Phenotype	2015-11-11T12:23:11-05:00
MYBPC3	3	Sufficient Evidence for Haploinsufficiency	2023-01-10T12:17:15-05:00
MYCN	3	Sufficient Evidence for Haploinsufficiency	2017-07-12T21:09:52+00:00
MYH7	0	No Evidence for Haploinsufficiency	2015-11-15T21:00:43-05:00
MYH9	1	Little Evidence for Haploinsufficiency	2024-09-04T15:47:17-04:00
MYH10	1	Little Evidence for Haploinsufficiency	2019-01-23T17:36:30+00:00
MYH11	0	No Evidence for Haploinsufficiency	2024-09-25T14:46:31-04:00
MYH14	1	Little Evidence for Haploinsufficiency	2026-06-26T10:16:16-04:00
MYL2	30	Gene Associated with Autosomal Recessive Phenotype	2026-07-02T16:45:09-04:00
MYL3	0	No Evidence for Haploinsufficiency	2015-11-18T15:47:37-05:00
MYLK	3	Sufficient Evidence for Haploinsufficiency	2026-05-12T12:23:06-04:00
MYO1E	30	Gene Associated with Autosomal Recessive Phenotype	2016-08-22T17:50:32+00:00
MYO3A	30	Gene Associated with Autosomal Recessive Phenotype	2018-03-06T21:52:11+00:00
MYO5A	30	Gene Associated with Autosomal Recessive Phenotype	2016-08-22T17:50:33+00:00
MYO5B	30	Gene Associated with Autosomal Recessive Phenotype	2015-04-09T03:17:07+00:00
MYO6	3	Sufficient Evidence for Haploinsufficiency	2026-09-23T12:12:55-04:00
MYO15A	30	Gene Associated with Autosomal Recessive Phenotype	2016-08-22T17:50:32+00:00
MYSM1	30	Gene Associated with Autosomal Recessive Phenotype	2025-05-30T10:45:07-04:00
MYT1L	3	Sufficient Evidence for Haploinsufficiency	2017-03-09T19:58:56+00:00
NAA10	1	Little Evidence for Haploinsufficiency	2022-08-09T16:11:40+00:00
NAA15	3	Sufficient Evidence for Haploinsufficiency	2021-04-13T16:31:54+00:00
NAALADL2	0	No Evidence for Haploinsufficiency	2016-01-07T17:38:02+00:00
NAF1	1	Little Evidence for Haploinsufficiency	2024-08-20T06:38:57-04:00
ASPNAT	30	Gene Associated with Autosomal Recessive Phenotype	2016-08-22T17:50:34+00:00
NBAS	30	Gene Associated with Autosomal Recessive Phenotype	2016-08-22T17:50:35+00:00
NBEA	3	Sufficient Evidence for Haploinsufficiency	2019-06-26T16:59:21+00:00
NBN	30	Gene Associated with Autosomal Recessive Phenotype	2024-04-10T12:18:49-04:00
NCF1	30	Gene Associated with Autosomal Recessive Phenotype	2012-10-10T14:09:03+00:00
NCF2	30	Gene Associated with Autosomal Recessive Phenotype	2016-08-22T17:50:35+00:00
NCF4	30	Gene Associated with Autosomal Recessive Phenotype	2016-08-22T17:50:36+00:00
NCKAP1	3	Sufficient Evidence for Haploinsufficiency	2017-12-27T18:11:26+00:00
NDE1	30	Gene Associated with Autosomal Recessive Phenotype	2016-04-29T17:08:43+00:00
NDN	0	No Evidence for Haploinsufficiency	2012-04-27T03:57:36+00:00
NDP	3	Sufficient Evidence for Haploinsufficiency	2012-06-14T19:05:29+00:00
NDRG1	30	Gene Associated with Autosomal Recessive Phenotype	2016-08-22T17:50:37+00:00
NDUFA1	0	No Evidence for Haploinsufficiency	2012-07-25T14:34:36+00:00
NDUFA10	30	Gene Associated with Autosomal Recessive Phenotype	2016-08-22T17:50:38+00:00
NDUFAF1	30	Gene Associated with Autosomal Recessive Phenotype	2016-08-22T17:50:39+00:00
NDUFAF2	30	Gene Associated with Autosomal Recessive Phenotype	2016-08-22T17:50:40+00:00
NDUFAF5	30	Gene Associated with Autosomal Recessive Phenotype	2016-08-22T17:50:41+00:00
NDUFB3	30	Gene Associated with Autosomal Recessive Phenotype	2016-08-22T17:50:41+00:00
NDUFS4	30	Gene Associated with Autosomal Recessive Phenotype	2016-08-22T17:50:42+00:00
NDUFS6	30	Gene Associated with Autosomal Recessive Phenotype	2016-08-22T17:50:43+00:00
NDUFS7	30	Gene Associated with Autosomal Recessive Phenotype	2016-08-22T17:50:44+00:00
NDUFS8	30	Gene Associated with Autosomal Recessive Phenotype	2016-08-22T17:50:44+00:00
NDUFV1	30	Gene Associated with Autosomal Recessive Phenotype	2012-03-22T18:36:39+00:00
NDUFV2	30	Gene Associated with Autosomal Recessive Phenotype	2016-08-22T17:50:45+00:00
NEBL	0	No Evidence for Haploinsufficiency	2011-12-21T15:14:43+00:00
NEDD9	1	Little Evidence for Haploinsufficiency	2019-02-27T17:19:10+00:00
NEFH	0	No Evidence for Haploinsufficiency	2025-07-08T12:32:59-04:00
NEFL	0	No Evidence for Haploinsufficiency	2018-09-17T19:20:30+00:00
NEK1	30	Gene Associated with Autosomal Recessive Phenotype	2013-08-01T16:42:40+00:00
NELFA	0	No Evidence for Haploinsufficiency	2012-09-06T16:57:44+00:00
NEXMIF	3	Sufficient Evidence for Haploinsufficiency	2019-06-26T12:41:14-04:00
NF1	3	Sufficient Evidence for Haploinsufficiency	2023-02-12T05:32:18+00:00
NF2	3	Sufficient Evidence for Haploinsufficiency	2020-09-08T17:01:48+00:00
NFIA	3	Sufficient Evidence for Haploinsufficiency	2017-01-12T19:28:00+00:00
NFIB	3	Sufficient Evidence for Haploinsufficiency	2024-12-10T12:26:33-05:00
NFIX	3	Sufficient Evidence for Haploinsufficiency	2022-04-12T16:18:38+00:00
NGLY1	30	Gene Associated with Autosomal Recessive Phenotype	2015-02-18T15:59:30+00:00
NHP2	30	Gene Associated with Autosomal Recessive Phenotype	2015-03-04T15:42:36+00:00
NHS	3	Sufficient Evidence for Haploinsufficiency	2021-04-28T16:21:25+00:00
NIPA1	0	No Evidence for Haploinsufficiency	2012-04-04T18:51:08+00:00
NIPA2	0	No Evidence for Haploinsufficiency	2012-04-04T18:51:44+00:00
NIPBL	3	Sufficient Evidence for Haploinsufficiency	2020-08-26T16:34:41+00:00
NKX2-5	3	Sufficient Evidence for Haploinsufficiency	2020-07-22T13:41:24-04:00
NKX3-2	30	Gene Associated with Autosomal Recessive Phenotype	2016-08-22T17:50:46+00:00
NLGN1	0	No Evidence for Haploinsufficiency	2016-03-25T17:26:30+00:00
NLGN3	0	No Evidence for Haploinsufficiency	2012-07-25T14:56:36+00:00
NLGN4X	2	Emerging Evidence for Haploinsufficiency	2025-03-26T12:55:45-04:00
NNAT	0	No Evidence for Haploinsufficiency	2012-04-28T10:58:02+00:00
NODAL	1	Little Evidence for Haploinsufficiency	2013-08-08T14:20:40+00:00
NOG	3	Sufficient Evidence for Haploinsufficiency	2021-01-12T17:18:02+00:00
NONO	3	Sufficient Evidence for Haploinsufficiency	2024-07-24T12:51:14-04:00
NOP10	0	No Evidence for Haploinsufficiency	2025-02-12T15:08:39-05:00
NOTCH1	3	Sufficient Evidence for Haploinsufficiency	2024-09-24T12:12:51-04:00
NOTCH2	0	No Evidence for Haploinsufficiency	2014-07-17T20:20:14+00:00
NPC1	30	Gene Associated with Autosomal Recessive Phenotype	2016-08-22T17:50:47+00:00
NPHP1	30	Gene Associated with Autosomal Recessive Phenotype	2012-10-10T14:05:41+00:00
NPHP4	30	Gene Associated with Autosomal Recessive Phenotype	2016-08-22T17:50:47+00:00
NPHS1	30	Gene Associated with Autosomal Recessive Phenotype	2016-08-22T17:50:48+00:00
NPRL3	3	Sufficient Evidence for Haploinsufficiency	2023-12-12T17:21:05+00:00
NPTX2	0	No Evidence for Haploinsufficiency	2012-10-10T14:09:33+00:00
NR2F1	3	Sufficient Evidence for Haploinsufficiency	2022-08-09T16:48:17+00:00
NR2F2	0	No Evidence for Haploinsufficiency	2012-07-10T23:27:30+00:00
NR3C2	3	Sufficient Evidence for Haploinsufficiency	2020-04-06T20:05:17+00:00
NR4A2	3	Sufficient Evidence for Haploinsufficiency	2022-09-27T16:19:05+00:00
NR5A1	3	Sufficient Evidence for Haploinsufficiency	2021-02-24T12:34:03-05:00
NRAS	0	No Evidence for Haploinsufficiency	2026-02-25T12:36:43-05:00
NR0B1	3	Sufficient Evidence for Haploinsufficiency	2020-05-06T03:21:44+00:00
NRG3	0	No Evidence for Haploinsufficiency	2011-12-21T15:09:37+00:00
NRXN1	3	Sufficient Evidence for Haploinsufficiency	2021-06-08T17:03:21+00:00
NSD1	3	Sufficient Evidence for Haploinsufficiency	2020-07-27T19:42:36+00:00
NSD2	3	Sufficient Evidence for Haploinsufficiency	2023-10-25T16:13:58+00:00
NSDHL	3	Sufficient Evidence for Haploinsufficiency	2019-09-25T16:57:27+00:00
NTAN1	0	No Evidence for Haploinsufficiency	2018-09-17T19:46:23+00:00
NTHL1	30	Gene Associated with Autosomal Recessive Phenotype	2020-07-06T16:26:00+00:00
NUDT13	40	Dosage Sensitivity Unlikely for Haploinsufficiency	2021-02-02T20:25:54+00:00
NUS1	3	Sufficient Evidence for Haploinsufficiency	2022-09-27T17:57:10+00:00
NXF5	0	No Evidence for Haploinsufficiency	2025-06-19T16:23:06-04:00
NYX	3	Sufficient Evidence for Haploinsufficiency	2020-01-22T18:40:36+00:00
OAT	30	Gene Associated with Autosomal Recessive Phenotype	2016-08-22T17:50:49+00:00
OBSL1	30	Gene Associated with Autosomal Recessive Phenotype	2016-08-22T17:50:50+00:00
OCA2	30	Gene Associated with Autosomal Recessive Phenotype	2012-04-28T11:08:55+00:00
OCLN	30	Gene Associated with Autosomal Recessive Phenotype	2016-08-22T17:50:51+00:00
OCRL	3	Sufficient Evidence for Haploinsufficiency	2021-01-12T17:42:36+00:00
OFD1	3	Sufficient Evidence for Haploinsufficiency	2021-04-13T16:19:27+00:00
OPHN1	3	Sufficient Evidence for Haploinsufficiency	2023-03-22T16:46:36+00:00
OR5AU1	0	No Evidence for Haploinsufficiency	2015-03-11T14:53:25+00:00
ORC4	30	Gene Associated with Autosomal Recessive Phenotype	2015-11-06T04:38:54+00:00
ORC6	30	Gene Associated with Autosomal Recessive Phenotype	2016-08-22T17:50:52+00:00
OSBPL2	1	Little Evidence for Haploinsufficiency	2025-12-02T12:58:40-05:00
OSBPL5	0	No Evidence for Haploinsufficiency	2012-09-06T18:47:15+00:00
OSTM1	30	Gene Associated with Autosomal Recessive Phenotype	2016-08-22T17:50:52+00:00
OTC	3	Sufficient Evidence for Haploinsufficiency	2012-06-28T19:15:09+00:00
OTOA	30	Gene Associated with Autosomal Recessive Phenotype	2016-08-22T13:50:53-04:00
OTOF	30	Gene Associated with Autosomal Recessive Phenotype	2016-08-22T17:50:54+00:00
OTOGL	30	Gene Associated with Autosomal Recessive Phenotype	2016-08-22T17:50:54+00:00
OTUD7A	0	No Evidence for Haploinsufficiency	2018-04-27T23:05:24+00:00
OTX2	3	Sufficient Evidence for Haploinsufficiency	2020-09-08T16:12:58+00:00
OXCT1	30	Gene Associated with Autosomal Recessive Phenotype	2016-08-22T17:50:55+00:00
P3H1	30	Gene Associated with Autosomal Recessive Phenotype	2015-03-12T03:36:34+00:00
PACS1	0	No Evidence for Haploinsufficiency	2021-12-14T17:12:39+00:00
PACS2	0	No Evidence for Haploinsufficiency	2026-02-25T13:00:30-05:00
PAFAH1B1	3	Sufficient Evidence for Haploinsufficiency	2020-10-13T16:14:55+00:00
PAH	30	Gene Associated with Autosomal Recessive Phenotype	2014-08-28T19:21:24+00:00
PAK2	1	Little Evidence for Haploinsufficiency	2011-12-27T19:25:56+00:00
PAK3	3	Sufficient Evidence for Haploinsufficiency	2025-03-31T22:08:03-04:00
PALB2	3	Sufficient Evidence for Haploinsufficiency	2025-02-24T10:16:39-05:00
PALLD	0	No Evidence for Haploinsufficiency	2025-06-16T18:32:46-04:00
PARK7	30	Gene Associated with Autosomal Recessive Phenotype	2016-08-22T17:50:56+00:00
PARN	3	Sufficient Evidence for Haploinsufficiency	2026-05-26T11:36:39-04:00
PAX1	30	Gene Associated with Autosomal Recessive Phenotype	2016-08-22T17:50:57+00:00
PAX2	3	Sufficient Evidence for Haploinsufficiency	2020-02-26T17:11:04+00:00
PAX3	3	Sufficient Evidence for Haploinsufficiency	2020-05-27T16:26:44+00:00
PAX5	1	Little Evidence for Haploinsufficiency	2025-02-12T15:09:17-05:00
PAX6	3	Sufficient Evidence for Haploinsufficiency	2015-11-05T15:48:10-05:00
PAX8	1	Little Evidence for Haploinsufficiency	2021-11-09T17:09:19+00:00
PAX9	3	Sufficient Evidence for Haploinsufficiency	2020-07-08T18:50:12+00:00
PBX1	3	Sufficient Evidence for Haploinsufficiency	2019-09-05T17:48:07+00:00
PC	30	Gene Associated with Autosomal Recessive Phenotype	2016-08-22T17:50:58+00:00
PCARE	30	Gene Associated with Autosomal Recessive Phenotype	2014-09-25T19:12:59+00:00
PCCA	30	Gene Associated with Autosomal Recessive Phenotype	2016-08-22T17:50:59+00:00
PCDH9	0	No Evidence for Haploinsufficiency	2012-06-08T00:17:09+00:00
PCDH15	30	Gene Associated with Autosomal Recessive Phenotype	2016-08-22T17:51:00+00:00
PCDH19	3	Sufficient Evidence for Haploinsufficiency	2023-02-14T17:39:03+00:00
PCDHGA8	40	Dosage Sensitivity Unlikely for Haploinsufficiency	2021-02-02T20:31:03+00:00
PCSK9	40	Dosage Sensitivity Unlikely for Haploinsufficiency	2015-12-17T14:50:38-05:00
PCYT1A	30	Gene Associated with Autosomal Recessive Phenotype	2016-08-22T17:51:01+00:00
PDE4D	0	No Evidence for Haploinsufficiency	2018-02-02T17:51:16+00:00
PDE6C	30	Gene Associated with Autosomal Recessive Phenotype	2016-08-22T17:51:01+00:00
PDE6G	30	Gene Associated with Autosomal Recessive Phenotype	2025-05-29T12:38:58-04:00
PDGFRA	0	No Evidence for Haploinsufficiency	2025-02-12T15:07:45-05:00
PDHA1	3	Sufficient Evidence for Haploinsufficiency	2022-09-27T16:16:19+00:00
PDHX	30	Gene Associated with Autosomal Recessive Phenotype	2016-08-22T17:51:02+00:00
PDP1	30	Gene Associated with Autosomal Recessive Phenotype	2016-08-22T17:51:03+00:00
PDSS2	30	Gene Associated with Autosomal Recessive Phenotype	2016-08-22T17:51:04+00:00
PDX1	30	Gene Associated with Autosomal Recessive Phenotype	2016-08-22T17:51:05+00:00
PEG3	0	No Evidence for Haploinsufficiency	2012-05-17T19:08:38+00:00
PEG10	0	No Evidence for Haploinsufficiency	2012-08-22T14:04:19+00:00
PEPD	30	Gene Associated with Autosomal Recessive Phenotype	2016-08-22T17:51:06+00:00
PEX1	30	Gene Associated with Autosomal Recessive Phenotype	2016-08-22T17:51:07+00:00
PEX3	30	Gene Associated with Autosomal Recessive Phenotype	2016-08-22T17:51:11+00:00
PEX7	30	Gene Associated with Autosomal Recessive Phenotype	2016-08-22T17:51:12+00:00
PEX11B	30	Gene Associated with Autosomal Recessive Phenotype	2016-08-22T17:51:07+00:00
PEX14	30	Gene Associated with Autosomal Recessive Phenotype	2016-08-22T17:51:08+00:00
PEX16	30	Gene Associated with Autosomal Recessive Phenotype	2016-08-22T17:51:09+00:00
PEX26	30	Gene Associated with Autosomal Recessive Phenotype	2016-08-22T17:51:10+00:00
PGAP3	30	Gene Associated with Autosomal Recessive Phenotype	2016-08-22T17:51:14+00:00
PGK1	1	Little Evidence for Haploinsufficiency	2024-09-10T12:11:19-04:00
PGM1	30	Gene Associated with Autosomal Recessive Phenotype	2016-08-22T17:51:14+00:00
PGM3	30	Gene Associated with Autosomal Recessive Phenotype	2016-08-22T17:51:16+00:00
PHC1	30	Gene Associated with Autosomal Recessive Phenotype	2016-08-22T17:51:18+00:00
PHEX	3	Sufficient Evidence for Haploinsufficiency	2012-06-28T19:15:31+00:00
PHF2	1	Little Evidence for Haploinsufficiency	2019-02-27T18:00:10+00:00
PHF3	1	Little Evidence for Haploinsufficiency	2019-02-27T21:46:18+00:00
PHF6	3	Sufficient Evidence for Haploinsufficiency	2021-02-24T17:36:09+00:00
PHF8	3	Sufficient Evidence for Haploinsufficiency	2020-08-26T16:13:38+00:00
PHF12	3	Sufficient Evidence for Haploinsufficiency	2025-03-31T21:06:54-04:00
PHF21A	3	Sufficient Evidence for Haploinsufficiency	2023-09-21T19:13:34+00:00
PHIP	3	Sufficient Evidence for Haploinsufficiency	2022-04-13T18:51:12+00:00
PHKB	30	Gene Associated with Autosomal Recessive Phenotype	2016-08-22T17:51:18+00:00
PHKG2	30	Gene Associated with Autosomal Recessive Phenotype	2016-08-22T17:51:20+00:00
PHLDA2	0	No Evidence for Haploinsufficiency	2012-03-22T18:34:55+00:00
PHOX2B	3	Sufficient Evidence for Haploinsufficiency	2024-07-10T10:14:20-04:00
PHYH	30	Gene Associated with Autosomal Recessive Phenotype	2016-08-22T17:51:21+00:00
PIGA	1	Little Evidence for Haploinsufficiency	2025-04-10T15:21:55-04:00
PIGN	30	Gene Associated with Autosomal Recessive Phenotype	2016-08-22T17:51:22+00:00
PIGO	30	Gene Associated with Autosomal Recessive Phenotype	2016-08-22T17:51:22+00:00
PIGW	30	Gene Associated with Autosomal Recessive Phenotype	2016-08-22T17:51:23+00:00
PIK3CA	0	No Evidence for Haploinsufficiency	2025-03-13T09:33:59-04:00
PIK3R2	0	No Evidence for Haploinsufficiency	2015-06-25T13:49:31+00:00
PINK1	30	Gene Associated with Autosomal Recessive Phenotype	2016-08-22T17:51:24+00:00
PIP5K1C	30	Gene Associated with Autosomal Recessive Phenotype	2016-08-22T17:51:25+00:00
PITPNA	0	No Evidence for Haploinsufficiency	2012-06-07T23:01:19+00:00
PITX2	3	Sufficient Evidence for Haploinsufficiency	2022-10-24T14:31:19+00:00
PITX3	0	No Evidence for Haploinsufficiency	2013-11-06T15:06:36+00:00
PKD1	3	Sufficient Evidence for Haploinsufficiency	2020-06-10T19:11:44+00:00
PKD2	3	Sufficient Evidence for Haploinsufficiency	2012-07-06T20:00:34+00:00
PKP2	3	Sufficient Evidence for Haploinsufficiency	2023-05-10T16:50:26+00:00
PLA2G6	30	Gene Associated with Autosomal Recessive Phenotype	2016-08-22T17:51:26+00:00
PLAGL1	0	No Evidence for Haploinsufficiency	2012-08-27T02:00:59+00:00
PLCB1	30	Gene Associated with Autosomal Recessive Phenotype	2016-08-22T17:51:27+00:00
PLEKHG5	30	Gene Associated with Autosomal Recessive Phenotype	2016-08-22T17:51:28+00:00
PLN	1	Little Evidence for Haploinsufficiency	2025-08-29T15:59:09-04:00
PLOD1	30	Gene Associated with Autosomal Recessive Phenotype	2016-08-22T17:51:30+00:00
PLOD2	30	Gene Associated with Autosomal Recessive Phenotype	2016-08-22T17:51:31+00:00
PLOD3	30	Gene Associated with Autosomal Recessive Phenotype	2016-08-22T17:51:32+00:00
PLP1	3	Sufficient Evidence for Haploinsufficiency	2021-04-12T15:06:26+00:00
PMM2	30	Gene Associated with Autosomal Recessive Phenotype	2016-08-22T17:51:33+00:00
PMP22	3	Sufficient Evidence for Haploinsufficiency	2012-07-12T19:09:22+00:00
PMS2	3	Sufficient Evidence for Haploinsufficiency	2026-04-22T17:04:40-04:00
PNP	30	Gene Associated with Autosomal Recessive Phenotype	2016-08-22T17:51:34+00:00
POGZ	3	Sufficient Evidence for Haploinsufficiency	2017-12-27T17:50:10+00:00
POLD1	1	Little Evidence for Haploinsufficiency	2020-06-05T21:15:44+00:00
POLE	1	Little Evidence for Haploinsufficiency	2019-12-16T22:15:42+00:00
POLH	30	Gene Associated with Autosomal Recessive Phenotype	2024-11-13T17:13:36-05:00
POLL	0	No Evidence for Haploinsufficiency	2011-12-21T15:42:56+00:00
POLR1D	3	Sufficient Evidence for Haploinsufficiency	2021-06-23T16:35:48+00:00
POMP	30	Gene Associated with Autosomal Recessive Phenotype	2015-08-27T14:20:53+00:00
POMT1	30	Gene Associated with Autosomal Recessive Phenotype	2025-07-25T11:37:11-04:00
POMT2	30	Gene Associated with Autosomal Recessive Phenotype	2016-08-22T17:51:35+00:00
POR	30	Gene Associated with Autosomal Recessive Phenotype	2016-08-22T17:51:36+00:00
PORCN	3	Sufficient Evidence for Haploinsufficiency	2012-08-23T19:26:29+00:00
POT1	2	Emerging Evidence for Haploinsufficiency	2025-05-30T17:24:40-04:00
POU3F3	0	No Evidence for Haploinsufficiency	2025-01-14T12:26:24-05:00
POU3F4	3	Sufficient Evidence for Haploinsufficiency	2025-05-28T12:27:06-04:00
POU4F3	3	Sufficient Evidence for Haploinsufficiency	2023-11-29T17:37:53+00:00
PPIB	30	Gene Associated with Autosomal Recessive Phenotype	2016-08-22T17:51:37+00:00
PPIP5K1	30	Gene Associated with Autosomal Recessive Phenotype	2012-08-27T00:33:04+00:00
PPM1D	0	No Evidence for Haploinsufficiency	2023-03-28T16:22:11+00:00
PPP1CB	0	No Evidence for Haploinsufficiency	2025-05-28T12:35:43-04:00
PPP1R9A	0	No Evidence for Haploinsufficiency	2012-04-04T14:29:23+00:00
PPP1R12A	3	Sufficient Evidence for Haploinsufficiency	2026-09-08T12:05:11-04:00
PPP2R1A	0	No Evidence for Haploinsufficiency	2023-12-06T17:52:07+00:00
PPP2R5D	1	Little Evidence for Haploinsufficiency	2021-05-26T16:13:52+00:00
PPT1	30	Gene Associated with Autosomal Recessive Phenotype	2016-08-22T17:51:38+00:00
PQBP1	3	Sufficient Evidence for Haploinsufficiency	2020-04-09T19:32:14+00:00
PRCD	30	Gene Associated with Autosomal Recessive Phenotype	2016-08-22T17:51:39+00:00
PRDM6	0	No Evidence for Haploinsufficiency	2017-12-14T17:45:09+00:00
PREPL	30	Gene Associated with Autosomal Recessive Phenotype	2012-03-21T14:38:43+00:00
PRF1	30	Gene Associated with Autosomal Recessive Phenotype	2025-07-09T12:21:45-04:00
PRG4	30	Gene Associated with Autosomal Recessive Phenotype	2016-08-22T17:51:39+00:00
PRKAG2	0	No Evidence for Haploinsufficiency	2015-11-05T18:57:45-05:00
PRKAR1A	3	Sufficient Evidence for Haploinsufficiency	2024-10-09T12:50:46-04:00
PRKCSH	3	Sufficient Evidence for Haploinsufficiency	2025-07-08T12:46:20-04:00
PRKD1	0	No Evidence for Haploinsufficiency	2025-04-08T12:15:08-04:00
PRKN	30	Gene Associated with Autosomal Recessive Phenotype	2018-05-15T13:43:46+00:00
PRODH	30	Gene Associated with Autosomal Recessive Phenotype	2022-11-08T17:14:17+00:00
PROP1	30	Gene Associated with Autosomal Recessive Phenotype	2016-08-22T17:51:41+00:00
PRPS1	3	Sufficient Evidence for Haploinsufficiency	2012-05-17T19:10:54+00:00
PRR12	3	Sufficient Evidence for Haploinsufficiency	2023-11-29T17:41:51+00:00
PRRT2	3	Sufficient Evidence for Haploinsufficiency	2025-10-28T16:47:06-04:00
PRSS1	0	No Evidence for Haploinsufficiency	2026-05-12T21:13:44-04:00
PSAT1	30	Gene Associated with Autosomal Recessive Phenotype	2016-08-22T17:51:42+00:00
PSD3	0	No Evidence for Haploinsufficiency	2016-12-07T19:50:24+00:00
PSORS1C2	40	Dosage Sensitivity Unlikely for Haploinsufficiency	2021-02-02T20:38:57+00:00
PSPH	30	Gene Associated with Autosomal Recessive Phenotype	2016-08-22T17:51:43+00:00
PTCH1	3	Sufficient Evidence for Haploinsufficiency	2020-07-01T16:12:20+00:00
PTCHD1	3	Sufficient Evidence for Haploinsufficiency	2018-02-28T17:09:01+00:00
PTEN	3	Sufficient Evidence for Haploinsufficiency	2020-06-24T16:14:33+00:00
PTH1R	3	Sufficient Evidence for Haploinsufficiency	2024-06-28T08:22:23-04:00
PTHLH	3	Sufficient Evidence for Haploinsufficiency	2023-01-25T18:07:31+00:00
PTPN11	3	Sufficient Evidence for Haploinsufficiency	2020-09-08T16:21:03+00:00
PTPRQ	30	Gene Associated with Autosomal Recessive Phenotype	2016-08-22T17:51:44+00:00
PTS	30	Gene Associated with Autosomal Recessive Phenotype	2016-08-22T17:51:44+00:00
PUF60	3	Sufficient Evidence for Haploinsufficiency	2024-01-09T12:24:43-05:00
PURA	3	Sufficient Evidence for Haploinsufficiency	2025-03-26T12:52:08-04:00
PXDN	30	Gene Associated with Autosomal Recessive Phenotype	2016-08-22T17:51:45+00:00
PYCR1	30	Gene Associated with Autosomal Recessive Phenotype	2016-08-22T17:51:46+00:00
QDPR	30	Gene Associated with Autosomal Recessive Phenotype	2016-08-22T17:51:46+00:00
QRICH1	3	Sufficient Evidence for Haploinsufficiency	2023-11-15T14:45:30+00:00
RAB3GAP1	30	Gene Associated with Autosomal Recessive Phenotype	2016-08-22T17:51:48+00:00
RAB3GAP2	30	Gene Associated with Autosomal Recessive Phenotype	2016-08-22T17:51:49+00:00
RAB27A	30	Gene Associated with Autosomal Recessive Phenotype	2016-08-22T17:51:47+00:00
RAB28	30	Gene Associated with Autosomal Recessive Phenotype	2016-08-22T17:51:48+00:00
RAB39B	3	Sufficient Evidence for Haploinsufficiency	2020-05-29T05:20:46+00:00
RABL2A	40	Dosage Sensitivity Unlikely for Haploinsufficiency	2021-02-02T20:43:12+00:00
RAD21	3	Sufficient Evidence for Haploinsufficiency	2022-03-08T17:34:37+00:00
RAD50	1	Little Evidence for Haploinsufficiency	2025-03-12T12:43:46-04:00
RAD51B	1	Little Evidence for Haploinsufficiency	2025-06-19T17:07:58-04:00
RAD51C	3	Sufficient Evidence for Haploinsufficiency	2020-07-08T16:34:36+00:00
RAD51D	3	Sufficient Evidence for Haploinsufficiency	2024-01-09T17:38:35+00:00
RAF1	0	No Evidence for Haploinsufficiency	2018-09-13T18:34:18+00:00
RAG1	30	Gene Associated with Autosomal Recessive Phenotype	2016-08-22T17:51:50+00:00
RAG2	30	Gene Associated with Autosomal Recessive Phenotype	2016-08-22T17:51:50+00:00
RAI1	3	Sufficient Evidence for Haploinsufficiency	2020-10-13T16:11:47+00:00
RALGAPB	1	Little Evidence for Haploinsufficiency	2019-02-27T17:45:04+00:00
RARS2	30	Gene Associated with Autosomal Recessive Phenotype	2015-04-09T03:17:36+00:00
RASA1	3	Sufficient Evidence for Haploinsufficiency	2020-04-22T16:05:15+00:00
RAX	30	Gene Associated with Autosomal Recessive Phenotype	2016-08-22T17:51:51+00:00
RB1	3	Sufficient Evidence for Haploinsufficiency	2021-03-09T12:19:02-05:00
RB1CC1	1	Little Evidence for Haploinsufficiency	2018-07-25T18:39:03+00:00
RBBP8	30	Gene Associated with Autosomal Recessive Phenotype	2016-08-22T17:51:52+00:00
RBM20	1	Little Evidence for Haploinsufficiency	2026-03-26T15:55:08-04:00
RBP3	30	Gene Associated with Autosomal Recessive Phenotype	2016-08-22T17:51:52+00:00
RCAN1	0	No Evidence for Haploinsufficiency	2012-04-27T03:38:04+00:00
RDX	30	Gene Associated with Autosomal Recessive Phenotype	2016-08-22T17:51:54+00:00
RECQL	30	Gene Associated with Autosomal Recessive Phenotype	2024-09-11T12:24:46-04:00
REEP6	30	Gene Associated with Autosomal Recessive Phenotype	2025-08-04T16:51:39-04:00
RELN	0	No Evidence for Haploinsufficiency	2023-12-14T22:09:00+00:00
RERE	1	Little Evidence for Haploinsufficiency	2026-04-14T12:47:19-04:00
RET	3	Sufficient Evidence for Haploinsufficiency	2020-08-26T16:40:35+00:00
RETREG1	30	Gene Associated with Autosomal Recessive Phenotype	2016-08-22T17:48:26+00:00
RFX3	3	Sufficient Evidence for Haploinsufficiency	2026-03-25T12:28:11-04:00
RFX6	30	Gene Associated with Autosomal Recessive Phenotype	2015-09-18T19:56:16+00:00
RHBDF2	0	No Evidence for Haploinsufficiency	2025-09-10T09:23:45-04:00
RIMS1	1	Little Evidence for Haploinsufficiency	2018-01-24T17:22:13+00:00
RIN2	30	Gene Associated with Autosomal Recessive Phenotype	2016-08-22T17:51:55+00:00
RINT1	0	No Evidence for Haploinsufficiency	2024-07-10T10:06:47-04:00
RIPK4	30	Gene Associated with Autosomal Recessive Phenotype	2016-08-22T17:51:56+00:00
RIT1	0	No Evidence for Haploinsufficiency	2025-09-24T12:44:31-04:00
RMND1	30	Gene Associated with Autosomal Recessive Phenotype	2016-08-22T17:51:57+00:00
RMRP	30	Gene Associated with Autosomal Recessive Phenotype	2016-08-22T17:51:58+00:00
RNASEH2A	30	Gene Associated with Autosomal Recessive Phenotype	2016-08-22T17:51:58+00:00
RNF32	40	Dosage Sensitivity Unlikely for Haploinsufficiency	2021-02-02T20:46:43+00:00
RNF43	2	Emerging Evidence for Haploinsufficiency	2026-01-14T12:30:25-05:00
RNF135	0	No Evidence for Haploinsufficiency	2021-09-22T16:14:37+00:00
RNF168	30	Gene Associated with Autosomal Recessive Phenotype	2016-08-22T17:51:59+00:00
ROBO1	0	No Evidence for Haploinsufficiency	2018-09-25T18:13:34+00:00
ROBO3	30	Gene Associated with Autosomal Recessive Phenotype	2016-08-22T17:52:00+00:00
ROGDI	30	Gene Associated with Autosomal Recessive Phenotype	2015-02-12T19:55:30+00:00
ROR2	0	No Evidence for Haploinsufficiency	2013-03-27T18:19:01+00:00
RORB	3	Sufficient Evidence for Haploinsufficiency	2025-01-14T12:57:00-05:00
RP2	3	Sufficient Evidence for Haploinsufficiency	2012-10-04T19:17:34+00:00
RPE65	30	Gene Associated with Autosomal Recessive Phenotype	2025-02-27T15:50:52-05:00
RPGRIP1	30	Gene Associated with Autosomal Recessive Phenotype	2016-08-22T17:52:01+00:00
RPH3A	1	Little Evidence for Haploinsufficiency	2018-07-25T16:33:18+00:00
RPL5	3	Sufficient Evidence for Haploinsufficiency	2026-06-30T22:36:06-04:00
RPL10	0	No Evidence for Haploinsufficiency	2018-10-24T16:04:51+00:00
RPL15	1	Little Evidence for Haploinsufficiency	2014-07-16T14:39:28+00:00
RPS6KA3	3	Sufficient Evidence for Haploinsufficiency	2022-06-14T16:10:45+00:00
RPS7	2	Emerging Evidence for Haploinsufficiency	2025-10-16T15:45:17-04:00
RPS10	2	Emerging Evidence for Haploinsufficiency	2025-12-11T10:20:36-05:00
RPS17	3	Sufficient Evidence for Haploinsufficiency	2015-12-10T21:48:07+00:00
RPS19	3	Sufficient Evidence for Haploinsufficiency	2021-03-24T19:03:22+00:00
RPS20	0	No Evidence for Haploinsufficiency	2024-12-12T09:16:46-05:00
RPS24	3	Sufficient Evidence for Haploinsufficiency	2025-04-09T17:26:34-04:00
RPS26	3	Sufficient Evidence for Haploinsufficiency	2019-10-23T16:46:13+00:00
RS1	3	Sufficient Evidence for Haploinsufficiency	2021-08-02T16:04:12+00:00
RSPH1	30	Gene Associated with Autosomal Recessive Phenotype	2016-08-22T17:52:02+00:00
RSPH4A	30	Gene Associated with Autosomal Recessive Phenotype	2016-08-22T17:52:02+00:00
RSPO4	30	Gene Associated with Autosomal Recessive Phenotype	2016-08-22T17:52:03+00:00
RTTN	30	Gene Associated with Autosomal Recessive Phenotype	2016-08-22T17:52:05+00:00
RUNX1	3	Sufficient Evidence for Haploinsufficiency	2023-06-14T16:45:14+00:00
RXFP2	0	No Evidence for Haploinsufficiency	2012-07-06T19:40:52+00:00
RYR1	30	Gene Associated with Autosomal Recessive Phenotype	2026-05-28T20:21:41-04:00
RYR2	0	No Evidence for Haploinsufficiency	2015-11-05T22:54:07-05:00
SACS	30	Gene Associated with Autosomal Recessive Phenotype	2016-08-22T17:52:06+00:00
SALL1	1	Little Evidence for Haploinsufficiency	2021-01-27T21:30:45+00:00
SALL4	3	Sufficient Evidence for Haploinsufficiency	2021-01-11T21:08:18+00:00
SAMD9	0	No Evidence for Haploinsufficiency	2024-05-14T12:34:10-04:00
SAMHD1	30	Gene Associated with Autosomal Recessive Phenotype	2025-03-28T11:48:19-04:00
SATB2	3	Sufficient Evidence for Haploinsufficiency	2020-07-15T19:50:43+00:00
SBDS	30	Gene Associated with Autosomal Recessive Phenotype	2024-05-08T12:32:55-04:00
SBF2	30	Gene Associated with Autosomal Recessive Phenotype	2016-08-22T17:52:07+00:00
SCARB2	0	No Evidence for Haploinsufficiency	2012-07-06T19:41:56+00:00
SCARF2	30	Gene Associated with Autosomal Recessive Phenotype	2016-08-22T17:52:08+00:00
SCN1A	3	Sufficient Evidence for Haploinsufficiency	2012-07-06T20:26:07+00:00
SCN1B	0	No Evidence for Haploinsufficiency	2019-09-04T15:12:47+00:00
SCN2A	3	Sufficient Evidence for Haploinsufficiency	2020-04-22T16:09:34+00:00
SCN5A	3	Sufficient Evidence for Haploinsufficiency	2021-06-08T12:18:34-04:00
SCN8A	1	Little Evidence for Haploinsufficiency	2023-02-14T19:00:34+00:00
SDCCAG8	30	Gene Associated with Autosomal Recessive Phenotype	2016-08-22T17:52:08+00:00
SDHAF1	30	Gene Associated with Autosomal Recessive Phenotype	2016-08-22T17:52:09+00:00
SDHAF2	3	Sufficient Evidence for Haploinsufficiency	2022-05-11T12:22:43-04:00
SDHB	3	Sufficient Evidence for Haploinsufficiency	2020-07-22T17:40:14+00:00
SDHC	3	Sufficient Evidence for Haploinsufficiency	2021-10-13T12:46:56-04:00
SDHD	3	Sufficient Evidence for Haploinsufficiency	2021-08-11T12:24:55-04:00
SDR42E1	40	Dosage Sensitivity Unlikely for Haploinsufficiency	2021-02-02T20:49:58+00:00
SEC14L4	40	Dosage Sensitivity Unlikely for Haploinsufficiency	2021-02-02T20:54:40+00:00
SEC23B	30	Gene Associated with Autosomal Recessive Phenotype	2016-08-22T17:52:10+00:00
SEC63	3	Sufficient Evidence for Haploinsufficiency	2026-06-30T22:03:03-04:00
SEM1	0	No Evidence for Haploinsufficiency	2012-05-14T21:36:19+00:00
SEMA3A	1	Little Evidence for Haploinsufficiency	2017-08-07T19:49:47+00:00
SEPSECS	30	Gene Associated with Autosomal Recessive Phenotype	2016-08-22T17:52:10+00:00
SERAC1	30	Gene Associated with Autosomal Recessive Phenotype	2016-08-22T17:52:11+00:00
SERPINA1	30	Gene Associated with Autosomal Recessive Phenotype	2017-05-09T04:29:55+00:00
SERPINB6	30	Gene Associated with Autosomal Recessive Phenotype	2016-08-22T17:52:11+00:00
SERPINB7	30	Gene Associated with Autosomal Recessive Phenotype	2014-11-13T15:02:37+00:00
SERPIND1	0	No Evidence for Haploinsufficiency	2025-11-18T12:32:12-05:00
SERPINE1	30	Gene Associated with Autosomal Recessive Phenotype	2016-08-22T17:52:12+00:00
SERPINF1	30	Gene Associated with Autosomal Recessive Phenotype	2016-08-22T17:52:13+00:00
SET	3	Sufficient Evidence for Haploinsufficiency	2025-01-22T12:10:26-05:00
SETBP1	3	Sufficient Evidence for Haploinsufficiency	2018-05-23T16:20:58+00:00
SETD1A	3	Sufficient Evidence for Haploinsufficiency	2018-02-28T17:21:56+00:00
SETD1B	3	Sufficient Evidence for Haploinsufficiency	2024-08-28T12:10:37-04:00
SETD2	3	Sufficient Evidence for Haploinsufficiency	2022-03-08T17:28:07+00:00
SETD5	3	Sufficient Evidence for Haploinsufficiency	2014-11-06T20:08:57+00:00
SF3B4	3	Sufficient Evidence for Haploinsufficiency	2014-07-17T19:43:19+00:00
SGCE	3	Sufficient Evidence for Haploinsufficiency	2021-11-11T19:55:03+00:00
SGCG	30	Gene Associated with Autosomal Recessive Phenotype	2016-08-22T17:52:13+00:00
SGSH	30	Gene Associated with Autosomal Recessive Phenotype	2015-02-12T21:09:07+00:00
SH2B1	1	Little Evidence for Haploinsufficiency	2021-07-13T16:24:29+00:00
SH2D1A	3	Sufficient Evidence for Haploinsufficiency	2021-01-27T17:14:38+00:00
SH3TC2	30	Gene Associated with Autosomal Recessive Phenotype	2016-08-22T17:52:14+00:00
SHANK1	1	Little Evidence for Haploinsufficiency	2025-03-11T12:14:49-04:00
SHANK2	3	Sufficient Evidence for Haploinsufficiency	2023-10-26T19:19:22+00:00
SHANK3	3	Sufficient Evidence for Haploinsufficiency	2018-08-14T13:32:59+00:00
SHH	3	Sufficient Evidence for Haploinsufficiency	2020-06-24T16:42:59+00:00
SHOC2	0	No Evidence for Haploinsufficiency	2018-09-25T16:27:29+00:00
SHOX	3	Sufficient Evidence for Haploinsufficiency	2015-10-15T18:27:04+00:00
SHROOM4	0	No Evidence for Haploinsufficiency	2012-10-10T14:32:39+00:00
SI	30	Gene Associated with Autosomal Recessive Phenotype	2016-08-22T17:52:15+00:00
SIGLEC5	40	Dosage Sensitivity Unlikely for Haploinsufficiency	2021-02-02T21:01:15+00:00
SIL1	30	Gene Associated with Autosomal Recessive Phenotype	2021-08-23T15:59:07+00:00
SIM1	0	No Evidence for Haploinsufficiency	2012-04-25T19:35:18+00:00
SIN3A	3	Sufficient Evidence for Haploinsufficiency	2020-01-13T19:23:33+00:00
SIX1	0	No Evidence for Haploinsufficiency	2012-03-22T19:03:11+00:00
SIX3	3	Sufficient Evidence for Haploinsufficiency	2020-09-23T16:22:47+00:00
SIX4	0	No Evidence for Haploinsufficiency	2012-05-08T06:40:32+00:00
SIX6	0	No Evidence for Haploinsufficiency	2012-03-22T18:43:49+00:00
SKI	0	No Evidence for Haploinsufficiency	2012-01-06T16:02:17+00:00
SLC1A2	1	Little Evidence for Haploinsufficiency	2025-09-11T15:29:38-04:00
SLC2A1	3	Sufficient Evidence for Haploinsufficiency	2016-03-24T19:16:38+00:00
SLC2A10	30	Gene Associated with Autosomal Recessive Phenotype	2018-02-01T15:20:25+00:00
SLC3A1	30	Gene Associated with Autosomal Recessive Phenotype	2012-03-21T14:36:58+00:00
SLC4A3	0	No Evidence for Haploinsufficiency	2026-03-25T12:33:16-04:00
SLC4A10	1	Little Evidence for Haploinsufficiency	2012-04-11T14:15:38-04:00
SLC5A1	30	Gene Associated with Autosomal Recessive Phenotype	2016-08-22T17:52:24+00:00
SLC6A1	3	Sufficient Evidence for Haploinsufficiency	2019-09-25T16:33:14+00:00
SLC6A3	30	Gene Associated with Autosomal Recessive Phenotype	2016-08-22T17:52:25+00:00
SLC6A4	0	No Evidence for Haploinsufficiency	2012-05-11T02:51:51+00:00
SLC6A8	3	Sufficient Evidence for Haploinsufficiency	2020-11-10T17:23:40+00:00
SLC6A18	40	Dosage Sensitivity Unlikely for Haploinsufficiency	2021-02-02T21:28:14+00:00
SLC7A7	30	Gene Associated with Autosomal Recessive Phenotype	2016-08-22T17:52:26+00:00
SLC7A9	30	Gene Associated with Autosomal Recessive Phenotype	2021-08-23T15:56:56+00:00
SLC9A6	3	Sufficient Evidence for Haploinsufficiency	2020-12-08T17:20:37+00:00
SLC12A1	30	Gene Associated with Autosomal Recessive Phenotype	2012-04-28T11:07:29+00:00
SLC12A3	30	Gene Associated with Autosomal Recessive Phenotype	2012-02-23T17:31:50+00:00
SLC13A5	30	Gene Associated with Autosomal Recessive Phenotype	2016-08-22T17:52:15+00:00
SLC16A2	3	Sufficient Evidence for Haploinsufficiency	2012-06-28T19:07:17+00:00
SLC16A12	1	Little Evidence for Haploinsufficiency	2011-12-21T15:36:12+00:00
SLC17A5	30	Gene Associated with Autosomal Recessive Phenotype	2016-08-22T17:52:16+00:00
SLC17A8	1	Little Evidence for Haploinsufficiency	2022-02-08T17:27:15+00:00
SLC22A14	40	Dosage Sensitivity Unlikely for Haploinsufficiency	2021-02-02T21:20:31+00:00
SLC67A1	0	No Evidence for Haploinsufficiency	2012-03-22T18:27:34+00:00
SLC24A1	30	Gene Associated with Autosomal Recessive Phenotype	2016-08-22T17:52:17+00:00
SLC25A1	30	Gene Associated with Autosomal Recessive Phenotype	2016-08-22T17:52:18+00:00
SLC25A12	0	No Evidence for Haploinsufficiency	2012-01-19T20:48:47+00:00
SLC25A13	30	Gene Associated with Autosomal Recessive Phenotype	2016-08-22T17:52:19+00:00
SLC25A19	30	Gene Associated with Autosomal Recessive Phenotype	2016-08-22T17:52:19+00:00
SLC30A10	30	Gene Associated with Autosomal Recessive Phenotype	2016-08-22T17:52:20+00:00
SLC34A1	30	Gene Associated with Autosomal Recessive Phenotype	2016-08-22T17:52:20+00:00
SLC34A2	30	Gene Associated with Autosomal Recessive Phenotype	2016-08-22T17:52:21+00:00
SLC35A2	3	Sufficient Evidence for Haploinsufficiency	2018-01-24T17:08:04+00:00
SLC35C1	30	Gene Associated with Autosomal Recessive Phenotype	2016-08-22T17:52:22+00:00
SLC35D1	30	Gene Associated with Autosomal Recessive Phenotype	2016-04-11T21:02:01+00:00
SLC37A4	30	Gene Associated with Autosomal Recessive Phenotype	2016-08-22T17:52:22+00:00
SLC38A5	0	No Evidence for Haploinsufficiency	2012-09-26T19:19:38+00:00
SLC38A8	30	Gene Associated with Autosomal Recessive Phenotype	2016-08-22T17:52:23+00:00
SLC52A3	30	Gene Associated with Autosomal Recessive Phenotype	2016-08-22T17:52:23+00:00
SLURP1	30	Gene Associated with Autosomal Recessive Phenotype	2017-06-08T19:44:46+00:00
SMAD2	0	No Evidence for Haploinsufficiency	2018-06-29T00:21:15+00:00
SMAD3	3	Sufficient Evidence for Haploinsufficiency	2020-04-22T16:39:45+00:00
SMAD4	3	Sufficient Evidence for Haploinsufficiency	2020-12-16T17:36:40+00:00
SMARCA2	0	No Evidence for Haploinsufficiency	2013-03-27T18:37:39+00:00
SMARCA4	3	Sufficient Evidence for Haploinsufficiency	2024-07-24T12:09:33-04:00
SMARCB1	3	Sufficient Evidence for Haploinsufficiency	2020-04-22T17:55:28+00:00
SMARCE1	3	Sufficient Evidence for Haploinsufficiency	2024-12-11T17:55:27-05:00
SMC1A	3	Sufficient Evidence for Haploinsufficiency	2018-07-23T21:11:32+00:00
SMC3	1	Little Evidence for Haploinsufficiency	2025-04-08T12:23:24-04:00
SMOC1	30	Gene Associated with Autosomal Recessive Phenotype	2016-08-22T17:52:27+00:00
SMOC2	30	Gene Associated with Autosomal Recessive Phenotype	2016-08-22T17:52:28+00:00
SMS	3	Sufficient Evidence for Haploinsufficiency	2012-08-23T19:06:01+00:00
SNAP29	30	Gene Associated with Autosomal Recessive Phenotype	2016-08-22T17:52:29+00:00
SNORD8	0	No Evidence for Haploinsufficiency	2015-03-11T15:05:38+00:00
SNORD9	0	No Evidence for Haploinsufficiency	2015-03-11T15:05:20+00:00
SNORD64	0	No Evidence for Haploinsufficiency	2012-07-06T20:45:40+00:00
SNORD107	0	No Evidence for Haploinsufficiency	2012-04-25T01:58:54+00:00
SNORD108	0	No Evidence for Haploinsufficiency	2012-07-06T20:46:27+00:00
SNORD109B	0	No Evidence for Haploinsufficiency	2012-04-28T10:58:50+00:00
SNRPN	0	No Evidence for Haploinsufficiency	2012-10-26T12:39:26-04:00
SNURF	1	Little Evidence for Haploinsufficiency	2023-03-28T16:47:28+00:00
SNX10	30	Gene Associated with Autosomal Recessive Phenotype	2025-05-15T15:37:10-04:00
SOBP	30	Gene Associated with Autosomal Recessive Phenotype	2016-08-22T17:52:30+00:00
SOD1	0	No Evidence for Haploinsufficiency	2026-08-11T12:15:51-04:00
SON	3	Sufficient Evidence for Haploinsufficiency	2019-04-24T16:44:12+00:00
SOS1	0	No Evidence for Haploinsufficiency	2026-02-11T12:07:10-05:00
SOS2	0	No Evidence for Haploinsufficiency	2026-06-09T12:17:27-04:00
SOST	30	Gene Associated with Autosomal Recessive Phenotype	2012-08-22T14:32:21+00:00
SOX2	3	Sufficient Evidence for Haploinsufficiency	2012-07-06T19:38:14+00:00
SOX3	0	No Evidence for Haploinsufficiency	2023-01-10T18:01:22+00:00
SOX5	3	Sufficient Evidence for Haploinsufficiency	2016-08-19T22:23:43+00:00
SOX6	0	No Evidence for Haploinsufficiency	2012-03-22T18:31:22+00:00
SOX8	0	No Evidence for Haploinsufficiency	2012-02-22T15:26:03+00:00
SOX9	3	Sufficient Evidence for Haploinsufficiency	2023-05-10T16:57:49+00:00
SOX10	3	Sufficient Evidence for Haploinsufficiency	2013-07-18T19:10:33+00:00
SOX11	3	Sufficient Evidence for Haploinsufficiency	2024-11-21T15:42:59-05:00
SPAST	3	Sufficient Evidence for Haploinsufficiency	2019-09-25T16:44:11+00:00
SPATA7	30	Gene Associated with Autosomal Recessive Phenotype	2016-08-22T17:52:30+00:00
SPEG	30	Gene Associated with Autosomal Recessive Phenotype	2016-08-22T17:52:31+00:00
SPEN	3	Sufficient Evidence for Haploinsufficiency	2026-01-13T12:29:03-05:00
SPG7	30	Gene Associated with Autosomal Recessive Phenotype	2016-08-22T17:52:32+00:00
SPG21	30	Gene Associated with Autosomal Recessive Phenotype	2016-08-22T17:52:32+00:00
SPINK1	3	Sufficient Evidence for Haploinsufficiency	2021-10-25T15:58:48+00:00
SPINK5	30	Gene Associated with Autosomal Recessive Phenotype	2016-08-22T17:52:33+00:00
SPP2	0	No Evidence for Haploinsufficiency	2019-02-27T17:56:35+00:00
SPRED1	3	Sufficient Evidence for Haploinsufficiency	2013-03-14T19:14:48+00:00
SPTAN1	3	Sufficient Evidence for Haploinsufficiency	2025-09-24T12:30:07-04:00
SRCAP	3	Sufficient Evidence for Haploinsufficiency	2025-11-26T12:43:50-05:00
SRD5A2	30	Gene Associated with Autosomal Recessive Phenotype	2012-08-22T14:36:04+00:00
SRPX2	0	No Evidence for Haploinsufficiency	2012-07-25T14:26:57+00:00
SRRM2	3	Sufficient Evidence for Haploinsufficiency	2024-02-13T17:58:33+00:00
SRSF1	3	Sufficient Evidence for Haploinsufficiency	2025-06-19T16:27:47-04:00
SRSF11	1	Little Evidence for Haploinsufficiency	2025-04-08T12:17:14-04:00
SRY	3	Sufficient Evidence for Haploinsufficiency	2020-12-22T23:30:06+00:00
ST3GAL5	30	Gene Associated with Autosomal Recessive Phenotype	2014-09-25T19:11:11+00:00
ST14	30	Gene Associated with Autosomal Recessive Phenotype	2016-08-22T17:52:33+00:00
STAG1	3	Sufficient Evidence for Haploinsufficiency	2025-01-22T12:25:48-05:00
STAG2	3	Sufficient Evidence for Haploinsufficiency	2023-01-25T05:54:27+00:00
STARD9	0	No Evidence for Haploinsufficiency	2023-10-10T13:02:11-04:00
STAT1	0	No Evidence for Haploinsufficiency	2013-09-18T14:48:40+00:00
STIL	30	Gene Associated with Autosomal Recessive Phenotype	2016-08-22T17:52:34+00:00
STK11	3	Sufficient Evidence for Haploinsufficiency	2021-11-10T18:01:07+00:00
STRC	30	Gene Associated with Autosomal Recessive Phenotype	2016-08-22T17:52:35+00:00
STS	3	Sufficient Evidence for Haploinsufficiency	2018-09-14T02:15:52+00:00
STT3A	30	Gene Associated with Autosomal Recessive Phenotype	2014-08-29T21:14:00+00:00
STUB1	30	Gene Associated with Autosomal Recessive Phenotype	2016-08-22T17:52:35+00:00
STX11	30	Gene Associated with Autosomal Recessive Phenotype	2016-08-22T17:52:36+00:00
STXBP1	3	Sufficient Evidence for Haploinsufficiency	2013-06-20T19:24:29+00:00
STXBP2	30	Gene Associated with Autosomal Recessive Phenotype	2025-07-09T12:41:46-04:00
SUCLG1	30	Gene Associated with Autosomal Recessive Phenotype	2016-08-22T17:52:38+00:00
SUFU	3	Sufficient Evidence for Haploinsufficiency	2026-01-14T12:30:17-05:00
SUMF1	30	Gene Associated with Autosomal Recessive Phenotype	2016-08-22T17:52:39+00:00
SUPT16H	0	No Evidence for Haploinsufficiency	2012-05-09T14:12:56+00:00
SURF1	30	Gene Associated with Autosomal Recessive Phenotype	2016-08-22T17:52:40+00:00
SUZ12	0	No Evidence for Haploinsufficiency	2012-07-06T20:01:36+00:00
SYN1	3	Sufficient Evidence for Haploinsufficiency	2022-07-12T16:44:48+00:00
SYNCRIP	3	Sufficient Evidence for Haploinsufficiency	2024-04-15T10:46:18-04:00
SYNE4	30	Gene Associated with Autosomal Recessive Phenotype	2016-08-22T17:52:41+00:00
SYNGAP1	3	Sufficient Evidence for Haploinsufficiency	2021-11-09T17:59:44+00:00
SYP	1	Little Evidence for Haploinsufficiency	2018-09-26T16:54:15+00:00
SYT1	1	Little Evidence for Haploinsufficiency	2026-05-27T12:38:55-04:00
SYT14	30	Gene Associated with Autosomal Recessive Phenotype	2016-08-22T17:52:41+00:00
TAB2	1	Little Evidence for Haploinsufficiency	2020-05-27T16:46:58+00:00
TACSTD2	30	Gene Associated with Autosomal Recessive Phenotype	2016-08-22T17:52:42+00:00
TAF2	30	Gene Associated with Autosomal Recessive Phenotype	2016-08-22T17:52:43+00:00
TAF13	1	Little Evidence for Haploinsufficiency	2019-05-22T16:31:42+00:00
TAOK1	3	Sufficient Evidence for Haploinsufficiency	2023-06-28T16:19:01+00:00
TARDBP	0	No Evidence for Haploinsufficiency	2018-09-25T18:53:42+00:00
TBC1D5	0	No Evidence for Haploinsufficiency	2015-10-30T23:12:56+00:00
TBC1D20	30	Gene Associated with Autosomal Recessive Phenotype	2016-08-22T17:52:43+00:00
TBCE	30	Gene Associated with Autosomal Recessive Phenotype	2012-05-17T20:10:28+00:00
TBL1XR1	3	Sufficient Evidence for Haploinsufficiency	2019-03-27T17:20:30+00:00
TBR1	3	Sufficient Evidence for Haploinsufficiency	2018-01-24T17:57:42+00:00
TBX1	1	Little Evidence for Haploinsufficiency	2024-06-11T13:54:34-04:00
TBX2	1	Little Evidence for Haploinsufficiency	2018-08-08T16:13:42+00:00
TBX3	3	Sufficient Evidence for Haploinsufficiency	2020-09-23T16:10:34+00:00
TBX4	3	Sufficient Evidence for Haploinsufficiency	2019-12-11T16:56:33+00:00
TBX5	3	Sufficient Evidence for Haploinsufficiency	2020-07-29T19:19:03+00:00
TBX20	2	Emerging Evidence for Haploinsufficiency	2023-05-10T11:19:22+00:00
TBX22	3	Sufficient Evidence for Haploinsufficiency	2023-03-28T16:09:37+00:00
TCF4	3	Sufficient Evidence for Haploinsufficiency	2020-07-08T19:01:39+00:00
TCF7L2	1	Little Evidence for Haploinsufficiency	2019-03-27T16:55:26+00:00
TCF12	3	Sufficient Evidence for Haploinsufficiency	2023-08-16T16:39:32+00:00
TCF20	3	Sufficient Evidence for Haploinsufficiency	2019-06-26T16:45:36+00:00
TCIRG1	30	Gene Associated with Autosomal Recessive Phenotype	2016-08-22T17:52:44+00:00
TCN2	30	Gene Associated with Autosomal Recessive Phenotype	2016-08-22T17:52:44+00:00
TCOF1	3	Sufficient Evidence for Haploinsufficiency	2021-04-28T16:08:37+00:00
TCTN1	30	Gene Associated with Autosomal Recessive Phenotype	2015-03-23T20:48:22+00:00
TCTN2	30	Gene Associated with Autosomal Recessive Phenotype	2016-08-22T17:52:45+00:00
CRIPTO	1	Little Evidence for Haploinsufficiency	2011-12-27T19:23:05+00:00
TDP1	30	Gene Associated with Autosomal Recessive Phenotype	2016-08-22T17:52:46+00:00
TECPR2	30	Gene Associated with Autosomal Recessive Phenotype	2016-08-22T17:52:46+00:00
TECTA	30	Gene Associated with Autosomal Recessive Phenotype	2018-02-07T15:32:48+00:00
TERC	3	Sufficient Evidence for Haploinsufficiency	2026-01-21T11:43:47-05:00
TERT	1	Little Evidence for Haploinsufficiency	2025-06-24T17:28:02-04:00
TEX26	40	Dosage Sensitivity Unlikely for Haploinsufficiency	2021-02-03T13:35:58+00:00
TFAP2B	3	Sufficient Evidence for Haploinsufficiency	2023-04-11T16:16:21+00:00
TFR2	30	Gene Associated with Autosomal Recessive Phenotype	2016-08-22T17:52:47+00:00
TGFBR1	3	Sufficient Evidence for Haploinsufficiency	2024-02-13T17:22:04+00:00
TGFBR2	0	No Evidence for Haploinsufficiency	2024-06-26T12:29:36-04:00
TGIF1	3	Sufficient Evidence for Haploinsufficiency	2012-05-10T19:33:22+00:00
TGM1	30	Gene Associated with Autosomal Recessive Phenotype	2016-08-22T17:52:48+00:00
TGM5	30	Gene Associated with Autosomal Recessive Phenotype	2016-08-22T17:52:49+00:00
THRA	0	No Evidence for Haploinsufficiency	2013-08-22T19:38:27+00:00
TIGD6	40	Dosage Sensitivity Unlikely for Haploinsufficiency	2021-02-03T13:58:53+00:00
TIMM8A	3	Sufficient Evidence for Haploinsufficiency	2021-03-24T16:11:53+00:00
TIMP3	0	No Evidence for Haploinsufficiency	2026-08-11T12:07:53-04:00
TJP2	30	Gene Associated with Autosomal Recessive Phenotype	2016-08-22T17:52:50+00:00
TLX3	0	No Evidence for Haploinsufficiency	2018-09-25T17:54:15+00:00
TMC6	30	Gene Associated with Autosomal Recessive Phenotype	2016-08-22T17:52:50+00:00
TMC8	30	Gene Associated with Autosomal Recessive Phenotype	2016-08-22T17:52:51+00:00
TMCO1	30	Gene Associated with Autosomal Recessive Phenotype	2016-08-22T17:52:52+00:00
TMEM43	0	No Evidence for Haploinsufficiency	2015-11-08T13:35:47-05:00
TMEM67	30	Gene Associated with Autosomal Recessive Phenotype	2016-08-22T17:52:53+00:00
TMEM94	30	Gene Associated with Autosomal Recessive Phenotype	2025-03-31T21:09:32-04:00
TMEM127	3	Sufficient Evidence for Haploinsufficiency	2021-07-13T16:18:04+00:00
TMEM135	0	No Evidence for Haploinsufficiency	2015-11-02T20:40:26+00:00
TMEM178A	0	No Evidence for Haploinsufficiency	2024-10-23T12:10:47-04:00
TMEM216	30	Gene Associated with Autosomal Recessive Phenotype	2025-06-30T17:07:31-04:00
TMEM231	30	Gene Associated with Autosomal Recessive Phenotype	2016-08-22T17:52:53+00:00
TMEM237	30	Gene Associated with Autosomal Recessive Phenotype	2015-04-09T03:18:15+00:00
TMLHE	1	Little Evidence for Haploinsufficiency	2013-08-01T15:54:22-04:00
TMPRSS3	30	Gene Associated with Autosomal Recessive Phenotype	2016-08-22T17:52:54+00:00
TMPRSS6	30	Gene Associated with Autosomal Recessive Phenotype	2016-08-22T17:52:55+00:00
TNFRSF11B	30	Gene Associated with Autosomal Recessive Phenotype	2016-08-22T17:52:56+00:00
TNNC1	0	No Evidence for Haploinsufficiency	2025-10-10T15:17:41-04:00
TNNI3	1	Little Evidence for Haploinsufficiency	2023-05-25T09:36:35-04:00
TNNT1	30	Gene Associated with Autosomal Recessive Phenotype	2016-08-22T17:52:56+00:00
TNNT2	0	No Evidence for Haploinsufficiency	2015-11-16T01:19:20+00:00
TNPO3	0	No Evidence for Haploinsufficiency	2025-06-30T16:59:09-04:00
TNRC6B	3	Sufficient Evidence for Haploinsufficiency	2019-06-26T16:12:44+00:00
TOP3B	0	No Evidence for Haploinsufficiency	2022-07-13T16:15:36+00:00
TP53	3	Sufficient Evidence for Haploinsufficiency	2021-11-10T17:19:02+00:00
TP63	1	Little Evidence for Haploinsufficiency	2023-05-10T16:29:17+00:00
TP73	0	No Evidence for Haploinsufficiency	2012-07-06T20:45:02+00:00
TPK1	30	Gene Associated with Autosomal Recessive Phenotype	2016-08-22T17:52:57+00:00
TPM1	0	No Evidence for Haploinsufficiency	2015-11-09T15:55:57+00:00
TPM2	1	Little Evidence for Haploinsufficiency	2025-11-18T12:47:09-05:00
TPO	30	Gene Associated with Autosomal Recessive Phenotype	2016-08-22T17:52:57+00:00
TPRN	30	Gene Associated with Autosomal Recessive Phenotype	2016-08-22T17:52:58+00:00
TPSAB1	0	No Evidence for Haploinsufficiency	2025-08-07T17:15:35-04:00
TPSD1	40	Dosage Sensitivity Unlikely for Haploinsufficiency	2021-02-03T14:04:47+00:00
TRAF7	0	No Evidence for Haploinsufficiency	2025-10-10T13:07:46-04:00
TRAPPC2	3	Sufficient Evidence for Haploinsufficiency	2014-01-16T20:19:54+00:00
TRAPPC9	30	Gene Associated with Autosomal Recessive Phenotype	2015-08-06T14:31:26+00:00
TRAPPC10	0	No Evidence for Haploinsufficiency	2012-09-06T18:52:18+00:00
TRDN	30	Gene Associated with Autosomal Recessive Phenotype	2016-08-22T13:52:59-04:00
TRHR	30	Gene Associated with Autosomal Recessive Phenotype	2016-08-22T17:53:00+00:00
TRIM2	30	Gene Associated with Autosomal Recessive Phenotype	2016-08-22T17:53:01+00:00
TRIM8	0	No Evidence for Haploinsufficiency	2026-08-13T15:10:26-04:00
TRIM32	30	Gene Associated with Autosomal Recessive Phenotype	2016-08-22T17:53:02+00:00
TRIM37	30	Gene Associated with Autosomal Recessive Phenotype	2016-08-22T17:53:02+00:00
TRIO	3	Sufficient Evidence for Haploinsufficiency	2018-01-24T12:44:01-05:00
TRIOBP	30	Gene Associated with Autosomal Recessive Phenotype	2016-08-22T17:53:03+00:00
TRIP4	30	Gene Associated with Autosomal Recessive Phenotype	2018-08-17T00:03:40+00:00
TRIP12	3	Sufficient Evidence for Haploinsufficiency	2018-04-02T14:56:24+00:00
TRMT10A	30	Gene Associated with Autosomal Recessive Phenotype	2016-08-22T17:53:04+00:00
TRMU	30	Gene Associated with Autosomal Recessive Phenotype	2016-08-22T17:53:05+00:00
TRPM1	30	Gene Associated with Autosomal Recessive Phenotype	2016-08-22T17:53:05+00:00
TRPS1	3	Sufficient Evidence for Haploinsufficiency	2020-07-08T18:31:04+00:00
TRRAP	1	Little Evidence for Haploinsufficiency	2019-04-24T16:18:41+00:00
TSC1	3	Sufficient Evidence for Haploinsufficiency	2020-10-13T12:27:13-04:00
TSC2	3	Sufficient Evidence for Haploinsufficiency	2020-06-10T15:31:31-04:00
TSEN2	30	Gene Associated with Autosomal Recessive Phenotype	2016-08-22T17:53:06+00:00
TSEN54	30	Gene Associated with Autosomal Recessive Phenotype	2016-08-22T17:53:07+00:00
TSPAN7	1	Little Evidence for Haploinsufficiency	2022-06-22T16:45:35+00:00
TSPEAR	30	Gene Associated with Autosomal Recessive Phenotype	2016-08-22T17:53:08+00:00
TTC7A	30	Gene Associated with Autosomal Recessive Phenotype	2016-08-22T17:53:11+00:00
TTC8	30	Gene Associated with Autosomal Recessive Phenotype	2016-08-22T17:53:11+00:00
TTC19	30	Gene Associated with Autosomal Recessive Phenotype	2016-08-22T17:53:08+00:00
TTC21B	30	Gene Associated with Autosomal Recessive Phenotype	2016-08-22T17:53:09+00:00
SKIC3	30	Gene Associated with Autosomal Recessive Phenotype	2016-08-22T17:53:10+00:00
TTLL5	30	Gene Associated with Autosomal Recessive Phenotype	2016-08-22T17:53:12+00:00
TTN	2	Emerging Evidence for Haploinsufficiency	2026-01-05T10:44:47-05:00
TTR	0	No Evidence for Haploinsufficiency	2025-07-23T12:28:53-04:00
TUBA1A	0	No Evidence for Haploinsufficiency	2016-04-14T18:30:54+00:00
TUBB1	1	Little Evidence for Haploinsufficiency	2025-09-24T13:34:21-04:00
TUBB2B	0	No Evidence for Haploinsufficiency	2025-09-09T12:24:12-04:00
TUBB3	0	No Evidence for Haploinsufficiency	2017-08-30T20:40:53+00:00
TUBB4A	0	No Evidence for Haploinsufficiency	2014-11-19T15:34:12+00:00
TUBGCP6	30	Gene Associated with Autosomal Recessive Phenotype	2016-08-22T17:53:13+00:00
TUFM	30	Gene Associated with Autosomal Recessive Phenotype	2016-08-22T17:53:14+00:00
TUSC3	30	Gene Associated with Autosomal Recessive Phenotype	2021-12-01T17:07:38+00:00
TWIST1	3	Sufficient Evidence for Haploinsufficiency	2020-12-16T17:30:30+00:00
TWIST2	30	Gene Associated with Autosomal Recessive Phenotype	2016-08-22T17:53:14+00:00
TYMP	30	Gene Associated with Autosomal Recessive Phenotype	2016-08-22T17:53:15+00:00
TYROBP	30	Gene Associated with Autosomal Recessive Phenotype	2016-08-22T17:53:15+00:00
TYRP1	30	Gene Associated with Autosomal Recessive Phenotype	2016-08-22T17:53:16+00:00
UBE2A	1	Little Evidence for Haploinsufficiency	2026-04-14T12:58:09-04:00
UBE2T	30	Gene Associated with Autosomal Recessive Phenotype	2020-09-01T15:54:49+00:00
UBE3A	3	Sufficient Evidence for Haploinsufficiency	2012-08-23T15:12:35-04:00
UBE3B	30	Gene Associated with Autosomal Recessive Phenotype	2016-08-22T17:53:17+00:00
UBN2	1	Little Evidence for Haploinsufficiency	2024-07-24T12:57:29-04:00
UBR1	30	Gene Associated with Autosomal Recessive Phenotype	2016-08-22T17:53:17+00:00
UNC80	30	Gene Associated with Autosomal Recessive Phenotype	2025-02-12T16:54:00-05:00
UNC93A	40	Dosage Sensitivity Unlikely for Haploinsufficiency	2021-02-03T14:15:49+00:00
UPB1	30	Gene Associated with Autosomal Recessive Phenotype	2016-08-22T17:53:18+00:00
UPF2	0	No Evidence for Haploinsufficiency	2019-02-13T21:50:22+00:00
UPF3B	3	Sufficient Evidence for Haploinsufficiency	2021-02-09T17:07:19+00:00
UROD	2	Emerging Evidence for Haploinsufficiency	2024-10-04T15:09:41-04:00
UROS	30	Gene Associated with Autosomal Recessive Phenotype	2016-08-22T17:53:19+00:00
USB1	30	Gene Associated with Autosomal Recessive Phenotype	2024-11-13T17:13:13-05:00
USH1C	30	Gene Associated with Autosomal Recessive Phenotype	2012-04-07T10:34:31+00:00
USH1G	30	Gene Associated with Autosomal Recessive Phenotype	2016-08-22T17:53:19+00:00
USH2A	30	Gene Associated with Autosomal Recessive Phenotype	2016-08-22T17:53:20+00:00
USP7	3	Sufficient Evidence for Haploinsufficiency	2024-04-22T13:10:57-04:00
USP9X	3	Sufficient Evidence for Haploinsufficiency	2024-11-27T12:21:28-05:00
UVSSA	30	Gene Associated with Autosomal Recessive Phenotype	2016-08-22T17:53:21+00:00
VAMP7	0	No Evidence for Haploinsufficiency	2012-09-06T18:40:56+00:00
VCAN	1	Little Evidence for Haploinsufficiency	2026-09-08T12:34:41-04:00
VCX3A	0	No Evidence for Haploinsufficiency	2012-10-12T13:23:03+00:00
VEGFA	1	Little Evidence for Haploinsufficiency	2023-08-23T12:31:04-04:00
VHL	3	Sufficient Evidence for Haploinsufficiency	2022-05-11T16:25:21+00:00
VLDLR	30	Gene Associated with Autosomal Recessive Phenotype	2016-08-22T17:53:22+00:00
VPS13A	30	Gene Associated with Autosomal Recessive Phenotype	2016-08-22T17:53:22+00:00
VPS13B	30	Gene Associated with Autosomal Recessive Phenotype	2013-06-26T14:21:24+00:00
VPS26C	0	No Evidence for Haploinsufficiency	2012-04-25T01:33:33+00:00
VPS37A	30	Gene Associated with Autosomal Recessive Phenotype	2016-08-22T17:53:23+00:00
VPS53	30	Gene Associated with Autosomal Recessive Phenotype	2016-08-22T17:53:24+00:00
WAC	3	Sufficient Evidence for Haploinsufficiency	2018-02-28T13:00:45-05:00
WAS	3	Sufficient Evidence for Haploinsufficiency	2025-10-09T13:08:47-04:00
WDFY3	3	Sufficient Evidence for Haploinsufficiency	2023-10-10T16:15:18+00:00
WDPCP	30	Gene Associated with Autosomal Recessive Phenotype	2016-08-22T17:53:24+00:00
WDR26	3	Sufficient Evidence for Haploinsufficiency	2022-04-27T16:27:29+00:00
WDR35	30	Gene Associated with Autosomal Recessive Phenotype	2013-06-19T14:46:00+00:00
WDR45	3	Sufficient Evidence for Haploinsufficiency	2015-04-09T14:43:03+00:00
WDR62	30	Gene Associated with Autosomal Recessive Phenotype	2016-08-22T17:53:26+00:00
WDR72	30	Gene Associated with Autosomal Recessive Phenotype	2016-08-22T17:53:26+00:00
WFS1	0	No Evidence for Haploinsufficiency	2012-02-08T20:51:55+00:00
WHRN	30	Gene Associated with Autosomal Recessive Phenotype	2016-08-22T17:47:49+00:00
WNT7A	30	Gene Associated with Autosomal Recessive Phenotype	2016-08-22T17:53:27+00:00
WRAP53	30	Gene Associated with Autosomal Recessive Phenotype	2017-12-15T15:06:01+00:00
WRN	30	Gene Associated with Autosomal Recessive Phenotype	2024-10-04T12:30:15-04:00
WT1	3	Sufficient Evidence for Haploinsufficiency	2022-01-25T18:06:00+00:00
WWOX	30	Gene Associated with Autosomal Recessive Phenotype	2017-11-08T19:04:13+00:00
XDH	30	Gene Associated with Autosomal Recessive Phenotype	2016-08-22T17:53:28+00:00
XIAP	3	Sufficient Evidence for Haploinsufficiency	2022-07-27T16:25:18+00:00
XIST	3	Sufficient Evidence for Haploinsufficiency	2020-04-22T16:47:57+00:00
XPA	30	Gene Associated with Autosomal Recessive Phenotype	2024-02-14T17:29:37+00:00
XPC	30	Gene Associated with Autosomal Recessive Phenotype	2024-05-08T12:30:33-04:00
XPNPEP3	30	Gene Associated with Autosomal Recessive Phenotype	2016-08-22T17:53:31+00:00
XYLT1	30	Gene Associated with Autosomal Recessive Phenotype	2016-08-22T13:53:32-04:00
YAP1	1	Little Evidence for Haploinsufficiency	2014-11-13T14:49:07+00:00
YARS1	0	No Evidence for Haploinsufficiency	2025-07-08T12:38:07-04:00
YTHDC1	1	Little Evidence for Haploinsufficiency	2019-04-24T16:23:44+00:00
YTHDF3	1	Little Evidence for Haploinsufficiency	2025-04-03T10:45:59-04:00
YWHAE	1	Little Evidence for Haploinsufficiency	2026-03-31T12:20:04-04:00
ZBTB18	3	Sufficient Evidence for Haploinsufficiency	2019-04-24T16:31:27+00:00
ZBTB24	30	Gene Associated with Autosomal Recessive Phenotype	2016-08-22T17:53:33+00:00
ZC4H2	3	Sufficient Evidence for Haploinsufficiency	2020-04-22T16:23:01+00:00
ZDHHC9	3	Sufficient Evidence for Haploinsufficiency	2021-10-12T16:47:24+00:00
ZDHHC15	0	No Evidence for Haploinsufficiency	2012-07-25T14:44:35+00:00
ZEB2	3	Sufficient Evidence for Haploinsufficiency	2020-06-24T12:11:58-04:00
ZFHX4	3	Sufficient Evidence for Haploinsufficiency	2025-09-09T12:14:58-04:00
ZFPM2	1	Little Evidence for Haploinsufficiency	2021-09-20T15:51:29+00:00
ZFYVE26	30	Gene Associated with Autosomal Recessive Phenotype	2016-08-22T17:53:33+00:00
ZIC1	0	No Evidence for Haploinsufficiency	2021-07-19T15:59:18+00:00
ZIC2	3	Sufficient Evidence for Haploinsufficiency	2022-08-24T16:16:13+00:00
ZIC3	3	Sufficient Evidence for Haploinsufficiency	2020-12-02T17:47:37+00:00
ZIC4	0	No Evidence for Haploinsufficiency	2021-08-25T16:10:01+00:00
ZIM2	0	No Evidence for Haploinsufficiency	2012-05-17T19:07:22+00:00
ZMYM3	0	No Evidence for Haploinsufficiency	2025-10-22T13:41:14-04:00
ZMYND11	3	Sufficient Evidence for Haploinsufficiency	2018-03-28T16:08:19+00:00
ZMYND15	30	Gene Associated with Autosomal Recessive Phenotype	2016-08-22T17:53:34+00:00
ZNF41	1	Little Evidence for Haploinsufficiency	2012-10-24T10:03:41-04:00
ZNF81	0	No Evidence for Haploinsufficiency	2012-10-29T22:13:01+00:00
ZNF141	30	Gene Associated with Autosomal Recessive Phenotype	2016-08-22T17:53:35+00:00
ZNF264	0	No Evidence for Haploinsufficiency	2012-05-10T16:08:32+00:00
ZNF292	1	Little Evidence for Haploinsufficiency	2023-10-25T16:49:33+00:00
ZNF407	0	No Evidence for Haploinsufficiency	2012-07-11T13:52:40+00:00
ZNF462	3	Sufficient Evidence for Haploinsufficiency	2020-01-16T22:43:58+00:00
ZNF592	0	No Evidence for Haploinsufficiency	2021-10-14T15:08:01+00:00
ZNF674	0	No Evidence for Haploinsufficiency	2023-03-28T16:36:02+00:00
ZNF711	1	Little Evidence for Haploinsufficiency	2024-05-14T12:09:55-04:00
ZWILCH	1	Little Evidence for Haploinsufficiency	2019-04-24T16:32:57+00:00
