Gene	n_go_annotations
ADSL	10
ADSS1	12
ADSS2	14
ATIC	13
GART	17
PAICS	16
PFAS	16
HAAO	13
IDO1	14
IDO2	9
NADSYN1	8
QPRT	10
CAD	19
DHFR	29
DHODH	7
SHMT1	51
TYMS	24
PIP4K2A	23
PIP4K2B	27
PIP4K2C	20
PITPNC1	11
PITPNM2	18
PITPNM1	18
SYNJ1	42
TNFAIP8L3	16
VAPB	36
AASDHPPT	13
ALDH1L1	10
ALDH1L2	12
MTHFD1	28
MTHFD1L	14
AADAT	12
ADHFE1	8
D2HGDH	15
DLD	27
DLST	12
GOT1	24
GOT2	22
GPT2	5
IDH1	27
IDH2	18
KGD4	8
L2HGDH	4
OGDH	15
OGDHL	9
PHYH	18
TAT	11
CPEB3	40
DHX36	88
DND1	14
KHNYN	8
KHSRP	27
MOV10	23
NYNRIN	8
PLEKHN1	13
PUM1	31
PUM2	23
RBM24	37
RC3H1	58
TARDBP	29
TRIM71	36
UPF1	43
ZC3H12A	151
ZC3H12B	8
ZC3H12C	8
ZC3H12D	17
ZFP36	89
ZFP36L1	83
ZFP36L2	51
ADARB2	19
ANGEL2	20
BOLL	7
DAZ1	9
DAZ2	7
DAZ3	7
DAZ4	7
DAZL	7
ELAVL1	29
ELAVL4	19
HNRNPA0	15
HNRNPC	26
L1TD1	4
MAPK14	86
MAPKAPK2	38
MYD88	78
NICOL1	4
RBM38	16
RBM47	14
TIRAP	73
YBX3	26
ABHD14B	14
BPNT1	7
ENPP1	67
PAPSS1	10
PAPSS2	8
SULT1A1	16
SULT1A2	10
SULT1A3	20
SULT1B1	14
SULT1C3	10
SULT1C4	15
SULT1E1	18
SULT2A1	19
SULT2B1	22
TPST1	10
TPST2	8
PRPS1	19
PRPS1L1	11
PRPS2	11
PRPSAP1	8
PRPSAP2	8
GTF3C1	13
GTF3C2	12
GTF3C3	12
GTF3C4	13
GTF3C5	11
GTF3C6	11
CMTR1	9
CMTR2	7
NCBP1	58
RAMAC	5
RAMACL	3
RNGTT	11
RNMT	7
LSM10	16
LSM11	18
SNRPB	43
SNRPD1	33
SNRPD2	35
SNRPD3	41
SNRPE	34
SNRPF	34
SNRPG	40
TGS1	12
ALDOA	54
ALDOB	26
ALDOC	33
ENO1	50
ENO2	17
ENO3	17
ENO4	9
GAPDH	52
GAPDHS	21
GCK	52
GPI	36
HK1	34
HK2	38
HK3	29
HKDC1	18
LDHA	21
PFKFB1	21
PFKFB2	25
PFKFB3	21
PFKFB4	21
PFKL	29
PFKM	25
PGAM2	21
PGAM4	16
PGK1	35
PGK2	22
PGM1	31
PKLR	19
PKM	45
TPI1	28
UCP2	49
SLC17A9	19
SLC25A23	19
SLC25A24	20
SLC25A25	8
SLC25A4	25
SLC25A41	10
SLC25A42	17
SLC25A5	38
APRT	10
NUDT2	13
AK3	15
AK4	23
AMPD1	8
AMPD2	10
AMPD3	14
NT5C1A	14
NT5E	17
XDH	12
ADRB2	50
MEF2C	164
NLGN1	93
NRXN1	118
SHANK1	41
ATF6	38
ATF6B	26
CREBZF	16
DDIT3	74
MANF	17
MBTPS1	27
MBTPS2	32
XBP1	189
ATP5F1A	26
ATP5F1B	25
ATP5F1C	12
ATP5F1D	18
ATP5F1E	8
ATP5MC1	9
ATP5MC2	4
ATP5MC3	4
ATP5ME	6
ATP5MF	8
ATP5MG	6
ATP5MGL	4
ATP5MJ	4
ATP5MK	4
ATP5PB	11
ATP5PD	6
ATP5PF	7
ATP5PO	13
ATP6	11
ATP8	6
COX11	12
PRKAG2	47
SLC25A13	31
TGFB1	260
VPS9D1	7
ANKH	11
CALHM1	23
CALHM2	13
CD47	57
CR1	62
ABCC6	18
ATP1A2	74
ATP1B1	65
BAD	48
CLPX	14
CTNS	31
ENPP3	33
FIGNL1	32
HSPA1A	114
HSPA1B	85
HSPA8	66
MYH3	21
MYH4	11
MYH6	39
MYH7	20
MYH8	16
NADK	10
NMNAT1	14
NUDT5	24
OLA1	11
PARG	12
PARP1	101
COX2	12
NDUFA12	9
NDUFB6	11
NDUFS2	23
NDUFV1	11
NDUFV3	11
CALHM3	14
PANX1	30
SLC25A17	21
SLC25A31	14
SLC25A6	12
CACNA1C	52
CACNA1G	30
CACNB2	35
SCN10A	28
SCN4B	31
SCN5A	70
TRPM4	69
CXADR	42
GJA5	41
GJC1	19
GJC3	7
GJD3	9
ACAT1	33
ACLY	32
ACSS1	9
ACSS2	19
DIP2A	12
DLAT	10
MLYCD	24
PDHA1	12
PDHA2	12
PDHB	13
PDHX	9
PPCS	13
ACACA	14
ACACB	15
ACOT12	3
HMGCS1	9
HMGCS2	9
MVD	16
MVK	20
NME1	60
NUDT7	20
NUDT8	16
PMVK	18
AGRN	37
CDK5R1	76
CHRM1	22
CHRM2	24
CHRM3	26
CHRM4	13
CHRM5	15
CHRNA1	30
CHRNA10	19
CHRNA2	20
CHRNA3	42
CHRNA4	41
CHRNA5	24
CHRNA6	24
CHRNA7	97
CHRNA9	17
CHRNB1	36
CHRNB2	65
CHRNB3	20
CHRNB4	32
CHRND	22
CHRNE	22
CHRNG	21
GNA11	22
GNAQ	55
GNB1	29
GRK2	39
LY6E	6
LY6G6D	4
LY6H	6
LY6S	5
LYNX1	6
LYPD1	4
PLCB1	71
PSCA	10
RGS10	11
RGS8	18
SLURP2	6
ABCB4	22
DRD3	61
GHRL	72
NHERF1	90
SLC22A16	9
SLC26A6	45
SLC51A	10
SLC51B	10
UGT1A3	32
BEST1	29
GIPC1	34
GJA1	83
KCNK1	31
KCNK2	33
LRRC8A	39
LRRC8B	15
LRRC8C	17
LRRC8D	21
LRRC8E	21
SLC17A6	28
SLC17A8	26
SLC1A1	50
SLC1A3	34
SLC1A6	28
SLC25A12	24
SLC25A18	21
SLC25A22	24
SLC32A1	28
SLC6A1	32
SLC6A13	27
SLC6A6	36
SLC7A14	9
AIF1	73
BAIAP2	37
BAIAP2L1	22
BAIAP2L2	15
DPYSL3	29
EFHD2	6
EPS8	28
FLNA	87
GAS2	6
GAS2L1	18
GAS2L2	17
GAS2L3	8
LCP1	30
ADD1	33
ADD2	24
AIF1L	16
CALD1	10
CORO1B	32
DMTN	64
ESPN	7
ESPNL	5
EZR	86
FAM107A	43
FSCN1	42
FSCN2	8
FSCN3	10
HSP90B1	42
ILK	43
LIMA1	39
LIMD2	5
LIMS1	30
MICAL1	23
MYO1B	29
NEDD9	50
PARVA	26
PAWR	20
PDXP	27
PLS1	18
PLS3	10
RHOD	29
SHROOM1	11
SHROOM2	33
USH1C	33
DNM2	68
RFLNA	8
RFLNB	10
ADD3	10
AVIL	29
CAPG	26
CAPZA1	15
CAPZA2	10
CAPZA3	6
CAPZB	9
FLII	19
GSN	74
SCIN	44
SVIL	20
TRIOBP	16
TWF1	35
TWF2	51
VIL1	57
VILL	9
CFL1	30
CFL2	12
DSTN	8
MICAL2	21
MICAL3	11
WDR1	22
ACTN1	30
CARMIL1	37
CARMIL2	31
COBL	28
SPIRE1	22
SPIRE2	16
ABI1	20
ABI2	41
ACTA1	23
ACTC1	33
AQP2	21
ARAP1	37
ARHGAP12	14
ARHGAP25	10
ARHGAP36	6
ARHGAP6	28
ARHGEF12	12
ARHGEF2	63
ARPC4	9
BCAR1	36
BIN3	7
CAP1	14
CAP2	6
CD2AP	25
CDC42	97
CDC42EP2	23
CGNL1	13
CLRN1	14
CNN1	12
CNN2	20
CNN3	13
CORO1A	36
CORO1C	58
CORO2A	5
CORO2B	24
CORO6	5
CORO7	13
DBN1	19
DLG1	91
DSG3	30
ELMO1	14
ELMO2	9
ELMO3	6
EMP2	59
ENAH	8
ERMN	8
EVL	25
FHOD1	14
FHOD3	12
GHSR	27
HCLS1	41
HIP1	47
HIP1R	53
INPPL1	27
KASH5	9
KHDC3L	30
LMOD1	21
LMOD2	23
LMOD3	24
MAD2L2	71
MARCKS	10
MARCKSL1	6
MNMIP1	2
MYO15A	9
MYO19	14
MYO1A	11
MYO1C	34
MYO1D	14
MYO1E	21
MYO1F	9
MYO1G	23
MYO1H	6
MYO5A	36
MYO5B	14
MYO5C	6
MYO6	37
MYO7A	24
MYO7B	11
NEB	10
NEBL	6
NLRP5	22
NRAP	8
OOEP	27
PLA2G1B	66
POF1B	16
PPP1R9A	13
PPP1R9B	34
PROX1	98
RAC1	127
RAC2	51
RAC3	37
RHOB	45
RHOBTB1	18
RHOBTB2	25
RHOC	35
RHOF	22
RHOG	43
RHOH	26
RHOJ	17
RHOQ	43
RHOU	23
RHOV	8
RND1	20
RND2	11
RND3	13
RUFY3	30
SAMD14	13
SETD3	15
SH3BP1	40
SH3BP4	31
SH3KBP1	6
SHROOM3	11
SHROOM4	17
SPTA1	8
TAGLN2	10
TAGLN3	6
TCAP	35
TLE6	20
TMOD1	15
TMOD2	12
TMOD3	16
TMOD4	11
TPM1	53
TPM2	10
TPM3	10
TPM4	16
TRPV3	22
TRPV4	66
TTN	55
VASP	20
WAS	51
WASL	48
WHAMM	23
WIPF1	11
XIRP1	9
XIRP2	7
ZBED3	26
ANG	61
ARPC2	18
CATIP	10
DIAPH1	30
DIAPH2	7
DIAPH3	13
FHDC1	21
INF2	9
JAK2	130
MICALL2	23
MSRB1	12
MSRB2	8
PREX1	16
TTC17	8
WASF1	24
WASF3	12
WASHC3	8
WASHC5	13
ACTN4	47
FNBP1L	19
SUN2	12
SYNE2	25
ACTR2	37
ACTR3	21
ARPC1A	11
ARPC1B	10
ARPC3	10
ARPC5	16
ARPC5L	9
IQGAP2	27
JMY	18
MAGEL2	12
TRIM27	37
WASHC1	30
WIPF3	5
CAMK2D	71
CCDC88C	23
EPDR1	5
KCNE1	54
KCNQ1	80
LUZP1	22
MYL11	13
PDPN	50
PIK3CA	75
TNNC1	19
MYH2	8
MYL1	5
MYL6	9
MYL6B	9
TNNI3	32
TNNT2	22
AKAP6	47
AKAP7	11
ANK3	68
ASIC5	10
CLN3	116
DMD	61
GNA14	19
GPER1	151
KCNA1	27
KCNA10	14
KCNA2	21
KCNA3	16
KCNA4	13
KCNA5	40
KCNA6	12
KCNA7	8
KCNB1	45
KCNB2	19
KCNC1	15
KCNC2	26
KCNC3	18
KCNC4	17
KCND1	7
KCND2	21
KCND3	27
KCNE2	42
KCNE3	30
KCNE4	21
KCNE5	38
KCNF1	9
KCNG1	12
KCNG2	10
KCNG3	12
KCNG4	12
KCNH2	58
KCNIP2	31
KCNJ2	37
KCNK16	23
KCNK4	28
KCNMB1	15
KCNMB2	18
KCNMB3	13
KCNMB4	22
KCNQ2	15
KCNS1	12
KCNS2	12
KCNS3	14
KCNV1	11
KCNV2	8
MYH14	18
SCN11A	19
SCN1A	17
SCN1B	41
SCN2A	24
SCN2B	24
SCN3A	14
SCN3B	38
SCN4A	14
SCN8A	21
SCN9A	18
SLC4A3	14
YWHAH	28
ABR	13
APC2	22
ARHGAP42	4
ARHGEF16	21
BCR	27
CCDC125	9
ECT2	63
MTSS2	18
RALGAPA1	9
RALGAPA2	6
RALGAPB	6
RANGAP1	18
RASGRP1	35
SCRIB	51
SIPA1L1	17
SYDE1	15
SYDE2	8
TBC1D7	24
TSC1	43
CARD10	18
CARD14	19
COPS8	19
LTA	16
LTB	18
LTBR	21
TLR3	66
TLR6	62
TNFRSF10A	15
TNFRSF10B	20
TNFRSF1A	46
TNFRSF1B	54
TNFSF15	11
ZFP91	15
ACR	14
ADCYAP1	45
ADORA2B	7
ADORA3	19
AVPR2	25
CALCA	60
CRHR1	15
EDNRA	21
GIPR	9
GLP1R	6
GNAS	88
P2RY11	10
TMIGD3	11
ADCY8	71
PRKAR1A	46
PRKAR1B	31
PRKAR2A	39
PRKAR2B	35
DYNAP	9
FGF1	56
GAS6	116
IGF1	152
ITGB1BP1	88
MT3	70
NRG1	79
PPIA	60
ANGPT1	63
CCDC88A	55
KIF14	52
LEP	80
PIBF1	36
PILRB	6
PRLR	25
PTK2B	119
RIPK1	95
RIPK3	38
SESN2	49
STK11	68
STRADA	16
STRADB	13
TOM1L1	22
TPX2	26
ASPH	48
CRACR2A	32
STIM1	36
STIM2	16
STIMATE	9
ACVR1	87
ACVR1B	51
ACVR1C	26
ACVR2A	41
ACVR2B	44
BMP10	64
CFC1	10
CFC1B	10
CITED2	59
CRIPTO	58
CRIPTO3	12
DAND5	23
FOXH1	44
GDF11	13
GDF2	62
GDF6	24
GDF7	13
HJV	22
INHBA	76
INHBB	23
NODAL	44
NOG	73
SMAD2	85
SMAD3	117
SMAD4	105
TGFBR1	138
TGFBR2	91
ACTN2	51
ALKBH4	9
ANKRD1	45
ARRB1	75
CAPN3	58
CASQ1	26
CDC42BPA	14
CDC42BPB	16
CDC42BPG	11
CSRP1	15
CSRP2	9
CSRP3	37
CUL3	82
EPB41	16
EPB41L1	3
EPB41L2	10
EPB41L3	18
EPB41L4A	3
EPB41L4B	15
EPB41L5	3
F11R	40
FAM171A1	3
FLNC	7
FRMD3	3
FRMD5	15
ITGB1	108
ITGB5	19
KCTD13	19
KLHL41	28
KRT19	17
KRT8	16
MYBPC1	6
MYBPC2	3
MYBPC3	23
MYBPH	5
MYH10	24
MYH11	16
MYH9	45
MYL9	15
MYLK3	17
MYO18A	30
MYO18B	3
MYOM1	11
MYOM2	5
MYOM3	4
MYOZ1	27
MYOZ2	19
MYPN	17
NEURL2	8
OBSCN	21
PDCD10	63
PDLIM1	20
PGM5	17
PHACTR1	11
RHOA	113
ROCK1	120
ROCK2	108
SIX4	53
SORBS1	46
SRC	161
SYNPO2L	20
TJP1	49
TNFAIP1	18
TNNT1	8
TNNT3	10
ZYX	16
AHSG	32
ANO6	60
APCS	25
APOL2	10
C2CD4A	10
C2CD4B	7
CD6	16
CEBPB	56
CRP	31
CTNNBIP1	31
ELANE	65
F3	43
F7	31
IL10RB	29
IL1RN	23
IL22	10
IL22RA1	14
IL6	202
IL6R	64
INS	148
ITIH4	11
LBP	48
MBL2	23
NLRP6	19
NPFF	15
ORM1	27
ORM2	21
PLSCR1	60
SIGIRR	16
TNFSF4	92
VNN1	16
CBR4	29
FASN	17
GCDH	17
HTD2	13
MCEE	8
MMUT	16
PCCA	14
PPT1	58
PPT2	12
SLC27A2	36
ACOT1	7
ACOT11	14
ACOT2	17
ACOT4	16
ACOT6	7
ACOT7	24
ACOT8	29
ACOT9	11
ACSF2	9
ACSL6	12
ACSM1	23
ACSM2A	17
ACSM2B	12
ACSM3	13
ACSM4	11
ACSM5	10
ACSM6	10
BAAT	21
GLYAT	10
GPAT4	20
OXSM	12
SUCLA2	16
SUCLG2	10
AGMO	9
AWAT2	12
DGAT1	17
DGAT2	22
DGAT2L6	10
GK	16
GPAM	16
GPAT2	19
GPAT3	13
LPGAT1	22
LPIN1	29
LPIN2	19
LPIN3	18
MOGAT1	9
MOGAT2	11
MOGAT3	9
PLA2G15	37
PLA2G4A	52
PLCE1	24
PNPLA2	28
PNPLA3	31
TMEM68	5
ABHD12	26
ABHD12B	8
ABHD16A	13
ABHD16B	11
ABHD2	20
ABHD6	26
APOA2	76
APOA5	51
APOC3	57
CPS1	30
DAGLA	25
DAGLB	25
FAAH	16
FABP1	26
FABP12	8
FABP2	11
FABP3	24
FABP4	19
FABP5	30
FABP6	12
FABP7	12
FABP9	8
GPIHBP1	27
LIPC	33
LIPE	18
LIPG	31
LPL	74
LYPLA2	12
MGLL	27
PNLIP	21
PNLIPRP1	18
PNLIPRP2	31
PNLIPRP3	14
PNPLA1	12
PNPLA4	13
PNPLA5	8
ANGPTL3	46
ANGPTL4	20
ANGPTL8	12
APOA1	107
APOA4	59
APOC1	40
APOC2	48
APOC4	6
APOE	226
CETP	39
GCKR	19
HNF4A	43
IL18	89
MLXIPL	48
MTLN	21
NR1H3	89
OSBPL11	15
OSBPL8	25
PLA2G12B	4
PNPLA8	31
RORA	55
SCARB1	49
APOBR	3
CAV1	177
CAV3	85
DGKA	14
DGKB	15
DGKD	22
DGKE	14
DGKG	14
DGKH	17
DGKI	14
DGKK	8
DGKQ	65
DGKZ	27
FITM2	20
GK2	16
GK3	10
GK5	10
LIPF	7
LMF1	6
PGS1	13
PLAAT3	30
SEL1L	10
BACH2	13
BTN3A2	10
BTN3A3	7
C4BPA	13
CD27	20
CD46	30
CD70	17
CD8A	15
CR1L	12
CR2	23
EBI3	36
GNL1	10
HLA-DRB1	96
IL12B	129
IL17A	34
IL17B	16
IL17C	7
IL17F	32
IL17RA	30
IL17RB	20
IL17RC	13
IL17RE	12
IL18BP	8
IL25	10
JAG1	53
MSH2	52
PHB1	87
SCART1	3
SLA2	19
STAT3	149
TLR4	118
TRAF3IP2	28
ADISSP	13
APPL2	74
BMP8A	11
CLSTN3	44
HNRNPU	111
MIMS1	7
OMA1	36
PM20D1	6
S100B	24
SCT	16
SCTR	7
SORL1	85
THADA	7
UCP1	26
UCP3	13
ZBTB7B	48
ABCC4	40
ABCC5	26
SHOC2	27
SLC19A1	32
SLC35B2	16
SLC35B3	9
SLC46A2	11
NUDT10	14
NUDT11	14
NUDT3	23
NUDT4	18
NUDT4B	14
ACP3	26
ADA	26
ADA2	18
MAPDA	7
NT5C1B	10
ADAD1	14
ADAD2	17
ADAR	35
ADARB1	31
ADAT2	3
SLC28A2	23
SLC29A1	24
SLC29A2	28
SLC29A3	33
SLC29A4	28
ABCA1	59
ADCY1	29
ADCY10	19
ADCY2	27
ADCY3	31
ADCY4	16
ADCY5	24
ADCY6	45
ADCY7	33
ADCY9	16
ADCYAP1R1	4
ADGRD1	5
ADGRF1	10
ADGRF3	3
ADGRF4	3
ADGRF5	7
ADGRG2	7
ADGRG4	3
ADGRG5	3
ADGRG6	27
ADGRL3	18
ADM	34
ADM2	19
ADM5	10
ADORA2A	14
ADRA1A	36
ADRA1B	17
ADRA1D	16
ADRA2A	69
ADRB1	23
ADRB3	34
APP	284
CALCB	13
CALCR	26
CALCRL	17
CHGA	29
CNR1	4
CNR2	6
CRHR2	12
CXCL10	57
CXCL11	20
CXCL9	27
CXCR3	39
DRD1	48
DRD5	34
FBN1	39
FFAR4	46
FSHR	19
GAL	16
GCGR	13
GHRH	27
GHRHR	25
GIP	12
GNA13	23
GNAI1	59
GNAL	15
GNG2	16
GPBAR1	5
GPHA2	5
GPHB5	7
GPR101	7
GPR119	5
GPR12	5
GPR157	10
GPR161	20
GPR26	3
GPR3	8
GPR4	15
GPR6	5
GPR61	2
GPR62	5
GPR65	19
GPR68	8
GPR78	3
HRH2	9
HRH3	15
HTR4	16
HTR6	16
HTR7	13
IAPP	40
LHCGR	18
LPAR1	28
LPAR2	4
LPAR3	6
MAPK7	50
MC1R	33
MC2R	10
MC3R	10
MC4R	20
MC5R	17
MRGPRE	8
OPN4	15
OR1G1	4
OR51E2	16
OR5AN1	8
PF4	59
POMC	42
PRKACA	103
PRKACB	32
PRKACG	24
PRKX	22
PTGER1	10
PTGER2	10
PTGER3	13
PTGER4	42
PTGFR	12
PTGIR	13
PTH	39
PTH1R	19
PTHLH	26
RAMP1	20
RAMP2	48
RAMP3	45
RAPGEF2	94
RAPGEF3	53
RXFP1	4
RXFP2	4
S1PR1	19
S1PR2	16
S1PR3	8
S1PR4	4
S1PR5	3
TAAR1	7
TAAR5	8
TAAR6	7
TAAR9	7
TAC1	36
TAC3	12
TACR1	14
TACR2	17
TACR3	11
TBXA2R	12
TCP11	9
TRH	3
TSHR	14
UCN2	12
UCN3	12
VIP	38
VIPR1	8
VIPR2	4
HRH4	11
OPRM1	40
ADGRG3	14
ADRA2B	17
ADRA2C	24
AKAP12	5
AKAP5	47
APLNR	43
C3AR1	18
C5AR1	32
CASR	18
CORT	10
CXCR4	54
DRD2	100
DRD4	42
FFAR3	26
FPR2	56
GABBR1	9
GABBR2	14
GNAI2	19
GNAI3	28
GNAO1	15
GPR146	7
GPR171	11
GPR176	5
GPR35	22
GPR37	16
GPR37L1	14
GRM4	19
GRM7	26
GRM8	11
HCAR1	7
HCAR3	7
HTR1A	19
HTR1B	21
HTR1D	14
HTR1E	13
HTR1F	12
HTR5A	11
INSL3	10
MARCO	17
MCHR1	12
MRGPRD	9
MRGPRX1	13
MRGPRX2	29
MTNR1A	4
NMUR1	12
NMUR2	17
NPY	38
NPY1R	11
NPY2R	15
OPN1LW	13
OPN1MW	14
OPN1MW2	10
OPN1MW3	10
OPN1SW	13
OPN3	25
OPN5	17
OPRK1	16
OPRL1	12
OXER1	5
OXTR	20
P2RY1	27
P2RY12	46
PALM	15
PDE2A	74
PSAP	30
PSAPL1	4
RGS1	13
SMO	61
CACNA1D	45
CCR3	19
FPR1	20
GALR2	10
GCG	22
GLP2R	6
GNA12	27
GNAT1	23
GNAT2	17
GNAT3	12
GNAZ	6
GPR88	13
GRK5	18
PTH2R	6
RIMS2	26
WASF2	19
ACTB	98
CTNNB1	134
JAM3	31
PAK2	47
PIP5K1C	33
SMAD7	82
TBCD	28
VCL	51
ZNF703	39
AFDN	31
CAMSAP3	40
FERMT2	81
INAVA	37
KIFC3	13
MTSS1	24
PLEKHA7	10
CDH1	70
CDH10	12
CDH11	20
CDH12	10
CDH13	61
CDH15	12
CDH17	15
CDH18	10
CDH19	10
CDH2	48
CDH20	10
CDH22	10
CDH24	12
CDH26	12
CDH3	26
CDH4	10
CDH5	79
CDH6	12
CDH7	10
CDH8	10
CDH9	12
CDHR3	10
CSK	20
FLOT1	46
ADIPOQ	123
ADIPOR1	29
ADIPOR2	11
APPL1	71
CSNK2B	46
ABHD15	7
ARID5B	17
DYRK1B	11
GPR82	2
LRP5	36
NAMPT	32
PGRMC2	3
RORC	42
SH3PXD2B	28
SOX8	60
SPTLC2	24
VPS13B	27
ZNF516	18
DKK3	17
INSM1	44
MDK	115
NF1	92
NR0B1	35
SALL1	44
STRA6	49
WNT11	44
WNT4	74
WT1	104
AKAP13	32
LMBRD2	1
PDE4D	54
ZDHHC21	19
AGRP	19
BRS3	5
CARTPT	20
APELA	37
HAND2	45
MEF2D	21
NKX2-5	97
SCUBE1	8
BTBD9	3
DMRT3	11
FOXA2	48
GDNF	67
NTF4	22
PAFAH1B1	41
PRKN	200
COX1	10
COX3	9
COX4I1	8
COX4I2	8
COX5A	8
COX5B	7
COX6A1	7
COX6A2	5
COX6B1	8
COX6C	8
COX7A2	9
COX7B	9
COX7C	7
COX8A	7
COXFA4	8
CYC1	9
CYCS	12
CYTB	7
ND1	14
ND2	13
ND3	10
ND4	14
ND4L	10
ND5	13
ND6	13
NDUFA1	10
NDUFA10	10
NDUFA2	10
NDUFA3	10
NDUFA5	12
NDUFA6	13
NDUFA7	10
NDUFA8	11
NDUFA9	20
NDUFAB1	29
NDUFAF1	12
NDUFB1	10
NDUFB10	10
NDUFB2	10
NDUFB3	10
NDUFB4	10
NDUFB5	10
NDUFB7	11
NDUFB8	12
NDUFB9	12
NDUFC1	10
NDUFC2	17
NDUFS1	17
NDUFS3	17
NDUFS4	22
NDUFS5	13
NDUFS6	10
NDUFS7	17
NDUFS8	16
NDUFV2	15
SDHA	20
SDHAF2	16
SDHB	18
SDHC	11
SDHD	10
SLC25A51	10
UQCC3	14
UQCR10	7
UQCR11	7
UQCRB	9
UQCRC1	13
UQCRC2	9
UQCRFS1	14
UQCRH	9
UQCRHL	3
UQCRQ	7
ACO2	10
BLOC1S1	29
C2ORF69	2
COX7A1	7
CS	10
CSKMT	12
FH	22
IDH3A	13
IDH3B	10
IDH3G	11
MDH1	14
MDH1B	10
MDH2	15
MFN2	32
MTFR1	6
MTFR1L	5
MTFR2	6
NDUFA11	7
NDUFA13	35
NDUFB11	7
NNT	11
OXA1L	26
SDHAF4	7
SIRT3	26
SLC25A14	15
SUCLG1	13
SURF1	8
AKR7A2	13
AKR7A3	7
AKR7L	5
CYP1A2	29
CYP2A13	11
CYP2W1	25
CYP3A4	34
CYP3A5	19
ATG4A	19
ATG4B	23
ATG4C	19
ATG4D	21
ATG5	34
MAP1LC3C	20
SQSTM1	76
UBQLN1	29
WDFY3	7
WDR81	26
BAG3	35
HDAC6	92
TRIM37	34
UBD	27
SFXN1	11
SLC1A4	49
SLC36A1	27
SLC36A2	29
SLC36A3	22
SLC36A4	18
SLC38A2	39
SLC38A3	30
SLC6A14	23
SLC6A17	18
SLC7A10	8
SLC7A5	49
ADH4	25
AKR1D1	15
CYP27A1	20
CYP46A1	20
CYP7A1	26
SCARF1	20
SNX17	18
ADH1A	11
ALDH2	21
ALDH3B1	20
ALDH3B2	11
DHRS4	23
CACNA1H	37
CYP11B1	32
CYP11B2	38
KDM3A	20
PNPO	8
TKT	18
ADH5	12
AGXT	21
AGXT2	15
GATD1	7
HOGA1	15
ACP6	13
GPD1	5
GPD2	5
BCHE	4
CES2	8
CYP2D6	23
GHR	36
PTER	6
STAT5A	48
STAT5B	35
AMT	6
ASS1	21
DAO	18
DDO	13
GLDC	9
ALDH18A1	12
ALDH5A1	10
ALDH6A1	14
ART4	4
ASL	9
ASPG	7
BPHL	8
CBS	29
DAOA	7
DDAH1	22
DGLUCY	5
DPEP1	31
GCLC	24
GCLM	13
GGT1	35
GLUD2	14
KMO	18
KYAT1	4
KYAT3	4
MARS1	24
MTHFR	20
MTR	22
MTRR	25
NAGS	12
NAT8L	6
NOX4	28
RIMKLA	2
RIMKLB	2
SHMT2	42
SLC25A2	19
SLC39A8	46
ANXA1	91
BAG6	60
CD247	19
CD3D	12
CD3E	38
CD3G	19
CD44	52
CLEC2A	9
CLEC2B	6
CLEC2D	6
CLEC4A	17
HLA-A	67
HLA-E	83
KLRF1	3
LCK	49
LGALS9	115
NCR3	10
NCR3LG1	3
NKG7	14
PTCRA	5
RSAD2	34
STOML2	26
BATF	44
EOMES	30
GATA3	136
HMGB1	141
IL10	139
IL18R1	30
IL18RAP	20
KMT2A	35
LEF1	90
MEN1	47
MYB	33
PSMA1	46
PSMA2	52
PSMA3	48
PSMA4	47
PSMA5	51
PSMA6	61
PSMA7	46
PSMB1	53
PSMB10	35
PSMB2	46
PSMB3	46
PSMB4	46
PSMB8	33
PSMB9	35
STAT4	24
TMEM98	13
ITK	15
PSMB11	14
TNFSF8	6
SLC13A2	15
SLC13A5	13
SLC22A6	18
SLC22A7	12
SLC25A21	8
ABCD1	63
ACAA1	23
ELOVL1	21
ELOVL2	21
ELOVL3	24
ELOVL5	25
FADS1	23
FADS2	9
SCP2	48
CDK13	22
CELF4	15
DDX17	26
DDX5	56
DHX9	113
HNRNPM	10
HNRNPUL1	7
HNRNPUL2	4
NCBP2	48
PQBP1	24
PUF60	8
RBM17	2
RSRC1	12
SCNM1	13
SFPQ	32
SLU7	20
SRSF1	21
SRSF6	23
FOXN4	20
NEUROD1	54
NEUROD4	17
PTF1A	17
RORB	34
AKT1	228
AMOT	28
AMOTL1	7
AMOTL2	18
CCN3	58
CENPV	17
CER1	29
FAT2	8
GPC3	35
IQGAP1	57
ITGA4	35
ITGB7	13
MEGF8	38
NANOS1	15
OCLN	43
PKN1	22
PKN2	34
PKN3	8
SRGAP2	35
TNS1	4
AQP8	32
AQP9	20
RHCG	14
SLC14A1	6
SLC14A2	4
SLC18A1	21
SLC18A2	30
SLC22A1	35
SLC22A2	45
SLC22A3	30
SLC22A4	10
SLC22A5	16
SLC25A26	10
SLC44A1	18
SLC44A2	24
SLC47A1	17
SLC47A2	6
SLC67A1	6
ALDH1A1	23
CARNS1	8
GAD1	17
GAD2	12
PAH	12
SLC38A1	33
UPB1	13
ABAT	11
BCAT2	18
BCKDHA	11
BCKDHB	10
BCKDK	22
DBT	12
ECHS1	16
ETFA	11
ETFB	9
HIBCH	10
IL4I1	36
IVD	12
MCCC1	12
MCCC2	11
PPM1K	11
SLC25A44	9
ACE2	54
CLTRN	12
SLC16A2	15
SLC1A2	31
SLC1A5	30
SLC38A4	15
SLC38A5	29
SLC3A2	37
SLC6A19	12
SLC6A20	32
SLC6A5	13
SLC6A7	20
SLC6A9	28
SLC7A1	32
SLC7A11	27
SLC7A2	21
SLC7A3	14
SLC7A6	21
SLC7A7	14
SLC7A8	34
TSPO2	15
ACCS	5
ACCSL	2
CARNMT1	13
DIO1	6
GCAT	6
GGT5	17
GLS2	13
GSS	14
PCCB	12
PEPD	12
PTS	7
QDPR	12
SCLY	1
SLC16A10	11
SLC1A7	22
SLC25A29	19
SLC3A1	15
SLC43A1	13
SLC43A2	17
SLC6A11	14
SLC6A12	17
SLC6A15	17
SLC6A16	5
SLC6A18	4
SLC6A2	22
SLC6A3	20
SLC6A4	26
SLC6A8	14
SLC7A4	2
SLC7A9	18
SLCO3A1	23
AMDHD2	16
GFPT1	12
GFPT2	10
GNE	7
GNPDA1	13
GNPDA2	13
NAGK	20
NANP	5
NANS	6
PGM3	10
UAP1	11
UAP1L1	5
NPL	5
RENBP	10
B4GALNT2	16
CHIA	12
CHST1	15
CHST2	14
CHST3	13
CHST4	14
CHST5	11
CHST6	11
CHST7	13
CSGALNACT1	24
EXTL2	8
FN3K	8
LARGE1	38
MGAT3	16
OGA	15
SLC35A3	9
ST3GAL1	32
ST6GAL1	13
ACADM	19
ALDH9A1	14
BBOX1	8
SLC25A45	6
TMLHE	6
BHMT	8
BHMT2	8
CPT1A	25
CPT1B	18
CPT1C	11
CPT2	19
CROT	16
B3GALT6	21
B3GAT3	29
B3GNT2	10
B3GNT3	10
B3GNT4	10
B3GNT6	15
B3GNT8	10
B3GNT9	6
B4GALT7	28
B4GAT1	17
EXT1	20
EXT2	21
GALNT5	8
GCNT2	38
HAS1	20
HEXA	21
HS3ST1	12
HS3ST2	12
HS3ST3A1	12
HS3ST3B1	11
PXYLP1	12
TGDS	4
UGDH	21
UXS1	14
XYLT1	20
XYLT2	17
CHI3L1	40
CHI3L2	6
CHIT1	12
CTBS	12
GNS	20
GUSB	22
HYAL2	76
HYAL4	14
IDS	10
OVGP1	6
SGSH	12
CHST9	15
CLN6	24
GAL3ST3	10
HEXB	21
ATP11B	16
ATP8A1	18
ATP8A2	14
CDC50A	21
CDC50B	7
SCARB2	48
GLUL	27
OTC	10
RHAG	11
RHBG	10
RHCE	3
RHD	3
SLC12A1	20
B2M	111
BACE1	35
CAMP	30
CD36	114
CDKN2A	102
CDSN	14
EMD	32
FKBP1A	43
FURIN	67
FUS	25
MAPT	129
MDM2	82
NAT8	16
NUP153	20
SERF1A	7
SIAH1	33
SIAH2	25
SNCA	152
USP9X	58
VHL	59
ABCA7	58
ABCG1	51
ADAM10	67
ADAM17	95
ADAM19	19
ADAM9	62
APH1A	20
APH1B	17
NCSTN	31
PSEN1	86
PSEN2	27
PSENEN	27
ACHE	23
KLK6	17
LDLRAP1	48
NSG1	22
TMCC2	2
ANAPC1	14
ANAPC10	11
ANAPC11	30
ANAPC13	11
ANAPC15	17
ANAPC16	13
ANAPC2	19
ANAPC4	16
ANAPC5	24
ANAPC7	30
CDC16	21
CDC20	34
CDC20B	12
CDC23	31
CDC26	11
CDC27	24
ECRG4	18
FBXO31	15
FZR1	26
UBE2C	37
UBE2S	30
CYP17A1	21
HSD17B2	11
HSD17B3	13
HSD17B6	14
HSD3B1	25
HSD3B2	19
MED1	82
SRD5A1	8
SRD5A2	13
SRD5A3	11
AKR1C4	41
CHST10	10
CYP19A1	18
DHRS9	15
HSD17B10	38
HSD17B11	12
HSD17B4	20
HSD17B7	13
SHH	132
SPP1	17
UGT2B11	6
UGT2B7	11
AR	68
CST11	8
DAXX	56
EFCAB6	8
KDM4C	26
NKX3-1	76
PARK7	139
PLPP1	34
PMEPA1	16
RHOXF1	17
RNF14	30
RWDD1	4
SCGB2A1	2
SCGB2A2	2
TMF1	9
ZDHHC7	41
ZMIZ1	29
CD34	35
GATA2	51
HPSE	58
ITGB3	77
KDR	92
MCAM	6
NDNF	25
PRCP	21
SRF	52
VEGFA	207
ACE	65
ANPEP	17
ATP6AP2	43
CMA1	16
CTSG	52
CTSZ	30
ENPEP	15
REN	12
AGT	107
AGTR1	46
AHCYL1	15
CA2	13
CAMK2A	57
MAS1	9
PLA2G2A	41
BMF	17
DAPK2	24
IKBKG	40
MAP3K7	80
MTOR	135
TSC2	53
CDX1	20
CDX2	24
CDX4	18
FZD5	52
HOXD8	16
LEFTY1	17
LEFTY2	10
LHX1	58
MESP1	62
MESP2	16
RIPPLY1	9
RIPPLY2	7
SIX2	30
SKI	74
TASOR	14
TBX3	56
TBXT	28
WLS	29
WNT8A	18
BASP1	35
BHLHE40	28
BHLHE41	27
BMP2	161
BMPR2	105
CELSR2	19
CYP26C1	20
DCANP1	23
GATA4	67
HELT	13
HES1	77
HES2	15
HES3	12
HES4	9
HES5	70
HES6	19
HES7	16
HEY1	64
HEY2	86
HEYL	43
HHEX	51
HOXA3	12
HOXA4	14
HOXA5	29
HOXA6	13
HOXA7	31
HOXA9	19
HOXB3	15
HOXB4	20
HOXB5	11
HOXB6	11
HOXB7	17
HOXB9	17
HOXC4	15
HOXC5	8
HOXC6	8
HOXC9	19
HOXD3	36
HOXD4	17
HOXD9	23
NEUROG1	42
PCSK5	36
TBX1	93
TBX18	32
TIFAB	33
DLG2	34
HSPB1	60
KIF5A	18
KIF5B	33
KIF5C	16
MAP1A	39
MAPK8IP3	26
RAB27B	32
AP3B1	20
AP3B2	16
AP3D1	37
AP3M1	25
AP3M2	15
AP3S1	22
AP3S2	19
ARL8A	20
ARL8B	34
BLOC1S2	36
BLOC1S3	19
BLOC1S4	9
BLOC1S5	15
BLOC1S6	18
DTNBP1	41
HAP1	45
KIF1A	22
KIF1B	24
KIF1C	14
KIF3A	35
KIF3B	36
KIF4A	13
MGARP	25
NEFL	14
RAB21	34
SNAPIN	29
SOD1	78
SPAST	45
TRIM46	16
AKAP9	37
AMPH	7
APBA1	10
APBA2	3
APBA3	3
ATXN3	53
BSN	18
CACNA1A	25
CACNA1B	19
CACNA1E	15
CACNB1	23
CACNB3	23
CACNB4	18
CBLN1	24
CDK5	89
CNP	9
CPLX1	15
CRH	16
DBH	19
DLG3	25
DLG4	78
DLGAP1	5
DOC2A	11
DTNA	7
ELFN1	7
ELFN2	2
EXOC4	12
GABARAP	34
GABRB2	30
GABRR1	15
GABRR2	14
GABRR3	15
GALR3	10
GLRB	13
GRIA1	48
GRIK1	26
GRIK2	27
GRIK4	22
GRIN1	80
GRIN2A	51
GRIN2B	57
GRM1	16
GRM2	19
GRM3	16
GRM5	30
HCRT	17
HCRTR1	9
HCRTR2	10
HOMER1	28
HRH1	12
HTR2A	18
HTR2B	57
HTR2C	22
KCNIP1	20
KCNK3	21
KCNN1	15
KCNQ3	12
MAPK1	85
MBP	7
MINK1	36
MPZ	3
MTNR1B	8
MYCBPAP	9
NLGN3	56
NPBWR1	6
NPTX1	5
NPTX2	3
NPY5R	9
NRXN2	29
NTSR1	12
OMP	8
PCDHB10	7
PCDHB11	7
PCDHB13	7
PCDHB14	7
PCDHB16	7
PCDHB2	7
PCDHB3	7
PCDHB4	7
PCDHB5	7
PCDHB6	10
PCDHB9	7
PDE7B	8
PLP1	9
PMP22	9
RAPSN	6
RIT2	28
RPS6KA1	36
RPS6KA2	17
RPS6KA3	34
SDCBP	70
SLC18A3	27
SNAP25	32
SNCB	14
SNCG	11
SPG11	29
SST	9
SYN1	21
SYN2	14
SYPL1	6
SYT1	54
SYT10	19
SYT3	16
SYT5	20
SYT6	10
SYT9	17
UNC119	17
UNC13B	25
UNC13C	8
UTS2	5
AMH	17
AMHR2	10
BMPR1A	93
SMAD1	45
SMAD5	43
BPI	31
BPIFA1	10
DCD	16
DEFA1	22
DEFA3	20
DEFA4	21
DEFA5	18
DEFA6	10
DEFB1	16
DMBT1	18
FAU	28
FGA	54
FGB	51
H2BC10	15
H2BC11	19
H2BC12	11
H2BC12L	11
H2BC13	14
H2BC14	14
H2BC15	14
H2BC17	9
H2BC18	11
H2BC21	15
H2BC26	9
H2BC3	12
H2BC5	11
H2BC9	17
JCHAIN	19
LTF	70
PI3	8
PLA2G6	30
RNASE2	18
RNASE3	17
RNASE4	6
RNASE6	11
RNASE7	9
RPL39	19
SEMG1	17
SEMG2	12
SLPI	21
SPRR2A	6
TF	41
WFDC10A	5
WFDC10B	5
WFDC11	5
WFDC12	5
WFDC13	5
WFDC2	17
WFDC3	5
WFDC5	5
WFDC9	5
APOL1	13
DEFB103A	13
DEFB136	6
EPX	7
IL33	48
MARCHF2	15
MPEG1	15
NFKB1	82
NOD2	104
RASGRP4	14
ROMO1	22
SLC15A2	19
TFEB	36
TLR2	71
UMOD	20
FCGR1A	23
FCGR2A	14
FCGR2B	89
FCGR2C	11
FCGR3A	25
FCGR3B	10
FAM3A	8
IL36RN	25
RARRES2	41
BCL10	59
CARD9	40
CLEC4C	9
CLEC4D	11
CLEC4E	9
CLEC6A	22
CLEC7A	91
CX3CR1	72
DEFB106A	9
DEFB114	26
DEFB119	5
DEFB4A	17
PLCG2	104
RNASE8	7
AZGP1	20
ERAP1	30
ERAP2	16
HFE	81
HLA-B	46
HLA-C	40
HLA-DRA	60
HLA-F	51
HLA-G	91
IDE	39
RAET1E	18
RAET1G	17
RAET1L	13
TAP1	17
TAP2	14
ULBP1	14
ULBP2	15
ULBP3	14
CTSD	38
CTSE	8
CTSF	18
CTSL	43
CTSS	44
CTSV	18
HLA-DMA	23
HLA-DMB	28
HLA-DOA	24
HLA-DOB	25
HLA-DPA1	49
HLA-DPB1	47
HLA-DQA1	40
HLA-DQA2	40
HLA-DQB1	42
HLA-DQB2	40
HLA-DRB3	49
HLA-DRB4	39
HLA-DRB5	41
IFI30	10
LGMN	74
MFSD6	3
PIKFYVE	59
IKBKB	65
LNPEP	23
CD1A	9
CD1B	9
CD1C	12
CD1D	23
CD1E	9
ABCB9	11
CALR	88
PDIA3	25
SAR1B	41
TAPBP	21
TAPBPL	5
MARCHF1	19
MARCHF8	17
BANK1	16
BCL2	84
BLK	13
BLNK	16
BMX	10
BTK	44
BTN1A1	4
BTN2A1	5
BTN2A2	10
BTN3A1	10
BTNL2	4
BTNL3	4
BTNL8	4
BTNL9	4
CD19	21
CD276	13
CD28	39
CD38	20
CD4	48
CD79A	10
CD79B	7
CD8B	11
CTLA4	24
DENND1B	12
EIF2B1	15
EIF2B2	23
EIF2B3	15
EIF2B4	19
EIF2B5	23
ERMAP	4
FCHO1	12
FYB1	10
FYB2	7
FYN	93
HHLA2	10
ICOSLG	14
INPP5D	28
KHDRBS1	40
LAT	24
LAT2	9
LAX1	14
LCP2	10
LIME1	4
MALT1	43
MNDA	27
MOG	6
MS4A1	17
NCKAP1L	88
NFAM1	17
NFATC2	31
NFKBID	11
NFKBIZ	17
PDE4B	39
PIK3CD	62
PLCG1	45
PLEKHA1	20
PRAM1	8
PRKCB	45
PRKD2	66
PTPN22	88
PTPRC	117
PTPRJ	80
RBCK1	13
RC3H2	23
RFTN1	22
RIPK2	51
RNF31	27
SH2B2	9
SIVA1	19
SKAP1	32
SLC39A6	18
SPG21	6
SPPL3	20
SYK	121
TEC	13
THEMIS	4
THEMIS2	6
THY1	62
TNFRSF21	28
TRAF6	99
TRB	6
TXK	26
UBE2N	50
VAV3	24
VTCN1	14
WNK1	80
ZAP70	24
ZNF683	26
CCL1	30
CCL11	39
CCL13	21
CCL14	20
CCL15	23
CCL16	18
CCL17	6
CCL18	14
CCL19	100
CCL2	90
CCL20	16
CCL21	97
CCL22	17
CCL23	22
CCL24	29
CCL25	27
CCL26	35
CCL27	17
CCL28	24
CCL3	116
CCL3L1	17
CCL4	31
CCL4L1	16
CCL5	135
CCL7	30
CCL8	25
CX3CL1	111
CXCL1	18
CXCL12	65
CXCL13	45
CXCL14	5
CXCL2	7
CXCL3	8
CXCL5	18
CXCL6	17
CXCL8	65
DEFB118	14
DEFB126	4
DEFB127	4
DEFB130A	9
DEFB131A	16
F2	71
GALP	4
GNLY	9
HAMP	33
HMGN2	8
HRG	67
HTN1	21
HTN3	11
KNG1	31
KRT6A	21
LEAP2	3
LGALS3	73
MUC7	6
NPPB	35
NTS	14
PF4V1	15
PGLYRP1	20
PGLYRP3	8
PGLYRP4	8
PPBP	25
REG1A	11
REG1B	11
REG3A	28
REG3G	24
RPL30	24
RPS19	48
S100A12	33
S100A7	36
S100A9	58
SPAG11B	2
STATH	7
TOR2A	11
TSLP	46
XCL1	93
XCL2	15
AZU1	57
COLEC11	16
CST9	2
CST9L	2
F2RL1	110
LYZ	17
PRSS2	25
PRSS3	15
PRTN3	34
SLC11A1	88
AKAP1	4
APOBEC3F	29
APOBEC3G	25
ATAD3A	21
CARD8	42
CLPB	8
DHX15	19
DHX16	13
DHX35	21
DHX58	32
DUOX1	41
DUS2	12
EIF2AK2	54
IFIH1	36
IFIT1	14
IFIT1B	5
IFIT2	10
IFIT3	10
IFIT5	18
IRF3	44
MAVS	78
MORC3	28
MX1	24
NCK1	52
NLRP1	42
NMB	26
NMBR	15
OAS1	58
OAS2	27
OAS3	41
OASL	21
OTUD4	20
PBLD	17
PDE12	29
PHB2	45
PRKRA	24
RELA	137
RIGI	56
RNF135	24
RPSA	18
SENP7	9
SERINC3	8
SERINC5	12
SMARCA5	46
STING1	69
TBK1	56
TMEM120A	10
TNF	237
TRAF3	44
TRAF3IP3	18
TRIM21	58
TRIM25	28
TRIM31	18
TRIM6	44
TRIM65	26
TRIM7	7
UBE2W	24
UBL7	5
USP18	17
USP20	21
USP44	32
USP7	51
ZBP1	27
ZDHHC1	17
ZDHHC11	16
ZDHHC11B	7
ADAMTS9	20
EFEMP2	27
HECTD1	14
LRP1	84
PDGFRB	77
PKD2	128
ROBO1	54
ROBO2	42
TBX2	51
TFAP2B	54
ACVRL1	98
DLL4	57
ENG	99
MYLK	26
RBPJ	65
ADAMTS19	20
ADAMTS5	25
AXIN2	40
BMP4	194
EFNA1	37
ELN	10
EMILIN1	62
GATA5	35
NFATC1	36
NOS3	83
NOTCH1	181
NPPA	43
RB1	84
SLIT2	88
SLIT3	28
SMAD6	64
SNAI1	52
SNAI2	75
SOX9	148
TBX20	58
TIE1	19
TWIST1	81
APC	89
ARL2	42
CLDN1	31
CLDN19	31
CLDN3	43
CLDN6	10
CLDN9	10
CTNNA1	16
ESAM	15
FBF1	11
FRMPD2	8
GRHL2	37
MARVELD2	14
MARVELD3	21
MPP7	15
OCEL1	6
PARD3	40
PDCD6IP	45
PECAM1	41
RAB13	43
SLC39A9	17
STRN	23
ATP8B1	23
CELSR1	25
GOPC	15
INSC	6
MAL	10
VANGL2	17
CECR2	11
DFFB	14
DICER1	56
DNASE1L3	19
DNASE2	10
DNASE2B	4
ENDOG	26
EXOG	16
FOXL2	25
ADGRB1	43
ALOX15	57
FCN1	22
FCN2	16
FCN3	16
HAVCR1	16
ITGAV	73
MEGF10	19
RARA	76
TGM2	54
THBS1	150
TIMD4	4
TREM2	182
TYRO3	41
TYROBP	70
XKR4	3
XKR6	3
XKR7	3
XKR8	9
ACIN1	23
ERN2	25
TOP2A	33
AIFM2	23
ATG3	20
ATP2A1	48
BAK1	55
BAX	67
BBC3	36
BCL2A1	18
BCL2L1	61
BCL2L10	24
BCL2L2	17
BID	32
BIK	15
BNIP3	56
BNIP3L	25
BOK	56
CASP2	33
CCAR2	47
CLU	110
DNM1L	50
ERBB4	72
FZD9	42
GGCT	6
HSPD1	67
MCL1	39
NAIF1	9
PTPMT1	12
SFN	42
SOD2	43
THEM4	13
TIMM50	18
VPS35	56
BLCAP	1
CDK5RAP3	73
DEDD2	19
AATK	5
ADAM15	28
AHR	55
AIFM1	24
ALOX15B	53
APAF1	17
ARHGEF6	9
ATCAY	11
ATN1	9
BCL2L11	38
BCL2L13	3
BCL2L14	6
BCLAF1	25
BNIP1	17
BNIP2	9
BNIPL	6
BRAT1	19
C19ORF12	7
CASP1	72
CASP10	19
CASP12	11
CASP3	51
CASP4	35
CASP5	18
CASP6	35
CASP7	30
CASP8	72
CASP9	23
CD14	40
CD2	19
CDK11A	37
CDK11B	39
CFLAR	40
CGB3	4
CGB7	4
CIB1	96
CIDEA	34
CIDEB	21
CIDEC	15
COL4A3	24
CSRNP1	8
CYFIP2	18
DAB2IP	169
DAP	6
DAPK1	40
DAPK3	53
DCC	20
DDIT4	16
DDX41	9
DFFA	7
DIABLO	14
DMPK	30
DOCK1	24
DPF1	28
DPF2	33
DUX4	25
EFNA5	38
EI24	6
EMP1	4
EMP3	3
EP300	119
ERBB3	54
ERCC2	28
ERCC3	34
ESPL1	28
FADD	68
FAM162A	10
FAP	29
FAS	39
FASLG	31
FASTKD2	17
FEM1B	17
FOXO1	75
FXR1	66
GADD45A	39
GLRX2	12
GML	7
GULP1	4
GZMA	18
GZMB	26
GZMH	7
GZMM	7
HIPK1	25
IER3	7
IFI27	28
IFI27L1	3
IFI27L2	3
IFI6	24
IFNA2	38
IFNG	136
IFT57	12
IL13	53
IL13RA2	21
IL1A	72
IL1B	205
IL20RA	22
IL20RB	19
IL24	7
IL2RA	17
IRF1	50
ITGB2	60
JADE1	36
KREMEN1	6
LALBA	8
LGALS1	29
LIG4	52
LONRF2	10
MAGEH1	9
MAGI3	4
MAP3K10	20
MAP3K5	39
MCM2	20
MELK	15
MRPS30	6
MYC	99
NAE1	14
NCKAP1	31
NGF	38
NGFR	36
NLRP3	74
NME3	27
NOD1	30
NOTCH2	48
NOX5	25
OGT	78
PAEP	8
PAK4	26
PAK5	10
PAK6	11
PAX3	17
PDCD1	20
PDCD2L	1
PDCD4	42
PHLDA2	2
PIDD1	22
PLAGL1	15
PLK3	57
PLSCR3	19
PMAIP1	43
PML	88
PPARD	59
PPP1R15A	27
PRF1	22
PRKCD	104
PRKCE	47
PRUNE2	1
PSMB5	28
PSMB6	25
PSMB7	27
PSME3	14
PYCARD	143
RAF1	38
RELT	1
RFK	6
RNF152	25
RRAGC	42
RTN4	89
SEMA6A	34
SEPTIN4	36
SFRP5	22
SMNDC1	5
STK3	34
STK4	42
TAOK2	50
TCHP	12
TIA1	22
TIAL1	21
TMEM219	13
TNFRSF19	7
TNFRSF25	5
TNFRSF9	4
TNFSF10	21
TNFSF12	18
TNFSF14	26
TP53AIP1	3
TP53I3	4
TP63	42
TRADD	38
TRAF7	23
TRAIP	19
TRPC5	18
VDAC1	40
YARS1	6
ZBTB16	46
ZNF212	16
ZNF385A	23
ZNF443	7
ALOX12	33
ALOX12B	30
ALOX5	70
ALOXE3	22
AWAT1	8
CTHRC1	3
CYP1A1	33
CYP1B1	58
CYP2A6	12
CYP2A7	8
CYP2B6	12
CYP2C18	10
CYP2C19	14
CYP2C8	28
CYP2C9	25
CYP2D7	7
CYP2E1	22
CYP2F1	7
CYP2J2	20
CYP2S1	18
CYP2U1	11
CYP4A11	31
CYP4A22	20
CYP4F11	21
CYP4F12	28
CYP4F2	39
CYP4F3	23
CYP4F8	15
CYP4Z1	7
EPHX1	9
FAAH2	7
GPX1	41
GPX4	23
PLA2G10	58
PLA2G4B	31
PLA2G4C	38
PTGS1	9
PTGS2	44
BDKRB2	18
ARG1	27
NOS1	71
NOS2	53
OAT	9
ACMSD	12
AFMID	6
AMDHD1	6
FAH	11
GSTZ1	10
HAL	6
HDC	8
HGD	10
HNMT	12
HPD	16
KYNU	16
TDO2	10
UROC1	6
SLC66A1	19
HOXA1	25
NRP1	103
SLC2A10	40
FOLR1	40
FOXF1	37
HPGD	23
LRP2	73
TGFB2	171
ASNS	10
GOT1L1	4
HACL2	8
BRSK1	44
FOXB1	20
NETO1	12
PLN	38
RELN	64
RGS14	42
SHANK2	28
SHANK3	73
TAFA2	6
CLASP1	65
CPAP	37
KPNB1	41
LIMK2	18
MISP	19
NUMA1	62
PDE4DIP	13
PLK1	98
RAB11A	83
TACC1	11
TACC2	5
TACC3	14
TPPP	45
AGER	77
C1QA	16
CNTF	31
GRN	71
IFNGR1	26
CDK6	51
DLL1	87
ANK2	67
KCNJ3	24
KCNJ5	21
KCNN2	20
GJB6	20
HCN4	49
SHOX2	18
TBX5	58
ISL1	107
MDM4	38
NPHP3	36
ZFPM1	40
SOX4	77
GATA6	64
MAML1	21
DCHS1	10
OLFM1	24
GPAA1	7
PGAP1	11
PIGK	6
PIGS	4
PIGT	5
PIGU	11
AURKB	91
BOD1	17
CDT1	18
CENPC	12
CENPE	30
CHAMP1	15
KIF2C	21
MAD1L1	19
MAPRE1	38
MIS12	11
NDC80	29
NUF2	12
RMDN1	9
SEH1L	20
SKA1	32
SKA2	17
SKA3	24
CNTNAP2	24
HTT	51
ANKRD24	5
CLRN2	6
PDZD7	14
REST	79
STRC	4
TPRN	13
WHRN	15
FZD1	32
HILPDA	17
IL6ST	91
ASCL1	52
EDNRB	25
FN1	52
GFAP	19
KIF26A	13
NTRK1	67
PHACTR4	21
PHOX2B	48
SEMA3A	44
SOX10	33
SOX11	82
AMBRA1	48
AP4M1	23
ARFIP2	26
ATG10	11
ATG101	13
ATG12	29
ATG13	29
ATG14	38
ATG16L1	15
ATG16L2	4
ATG2A	23
ATG2B	15
ATG7	34
ATG9A	26
ATG9B	23
ATP2A2	45
BECN1	63
BECN2	12
ELAPOR1	17
EMC6	8
GABARAPL1	24
GABARAPL2	31
IRGM	108
IRGQ	13
LRBA	7
MAP1LC3A	21
MAP1LC3B	22
MAP1LC3B2	19
NSFL1C	25
PACS2	10
PIK3C3	46
RAB19	9
RAB1A	36
RAB1B	26
RAB23	29
RAB33A	9
RAB33B	27
RAB35	39
RAB43	25
RAB7A	62
RB1CC1	25
RUFY4	25
SMURF1	63
STX12	17
STX17	29
TMEM41B	8
TOM1	28
TP53INP1	19
TP53INP2	9
TRIM32	86
UBQLN2	19
UBXN2A	28
UBXN2B	24
ULK1	55
ULK2	24
ULK3	20
VMP1	21
WDR45	23
WDR45B	18
WIPI1	32
WIPI2	22
AFG2B	23
CALM1	59
CHMP1A	66
CHMP1B	56
CHMP2A	69
CHMP2B	59
CHMP3	64
CHMP4A	59
CHMP4B	70
CHMP4C	59
CHMP5	64
CHMP6	61
CHMP7	55
EPG5	11
LAMP2	54
LIX1	3
LIX1L	3
MFSD8	16
PIK3R4	39
RUBCNL	15
SNAP29	25
SNX14	11
TECPR1	18
TSG101	46
UVRAG	37
VAMP7	50
VAMP8	60
VCP	117
VIPAS39	14
VPS16	19
VPS33A	22
VPS33B	31
VPS39	21
VPS4A	72
VPS4B	56
VTI1B	31
ATP13A2	72
DNAJC16	3
ZFYVE26	24
C9ORF72	47
PLEKHM1	13
RAB2A	23
RAB39A	19
VPS11	43
VPS18	33
VPS41	21
ARHGAP26	10
CISD2	9
CLEC16A	17
CTSK	25
EIF2S1	27
FBXL4	19
FBXO7	41
FUNDC1	8
FUNDC2	12
MARK2	39
NIPSNAP1	7
NIPSNAP2	10
PINK1	137
RIMOC1	3
SNX30	15
SNX7	15
SPATA18	12
SPATA33	5
UBXN6	16
ACBD5	13
ATM	111
PEX2	39
PEX5	37
PJVK	11
USP30	26
DCTN1	51
TMEM230	6
GAP43	11
ROBO3	10
ACTBL2	17
ACTG1	50
ACTL8	16
AFG3L2	26
AMIGO1	26
APBB1	35
APLP1	16
APLP2	17
ARHGAP35	40
ATL1	23
ATOH1	22
ATOH7	23
BHLHA15	21
BHLHE22	13
BHLHE23	13
BRSK2	34
CAMSAP2	20
CCK	15
CDHR2	22
CELSR3	12
CNTN4	26
CRTAC1	5
CSPG5	22
CTNNA2	24
DCHS2	9
DOCK7	33
DSCAML1	21
EPHA5	23
EPHB2	79
EPHB3	33
FAT4	15
FGFR2	105
GPM6B	24
ISL2	20
KLF7	33
L1CAM	23
LLGL1	40
MAP1B	27
MAP1S	43
MAP7D2	10
NEFH	22
NEUROD2	34
NEUROD6	10
NEUROG2	13
NEUROG3	23
NMNAT2	15
NRCAM	30
NREP	9
NTNG1	15
NTNG2	15
OLIG1	10
OLIG2	13
OLIG3	13
PAK3	30
PARD6B	21
PAX2	93
PLPPR4	22
POTEE	17
POTEF	16
POTEI	16
POTEJ	16
POU4F1	64
RAB10	53
RAB3A	44
RAB8A	49
RTN4RL1	18
RTN4RL2	16
RYK	50
S100A6	16
SEMA5A	61
SHTN1	33
SLC25A46	15
SLITRK1	24
SLITRK2	18
SLITRK3	17
SLITRK4	11
SLITRK5	10
SLITRK6	12
SMN1	17
SPTBN4	33
SSNA1	16
SVBP	17
VASH2	18
WNT7A	87
ZDHHC17	26
ZPR1	37
B4GALT5	29
B4GALT6	21
CADM4	37
CFH	19
CNTNAP1	17
MYRF	22
ALCAM	17
AUTS2	24
CYFIP1	43
DCLK1	9
NRP2	30
PPP3CB	56
SEMA3F	28
SEMA5B	15
SLC9A6	27
SLIT1	15
ANOS1	5
ARHGEF25	8
ARHGEF40	7
ARK2C	10
BDNF	45
BOC	12
BSG	43
CDK5R2	14
CHN1	12
CNTN1	11
CNTN2	15
CNTN5	9
CNTN6	13
DAG1	66
DPYSL5	13
DRAXIN	8
DSCAM	27
EFNA2	8
EFNA3	14
EFNA4	8
EFNB1	9
EFNB2	28
EFNB3	14
EMB	9
EPHA10	11
EPHA3	46
EPHA4	85
EPHA6	9
EPHA7	29
EPHA8	24
EPHB1	40
EPHB6	13
FEZ1	10
FEZ2	10
FZD3	21
GLI2	63
IGSF9	9
KALRN	20
KIAA1755	5
KIFC2	8
LGI1	23
LGR6	17
MYCBP2	34
NCAM1	8
NELL2	6
NEO1	7
NEXN	17
NFASC	18
NFIB	37
NOTCH3	12
NPTN	33
NRXN3	13
NTN1	23
NTN3	8
NTN4	7
OPHN1	45
OTX2	33
PALLD	22
PLEKHG4	7
PLEKHG4B	10
PLXNA3	24
PLXNA4	17
POU4F2	58
PRKCQ	43
PTK2	103
PTPRH	10
PTPRM	26
PTPRO	35
RET	45
ROBO4	15
RPS6KA5	31
SEMA3B	16
SEMA3C	19
SEMA3D	15
SEMA3E	33
SEMA3G	22
SEMA4A	18
SEMA4B	15
SEMA4C	27
SEMA4D	53
SEMA4F	16
SEMA4G	15
SEMA6B	15
SEMA6C	18
SEMA6D	20
SEMA7A	30
SOS1	21
TENM1	40
TENM2	23
TENM3	18
TENM4	25
TNR	4
TRIO	18
TUBB3	22
UNC5A	5
UNC5B	12
UNC5C	14
UNC5D	4
USP33	29
WNT5A	180
APOD	37
ARMC10	11
ARMCX1	3
ARMCX2	3
ARMCX3	3
ARMCX6	3
DST	26
DYNC1H1	41
HIF1A	112
HSBP1	13
OPA1	60
SYBU	7
TMEM108	25
ACTR10	11
CFAP91	6
DNAJB13	8
HYDIN	7
RSPH9	14
SPAG17	13
SPEF1	30
CCDC39	32
CCDC40	35
CCDC63	4
CFAP100	21
CFAP73	5
CLXN	14
DAW1	11
DNAAF1	32
DNAAF10	5
DNAAF11	20
DNAAF19	19
DNAAF2	9
DNAAF3	5
DNAAF4	22
DNAAF5	6
DNAAF6	7
DNAAF8	2
DNAH1	6
DNAH17	9
DNAH2	10
DNAH3	9
DNAH5	16
DNAH7	9
DNAH8	8
DNAI1	12
DNAI2	13
DNAI3	15
DNAI4	6
DNAL1	5
DRC1	7
DRC2	11
ODAD1	5
ODAD2	9
ODAD3	10
ODAD4	10
SPAG1	4
TTC12	3
ZMYND10	7
CFAP206	13
CFAP46	4
CFAP74	8
CPLANE2	16
DRC4	30
FOXJ1	53
HOATZ	8
IFT56	15
JHY	6
LRGUK	7
LRRC23	4
PIERCE1	13
PIERCE2	10
RP1	19
RP1L1	8
RSPH1	12
RSPH4A	9
RSPH6A	10
SPACA9	11
SPAG16	7
STK36	18
TOGARAM1	19
TTLL3	13
TTLL8	10
PTEN	129
AICDA	26
AKAP17A	10
C3	69
CD180	15
CD22	25
CD40	39
CD40LG	38
CD86	44
CEBPG	32
CLCF1	29
CTPS1	22
DCAF1	24
DNAJB9	16
FCRL1	1
FCRL5	1
FLT3	43
FLT3LG	13
FNIP1	27
GPR183	25
GPS2	47
HDAC4	62
HDAC5	43
HDAC9	40
IFNA10	15
IFNA13	14
IFNA14	16
IFNA16	15
IFNA17	15
IFNA21	16
IFNA4	15
IFNA5	16
IFNA6	15
IFNA7	15
IFNA8	16
IFNB1	57
IFNE	17
IFNK	29
IFNW1	17
IL11	42
IL11RA	20
IL4	120
JAK3	65
KIT	75
KLF6	20
LYL1	16
LYN	145
NHEJ1	20
PAX5	14
PCYT1A	16
PIK3R1	95
PIK3R2	39
PIK3R3	29
PTPN2	77
RABL3	25
RAG1	26
RAG2	21
SLC39A7	13
TCF3	45
TOP2B	19
TPD52	10
VAV1	27
VCAM1	31
ZBTB7A	50
C17ORF99	4
EXOSC3	41
EXOSC6	28
GAPT	3
MSH6	36
RNF168	36
RNF8	45
SANBR	3
CH25H	16
CYP7B1	11
HSD3B7	10
IRF2BP2	8
SYVN1	28
CAMLG	17
DOCK10	21
DOCK11	13
PPP2R3C	8
TNFAIP3	95
TNFRSF13B	7
CD74	113
CSF2RB	13
FCER1A	9
FCER1G	21
FCRLB	2
IGLL1	2
IGLL5	4
IL21	48
IL21R	8
IL2RB	29
IL2RG	48
IL9R	7
LOC102723407	2
LOC102724971	2
TLR8	43
BMP5	60
BMP6	67
BMP7	86
BMP8B	10
BMPR1B	46
CHRD	23
DLX5	24
GDF1	5
GDF3	22
GDF5	26
HIVEP1	17
MAPK3	84
POU5F1	41
PPARG	167
RGMA	7
RGMB	6
RUNX2	30
SACK1G	7
SCX	51
SLC39A5	22
SMAD9	23
TGFBR3	81
TMEM100	12
TMEM119	26
USP15	37
USP9Y	13
A1CF	16
APOBEC1	20
APOBEC2	9
APOBEC3A	23
APOBEC3B	19
APOBEC3C	23
APOBEC3D	17
APOBEC3H	21
ADPRS	18
ANP32A	10
APEX1	48
APEX2	10
DNA2	33
ERCC5	28
ERCC6	63
FEN1	37
HMGA1	37
HMGA2	81
HMGB2	66
HUWE1	52
LIG1	11
LIG3	23
MPG	8
MUTYH	16
NEIL1	14
NEIL3	18
NTHL1	17
OGG1	35
PNKP	32
POLB	28
POLD1	26
POLE	22
POLG	22
POLL	18
POLQ	28
PRMT6	27
RPA1	29
RPA2	35
RPA3	14
RPS3	94
SET	22
SMUG1	11
TDG	28
TREX1	30
UNG	12
USP47	18
WRN	57
XPA	20
XRCC1	18
XRCC4	16
MBD4	17
NEIL2	8
COL8A1	12
COL8A2	11
PXDN	20
CLASP2	77
COL4A1	18
FLRT2	12
HMCN1	11
HPN	51
NID1	16
NID2	6
PHLDB1	2
PHLDB2	20
SLC25A15	18
SLC38A9	35
SLC15A4	36
MAPK8IP2	30
CRHBP	46
ARRB2	63
GSK3A	98
GSK3B	184
CA4	15
CFTR	54
CYB5R1	12
CYB5R2	9
CYB5R4	12
CYB5RL	5
SLC26A5	20
SLC26A7	20
SLC4A1	22
SLC4A10	18
SLC4A11	28
SLC4A2	28
SLC4A4	21
SLC4A5	6
SLC4A7	19
SLC4A8	37
SLC4A9	13
ABCB11	30
ABCC11	17
ABCC2	22
ABCC3	14
ABCD3	29
AKR1C1	47
CEACAM1	93
NCOA1	28
NCOA2	31
NR1H4	78
RXRA	58
SLC10A1	9
SLC10A2	7
SLC10A3	7
SLC10A4	7
SLC10A5	7
SLC10A6	7
SLC27A5	22
SLC44A3	7
SLC44A4	23
SLC44A5	10
SLC5A7	21
SLCO1A2	10
SLCO1B1	17
SLCO1B3	14
SLCO1B3-SLCO1B7	10
SLCO1C1	17
STARD5	11
ACOX2	14
AMACR	10
CYP39A1	10
CYP8B1	9
OSBP	27
OSBPL1A	14
OSBPL2	28
OSBPL3	9
OSBPL6	16
OSBPL7	16
OSBPL9	15
GBA2	39
NPC1	40
NR5A2	55
UGT2A1	8
UGT2A2	6
UGT2A3	6
ADAM18	10
ADAM2	10
ADAM32	10
FER1L5	17
FETUB	9
IZUMO1	10
LY6K	3
PCSK4	16
PRSS37	19
PRSS55	7
SPACA4	5
SPAM1	9
TEX101	7
UBAP2L	9
VDAC2	26
ZAN	2
ZP1	5
ZP2	8
ZP3	41
ZP4	17
ZPBP	5
ZPBP2	5
AANAT	13
ASMT	11
OAZ1	13
PNMT	5
PRG3	22
SAT1	8
SAT2	10
SMOX	8
ALDH7A1	23
CHDH	4
COMT	13
DMGDH	3
MAOA	12
MAOB	13
PAOX	9
TOMT	11
AMD1	6
ATP7A	79
DDC	10
OAZ2	12
ODC1	7
SMS	10
SRM	5
AMELX	22
CEMP1	4
COL1A1	34
DDR2	44
FAM20A	15
FAM20C	17
MEPE	4
OC90	9
OTOL1	8
OTOP1	13
TSPEAR	7
P2RX7	76
AVPR1A	13
CYB5R3	17
EDN3	47
EPO	32
F5	20
GUCY1A1	8
GUCY1B1	12
LPA	8
MYL2	33
MYL7	9
MYOF	20
NPR1	26
OLR1	10
RANGRF	36
SCPEP1	13
SERPING1	12
SGCD	16
SGCG	14
SGCZ	16
TBC1D8	9
TRDN	30
UTS2R	4
F10	19
THBD	21
APOH	47
F11	15
F12	27
F13A1	7
F13B	2
F8	17
F9	18
FBLN1	38
FGG	52
GP1BA	17
GP1BB	9
GP5	11
GP9	9
KLKB1	17
AGTR2	25
ECE1	41
EDN1	100
EDN2	39
GAB1	23
KCNMA1	25
KEL	8
KLF2	32
PER2	49
PTPN11	95
S100A1	15
SERPINF2	56
ADTRP	41
CLEC14A	5
CTNND1	31
EGR3	27
EHD4	25
EPHB4	13
FGF2	110
GPLD1	64
ID1	18
MIA3	36
MICALL1	35
NR4A1	42
PACSIN2	29
SOX18	37
BMPER	18
NRARP	12
AGGF1	8
CCBE1	15
CCM2	16
CUL7	34
EGFL7	8
EGFL8	4
FLT1	38
FLT4	52
GLMN	34
HAS2	41
ITGB8	21
LOX	14
RASA1	35
RASIP1	18
SOX17	54
APLN	31
CSN2	9
CSN3	4
GUCA1B	13
BGLAP	31
CTDSPL2	14
CYP26B1	26
DYM	5
EPYC	3
FGF8	41
FGFR3	40
GH1	40
IFITM5	3
LRRC17	5
MMP13	21
MYOC	57
NOTUM	18
OGN	15
OPTC	5
OSR2	52
P3H1	23
PPIB	25
RANBP3L	10
RPL13	19
SBDS	21
SFRP4	42
SLC10A7	8
STC1	27
SULF1	49
SULF2	31
TFAP2A	63
TP53	150
VKORC1	5
WNT1	62
ACP5	6
GPR55	12
IL7	40
RAB3D	15
TPP1	29
ZNF675	33
NOPCHAP1	2
NUFIP1	15
PIH1D1	32
PIH1D2	9
RUVBL1	48
RUVBL2	64
TAF9	57
ZNHIT3	11
ZNHIT6	14
CTSH	62
MME	45
XPNPEP1	15
ABCB6	46
ADGRG1	35
AFF2	15
AFG2A	15
AIM2	33
AMIGO2	11
AMIGO3	7
ARNT2	24
ATXN1	22
ATXN1L	12
BBS2	31
BBS4	61
BPTF	19
CA10	3
CAPN15	7
CDK5RAP1	23
CDK5RAP2	42
CENPF	27
CHD8	30
CIC	12
CLN5	26
DHX37	18
DISC1	22
DLX2	25
DMBX1	14
DNAJC30	5
EEF1AKMT4-ECE2	17
EGR2	43
EML1	16
EMX1	18
EMX2	15
FOXG1	11
FOXR1	13
GIT1	40
GIT2	14
GPR158	16
GRIN2C	35
GRIN2D	38
GSX1	16
HESX1	21
HSPG2	37
IER3IP1	17
KDM4B	14
MACROH2A2	31
MAST1	17
MATCAP1	8
MDGA1	13
MEIS1	21
MEIS2	29
MEIS3	21
MFSD2A	52
MKKS	37
NCOA6	22
NES	24
NIPBL	55
NKX2-1	44
NKX2-2	11
NNAT	8
NOTO	15
PAX4	17
PAX6	46
PBX1	27
PBX2	19
PBX3	17
PBX4	20
PCDH18	2
PHF8	33
PHGDH	9
PLXNB2	39
POMK	12
POU6F1	16
PTCH1	58
QARS1	24
RAB18	27
RAB3GAP1	39
RBBP4	46
RBBP7	44
ROGDI	8
RTN1	18
RTN2	24
RTN3	19
SCYL2	10
SETD1A	17
SIX3	45
SLC23A1	22
SMARCA1	25
SMG9	14
SOX1	22
SOX12	25
SOX14	21
SOX15	33
SOX2	47
SOX21	19
SOX3	26
SOX6	39
SPEF2	12
TBC1D23	9
TBR1	13
TMX2	6
TUBGCP2	17
UBE3A	28
UFC1	14
UFM1	21
UGP2	12
UTP3	13
VAX1	15
VAX2	18
VCX	11
VCX2	2
VCX3A	7
VCX3B	7
VCY	2
VPS51	11
ZIC1	24
ZIC2	16
ZNF335	25
ACADSB	12
AUH	14
BCAT1	13
HIBADH	8
HMGCL	21
HMGCLL1	12
LLGL2	26
NOTCH4	39
SFRP2	67
CITED1	68
FOXD1	22
HOXA11	32
HOXD11	17
NPNT	24
PAX8	61
SIX1	69
TCF21	53
EPHA2	54
FGF10	73
MET	35
PAK1	64
PKD1	85
PKHD1	39
ADIG	14
EHMT1	32
METRNL	13
PPARGC1A	62
PRDM16	48
SLC39A13	17
YTHDC1	27
ANKS4B	8
CALML4	7
CDHR5	13
CACNA2D1	38
CTNNA3	13
DSC2	30
DSG2	54
DSP	71
JUP	84
PKP2	56
TNNI3K	12
HOPX	13
ID2	63
IRX3	27
ENTREP1	16
WBP1L	3
AKR1B1	24
CYP11A1	26
FSHB	24
LHB	11
STAR	26
TSPO	22
AKR1C2	39
AKR1C3	85
DHRS2	20
SLC25A10	18
PDE4A	12
ATF1	14
CREB1	49
CREBBP	56
CREM	20
MROH2B	5
SRCAP	15
PTPN6	76
TRAF2	64
PDP2	5
TOX	22
ITGA5	28
TNIP2	34
TRAF5	22
CHKA	19
CHKB	7
CHPT1	14
PCYT1B	8
CENPA	26
CENPI	8
CENPW	10
HJURP	10
MIS18A	5
MIS18BP1	3
NASP	9
OIP5	8
CGAS	32
GUCY2C	6
GUCY2D	15
GUCY2F	13
NPPC	13
NPR2	9
PDE9A	15
ARFGAP2	5
ARFGAP3	9
GBF1	45
TMED10	45
TMED2	34
TMED9	20
CSNK1D	47
KLHL12	22
PDCD6	53
PEF1	23
PPP6C	14
PREB	15
SAR1A	34
TRAPPC1	10
TRAPPC11	9
TRAPPC12	16
TRAPPC2	9
TRAPPC2B	15
TRAPPC2L	8
TRAPPC3	12
TRAPPC4	9
TRAPPC5	6
TRAPPC6A	8
TRAPPC8	9
SCAP	26
SEC13	35
SEC23A	13
SEC23B	7
SEC24A	17
SEC24B	17
SEC24C	17
SEC24D	17
SEC31A	20
SEC31B	15
SURF4	19
TBC1D20	27
VAPA	49
CSDE1	22
HNRNPD	36
IGF2BP1	26
IGF2BP2	21
IGF2BP3	21
PABPC1	37
PAIP1	14
SYNCRIP	35
YBX1	42
DIS3	26
EXOSC10	46
EXOSC2	39
ZCCHC7	12
SLC11A2	51
SLC30A1	33
SLC39A2	12
ADGRB2	5
LACRT	44
NFAT5	30
NFATC3	30
NFATC4	30
ORAI1	26
PPP3CA	66
PPP3CC	19
PPP3R1	22
CALM2	50
CALM3	45
CALML3	12
PPP3R2	15
ATP2B1	30
ATP2B3	18
SLC24A4	40
SLC35G1	5
SLC8A1	77
SLC8A2	44
SLC8A3	47
ALPL	18
ATP13A1	6
ATP13A3	10
ATP13A4	11
ATP13A5	6
ATP2A3	27
ATP2B4	73
ATP2C1	38
ATP2C2	16
ATP6V1B1	26
CALB2	11
CASQ2	37
CCR1	54
CCR2	97
CHERP	14
CIB2	10
CIB3	5
CTRC	8
CYP27B1	37
DHRS7C	15
GCM2	21
ITPR3	31
JPH2	33
RGN	13
RMDN3	10
RYR2	74
S100A14	20
SELENON	10
SLC24A1	29
SLC24A2	26
SLC24A3	23
SLC24A5	15
SLC8B1	26
SPPL2C	21
STC2	12
TMEM203	3
TMTC2	7
TPCN2	51
TPT1	26
TRPA1	24
TRPV5	18
TRPV6	17
WFS1	53
ZNHIT1	22
CACNA1F	18
CACNA1I	11
CACNA1S	23
MCUR1	8
MICU1	28
NALF1	12
NALF2	7
TRPC4	24
TRPM1	21
TRPM2	56
TRPV1	36
TRPV2	18
JPH1	11
JPH3	10
JPH4	10
CACNA2D2	11
CACNA2D3	11
CACNA2D4	14
CACNG1	11
GHITM	21
LETM1	22
LETM2	4
MCOLN1	51
MCOLN2	13
MCOLN3	18
MCU	32
MCUB	20
MICU2	17
NALCN	21
P2RX1	21
P2RX2	21
P2RX3	23
P2RX4	79
P2RX5	26
P2RX6	13
PKD1L3	27
PMPCB	12
RYR1	51
RYR3	37
SMDT1	12
TMCO1	15
TMEM165	21
TRPC1	28
TRPC3	21
TRPC4AP	17
TRPC6	22
TRPC7	13
TRPM3	19
TRPM5	15
TRPM6	15
TRPM7	21
TRPM8	11
ANXA6	26
ATP2B2	29
CACNG3	22
CACNG6	11
CACNG7	19
CACNG8	24
CATSPER1	9
CATSPER2	7
CCR5	31
CDH23	16
CHRFAM7A	12
CNGA1	20
CNGA2	26
CNGA4	26
CNGB1	40
CRACR2B	2
GRIN3A	33
HTR3A	10
HTR3B	10
HTR3C	8
HTR3D	8
HTR3E	8
ITPR1	40
KCNN4	32
ORAI2	4
ORAI3	4
SELENOK	11
SLN	29
SRL	2
DOC2B	17
STXBP1	28
STXBP2	24
STXBP3	18
SYT7	37
RPH3A	20
RPH3AL	6
SYT11	61
SYT13	16
SYT2	26
SYT4	31
SYT8	16
DSG1	34
PCDH12	3
PCDHGB4	1
PCDHGC3	1
SELL	12
SELP	29
CLDN10	8
CLDN11	10
CLDN12	8
CLDN14	7
CLDN15	7
CLDN16	14
CLDN17	7
CLDN18	18
CLDN2	10
CLDN20	5
CLDN22	4
CLDN23	4
CLDN4	17
CLDN5	40
CLDN7	6
CLDN8	5
RASEF	10
RIMS1	33
RIMS3	7
SDF4	17
TSPAN18	10
VAMP2	72
ACKR2	12
ACKR3	21
ACKR4	9
CAMKK2	24
CCR10	8
CCR4	10
CCR6	24
CCR7	93
CCR8	10
CCR9	10
CCRL2	15
CXCR1	25
CXCR2	31
CXCR5	12
CXCR6	8
EIF2AK3	55
FKBP1B	26
GNA15	11
KSR2	8
LRRK2	187
MCTP1	24
MCTP2	11
NCALD	11
PDPK1	54
PRKAA1	91
PTGDR2	11
RCAN1	9
RCAN2	6
RCAN3	7
SELE	28
SLC9A1	64
SPHK1	85
TNFSF11	46
TREML1	3
XCR1	11
ALDH1A3	24
C12ORF57	9
CEP290	34
CRYBA4	4
DTNB	10
EFEMP1	26
FBN2	27
FOXE3	25
IFT122	35
PITX2	37
PRSS56	7
SGCA	10
SGCB	10
SNTA1	20
SNTB1	6
SSPN	7
TSKU	29
KDM2B	35
TH	37
PROM1	17
SDK2	7
ADAM8	89
BCL3	42
BIRC2	62
BIRC3	44
CARD11	22
CHUK	27
DEFB124	23
HACD3	21
IRAK1	57
IRAK2	38
IRAK4	37
NFKB2	19
NFKBIA	47
NLRC3	41
NPM1	80
PRDX4	15
REL	23
RELB	20
TAB1	16
TAB2	28
TAB3	21
TLR7	47
TLR9	96
TRIM8	21
ADGRA2	16
BCL9	11
BCL9L	17
CSNK1E	25
DIXDC1	4
DVL1	51
DVL2	39
DVL3	28
FRAT1	10
FRZB	21
FZD10	16
FZD2	17
FZD4	37
FZD6	14
FZD7	47
FZD8	9
LRP6	40
NR4A2	40
RAB5A	54
RARG	36
SFRP1	128
TCF7	22
TCF7L1	18
TCF7L2	71
WNT10A	18
WNT10B	26
WNT16	26
WNT2	31
WNT2B	16
WNT3	38
WNT3A	73
WNT5B	35
WNT6	29
WNT7B	57
WNT8B	17
WNT9A	21
WNT9B	20
FOXK1	27
FOXK2	32
PFKP	13
PGAM1	16
EIF3D	6
EIF4G1	46
MIF4GD	7
SLBP	14
B3GALNT1	13
B3GALT1	10
B3GALT2	14
B3GALT4	15
B3GALT5	12
B4GALT1	32
FUT1	32
FUT2	23
FUT3	25
FUT4	33
FUT5	21
FUT6	27
FUT7	40
FUT8	18
FUT9	39
HAS3	18
MPDU1	7
ST3GAL2	28
ST3GAL3	20
ST3GAL4	31
ST3GAL6	22
ST6GALNAC1	12
ST6GALNAC5	15
ST6GALNAC6	21
ST8SIA6	21
AMY2A	10
ENOSF1	5
GBA3	22
MAN2B2	16
MAN2C1	5
MANBA	18
NAGA	15
NEU1	18
NEU2	16
NEU3	26
NEU4	19
A4GNT	12
ALG1	11
ALG10B	6
ALG11	7
ALG12	9
ALG13	10
ALG14	6
ALG1L2	6
ALG2	10
ALG3	10
ALG5	9
ALG6	8
ALG8	7
ALG9	8
AQP11	35
ARFGEF1	31
B3GALNT2	11
B3GNT5	15
C20ORF173	8
COG3	16
COG7	19
DAD1	11
DDOST	15
DPAGT1	7
DPM1	18
FKTN	20
G6PD	31
GAL3ST2	5
GAL3ST4	13
GALNTL5	5
GBA1	63
GBGT1	6
GCNT1	16
GMPPB	10
GOLGA2	48
GOLPH3	48
MGAT4A	21
MGAT4B	12
NUS1	21
PMM2	10
POFUT3	22
RFT1	7
SCCPDH	11
SERP1	16
ST3GAL5	15
ST6GALNAC2	12
ST8SIA2	21
ST8SIA3	22
ST8SIA4	21
TMEM59	20
TNIP1	37
AOAH	13
BPGM	5
FBXO17	11
FBXO2	21
FBXO27	11
FBXO44	16
FBXO6	19
FUCA1	17
GALE	9
GALK1	13
GALM	13
GALT	11
GLB1	29
MAN2B1	15
NCCRP1	16
NGLY1	10
STT3B	13
CPTP	26
HMMR	5
LYVE1	10
NPC2	27
PLTP	29
SLC15A3	13
SLC17A5	12
SLC25A19	16
SPNS1	8
STAB2	12
VLDLR	14
ALDH1B1	8
AMY1A	10
AMY1B	10
AMY1C	10
AMY2B	5
B3GAT1	9
B3GAT2	8
B4GALNT1	13
CASD1	4
COQ2	9
COQ3	11
FGGY	7
GALK2	5
GALNT7	8
GCNT3	11
GCNT4	9
GLA	28
GLO1	10
GNPTAB	10
GNPTG	8
MAN1B1	13
ME1	26
NAGPA	12
PGGHG	1
PHKA2	5
PHKG1	7
PIGQ	7
RPE	12
RPEL1	7
SHPK	24
SIAE	3
SLC2A2	15
SLC2A3	30
SLC2A4	29
SLC2A5	23
SLC2A8	19
SLC35A1	14
SLC5A2	17
ST6GAL2	7
ST6GALNAC3	17
ST6GALNAC4	13
ST8SIA1	13
ST8SIA5	13
TALDO1	8
TFF1	3
TKFC	17
XYLB	4
AQP1	75
AQP5	18
AQP6	18
HBA1	19
HBB	29
HBD	8
HBE1	8
HBG1	8
HBG2	8
HBZ	9
NAIP	36
NLRC4	35
UROS	9
FMO1	12
MPST	14
PON1	21
PON2	5
PON3	8
TST	12
TXN2	7
AS3MT	3
CYP4F22	6
GLUD1	27
GRHPR	14
GSTO1	18
GSTO2	8
HEMK2	20
MIF	72
NIT2	16
PCK1	48
PTGIS	36
SIRT4	29
SLC23A2	8
SLC2A1	35
TBXAS1	11
SLC13A3	18
SLC16A1	15
SLC16A3	9
SLC16A4	3
SLC16A5	4
SLC16A6	4
SLC38A7	17
SLC5A12	13
ALPK2	14
ALPK3	8
ASB2	26
LRRC10	7
ABCC9	24
BIN1	50
HCN1	39
HCN3	27
KCNH6	14
TMEM65	12
YWHAE	63
MSC	18
MSX1	39
MSX2	17
SPRY1	27
CPE	18
HAND1	34
ATP1A1	53
FGF12	33
HCN2	30
SCN7A	17
GPD1L	18
NEDD4L	57
ADPRHL1	3
NKX2-6	30
OBSL1	20
PDGFRA	70
PDLIM5	25
SORBS2	10
CBY1	20
GREM1	73
KDM6B	31
MYOCD	46
SIK1	39
SIRT6	126
DIPK2A	13
NDRG4	28
MYL3	15
MYL4	8
MYLK2	26
TNNI1	6
TNNI2	10
CAMTA2	9
INPP5F	32
FER1L6	11
PRMT1	68
RBP4	47
ZFPM2	25
MATR3	10
NACA	33
CRLS1	11
HADHA	15
LCLAT1	12
TAFAZZIN	13
TAMM41	8
ACADL	25
CRAT	13
SLC25A20	9
THRSP	10
COL11A2	11
COL2A1	21
CREB3L2	15
DDRGK1	68
FGF4	22
HYAL1	49
HYAL3	27
IHH	36
OSR1	79
RUNX1	67
RUNX3	48
SLC26A2	17
SLC39A14	48
SNORC	3
SNX19	8
SOX5	28
TRIP11	14
GCH1	31
RNF180	13
SNCAIP	11
SULT1A4	8
MAPK15	40
CAV2	44
MLC1	21
ABCC1	43
AGR2	31
BIN2	17
DEFB109B	6
DEFB110	6
DEFB130B	6
DOCK4	13
HBEGF	29
HGF	48
PDGFB	126
PIP5K1A	35
PLCB2	12
PLEKHG5	12
PLXNB3	32
ATP1A3	37
ATP1B2	37
CACUL1	12
CCNA1	13
CCNA2	19
CCNB1	40
CCNB2	12
CCNB3	9
CCND1	32
CCND2	28
CCND3	18
CCNE1	18
CCNE2	14
CCNF	20
CCNG1	11
CCNG2	9
CCNI	9
CCNI2	9
CCNJ	9
CCNJL	9
CCNO	18
CCNP	9
CDC25A	20
CDC34	27
CDC7	28
CDK1	81
CDK2	51
CDK3	16
CDK4	33
CDKN1A	87
CDKN1B	59
CDKN3	14
CUL1	59
CUL2	30
CUL4A	62
CUL4B	57
CUL5	36
DBF4	21
E2F3	30
EIF4E	33
EIF4EBP1	14
GPR132	7
GSPT1	19
HINFP	38
LATS1	59
LATS2	37
MAP3K11	19
NPAT	11
PIM2	25
PLK2	43
RBX1	164
RCC1	33
RPS6KB1	46
SKP1	66
SKP2	23
SPDYA	16
USP26	18
USP29	18
USP37	18
ZNF324	10
ABCB1	23
AKAP8	11
AKAP8L	22
ARPP19	21
AURKA	57
BIRC5	64
CCDC57	15
CCNY	20
CDC25B	26
CDC25C	23
CDK10	24
CDK14	14
CHEK2	50
ENSA	16
FBXL15	15
FBXL7	14
FOXM1	47
KDM8	17
LCMT1	23
MASTL	14
NEK2	23
PKMYT1	18
PPME1	10
TAF2	29
TPD52L1	14
UBE2A	30
USP22	34
WEE1	19
AGTPBP1	17
CEND1	4
FAIM2	18
GRID2	42
KNDC1	12
DBX1	3
MDGA2	4
SOX13	26
ZC4H2	18
CDC73	51
CTR9	30
LEO1	24
PAF1	33
RTF1	14
DBNL	27
DNER	13
DNM3	19
EGFLAM	5
FARP1	14
FLCN	69
FLRT3	20
GJA4	8
GPM6A	24
ITGA6	31
KIRREL3	10
LIM2	3
MYO9A	21
NLGN2	54
NLGN4X	41
NLGN4Y	21
PKP4	23
PLXNA1	15
PLXNA2	8
PLXNB1	36
PLXNC1	15
PLXND1	19
RAB29	54
SDK1	5
SPOCK2	18
TLN1	17
TLN2	8
VSIG10	5
ZDHHC2	41
C1QB	7
C1QC	12
DKK1	54
C1QL1	6
C1QL2	6
C1QL3	6
C1QL4	6
C1QTNF3	38
CBLN2	10
CBLN3	6
CBLN4	9
CD177	32
CSF1R	71
F2R	87
KIRREL1	7
MYADM	35
PARD6A	17
AJM1	4
APBB2	19
CTNND2	16
HMCN2	6
LIMS2	8
LRP4	41
MYOT	11
NBEA	5
PCDHGC4	2
PCDHGC5	2
PIN1	69
PPFIA1	15
PPFIA2	12
PPFIA3	9
PPFIA4	2
PRKCI	59
PRRT1	11
PTK7	22
RAB39B	12
RAB8B	33
SYN3	15
TGFB3	75
TJP2	24
TJP3	15
CRB2	32
ABITRAM	14
BTBD3	7
CDHR1	3
CFAP418	2
MAP2	36
MAP6	23
MEF2A	35
SDC2	16
TMEM106B	13
TMEM216	17
UNK	6
PARVB	12
PARVG	11
PDGFA	60
QRICH2	8
KIF17	8
NPHP1	10
PLEK	49
AKNA	14
CEP120	13
HOOK3	29
NUMB	21
NUMBL	9
PCM1	26
COLEC10	13
FFAR2	26
MASP1	25
MASP2	19
AKAP11	4
AKAP3	4
AKAP4	10
BMP15	7
BMP3	12
ECSIT	12
FOS	39
GDF10	15
GDF15	33
GDF9	12
HIPK2	59
INHA	33
INHBC	6
INHBE	8
JUN	62
MAGI2	52
PIAS2	30
RBPMS	19
WWTR1	31
ZMIZ2	18
A1BG	12
AHI1	25
AKT2	52
AKT3	24
ALK	30
ALKAL1	14
ALKAL2	14
ANGPT2	15
ANGPT4	27
ANGPTL1	4
ANKS1A	7
ANKS1B	4
ARHGEF28	9
ARHGEF7	37
ARTN	9
AXL	52
BCAR3	20
C2CD5	24
CASS4	19
CD7	7
CEP57	13
CHURC1	3
CLNK	6
CNKSR1	3
COL4A2	18
COL4A6	12
CRK	39
CSF1	54
CSF2RA	16
CSH1	15
CSH2	13
CSHL1	12
DDR1	27
DOCK3	9
DOK1	6
DOK4	2
DOK5	5
EFS	4
EPHA1	24
ERBB2	70
FER	61
FGF14	15
FGF16	25
FGF17	18
FGF18	35
FGF19	34
FGF20	24
FGF21	26
FGF22	17
FGF23	37
FGF3	18
FGF5	17
FGF6	17
FGF7	34
FGF9	30
FGFR1	53
FGFR4	40
FGR	57
FIBP	10
FLRT1	8
FOXC1	69
FOXC2	39
FOXO4	34
FRK	17
FRS2	19
FRS3	8
GALNT3	14
GFRA1	7
GFRA2	6
GFRA3	6
GFRA4	5
GH2	14
GIGYF1	7
GIGYF2	27
GP6	15
GRB10	29
GRB14	9
GRB2	43
GRB7	25
HCK	62
IGF1R	53
IGF2	52
IL31RA	30
INSR	98
INSRR	11
IRS1	63
IRS2	48
IRS4	9
KIF16B	30
KL	14
LTK	32
MAPKAPK3	20
MERTK	18
MMP2	27
MMP9	69
MPZL1	4
MST1R	17
MTCL2	15
MUC20	4
MUSK	22
MVP	21
NCK2	38
NGEF	14
NR4A3	67
NRTN	14
NTF3	36
NTRK2	48
NTRK3	36
PDE3B	31
PDGFC	30
PDGFD	20
PDK2	33
PDK4	26
PGF	19
PHIP	35
PIK3C2A	35
PIK3CB	57
PLAT	29
POLR1G	18
PRKD1	78
PSPN	9
PTK6	38
PTPRG	16
PTPRT	27
PXN	25
RAB14	49
RAPGEF1	28
ROR1	15
ROR2	16
ROS1	18
SAMD10	3
SAMD12	3
SH2D6	2
SHC1	39
SHC2	4
SHC3	10
SHC4	4
SHCBP1	7
SOCS2	35
SOCS7	13
SRMS	17
STAP1	42
STMN1	19
STXBP4	17
TEK	64
TIAM1	35
UBASH3B	18
VAV2	21
VEGFB	47
VEGFC	21
VEGFD	23
YES1	22
ZFYVE27	25
PTN	67
PTPRD	32
PTPRF	13
PTPRU	25
CSF2	42
CTF1	17
IFNAR1	17
IFNAR2	15
IFNL4	10
IL10RA	27
IL13RA1	15
IL15	54
IL15RA	17
IL2	56
IL23A	81
IL23R	72
IL26	28
IL27	25
IL27RA	25
IL4R	17
IL5	15
IL5RA	11
IL7R	35
JAK1	64
NMI	30
PIAS1	33
SOCS3	20
SOCS6	4
STAMBP	22
STAT1	78
STAT2	28
STAT6	28
TYK2	33
CRLF1	17
IL3	14
LEPR	31
LIF	42
THPO	32
LY96	24
PIK3AP1	12
SCIMP	31
TICAM1	41
TICAM2	35
TLR5	11
TNIP3	15
TRIL	4
FAT1	9
FAT3	3
MMP24	19
ICAM1	32
ICAM3	7
ICAM4	5
ICAM5	10
ITGA2B	9
ITGAD	4
ITGAL	17
ITGAM	41
ITGAX	33
PLPP3	43
CD9	30
GJB1	8
GJB2	10
MPDZ	7
PATJ	13
PKP1	47
PKP3	39
PRKCA	75
DSC1	19
CRB3	17
ACTN3	40
ADAMTS12	35
ADAMTS13	20
BCAM	4
CD63	35
CD96	1
COL13A1	9
COL17A1	12
COL3A1	31
CTTN	34
DLC1	43
ECM2	7
FBLN5	13
FERMT1	13
FERMT3	23
FRAS1	3
FREM1	2
FREM2	7
FREM3	3
ITGA1	17
ITGA10	4
ITGA11	10
ITGA2	15
ITGA3	37
ITGA7	6
ITGA8	9
ITGA9	7
ITGAE	2
ITGB4	17
ITGB6	4
ITGBL1	4
MADCAM1	13
MKLN1	7
MSLN	3
OTOA	1
PEAK1	18
PLAUR	47
PTPRK	40
RCC2	31
RSU1	7
SGCE	10
SIGLEC1	9
TESK2	9
THBS3	3
THSD1	5
TIMM10B	8
TMEM8B	3
TNN	13
TRIP6	21
TSPAN11	3
VTN	40
VWA2	6
LAMC1	38
PLEC	18
ABCA3	32
ACD	30
AEBP2	11
AP2M1	42
ARL6IP1	16
ARMC12	10
AXDND1	3
AXIN1	46
BAHD1	9
BAP1	30
BBLN	8
BCOR	26
BCORL1	11
BMI1	28
C1ORF146	10
CBX1	14
CBX2	14
CBX3	24
CBX4	32
CBX5	24
CBX6	12
CBX7	12
CBX8	14
CCDC146	7
CCDC181	8
CCDC66	38
CFAP53	16
CFAP58	12
CFAP61	10
CFAP65	6
CSNK2A1	58
CSNK2A2	29
DARS1	13
DET1	17
DNAJB12	9
DNAJB14	8
E2F6	18
EED	14
ELOB	33
EPOP	13
EPPK1	31
EZH1	18
EZH2	55
FANCA	11
FANCC	12
G2E3	13
GEMIN2	15
GEMIN5	21
GORASP2	13
H1-0	16
H2AB1	13
H2AB2	13
H2AC1	8
H2AC11	9
H2AC12	8
H2AC14	8
H2AC18	8
H2AC20	8
H2AC21	8
H2AC25	14
H2AC4	14
H2AC6	12
H2AC7	8
H2AJ	8
H2AL3	6
H2AP	6
H2AX	27
H2AZ1	25
H2AZ2	9
H3-3A	31
H3-4	13
H3-5	18
H3-7	14
H3C1	19
H3C13	13
H3Y1	14
H3Y2	14
HACD1	20
HDAC1	91
HDAC2	69
HDAC8	25
HORMAD1	15
HORMAD2	10
HSF1	65
IL1RAP	43
JARID2	20
KIFAP3	21
KLC3	4
KMT2D	27
KNTC1	22
KPNA3	8
KRT14	20
L3MBTL1	27
L3MBTL2	11
LCOR	22
LIN7A	18
LMNA	38
LMNB1	15
LMNB2	13
LPXN	21
MACROH2A1	75
MAGI1	13
MATN1	6
MAX	25
MGA	16
MITF	33
MPO	31
MTF2	17
NAPG	14
NEMF	11
NHERF2	15
NIFK	14
P3H4	16
PADI4	21
PALS2	6
PCDH17	3
PCGF1	16
PCGF2	14
PCGF3	16
PCGF5	17
PCGF6	13
PCLO	24
PEX14	31
PFN4	5
PHC1	12
PHC2	10
PHC3	10
PHF1	21
PHF19	14
PICALM	67
POLE3	26
POT1	39
PPID	30
PPIH	15
PPP2R1A	35
QSOX1	22
RANBP9	21
REPS2	7
RING1	17
RNF2	26
RSF1	28
RYBP	22
SCMH1	9
SHOC1	14
SIN3A	46
SIRT1	237
SIRT2	125
SMARCA2	59
SMARCA4	90
SMARCAD1	18
SNX9	42
SPTBN1	40
SPTY2D1	17
STAG3	11
STK25	23
STK33	20
STX7	30
SUV39H1	44
SUV39H2	32
SUZ12	21
SYCE1	12
SYCE2	12
SYCE3	14
SYCP1	19
SYCP2	13
TBC1D21	11
TEAD1	25
TEAD2	22
TEX11	11
TEX12	12
TEX15	17
TFAP4	47
TFDP1	28
THSD4	10
TINF2	22
TLCD1	7
TLCD2	7
TNP1	26
TRAF1	22
TRIP13	21
TSPAN4	6
TUBGCP4	16
UBR2	32
UHRF1	54
VAMP3	35
VCPIP1	26
VDAC3	14
WDR19	18
YAF2	13
YAP1	63
YTHDF1	29
YTHDF2	47
YTHDF3	28
YWHAZ	50
ZW10	33
ADAMTS15	12
ADAMTS4	19
DYRK3	30
EXOC8	19
KIF9	21
KLK4	10
KLK5	14
KLK7	13
MMP1	22
MMP10	15
MMP11	15
MMP12	38
MMP14	55
MMP15	20
MMP19	13
MMP3	37
MMP7	21
MMP8	41
NOXO1	11
PLAAT1	22
PLG	31
PRSS1	8
TMPRSS6	24
TPSAB1	8
LNPK	11
MTMR2	39
PICK1	47
PRNP	84
CD300C	6
CD5L	4
CLEC5A	11
DCDC2	23
FCMR	18
FOSL1	22
IL1RL2	12
KIR2DL4	19
KIR2DS3	4
KIR3DL2	6
KLRC2	17
KLRC3	13
KLRG1	2
LGALS3BP	6
LILRB2	58
LSP1	6
NCF1	19
NCF2	8
NCR1	9
NCR2	1
SPN	25
TCIRG1	32
TRAT1	17
VEZF1	12
ZNF148	15
HSBP1L1	5
HSPA6	13
NINJ1	28
OXSR1	35
RCSD1	12
STK39	48
WNK3	52
CAB39	21
SLC12A6	22
CHCHD5	3
ETFDH	11
HCCS	6
LYRM7	8
P2RY2	8
P2RY4	5
SSH1	16
TAF1	87
ADAMTS7	24
DLX1	34
VSTM2A	15
KLHL22	50
LARS1	22
RPTOR	72
RRAGD	30
SESN1	18
SESN3	16
STAMBPL1	12
UBR1	17
ACTR5	22
ATF4	81
ATR	50
CERS1	18
COPS9	12
CRIP1	13
DDB1	75
DDB2	19
EIF2AK4	45
ERCC1	26
ERCC4	35
FBXW7	70
INO80	49
KDM1A	72
MAP3K20	53
MAPK11	27
MAPK13	27
METTL3	62
MFAP4	12
N4BP1	31
NEDD4	79
NOC2L	28
NSMCE3	32
POLK	18
RHBDD1	29
RHNO1	22
RPL26	38
SDE2	21
SMPD1	55
TIMP1	36
TMEM161A	13
TRIAP1	31
USP28	21
XPC	20
YY1	46
ZBTB1	43
ATP6AP1	42
ATP6V0C	50
ATP6V0D1	44
ATP6V1A	39
ATP6V1D	45
ATP6V1E1	26
CAPN2	34
CPEB1	20
CPEB4	24
GLRA1	37
GLRA2	17
IPO5	27
LAMTOR1	52
LAMTOR2	28
LAMTOR3	30
LAMTOR4	24
LAMTOR5	38
NEURL1	35
NSMF	25
RRAGA	35
RRAGB	27
SPAAR	18
CHP1	76
KCNK9	23
PKD2L1	43
RAB11B	45
RAB11FIP5	21
SCNN1A	38
SCNN1B	32
SCNN1D	29
SCNN1G	34
ANKRD13C	10
BLM	70
BRCA1	106
CES1	46
DEFB104A	10
GPR155	22
KLF9	13
LARP1	40
MAP4K1	18
NFE2L1	33
PTGDR	7
RAD51	44
SLC5A5	33
SPHK2	62
SPIDR	25
GSTM2	27
ATF2	49
CASTOR1	11
DEPDC5	17
GCN1	16
IMPACT	15
ITFG2	12
KICS2	12
KPTN	14
MAPK8	69
MIOS	15
NPRL2	17
NPRL3	12
PRKCH	43
RNF167	29
SAMTOR	11
SH3GLB1	36
SZT2	17
WDR24	28
WDR59	16
CASTOR2	6
MAT2A	14
SNX6	31
SLC30A10	34
DDX3X	124
HNRNPA1	36
MKNK2	12
PPIF	23
ZFAND1	14
TLR1	20
TLR10	5
SH3GL2	33
CRTC1	13
CRTC2	17
CRTC3	13
IGFBP5	33
INPP5K	86
RAP1A	52
RAP1B	34
SLC26A3	20
PDE3A	22
MT1A	16
MT1B	16
MT1E	16
MT1F	16
MT1G	22
MT1H	16
MT1HL1	13
MT1M	16
MT1X	18
MT2A	20
MT4	13
SUMO1	54
ACER1	22
ADGRV1	30
ALOX5AP	15
BRAF	34
CARF	11
CHP2	30
CLIC4	26
CPNE1	47
CPNE2	6
CPNE3	27
CPNE4	6
CPNE5	10
CPNE6	19
CPNE7	13
CPNE8	6
CPNE9	10
GUCA1A	14
HPCA	9
ITPKA	20
ITPKB	20
ITPKC	20
KCNH1	21
LCE1D	5
MICU3	18
PRKAA2	58
RASA4	10
RASGRP2	14
ABL1	141
ABL2	48
ALB	27
ARNT	47
BRF2	15
CCS	13
CHCHD2	17
CIAPIN1	14
ERMP1	7
ETV5	16
FOXO3	59
GPX2	2
GPX3	7
GPX5	3
GPX6	2
GPX7	4
GPX8	5
GSR	9
HM13	20
HTRA2	59
KEAP1	25
LONP1	22
MLST8	41
MSRA	17
NDOR1	13
NFE2L2	74
NLK	36
NQO1	23
PAM	17
PNPT1	45
PRDX2	16
PRDX3	36
PRDX5	34
PRR5L	21
PYCR1	13
PYCR2	6
PYROXD1	7
RAD52	19
RBM11	12
SELENOS	57
SERPINB6	18
SETX	41
SRXN1	3
STK24	24
STK26	26
STOX1	32
STX2	14
STX4	64
SUMO4	21
TBC1D24	9
VKORC1L1	5
VRK2	18
CXCL17	31
DOCK8	17
DUSP1	38
GPR25	9
GPR75	6
LRCH1	9
RIPOR1	23
RIPOR2	46
SH2B3	43
SLC12A2	65
TFF2	8
TTC1	12
DNAJC3	24
SAXO1	14
ATP7B	21
PRND	5
NR3C1	49
SSTR2	16
SSTR4	11
SSTR5	18
UBE2L3	33
UGT1A1	34
UGT1A10	28
UGT1A4	33
UGT1A5	11
UGT1A6	25
UGT1A7	33
UGT1A8	32
UGT1A9	26
ZNF764	9
ACOD1	45
ADRM1	18
AQP4	18
ASAH1	38
ASAH2	34
BAG4	16
CACTIN	49
CBL	44
CD200	49
CD58	17
CDK9	52
CEBPA	62
CISH	8
CNTFR	16
CRLF2	15
CSF3	39
CSF3R	13
DCSTAMP	30
DUOX2	26
EDA	15
EDA2R	12
EDAR	3
EGR1	53
EPRS1	21
ERBIN	15
EREG	70
FCAR	35
GBP1	50
GBP2	32
GBP3	20
GBP4	13
GBP5	37
GBP6	12
GBP7	25
GREM2	5
GSDME	27
HAX1	38
HMHB1	8
IFI16	64
IFITM2	20
IFNGR2	10
IFNLR1	18
IL12RB1	55
IL12RB2	31
IL16	21
IL1F10	10
IL20	22
IL22RA2	7
IL31	5
IL36A	16
IL36B	20
IL36G	13
IL37	33
IL3RA	7
IRAK3	69
IRF5	44
IRF8	22
LIFR	17
LILRA4	20
LILRA5	41
LILRA6	7
LILRB3	13
LILRB4	82
LILRB5	7
LRP8	27
NLRP7	31
NR1D1	81
OCSTAMP	13
OSMR	13
P3R3URF	2
PDE1B	14
PID1	47
PIM1	49
PLP2	5
PSMC1	11
PSMC2	20
PSMC3	24
PSMC4	13
PSMC5	26
PSMC6	18
PSMD1	17
PSMD11	20
PSMD12	16
PSMD13	17
PSMD14	34
PSMD2	18
PSMD3	19
PSMD4	12
PSMD6	14
PSMD7	22
PSMD8	11
PSME1	13
PSME2	13
PYDC5	9
PYHIN1	28
RBMX	31
RHEX	8
RO60	7
RPL13A	30
SBNO2	24
SELPLG	8
SEM1	20
SIRPA	82
SMPD4	22
SOCS1	29
SOCS4	6
SOCS5	24
TANK	33
TPR	72
UBE2G2	16
UBE2K	28
USP10	31
ZFAND6	12
ZNF268	44
ACAA2	22
ADO	5
AQP3	21
COXFA4L2	3
CPEB2	19
EGLN1	17
EGLN2	20
EGLN3	16
EPAS1	28
FMN2	34
HIF3A	11
HP1BP3	15
HYOU1	16
NDRG1	24
NGB	7
NOP53	55
NPEPPS	16
OPRD1	17
P4HB	42
RGCC	81
STUB1	71
TBL2	10
TERT	67
TIGAR	26
GNB5	9
RGS9	9
MUL1	59
RIOK3	32
ZCCHC3	12
DUSP22	30
DUSP3	52
EEF1A1	40
EGFR	119
GAREM1	11
KNSTRN	13
PDE8A	18
PTPN12	18
SYAP1	26
EPOR	4
CCDC62	15
ESR1	67
ESR2	27
KAT5	106
MIMS2	16
MYOD1	50
MYOG	44
NCOA3	32
NRIP1	23
SSTR1	12
ARID5A	27
BCAS3	25
CDK12	29
NCOA4	23
PELP1	22
SERPINB9	18
SFR1	17
TRIM24	22
WBP2	28
KCNK10	12
PDK3	23
DSTYK	17
HDAC3	67
KLF4	91
MAP2K5	41
SREBF2	54
CRYAB	28
HRAS	61
TLK2	29
TMEM109	18
TSPYL5	16
XRCC5	47
XRCC6	42
PCK2	28
HSPA5	49
MTMR3	29
MYBBP1A	29
NUAK2	17
PLIN2	8
PLIN3	9
PRKAG1	31
PRKAG3	24
RRP8	22
TULP3	33
YWHAG	38
ERN1	57
LIN28A	36
NKX6-1	26
PDX1	29
PTPRN	16
PTPRN2	23
RAB11FIP2	14
RACK1	103
SELENOT	13
TRA2B	21
USF1	38
USF2	24
ZBTB20	28
ZNF236	11
ACAP2	9
CRKL	34
EHD1	49
GAS1	20
IBSP	8
KIDINS220	11
MAP2K3	23
PDCD5	24
PLK5	15
SPRY2	68
STMN2	30
URI1	28
WWOX	18
ANO1	29
DNAJA2	6
DNAJA4	10
DNAJB1	19
EEF1D	21
HIKESHI	9
HMOX1	58
HSP90AA1	74
HSP90AB1	63
IER5	12
TCIM	20
GABRB1	26
GABRB3	25
GABRG2	29
AVPR1B	22
BRD8	26
CCKAR	6
CTSB	26
GNRHR	2
GPR150	2
GPR22	2
NPFFR1	6
NPFFR2	5
PROKR1	2
PROKR2	2
QRFPR	2
SOST	21
TFPI	15
THRB	27
ANKZF1	12
CAT	27
FXN	40
NET1	21
OSER1	5
PPEF2	22
TXN	13
ZNF580	30
ATRX	35
DDI1	8
DDI2	12
DDX11	37
RTF2	8
TIMELESS	28
PDK1	16
ATP6V0A2	29
ATP6V1G1	18
VMA12	20
VMA22	15
CAPN10	18
DENND4C	11
INSIG1	30
INSIG2	19
KAT2B	76
MAPKAP1	44
PCSK9	63
PRKCZ	55
PRKDC	77
RAB31	36
SLC25A33	25
SLC27A1	28
SLC27A4	29
TBC1D4	5
TRARG1	14
TRIB3	52
IL1R1	41
RPS6KA4	26
ST18	20
TOLLIP	24
IL12A	93
CD300LF	20
IL17RD	14
IL17REL	8
SPI1	72
IL9	14
BABAM2	32
BARD1	61
BRCA2	35
BRCC3	38
CLOCK	46
CNOT12	19
HUS1	23
INTS7	20
KDM4D	26
NUCKS1	35
PRAP1	14
RAD1	14
RAD51AP1	25
RAD9A	21
RAD9B	12
SWI5	12
SLC25A39	9
TFR2	29
POSTN	9
TRERF1	17
KLRC1	20
KLRC4	10
KLRD1	19
UGCG	29
GPR52	5
GRK1	10
RGR	11
RHO	19
RRH	7
SAG	10
BRINP1	12
BRINP2	12
BRINP3	12
CARD16	25
CD274	61
CD68	19
CD80	40
CDON	16
FES	42
GFI1	31
GSTP1	76
LDOC1	16
LILRB1	100
MEIOSIN	11
MGST1	14
NFKBIB	8
NFKBIL1	18
NUGGC	15
PABPN1	26
PDCD1LG2	26
PLAA	34
PPM1E	18
SERPINE1	80
SNW1	56
STRA8	11
TESC	40
TRIM41	18
VIM	36
ZNF35	13
MTDH	35
CD81	62
LDLR	64
TXNIP	11
IL34	32
FBP1	42
SLC41A1	15
SLFN14	16
CASP8AP2	13
CHEK1	47
CRADD	20
HABP4	23
MAP2K4	11
MAP3K1	14
MAP3K14	6
MAP3K2	6
PIEZO1	19
PIEZO2	9
TMEM150C	8
TMEM87A	13
TNFRSF8	13
HVCN1	25
NEK7	24
ZNF658	14
AKIRIN2	24
DERL1	24
DNAJC18	5
KLHL15	15
RNF126	27
UBR4	36
UBR5	39
UFD1	26
CYRIB	39
NR1I2	31
P2RY6	18
CDKN2B	30
CSNK1A1	40
PLD1	31
PPP2CA	55
PTPN1	73
AGAP3	14
AMBP	30
BMAL1	60
CRYGD	10
ERCC6L2	13
MAPK9	28
PEX10	29
PEX12	34
PEX13	18
PLA2R1	13
TET1	40
IP6K2	34
ZNF16	29
ASIC1	16
KCNK18	14
EHMT2	27
KLF10	22
NUPR2	13
PPARA	86
SEC22B	27
SNAP47	12
SREBF1	47
TTC5	7
XPR1	8
YME1L1	26
ZFYVE1	22
ARHGEF10L	11
ERLIN1	19
ERLIN2	21
NPC1L1	23
CYGB	11
MB	10
PRDX1	14
SOD3	9
HSPB8	9
OPTN	41
PACRG	16
TM7SF3	12
TMBIM6	31
BAMBI	29
COL1A2	17
DAB2	60
FNTA	13
LRRC32	9
LTBP2	12
LTBP3	14
MSTN	36
NRROS	12
PSG9	15
TGFBR3L	13
TGFBRAP1	12
WFIKKN1	8
WFIKKN2	8
ZFYVE9	7
COMMD7	13
EIF5A	19
NR2C2	32
NSMAF	6
PLVAP	12
TMSB4X	40
TNFRSF11A	37
TNFSF18	23
TXNDC17	5
AZI2	4
IFITM1	24
IFITM3	20
IKBKE	35
SP100	54
TBKBP1	4
CIITA	23
IFNL1	44
IFNL2	6
IFNL3	8
ABCB10	19
AMFR	29
ASB11	17
CREB3	57
CREB3L1	38
CTH	22
DERL2	18
DERL3	12
EDEM2	10
EDEM3	8
HERPUD1	28
HERPUD2	3
PARP16	18
PARP6	12
PARP8	11
QRICH1	17
RHBDD2	5
RNF7	36
SERP2	3
TMBIM4	13
TMTC4	8
YOD1	21
ARF1	28
FMR1	107
LGALS8	3
POU2AF1	8
POU2F2	17
RRP1B	23
TOMM70	21
VWCE	1
CYP24A1	12
VDR	46
ACER2	35
PPM1F	43
RBM22	23
TFRC	69
ACAN	12
ADAM22	25
ADAM23	15
ALDH3A2	17
ANKLE2	18
BCAN	10
BTD	8
CHD7	34
CHST8	11
CYP26A1	17
DCX	11
DHX30	11
DRP2	3
ELP3	22
GLIS2	26
HAPLN1	5
HAPLN2	5
HAPLN3	5
HAPLN4	9
HPCAL4	6
IL1RAPL2	8
JRKL	4
LSR	15
MNX1	12
MSI1	6
MSI2	6
MTF1	16
NCAN	10
NHLH1	16
NHLH2	16
NPAS1	11
NPAS2	23
POU3F3	26
POU6F2	11
PPP1R17	7
PROP1	10
PTPRZ1	24
QKI	59
RNF103	10
RPS6KA6	15
SERPINI1	12
SH3GL1	5
SH3GL3	4
SNTG2	4
SPOCK1	25
THOC6	11
UGT8	12
VCAN	19
WWP1	15
ZEB1	24
ZEB2	29
ZIC3	31
ZIC4	12
ZIC5	12
ABCA2	69
KIFBP	11
LHX6	15
LHX8	14
NOVA2	23
PALS1	22
TAOK1	39
LMX1A	17
CCDC61	8
CEP85	11
E2F4	23
MCIDAS	26
NUP62	56
RBM14	19
BUB1	16
BUB1B	15
MEIKIN	9
NAA50	21
PPP2R1B	15
SGO1	11
SGO2	6
AGK	19
B4GALT4	13
CERS2	21
CERS3	12
CERS4	8
CERS5	12
CERS6	8
CLN8	21
DEGS1	23
DEGS2	10
FA2H	18
GAL3ST1	16
KDSR	17
MECR	10
SAMD8	11
SGMS1	21
SGMS2	15
SMPD2	16
SPTLC1	24
SPTLC3	15
SPTSSA	21
SPTSSB	17
TLCD3B	5
ACER3	22
CEL	13
GM2A	17
LCT	11
ABCA12	35
CERK	10
CERT1	21
ORMDL1	10
ORMDL2	9
ORMDL3	23
PLPP2	20
SGPL1	9
TM9SF2	9
ABCA13	17
GLTP	12
GLTPD2	10
PLEKHA8	20
SGPP1	17
EFHC1	14
FGF13	55
C21ORF91	5
CHD5	20
LAMB1	37
BBS10	9
BBS12	5
CCT2	25
DNLZ	5
HSPA4	11
PFDN6	7
PSMG1	5
PSMG2	5
PSMG3	3
PTGES3	27
PTGES3L	5
RHBDF1	18
SPMAP2	2
TMEM35A	6
CHAT	10
CNIH2	17
CNIH3	15
DLGAP2	5
FCHSD1	11
FCHSD2	21
GABRA1	20
GABRA2	23
GABRA3	18
GABRA4	18
GABRA5	19
GABRA6	17
GABRD	11
GABRE	16
GABRG1	12
GABRG3	16
GABRP	13
GABRQ	14
GRIA2	29
GRIA3	30
GRIA4	29
GRID1	22
GRIK3	29
GRIK5	22
GRIN3B	34
LIN7B	13
LIN7C	15
NAPA	11
NAPB	8
PDLIM4	22
PDZD11	12
PNOC	12
RIC3	8
RIMBP2	2
RIMBP3	6
RIMBP3B	6
RIMBP3C	6
SHISA6	20
SLC17A7	31
SNPH	8
STAC3	16
STX1A	35
STX1B	33
TSPOAP1	7
UNC13A	18
VAMP1	16
INSYN1	5
INSYN2A	5
MPP2	14
NPAS4	24
MPL	6
RBM15	21
CA12	5
SLC12A4	21
SLC12A5	17
ANO10	12
ANO2	9
ANO4	12
ANO5	15
ANO7	10
ANO8	11
ANO9	16
BEST2	19
BEST3	10
BEST4	10
CLCN1	10
CLCN3	35
CLCN7	16
GLRA3	11
SLC12A3	21
SLC12A7	13
SLC26A1	18
SLC26A11	19
SLC26A4	22
SLC26A8	17
SLC26A9	27
SLC5A1	33
BSND	9
CLCN2	17
CLCN4	18
CLCN5	15
CLCN6	15
CLCNKA	11
CLCNKB	14
CLIC1	14
CLIC2	13
CLIC3	14
CLIC5	9
FXYD1	36
FXYD3	26
OSTM1	8
PACC1	6
SLC5A8	21
TTYH1	21
TTYH3	14
ARV1	17
CYP51A1	21
DHCR24	9
DHCR7	14
EBP	10
FDFT1	11
FDPS	9
HMGCR	28
IDI1	15
LBR	15
LSS	10
MSMO1	10
NSDHL	11
PLPP6	24
SC5D	8
SQLE	15
TM7SF2	10
ABCA5	21
ABCA8	16
ABCG4	9
ABCG5	16
ABCG8	16
APOM	16
SOAT1	16
SOAT2	17
ACOX1	31
APOB	53
CD24	31
CNBP	23
DISP3	15
EPHX2	28
GPHRA	18
GPHRB	11
GRAMD1B	13
HSDL2	3
LCAT	29
LDAH	13
MALL	8
MINAR2	7
MTTP	20
NEGR1	15
NR1H2	65
RALY	10
RILP	28
TMEM97	21
TTC39B	10
STARD4	13
APOF	7
FDX1	11
HDLBP	6
NR0B2	20
OSBPL5	22
PIP4P1	28
STARD3	19
GRAMD1A	9
GRAMD1C	9
MSR1	25
RELCH	5
SERAC1	5
STARD3NL	12
FLVCR1	20
FLVCR2	8
SEC14L1	9
SLC25A48	5
SLC35F2	3
SLC35F3	6
SLC35F4	3
SLC35F5	3
SLC35G4	3
CHPF	11
CHPF2	11
CHST11	12
CHST12	12
CHST13	12
CHST15	11
CHSY1	12
CHSY3	9
CSGALNACT2	14
UST	11
ARSB	27
GALNS	14
DSE	9
DSEL	9
ALDH1A2	24
DACT1	38
DEAF1	22
DLX3	18
DLX4	18
DLX6	14
FOXD3	18
FOXI3	15
FUZ	43
INTU	26
KIAA1217	3
MBNL1	16
PTPRR	21
STIL	39
UCMA	8
WDPCP	28
ZNF358	14
ZNF568	15
BRD2	21
CTCF	40
EID3	22
MAU2	6
NSMCE1	20
NSMCE2	33
NSMCE4A	19
PCBP2	28
SLF1	29
SLF2	29
SMC5	36
SMC6	33
ZNF143	17
ACTL6A	60
ACTL6B	43
ACTR6	19
ACTR8	21
ARID1A	41
ARID1B	33
ARID2	38
ASF1A	20
ASF1B	11
ATAD2	16
ATAD2B	12
BANF1	28
BAZ1A	25
BAZ1B	25
BAZ2A	26
BAZ2B	6
BCL7A	30
BCL7B	29
BCL7C	28
BICRA	20
BICRAL	18
BRD1	23
BRD3	19
BRD4	46
BRD7	43
BRD9	22
BRDT	19
BRPF1	21
BRPF3	21
C6ORF89	11
CABIN1	15
CARM1	27
CCER1	5
CDAN1	3
CFDP1	5
CHAF1A	8
CHAF1B	7
CHD1	14
CHD1L	10
CHD3	25
CHD4	26
CHD6	10
CHRAC1	14
CHTOP	12
COPRS	8
DDX21	29
DEK	19
DMAP1	34
DNAJC9	7
DNMT1	26
DNTTIP1	10
DPF3	27
EPC1	38
EPC2	16
EZHIP	6
FAM170A	18
FAM50A	6
FAM50B	3
FBXL19	16
FOXA1	38
FOXP3	72
GATAD1	4
GATAD2A	15
GATAD2B	16
GRWD1	17
H1-5	17
H1-7	13
H2BC1	10
H2BK1	3
H2BW1	6
H2BW2	3
H4C1	15
H4C7	6
HAT1	12
HCFC1	27
HCFC2	10
HDAC10	20
HDAC11	9
HDGF	14
HDGFL1	4
HDGFL2	20
HIRA	17
HIRIP3	6
HLTF	22
HMG20A	7
HMGB4	4
HMGN1	6
HMGN3	5
HMGN4	3
ING4	37
ING5	32
INO80B	17
INO80C	16
INO80D	13
INO80E	17
IWS1	13
JADE2	21
JADE3	12
JMJD6	33
KAT2A	69
KAT6B	24
KAT7	54
KDM2A	18
KDM4A	26
KDM4E	10
KDM4F	8
KDM5A	20
KDM5B	19
KDM5C	16
KDM5D	16
KDM6A	16
KDM7A	17
LOXL2	40
LRWD1	16
M1AP	10
MBD2	18
MBD3	20
MCRS1	41
MECOM	36
MIDEAS	7
MIER1	15
MLLT10	9
MLLT6	15
MORC2	16
MOS	11
MSL1	11
MTA1	38
MTA2	19
MTA3	16
MYSM1	18
NAA60	16
NAP1L1	17
NAP1L2	11
NAP1L3	6
NAP1L4	6
NFRKB	17
NPM2	13
NPM3	5
PADI2	27
PARP10	30
PAXIP1	24
PBRM1	38
PCNA	32
PER1	42
PHF10	34
PHF2	27
PIWIL1	20
PRMT2	33
PRMT3	27
PRMT5	41
PRMT7	19
PRMT8	15
PRMT9	13
PSIP1	16
PSME4	12
PWWP2A	11
PWWP2B	9
PWWP3A	6
RAD54L2	11
SAFB	10
SART3	30
SATB1	16
SATB2	14
SETD4	24
SETD7	22
SETDB1	18
SETDB2	18
SF3B1	39
SLFN11	16
SMARCB1	56
SMARCC1	42
SMARCC2	34
SMARCD1	42
SMARCD2	30
SMARCD3	41
SMARCE1	48
SRPK1	30
SS18	20
SSRP1	16
SUDS3	25
SUPT16H	17
SYCP3	16
TADA2A	20
TADA2B	15
TAF6L	23
TFPT	19
THAP7	19
TNP2	9
TOP1	24
TRIM28	49
TSSK6	16
UBN1	12
UBN2	8
UCHL5	36
USP36	31
VPS72	29
VRK1	34
WAC	25
YEATS2	25
YEATS4	22
ZNF274	19
ZNF827	17
ZZZ3	16
APLF	24
BABAM1	21
CGGBP1	11
CHD2	9
DCAF13	28
DCAF16	5
DCAF8	7
DDX23	27
DTX3L	51
GLYR1	6
H1-8	17
HDAC7	30
HPF1	10
KMT2E	23
LIN54	15
MCM3AP	18
METTL23	14
MRE11	55
MSL2	17
NBN	66
PARP2	21
PRIMPOL	26
RAD50	53
SETD2	47
SIRT7	55
SRPK2	48
SUPT6H	14
TRIP12	20
TRRAP	34
UIMC1	27
USP3	13
USP51	16
ZCWPW1	16
HNRNPAB	18
H1-1	9
H1-10	13
H1-2	19
H1-3	12
H1-4	12
H1-6	9
KMT5A	28
NCAPD2	15
NCAPD3	7
NCAPG	10
NCAPH	6
NCAPH2	5
NUSAP1	21
PHF13	8
SMC2	16
SMC4	14
TENT4A	24
BANF2	6
CDCA8	32
CENPH	8
CENPT	8
CIP2A	10
DOT1L	24
GEM	17
KAT6A	41
LDB1	37
MSH3	21
NUP133	17
NUP155	17
PRM1	2
PRM2	9
RAE1	16
TOPBP1	36
ABLIM1	11
ABLIM3	11
ALPK1	12
ARF4	31
ARL13A	10
ARL13B	18
ARL3	36
ARL6	26
ARMC9	9
ASAP1	18
ATAT1	9
B9D1	7
B9D2	8
BBIP1	10
BBOF1	4
BBS1	20
BBS5	20
BBS7	30
BBS9	11
C2CD3	7
CC2D2A	8
CC2D2B	4
CCDC13	5
CCDC15	7
CCDC28B	4
CDC14A	19
CDC14B	28
CDC14C	17
CEP126	8
CEP128	13
CEP131	20
CEP162	4
CEP164	4
CEP19	7
CEP20	6
CEP250	16
CEP41	7
CEP70	4
CEP83	7
CEP89	13
CFAP161	8
CFAP184	4
CFAP20	19
CFAP221	8
CFAP263	4
CFAP298	8
CFAP47	5
CFAP54	7
CFAP70	12
CIBAR1	17
CIBAR2	4
CILK1	19
CPLANE1	4
DNMBP	9
DUSP23	10
DYNC2H1	23
DYNC2I1	14
DYNC2I2	11
DYNC2LI1	12
DYNLL1	32
DYNLT2B	15
DZIP1	8
DZIP1L	5
EHD2	29
EHD3	31
ELMOD1	7
ELMOD3	7
ENKD1	12
ERICH3	6
FAM149B1	6
FAM161A	13
FBXW5	17
FBXW8	26
GALNT11	18
GORAB	5
HYLS1	8
IFT140	14
IFT172	11
IFT20	29
IFT22	11
IFT25	10
IFT27	27
IFT38	7
IFT43	9
IFT46	10
IFT52	9
IFT54	30
IFT70B	8
IFT74	11
IFT80	7
IFT81	13
IFT88	27
IQCB1	12
IQUB	9
KIAA0586	7
KIAA0753	7
KIF24	15
KIF27	10
LRRC45	5
MACIR	15
MAK	19
MKS1	6
NDUFAF2	9
NEK1	10
NME7	20
NME8	15
NUDCD3	6
OCRL	37
OFD1	16
PCNT	12
PLA2G3	44
PLK4	20
POC1A	4
POC1B	8
PTPDC1	5
PTPN23	35
RAB17	37
RAB34	35
RAB3IP	13
RABL2B	10
RFX2	15
RFX3	33
RILPL1	13
RILPL2	11
RP2	14
RPGR	30
RPGRIP1	6
RPGRIP1L	12
SCLT1	4
SEPTIN2	25
SEPTIN7	27
SNX10	22
SPATA6	4
SSX2IP	6
TBC1D31	4
TBC1D32	4
TCTN1	6
TCTN2	11
TCTN3	16
TEKT1	13
TEKT2	13
TEKT3	18
TEKT4	13
TEKT5	13
TMEM107	7
TMEM138	5
TMEM17	12
TMEM231	12
TMEM237	9
TMEM67	18
TMEM80	2
TRAPPC14	9
TTBK2	26
TTC21B	13
TTC39C	5
TTC8	14
TXNDC15	8
TZMP1	4
UBXN10	6
UNC119B	8
WDR11	18
WDR35	12
WDR44	13
WDR90	6
KIF19	8
MAP4	29
RRP7A	19
CABYR	11
CFAP251	5
CYB5D1	7
DNAH10	5
DNAH11	12
DNAH14	5
DNAH6	6
DNAH9	7
DRC10	1
DRC11	4
DRC3	4
DRC5	3
DRC7	3
DRC8	1
DRC9	12
DYDC1	5
DYNLL2	25
FBXL13	7
NME5	20
ROPN1L	8
RSPH14	5
RSPH3	5
SPA17	6
SPAG6	5
TTC29	6
ARMC2	3
CCDC32	5
CCP110	13
CEP78	10
CFAP126	6
FAM161B	5
IFT70A	3
LCA5	4
LCA5L	3
MARK4	43
MNS1	7
ODF2	13
ROPN1	9
ROPN1B	12
RTTN	1
TSGA10IP	3
TUB	12
ADAP2	12
BORCS8	11
CACYBP	11
FOXL1	16
HEG1	7
IRX4	11
LDB3	9
MEF2B	16
MIXL1	30
NEK8	9
NXN	10
PDLIM2	11
PDLIM3	7
PDLIM7	12
POPDC1	27
POPDC2	12
POPDC3	12
PRICKLE4	9
SLC2A12	6
SMYD1	16
SMYD2	28
SMYD3	10
SMYD4	7
UTY	12
ZDHHC16	8
AP2S1	32
CALY	7
CLTA	29
CLTC	59
DNM1	35
EPS15	13
FCHO2	19
GAK	27
GAS7	9
NSG2	16
SYNJ2	23
CLTB	21
DNAJC6	14
AP2A1	35
AP2A2	29
AP2B1	30
ARHGEF37	4
CANX	16
GPR107	5
ITSN1	11
ITSN2	11
LMBRD1	15
SNAP91	13
STON1	13
STON2	13
SNX18	28
SNX33	28
LAS1L	18
MDN1	13
NOL9	15
RPL37	21
SENP3	21
TEX10	8
WDR18	13
CPSF1	9
CPSF3	24
CPSF6	24
CPSF7	13
CSTF3	10
NUDT21	27
PAPOLA	15
PAPOLG	9
PCF11	13
RBBP6	17
SSU72	9
TUT1	31
XRN2	28
ZCCHC8	19
ABCD4	24
AMN	17
CUBN	18
MMAA	8
MMAB	3
MMACHC	6
MMADHC	1
CBLIF	8
CD320	9
TCN1	9
TCN2	6
MYO3A	20
MYO3B	11
NECTIN1	10
NECTIN3	10
POU3F4	13
COASY	14
DCAKD	9
PANK1	11
PANK2	17
PANK3	15
PANK4	13
PPCDC	8
NUDT19	20
CBR3	9
CUX2	35
DGCR2	1
DOP1B	15
GTF2A1L	4
JAKMIP1	2
LINS1	1
MAGT1	15
NSUN5	17
OR52B4	2
PTCHD1	2
RP9	3
SETD5	16
SOBP	5
TMPRSS11E	6
TUSC3	10
ADAMTS3	21
COL5A1	19
P3H3	8
PCOLCE	6
PLOD1	9
PLOD2	8
PLOD3	11
RCN3	17
TMEM131	1
TRAM2	6
MMP16	19
MMP17	14
MMP20	13
MMP21	12
MMP23B	9
MMP25	13
MMP26	13
MMP27	7
MMP28	7
MRC2	4
ADAMTS14	9
ADAMTS2	9
BMP1	17
COL11A1	15
COL12A1	10
COL14A1	6
COL28A1	6
COL4A4	7
COL4A5	9
COL5A2	10
COL5A3	7
COLGALT1	7
COLGALT2	4
CRTAP	7
DPT	2
LOXL1	5
LOXL3	29
LOXL4	6
LUM	11
P4HA1	6
SERPINH1	8
TLL1	12
TLL2	11
DACT2	11
DEUP1	6
ENAM	7
PYY	13
C2	22
C4A	21
C4B	15
C5	27
C6	10
C7	10
C8A	10
C8B	12
C8G	10
C9	12
GZMK	16
CFB	20
CFD	19
CFHR5	7
C1R	11
C1S	10
KRT1	24
C5AR2	18
CMKLR1	29
FPR3	6
GPR32	7
GPR33	6
ATF7IP	11
BEND3	17
DNMT3A	25
DNMT3L	20
HELLS	15
MBD1	20
MBD3L1	9
MBD3L2	12
MBD3L2B	9
MBD3L3	9
MBD3L4	9
MBD3L5	9
MPHOSPH8	15
PIWIL2	26
PIWIL4	20
PPHLN1	14
PPM1D	26
RESF1	9
RIF1	32
SMYD5	15
TNRC18	10
ZNF304	26
ZNF512	2
ZNF512B	9
BICD1	32
TMEM167A	4
TMEM167B	1
NF2	48
ANKRD9	11
ATOX1	8
CCDC22	18
COMMD1	47
COX19	10
CP	13
CUTC	13
XIAP	56
SLC31A1	21
SLC31A2	13
STEAP2	12
STEAP3	13
STEAP4	14
SPRED1	31
ARF6	68
FMNL1	8
FMNL2	3
FMNL3	4
KANK1	47
KIF21A	19
PPFIBP1	8
CYP21A2	18
HSD11B2	10
SEC61A1	23
SEC62	10
SEC63	9
SIL1	6
SRP14	19
SRP19	11
SRP54	31
SRP68	13
SRP72	10
SRP9	7
SRPRA	14
SSR1	9
SSR2	6
TRAM1	8
TMEM126A	9
APOO	12
APOOL	12
CHCHD3	15
CHCHD6	10
DNAJC11	6
IMMT	9
MICOS10	9
MICOS13	9
SAMM50	13
COA6	7
COA7	5
COX10	10
COX15	8
COX18	13
CYBA	43
CYP3A43	9
IL1RL1	7
JAGN1	7
LILRA1	7
LILRA2	44
LILRA3	14
OSM	43
PRL	27
CCDC88B	16
CLIP1	23
CLIP2	7
CLIP3	49
CLIP4	6
CRIPT	16
FSD1	12
HOOK1	17
HOOK2	17
KATNA1	10
KATNAL1	10
KATNAL2	10
KATNB1	26
KATNBL1	14
MAP10	12
SLAIN1	9
SLAIN2	11
SLK	16
STMN3	20
TBCB	8
TUBGCP3	13
TUBGCP5	10
TUBGCP6	10
WDR73	4
CYLD	60
IRF7	40
ITCH	61
MAP2K6	20
RNF34	28
TIFA	9
DRG1	20
DRG2	8
EIF2S2	9
EIF2S3	14
EIF3I	6
EIF3M	4
EIF4A1	14
EIF4A2	6
ETF1	18
FTSJ1	15
GTPBP1	18
RPL10	20
RPL10A	21
RPL11	43
RPL12	20
RPL14	23
RPL15	17
RPL17	14
RPL18	16
RPL18A	12
RPL19	17
RPL21	12
RPL22	13
RPL22L1	2
RPL23	46
RPL23A	20
RPL24	16
RPL26L1	6
RPL27	29
RPL27A	12
RPL28	16
RPL29	16
RPL3	16
RPL31	16
RPL32	12
RPL34	15
RPL35	18
RPL35A	20
RPL36	15
RPL36A	14
RPL36AL	6
RPL37A	18
RPL38	16
RPL39L	4
RPL3L	14
RPL4	22
RPL41	15
RPL5	48
RPL6	20
RPL7	30
RPL7A	24
RPL8	19
RPL9	20
RPLP0	22
RPLP1	17
RPLP2	16
RPS10	13
RPS11	18
RPS12	14
RPS13	29
RPS14	31
RPS15	24
RPS15A	17
RPS16	19
RPS17	17
RPS18	17
RPS2	23
RPS20	14
RPS21	12
RPS23	15
RPS24	15
RPS25	23
RPS26	21
RPS27	21
RPS27A	31
RPS28	24
RPS29	18
RPS3A	24
RPS4X	23
RPS5	18
RPS6	30
RPS7	35
RPS8	16
RPS9	18
RPSA2	8
SARS1	30
UBA52	35
ZC3H15	6
ABCE1	20
ASCC2	18
ASCC3	13
EIF4E2	23
ELAC1	12
HBS1L	16
KLHDC10	13
LTN1	10
NPLOC4	24
PELO	7
PTRH1	6
RCHY1	22
RNF25	16
SAYSD1	5
SKIC2	7
SKIC3	8
SKIC8	16
TCF25	7
TRIP4	26
TRNT1	22
UFL1	64
UFSP2	16
ZNF598	19
DENR	5
DHX29	14
EIF2D	7
EIF2S3B	4
EIF3A	3
EIF3B	8
EIF3C	8
EIF3E	18
EIF3F	6
EIF3G	5
EIF3H	15
EIF3J	3
EIF3K	3
EIF3L	3
EIF5	13
MCTS1	8
MCTS2	3
MTIF2	10
RBM4	37
AJUBA	23
ANK1	17
ARAP3	12
ARHGAP10	12
ARHGAP4	15
BRWD1	11
BRWD3	6
CFAP410	2
DES	27
DPYSL2	18
FGD1	12
FGD2	12
FGD3	12
FGD4	12
FGD5	12
FGD6	10
KISS1	17
KLHL20	21
KRT13	18
KRT16	26
KRT25	14
KRT4	16
KRT76	12
LIMD1	33
LRCH3	3
MARK1	36
MAST2	17
MAST3	13
MAST4	5
NAA25	3
NCKIPSD	5
PACSIN1	20
PACSIN3	22
PLD2	23
PRR5	12
RANBP10	8
RICTOR	39
SEPTIN3	9
SEPTIN6	12
SEPTIN9	18
SH3BGRL3	5
SH3D19	6
SIPA1	12
SIPA1L3	11
SNUPN	9
SORBS3	13
STRIP1	10
STRIP2	6
SYNE3	7
TEDC1	6
TEDC2	6
TNIK	29
TUBD1	10
TUBE1	7
WTIP	17
ANLN	16
CEP55	10
CIT	22
CKAP2	15
DCTN3	1
EXOC1	11
EXOC2	12
EXOC3	8
EXOC5	8
EXOC6	6
EXOC6B	6
EXOC7	11
INCENP	30
IST1	19
JTB	11
KIF20A	21
KIF23	23
KIF4B	7
MITD1	12
RACGAP1	42
RTKN	12
SEPTIN1	10
SEPTIN10	8
SEPTIN11	7
SEPTIN12	21
SEPTIN14	16
SEPTIN5	13
SEPTIN8	12
SON	16
TRIM36	17
TTC19	7
USP8	31
ZNF365	24
CCDC186	6
DYNC1I1	23
DYNC1I2	18
F8A1	9
MAP6D1	12
MYO10	8
TUBA1A	15
TUBA1B	15
TUBA1C	13
TUBB	28
C1QBP	75
EFL1	8
EIF6	38
ZNF574	14
ANKFY1	21
AP1G1	39
CCDC91	4
IGF2R	29
LAMP1	37
LAPTM5	59
M6PR	18
RBSN	16
SORT1	24
HNF1A	26
PDZK1IP1	5
RAB4B	20
SLC2A11	12
SLC2A14	12
SLC2A7	12
SLC2A9	19
SLC5A4	8
SLC60A2	9
SLC2A6	19
SLC45A1	10
SLC5A3	22
ALKBH2	13
ALKBH3	11
ASCC1	9
FTO	23
CDKN2D	30
HROB	8
POLA1	33
POLD2	11
POLD3	17
POLD4	7
POLH	20
REV1	19
REV3L	16
RFC3	18
RRM1	22
RRM2B	17
WRNIP1	10
DNASE1	16
DNASE1L1	12
DNASE1L2	11
FBH1	32
ISG20	31
MUS81	28
REXO4	21
SETMAR	38
TREX2	12
HMGB3	11
HNRNPA2B1	34
MTERF1	10
TDRD3	9
TOP1MT	4
TOP3A	18
TOP3B	8
CDADC1	14
ATRIP	12
BRIP1	17
CDC5L	20
CEP63	18
CLSPN	12
DONSON	15
E2F1	54
GNB1L	6
PARP9	44
PRPF19	28
RPA4	18
STK38	24
TIPRL	9
TP53BP1	40
AKTIP	29
ALKBH1	25
ALKBH7	12
ALKBH8	14
ANKLE1	18
ASH2L	15
BACH1	15
BCL6	44
BKGD	10
BOD1L1	4
BTG2	20
CCNK	29
CDKN2AIP	16
CENPS	13
CRY1	45
DCPH1	6
DCUN1D5	16
DELE1	19
DGCR8	10
DTL	36
DYRK2	32
EP400	23
ERCC6L	3
ERCC8	27
ETAA1	16
EXO1	24
FAAP20	11
FAM111A	18
FAN1	18
FANCF	3
FANCG	9
FANCL	13
FBXO45	12
FBXO5	52
FLYWCH1	7
FNIP2	17
FOXP1	63
GTF2H1	19
GTF2H3	14
GTF2H4	17
HELB	15
HERC2	16
HIC1	22
HMCES	18
IGHMBP2	13
ING2	45
INIP	12
INTS3	20
KIN	11
KMT5B	19
KMT5C	20
MACROD1	7
MACROD2	10
MAPK12	17
MCM10	12
MCM7	22
MCM8	20
MCM9	18
MDC1	12
METTL14	39
MGMT	14
MICA	17
MNAT1	17
MOAP1	27
MRNIP	19
MTREX	21
NABP1	13
NABP2	21
NEK4	16
NRBP1	8
NRBP2	15
NRDE2	23
NUDT1	15
OARD1	10
OTUB1	20
PARP4	18
PAXX	7
PCLAF	11
POLE2	9
POLI	11
PPP1CA	46
PPP4R3A	10
PPP4R3B	10
PPP4R3C	8
RAD17	22
RAD18	21
RAD51B	18
RAD51C	21
RAD51D	19
RAD54L	10
RASSF1	16
RBBP5	16
RECQL	16
RECQL4	23
RECQL5	20
RFC2	16
RFC4	16
RFC5	14
RFWD3	22
RMI2	19
RNF169	18
RRM2	12
RTEL1	34
SAMHD1	29
SHLD1	20
SHLD2	24
SHLD3	20
SHPRH	9
SLX1A	31
SLX4	31
SMARCAL1	14
SMC1A	20
SMG1	24
SPINDOC	8
SPRTN	28
SUSD6	1
TAOK3	29
TDP1	12
TFDP3	14
TICRR	15
TOPORS	35
TP73	44
TTF2	10
UACA	15
UBA1	20
UBA6	7
UBA7	3
UBE2B	29
UBE2E2	19
UBE2NL	14
UBE2T	20
UBE2U	11
UBE2V1	27
UBE2V2	23
UBQLN4	20
USP16	29
USP45	11
VRK3	9
WDHD1	5
WDR33	10
WDR48	21
WDR76	6
WNK2	22
XRCC2	10
XRCC3	32
ZBTB38	19
ZBTB4	20
ZBTB40	5
ZDHHC20	21
ZNF432	7
ZNF668	9
ZRANB3	13
E2F7	32
GTSE1	7
MUC1	23
PPP2R5C	20
RPS27L	28
POLN	15
USP43	5
EXOSC4	41
EXOSC5	34
EXD2	27
HELQ	17
RBBP8	21
RNF138	16
CDC45	14
CDC6	35
HUS1B	15
TIPIN	15
AIRIM	12
CHTF18	9
CHTF8	9
CINP	10
CTC1	19
DCLRE1B	21
DCLRE1C	17
DCTPP1	12
DMC1	25
DNTT	7
DSCC1	15
DUT	15
EME1	20
EME2	17
FBXO4	25
GEN1	26
GINS1	7
GINS2	8
GINS3	8
GINS4	8
IHO1	10
KPNA2	20
LRRC34	3
LTO1	11
MCM3	21
MCM4	16
MCM5	15
MCM6	16
MEI4	11
NOC3L	6
NT5M	19
NUDT15	18
ORC1	11
ORC2	10
ORC3	10
ORC4	10
ORC5	10
ORC6	5
PARP3	32
POLA2	7
PRIM1	12
PRIM2	10
PTMS	10
PURA	17
RAD21	20
RAN	47
RBMS1	15
REC114	9
RMI1	10
RNASEH2A	10
SPO11	7
SSBP1	19
STN1	19
SUPV3L1	32
TBRG1	10
TERF1	50
TERF2	47
TERF2IP	41
THAP9	3
TOP6BL	3
FIRRM	14
RAD54B	10
ZGRF1	7
ABRAXAS1	23
APTX	17
CCNH	18
CDCA5	7
CDK7	25
CENPX	11
CETN2	16
CSNK2A3	19
DCLRE1A	11
DDX1	20
EXO5	12
EYA1	19
EYA3	16
FAAP100	4
FAAP24	2
FAM111B	7
FANCB	10
FANCD2	16
FANCE	4
FANCI	6
FANCM	14
GCNA	7
GTF2H2	21
GTF2H2C	6
GTF2H5	14
MGME1	13
MLH1	9
MLH3	5
MPND	4
NEURL4	9
NSD2	16
PIAS4	37
PMS1	4
PMS2	9
PPP5C	24
RAD23A	29
RAD23B	16
REC8	6
RNASEH2B	5
RNASEH2C	5
SLC30A9	15
TDP2	13
TEX264	13
CDK2AP1	7
MCMBP	4
POLE4	8
POLG2	12
RFC1	11
RNASEH1	14
TWNK	16
ZNF830	15
TK1	9
POLRMT	17
TEFM	11
MMS22L	10
TONSL	8
ABT1	15
AFF1	6
AFF3	13
AFF4	6
BRF1	13
BTBD18	8
CAVIN1	18
CBFB	17
CCDC124	4
CCNT1	27
CCNT2	26
CEBPD	15
COPS2	16
CRCP	10
CREBL2	24
DRAP1	16
DTX1	18
ELL3	23
ELOA2	4
ETS1	54
ETV1	18
ETV7	14
FUBP3	16
GCM1	22
GLIS3	15
GMEB2	14
GTF2A1	23
GTF2A2	22
GTF2B	33
GTF2E1	10
GTF2E2	11
GTF2F1	22
GTF2F2	14
GTF3A	11
HIPK3	22
HSF2BP	9
IRF9	14
IVNS1ABP	13
KLF13	12
MAF	20
MED16	21
MED20	20
MED4	22
MKRN2	24
MLF1	14
MNT	13
MRPL12	17
NAT14	11
NFE2L3	11
NFIC	17
NFIL3	21
NFIX	16
NFX1	20
NFYA	17
NKX2-8	20
NKX3-2	17
NOCT	31
PAX1	14
PIR	10
PKNOX1	13
PMF1	6
POLR1A	22
POLR1C	17
POLR1D	17
POLR2A	34
POLR2B	13
POLR2C	12
POLR2D	12
POLR2E	25
POLR2F	24
POLR2G	21
POLR2H	23
POLR2I	16
POLR2J	13
POLR2J2	6
POLR2J3	6
POLR2K	26
POLR2L	28
POLR3A	21
POLR3B	25
POLR3C	22
POLR3D	19
POLR3E	8
POLR3F	24
POLR3G	21
POLR3GL	4
POLR3H	11
POLR3K	12
PTMA	14
PWP1	12
RNPS1	24
RPAP2	14
RREB1	41
SNAPC2	9
SNAPC3	16
SPIN1	24
SUPT3H	19
TAF10	36
TAF11	24
TAF12	34
TAF13	22
TAF1A	6
TAF1B	21
TAF1C	14
TAF4	32
TAF5	29
TAF5L	22
TAF6	42
TAF7	50
TBP	37
TBPL1	7
TBPL2	5
TCEA2	9
TCFL5	19
TFAM	11
TFB2M	12
THAP1	22
THRA	31
TSC22D1	19
TTF1	10
UBTF	16
UBTFL1	10
USPL1	14
XAB2	15
YBX2	10
ZNF141	15
ZNF345	17
CTDP1	22
EAF1	5
EAF2	8
ELL	24
ELL2	13
ELOF1	11
ELP2	12
PCID2	20
POLR1B	17
POLR1E	15
POLR1F	11
POLR1H	14
POLR2M	11
SUPT4H1	22
SUPT5H	23
TCEA1	7
TCEA3	5
TCEANC	5
TCEANC2	5
E2F2	18
ELOA	7
ELOC	26
MAZ	32
MED17	22
MED23	20
MED26	20
MED27	19
MED7	16
RRN3	12
TAF4B	13
TAF8	20
TFB1M	15
MTERF2	5
SCAF8	15
SSU72L1	6
SSU72L2	6
SSU72L3	6
SSU72L4	6
SSU72L5	6
SSU72L6	6
DCTD	11
NT5C	22
NT5C3A	16
UPP2	13
AKR1A1	15
AKR1B10	18
CCDC78	9
CEP152	7
CNOT7	51
DCP1A	13
DCP1B	9
DCP2	27
DCPS	18
DDX6	23
EDC3	11
EDC4	10
LSM1	15
LSM2	28
LSM3	25
LSM4	26
LSM5	25
LSM6	33
LSM7	24
PATL1	11
PATL2	13
XRN1	28
PNRC2	8
DEFB107A	3
DEFB128	3
DEFB132	2
DROSHA	13
GSDMB	16
GSDMD	43
LCE3A	3
LCE3B	3
LCE3C	3
LYPD8	2
MR1	14
PRB3	2
TNFRSF14	41
TREM1	5
GPR15LG	26
LYG1	2
LYG2	2
PGLYRP2	7
PPP1R11	20
RNASE1	7
RNASE10	13
RNASE11	3
RNASE12	3
RNASE13	3
RNASE9	3
ANKRD17	20
ANXA3	22
CFP	21
COLEC12	13
EPPIN	10
FCER2	13
GSDMA	10
GSDMC	10
ISG15	38
LCN2	12
LPO	7
LYST	15
LYZL4	6
LYZL6	4
PCYOX1L	8
RNF213	22
S100A8	46
SFTPD	25
SHARPIN	18
SLAMF8	25
STAB1	11
ZG16B	8
ZNFX1	15
NLRP10	26
BATF2	14
IRF4	34
ABI3	30
DLEC1	8
RBMS3	18
AGBL4	7
AGBL5	11
BST2	36
CD207	10
DDX56	12
DDX60	10
DDX60L	3
G3BP1	22
GARIN5A	4
IFI44L	1
IRF2	25
MID2	27
MLKL	11
MX2	19
NCBP3	17
NDUFAF4	6
NLRC5	23
NLRP9	9
RAB2B	19
RNASEL	18
RNF185	28
RTP4	11
SHFL	17
SLFN13	12
TRIM11	21
TRIM13	22
TRIM15	19
TRIM26	16
TRIM35	13
TRIM5	27
TRIM52	12
TRIM56	27
TTC4	7
USP27X	20
ZMYND11	24
MFAP5	8
CDKL3	18
LLPH	11
ARC	27
PIK3CG	60
BATF3	23
CAMK4	26
CD209	19
ICAM2	5
TANC2	7
ALPI	9
BTRC	39
CTDNEP1	18
CTDSP1	11
CTDSP2	5
CTTNBP2NL	12
DAPP1	8
DUSP10	36
DUSP11	13
DUSP12	13
DUSP13A	4
DUSP13B	11
DUSP15	9
DUSP16	19
DUSP18	17
DUSP2	13
DUSP26	22
DUSP28	4
DUSP29	14
DUSP4	17
DUSP5	20
DUSP8	13
DUSP9	18
EPM2A	33
FBXW11	28
MTM1	27
MTMR6	13
MTMR7	12
PLPP4	16
PLPP5	10
PLPPR1	13
PLPPR2	9
PLPPR3	9
PLPPR5	15
PPM1A	30
PPM1B	24
PPM1G	8
PPM1M	8
PPP1CB	23
PPP1CC	28
PPP1R12A	22
PPP2CB	19
PPP2R2A	8
PPP2R3A	22
PPP2R3B	9
PTPN13	18
PTPN14	17
PTPN18	10
PTPN21	9
PTPN4	6
PTPN5	8
PTPN7	8
PTPN9	13
PTPRB	14
PTPRE	12
PTPRS	43
SBF1	11
SGPP2	14
SSH2	9
THTPA	8
TPTE	5
CHST14	14
IDUA	12
ARR3	6
GRK3	8
GRK6	8
SSC5D	5
ASIC3	15
GPR148	4
LOC112268384	4
OR10A2	4
OR10A3	5
OR10A4	4
OR10A5	5
OR10A6	4
OR10A7	4
OR10AC1	4
OR10AD1	4
OR10AG1	4
OR10C1	4
OR10D3	4
OR10G2	4
OR10G3	4
OR10G4	4
OR10G6	4
OR10G7	4
OR10G8	4
OR10G9	4
OR10H1	4
OR10H2	4
OR10H3	4
OR10H4	4
OR10H5	4
OR10J1	7
OR10J4	4
OR10J5	11
OR10K1	4
OR10K2	4
OR10P1	4
OR10R2	4
OR10S1	4
OR10T2	4
OR10Z1	4
OR12D1	4
OR12D2	4
OR12D3	4
OR13C2	4
OR13C3	4
OR13C4	4
OR13C5	4
OR13C8	4
OR13C9	4
OR13D1	4
OR13F1	4
OR13G1	4
OR13H1	4
OR13J1	4
OR1K1	4
OR1R1	4
OR2A1	4
OR2A12	4
OR2A14	4
OR2A2	4
OR2A25	4
OR2A4	12
OR2A42	4
OR2A5	4
OR2A7	4
OR2AE1	4
OR2AG1	4
OR2AG2	4
OR2AJ1	4
OR2AK2	4
OR2B11	4
OR2B2	4
OR2B3	4
OR2B6	4
OR2B8	4
OR2C1	4
OR2C3	4
OR2D2	5
OR2D3	4
OR2F1	4
OR2F2	4
OR2G2	4
OR2G3	4
OR2G6	4
OR2H1	4
OR2H2	4
OR2I1	4
OR2J1	4
OR2J2	4
OR2J3	4
OR2K2	4
OR2L13	4
OR2L2	4
OR2L3	4
OR2L5	4
OR2L8	4
OR2M2	4
OR2M3	4
OR2M4	5
OR2M5	4
OR2M7	4
OR2S2	5
OR2T1	4
OR2T10	4
OR2T11	4
OR2T12	4
OR2T2	4
OR2T27	4
OR2T29	4
OR2T3	4
OR2T33	4
OR2T34	4
OR2T35	4
OR2T4	4
OR2T5	4
OR2T6	4
OR2T7	4
OR2T8	4
OR2V1	4
OR2V2	4
OR2W1	4
OR2W3	4
OR2Y1	4
OR2Z1	4
OR4E1	4
OR4E2	4
OR5V1	4
OR6A2	5
OR6B1	4
OR6K2	4
OR6K3	4
OR6K6	4
OR6N1	4
OR6N2	4
OR6P1	4
OR6Q1	4
OR6Y1	4
CA6	7
CST1	6
CST2	6
CST4	11
PIGR	17
PIP	20
RTP1	10
RTP2	10
RTP3	10
RTP5	10
TAS2R1	5
TAS2R10	5
TAS2R13	9
TAS2R14	5
TAS2R16	6
TAS2R19	5
TAS2R3	5
TAS2R30	5
TAS2R31	5
TAS2R38	5
TAS2R39	5
TAS2R4	5
TAS2R40	5
TAS2R41	5
TAS2R42	5
TAS2R43	7
TAS2R45	5
TAS2R46	5
TAS2R5	5
TAS2R50	5
TAS2R60	7
TAS2R7	5
TAS2R8	5
TAS2R9	5
TAS1R2	8
TAS1R3	4
EYS	6
GRM6	20
PRCD	3
REEP6	8
RGS9BP	4
RPE65	17
TULP1	17
LHFPL5	4
PKD1L1	13
PKD1L2	4
PKD2L2	4
PKDREJ	6
PTPRQ	5
TMC1	11
TMC2	11
PRDM12	24
SCRN3	3
TAC4	18
ABCA4	23
PDE6B	12
BICC1	10
CNOT3	15
AIDA	13
NBL1	20
NCLN	15
NOMO3	9
CFAP45	12
CFAP52	5
CIROP	2
CIROZ	2
ENKUR	6
CCDC182	3
LHFPL2	8
NR2F2	33
NR5A1	28
NUP107	18
QSOX2	6
ZFP42	13
ADAM20	8
ADAM21	8
ADAM29	8
ADAM30	10
C18ORF63	3
GATA1	45
KITLG	14
MAMLD1	5
MEA1	3
RBMY1B	9
TEX19	12
TFAP2C	22
UTF1	9
FHIT	15
DISP1	9
FOLH1	16
GLS	16
ACSF3	15
MTHFS	15
PM20D2	11
DHFR2	12
FAHD1	6
FAHD2A	3
FAHD2B	3
FOLR2	12
FPGS	7
ME3	11
MTHFD2	13
MTHFD2L	9
SLC25A32	7
SLC46A1	21
FOLR3	10
CLMP	5
GLI1	42
GLI3	51
PERCC1	4
PKDCC	21
RARB	18
RBPMS2	21
SPR	13
NAAA	19
PRKG2	6
ADH1B	11
ADH7	19
BCO1	5
CYP4V2	8
DHRS3	15
LRAT	12
PECR	6
PLB1	16
RBP1	13
RBP2	12
RBP3	10
RDH10	17
RDH11	11
RDH12	10
RDH5	14
TTR	9
DHDDS	7
DHRSX	11
DOLK	8
DOLPP1	5
DPM2	8
DPM3	6
CDNF	7
EN1	17
LMX1B	17
PHOX2A	16
PITX3	16
CAPRIN2	21
CXXC4	12
MDFI	15
CDYL	14
HNRNPK	32
LRIF1	6
RBM15B	26
RLIM	14
SMCHD1	21
SPEN	21
AP5S1	8
AP5Z1	12
ASTE1	6
ATP23	8
AUNIP	7
CYREN	10
HTATSF1	17
IFFO1	4
MBTD1	23
MEIOB	17
MORF4L1	20
PALB2	7
PDS5B	11
POGZ	15
POLM	8
PPP4C	10
SWSAP1	5
ZMYND8	26
ZSWIM7	4
MCMDC2	4
RAD21L1	7
AREG	27
BTC	20
EGF	85
EPGN	22
NRG2	5
NRG3	14
SACK1A	11
TGFA	32
DUSP6	21
DUSP7	17
KARS1	26
MAP2K1	40
MAP2K2	41
VTA1	12
GSC	17
TMIE	4
BLTP3B	6
LMAN1	21
RAB6A	32
RUFY1	14
SNX1	26
SNX8	8
STX10	10
STX5	24
TRAPPC10	6
ANKRD27	16
EEA1	13
FHIP1B	11
LMTK2	24
SNF8	42
SNX16	14
STX8	15
WDR91	15
BSX	11
GFRAL	14
AMER2	8
KRT6B	7
LTBP4	16
TNXB	14
CYB561	5
ENOX2	1
FDX2	10
PDIA5	4
POR	9
CELF1	36
FOXI1	19
MFRP	1
RAI2	3
SCEL	11
STOX2	7
UBR3	12
FBXW4	10
CDC40	10
PPIL1	14
RNF112	26
EIF4A3	34
IRX5	15
MFAP2	9
HSCB	5
LMO2	12
TAL1	38
THOC5	12
TPO	3
TBX4	15
ESRRB	37
FOXE1	20
TEAD3	9
TEAD4	11
UTP25	19
ALX1	26
PPP1R35	8
ASCL2	24
HOXC11	17
AMELY	3
CRELD1	3
TG	5
ANKRD50	1
ARL4C	11
BLTP1	15
CCDC93	7
CMTM6	13
COMMD10	5
COMMD2	5
COMMD3	8
COMMD4	5
COMMD5	7
COMMD6	10
COMMD8	7
COMMD9	10
DENND10	15
DENND1A	11
DENND1C	5
DYNC1LI1	29
EHBP1	3
EHBP1L1	3
EIPR1	14
ENTR1	13
HGS	56
RAB11FIP3	45
RAB11FIP4	11
RAB12	17
SEC16A	19
SNAP23	27
SNX12	30
SNX27	13
SNX3	45
SNX31	6
SNX4	24
STX16	13
STX6	15
VAMP4	18
VPS26A	12
VPS26B	10
VPS26C	9
VPS29	7
VPS35L	11
VPS50	4
VPS52	7
VPS53	6
VTI1A	20
WASHC2C	24
CLEC4M	8
DPP4	42
JPT2	5
RNASEK	24
TPCN1	23
SOX7	18
COL6A1	16
COL7A1	13
LAMA3	7
LAMB3	5
NANOG	26
UNC93B1	13
A4GALT	12
ACBD3	6
ALS2	36
ANXA8	19
ANXA8L1	7
ARFGEF2	21
ARHGAP21	12
ARL1	15
ATL2	17
ATL3	17
ATP8B2	9
ATP8B3	7
ATP8B4	12
BAG5	31
BLZF1	15
COG1	10
COG2	10
COG4	10
COG5	9
COG6	9
COG8	9
DNAJC13	21
FAM174B	3
GARIN4	5
GOLGA5	14
GOLGA6A	8
GOLGA6B	8
GOLGA6C	8
GOLGA6D	8
GOLGA8A	8
GOLGA8B	8
GOLGA8G	8
GOLGA8H	8
GOLGA8J	8
GOLGA8K	8
GOLGA8M	8
GOLGA8N	8
GOLGA8O	8
GOLGA8Q	8
GOLGA8R	8
GOLGA8S	8
GOLGA8T	8
GOLGB1	9
GOLPH3L	24
GORASP1	14
HACE1	24
LAPTM4B	28
LEMD2	11
LYSMD3	6
NUP93	20
PHETA1	11
PHETA2	11
PI4K2A	28
PI4K2B	17
PLEKHA3	15
PLEKHF1	24
PLEKHF2	6
PLEKHJ1	8
PLEKHM2	14
RAB22A	18
RAB30	20
RAB6B	19
REEP3	13
REEP4	13
REEP5	6
RNF26	23
SEC16B	16
SEC23IP	10
SPTBN5	12
SRGN	18
SYNE1	21
SYNGR1	14
SYNGR2	9
SYP	12
TANGO2	6
TJAP1	4
TMCC1	9
TMED1	7
TMED3	14
TMED4	10
TMED6	7
TMED7	16
TMEM170A	10
TMEM201	15
TOR1A	28
TOR1AIP2	8
TOR1B	14
USP50	25
USP6NL	17
WASHC4	9
ZFP69B	12
ZNF501	13
NOP14	20
NOP9	14
RCL1	16
TBL3	16
UTP20	22
KRI1	8
RPP40	19
RRS1	26
BMS1	14
TSR1	10
CCDC47	11
CLCC1	6
KCTD17	12
RAP1GDS1	14
TUNAR	13
EDEM1	12
MARCHF6	23
RNF139	29
RNF5	17
UGGT1	9
UGGT2	7
LPCAT3	37
STEEP1	6
STX18	14
GET1	9
GET3	11
GET4	10
REEP1	11
REEP2	7
RETREG3	8
TMEM33	13
TRAM1L1	5
WDR83OS	6
DNAJC10	11
RTCB	11
ZBTB8OS	10
ATP6V0A1	33
ATP6V0B	26
ATP6V1F	24
ATP6V1H	22
TMEM9	20
NSF	33
SAMD9	1
VPS8	5
RAB27A	49
SNX5	22
MVB12A	27
SNX32	10
AP1M1	25
RAB32	27
RAB38	31
LEPROT	13
LEPROTL1	4
TMEM50A	2
TMEM50B	2
COL18A1	18
GSTM3	11
MSN	55
PPP1R16B	19
RDX	41
EDF1	20
FSTL1	14
SETSIP	10
PTP4A3	4
S100A2	3
S100A7A	3
S100P	12
SCG2	29
STARD13	10
TGFB1I1	26
PROK1	1
PROK2	11
THBS2	6
THBS4	25
PLCB4	8
KRIT1	29
ACADVL	22
MRAP2	17
G6PC1	13
GBE1	8
PHKA1	8
PHKB	5
PHKG2	13
PPP1R3C	13
PYGL	20
PYGM	7
ARX	21
RFX6	22
CRY2	28
FBXL3	12
PER3	14
RBM4B	10
USP2	21
DKC1	36
RPUSD1	8
RPUSD2	6
RPUSD3	13
RPUSD4	18
TSR3	8
CNKSR2	8
CNKSR3	11
GKAP1	6
GRAPL	3
IPCEF1	3
NHERF4	15
CD151	12
MRTFA	17
TMEFF2	10
CSTA	12
EVPL	15
FLG	8
IVL	11
KRT10	25
LORICRIN	6
OVOL1	13
OVOL2	48
OVOL3	10
POU2F3	20
SPINK5	23
SPRR1A	7
SPRR1B	7
SPRR2B	5
SPRR2F	5
SPRR2G	5
SPRR3	8
ST14	8
TGM1	17
TGM3	13
USH2A	13
BNC1	17
CALML5	6
CASP14	9
CCN2	14
CRABP2	14
DCT	16
FLG2	10
FLOT2	37
FOXN1	10
GJB5	5
GRHL1	19
GRHL3	18
HOXB13	15
KLK14	14
KPLCE	1
KRT15	16
KRT2	17
KRT31	14
KRT32	12
KRT34	10
KRT5	15
KRT83	5
KRT85	5
KRT9	15
KRTAP5-9	1
KRTDAP	2
LAMC2	7
LCE2B	1
MANSC4	7
SPINT1	9
SPRR2D	2
SPRR2E	2
STS	12
SVEP1	11
TGM5	5
ZNF750	18
DPPA3	5
PADI6	15
STPG4	3
TET3	18
ZNF445	9
CTCFL	24
DIRAS3	8
KDM1B	13
MECP2	27
ZDBF2	2
METTL4	22
SAMD7	13
SDR16C5	20
TASOR2	8
ACTA2	12
ADAM7	15
BFSP1	8
EXPH5	10
RAB25	21
SPINT2	13
TMEM79	12
ANXA4	31
ANXA7	15
BDH2	15
CBR1	20
DNPH1	17
E2F8	29
EHF	12
GSTA1	17
GSTA2	6
GSTK1	11
HNRNPH3	14
HSF4	18
IRF6	21
KRT12	13
KRT17	10
KRT20	11
KRT23	9
KRT24	11
KRT26	11
KRT27	11
KRT28	11
KRT3	10
KRT33A	9
KRT33B	11
KRT35	11
KRT36	11
KRT37	11
KRT38	11
KRT39	9
KRT40	9
LOC100653049	9
TAGLN	3
TDRD7	13
UPK1A	4
UPK1B	4
UPK2	4
UPK3A	9
DAAM2	23
KANK2	24
LRG1	36
TESK1	27
TMIGD1	16
SERPINB8	8
NEK10	18
CRACD	10
ILDR1	13
MUC13	5
MUC2	7
MUC4	7
MUC6	4
PRRC1	2
SERPINA3	19
STRAP	8
TFF3	2
VSIG1	3
DLG5	34
FOXF2	23
S100A4	14
SACK1D	25
SLC39A10	14
PODXL	29
PERP	14
ERRFI1	21
GREB1	4
GREB1L	4
MEOX1	16
MEOX2	18
RIPK4	4
PCDH15	7
USH1G	15
POLDIP2	6
HBM	5
HBQ1	5
HEATR3	8
LYAR	28
NEMP1	4
SMIM1	2
AHSP	6
ALAS2	18
ATP5IF1	27
CDIN1	4
FTH1	31
FTL	16
HSPA9	28
IKZF1	15
KLF1	19
MFHAS1	40
MPIG6B	11
SELENOW	2
SLC25A38	11
UBA5	17
COPG1	14
CRTAM	30
SYNE4	7
MXRA8	6
RAP2B	34
RAP2C	29
RAPGEF6	20
CYTH1	10
CYTH3	13
SMC1B	4
SMC3	18
GPR143	19
MLPH	15
MREG	19
LRPPRC	27
RHOT1	20
RHOT2	17
UBB	45
UXT	17
STAG1	10
STAG2	12
ANKFN1	7
BCCIP	17
DYNLT1	29
GPSM1	15
GPSM2	18
NDE1	11
NDEL1	23
SAPCD2	15
SPDL1	11
SGF29	36
MAN1A1	15
RAB3GAP2	24
SEC61G	10
SPCS1	9
SPCS2	9
SPCS3	9
SRPRB	7
ZFAND2A	6
ZFAND2B	13
AFM	6
ARL4D	8
COPG2	13
CTAGE1	4
CTAGE15	4
CTAGE4	4
CTAGE6	4
CTAGE8	4
CTAGE9	4
LTBP1	9
MIA2	7
MON1A	7
NECAB3	11
OLFM2	10
PDIA4	6
PPY	10
TANGO6	3
TMEM258	9
TVP23A	5
TVP23B	5
TVP23C	5
CHM	12
CHML	9
FRMPD1	3
GOLGA7	23
GOLGA7B	4
ICMT	5
NACA2	3
NACAD	3
PEX16	17
PEX19	26
PEX3	12
RABGEF1	11
VPS37A	21
VPS37B	24
VPS37C	23
VPS37D	23
YIF1B	8
ZDHHC12	21
ZDHHC14	9
ZDHHC15	24
ZDHHC18	17
ZDHHC19	13
ZDHHC22	11
ZDHHC23	11
ZDHHC24	5
ZDHHC3	29
ZDHHC4	15
ZDHHC6	6
ZDHHC9	26
EIF4ENIF1	24
FAM53A	6
FAM53B	10
FAM53C	6
GPN1	10
GPN3	8
IPO11	4
IPO13	4
IPO4	8
IPO7	19
IPO8	6
IPO9	4
KPNA4	8
LAMP3	21
LAMP5	17
LRSAM1	24
MAIP1	14
NEURL1B	7
NEURL3	10
NPAP1	7
NUP188	8
NUP214	15
NUP50	7
NUP85	13
NUP88	13
NUP98	24
NUTF2	11
POM121	10
POM121C	7
POM121L2	7
PPP1R10	31
PRICKLE1	26
PTTG1IP	17
RANBP17	7
RANBP6	7
RPAIN	9
SPRN	6
TNPO1	13
TNPO2	7
TNPO3	6
TSPAN10	1
TSPAN17	6
HACL1	18
LONP2	15
PEX1	18
PEX26	10
PEX6	21
PEX7	17
ARFRP1	14
GCC2	18
GGA1	16
GGA2	18
GGA3	32
GOLGA4	15
KIF13A	23
KRT18	23
MACF1	36
PHAF1	10
PREPL	11
RAB26	21
SYS1	11
VAMP5	11
MON2	18
MVB12B	25
STAM	19
STAM2	13
UBAP1	16
VPS25	24
VPS28	29
VPS36	20
CYSRT1	5
HRNR	12
KDF1	11
KIF25	19
NLRP2	14
COPS5	32
CRB1	6
LRRC7	19
MTCL1	16
PARD3B	7
FXYD2	17
FXYD4	21
FXYD5	23
FXYD6	18
FXYD7	18
AKR1B15	11
HSD17B1	14
HSD17B8	18
CYP3A7	15
UGT2B10	6
UGT2B15	10
UGT2B17	10
UGT2B28	8
UGT2B4	8
DDX54	17
PPARGC1B	15
RBFOX2	15
TADA3	34
AGPS	12
DHRS7B	8
FAR1	15
GNPAT	13
LPCAT2	18
PEDS1	6
SELENOI	10
NCEH1	6
PLA2G7	31
TMEM86B	6
BEGAIN	1
ADGRL2	3
LRRC4	16
SRGAP2C	23
PPP2R2D	8
IGSF3	2
ERI1	22
ERI2	7
ERI3	7
EXOSC7	36
EXOSC8	29
EXOSC9	45
ADAMTS1	25
ADAMTS10	8
ADAMTS16	8
ADAMTS17	8
ADAMTS18	15
ADAMTS20	8
ADAMTS6	8
ADAMTS8	12
ADAMTSL2	9
ADAMTSL4	11
CCDC80	7
COL10A1	6
COL15A1	8
COL16A1	17
COL19A1	6
COL22A1	6
COL23A1	5
COL24A1	6
COL27A1	6
COL6A5	3
COL6A6	3
COL9A1	6
COL9A2	7
COL9A3	7
COLQ	10
DMP1	7
GFOD2	3
HPSE2	8
MATN2	3
MATN3	6
MATN4	3
MIA	3
RECK	25
SMOC1	10
SMOC2	30
ST7	4
TGFBI	14
VIT	6
TEX14	12
ARRDC1	16
WWP2	35
DDX47	12
DEDD	5
G0S2	9
MLLT11	13
RNF41	33
ABCB5	3
CHRDL1	10
CPAMD8	3
MAB21L1	3
MAB21L2	6
RS1	8
SALL2	12
SCO2	11
SIX6	15
NKD1	20
DZANK1	3
NRL	20
POC5	5
RDH13	9
SAMD11	10
ATF5	32
BSCL2	15
CTBP1	22
CTBP2	21
FAM120B	5
FITM1	10
MAFB	26
MEST	22
SENP2	22
TLE3	11
TMEM120B	7
HAO1	10
ABCD2	36
ACAD10	12
ACAD11	15
ACADS	11
ACOX3	8
ACOXL	9
DECR1	14
DECR2	12
ECHDC1	4
ECHDC2	5
ECI1	6
ECI2	10
EHHADH	13
HADH	16
HADHB	14
MCAT	12
ABHD1	8
ABHD3	16
ACSBG1	11
ACSBG2	13
ELOVL4	18
ELOVL6	22
ELOVL7	17
FADS3	5
GSTM4	8
HACD2	14
HACD4	10
LIAS	8
LTC4S	13
OLAH	6
SCD	9
SCD5	6
TECR	14
TECRL	6
AIG1	3
GLYATL2	5
AACS	9
ACSS3	8
FAR2	7
GGT6	6
GGT7	13
GGTA1	6
GGTLC1	4
GGTLC2	6
GGTLC3	6
OXCT1	4
OXCT2	6
PTGR1	12
HSD17B12	7
ENPP7	27
AASDH	3
ACAD9	15
ACBD4	4
ACBD7	4
ACSL1	26
ACSL3	32
ACSL4	33
ACSL5	12
CYP4B1	4
DBI	14
ECHDC3	9
HAO2	6
SLC27A3	8
SLC27A6	13
SLC22A9	7
CRABP1	8
LYPLA1	21
PMP2	9
RBP5	8
RBP7	5
SLC22A11	12
SLC22A8	13
SLCO2A1	10
THEM5	6
LIMK1	33
CD33	29
MAP2K7	31
MAPK10	13
KAT8	53
LSM14B	6
MARF1	6
NANOS2	22
NANOS3	18
PARN	36
PRDM9	23
RBM46	9
TOB2	8
WEE2	9
BRME1	5
MEIOC	13
TRIM75	8
TUBB8	15
CPB2	9
PLAU	45
SERPINB2	7
ARHGEF4	8
SPATA13	15
VSTM5	9
AQP10	11
AQP7	9
AQP7B	8
AVP	25
MIP	7
SAMD1	12
FTCD	12
GGH	17
ZSWIM6	3
FMN1	11
MPI	7
FBP2	8
KHK	14
SORD	13
HOMER2	21
HOMER3	20
SSTR3	14
PLCB3	11
FCSK	6
FPGT	6
GFUS	14
GMDS	11
SLC35C1	7
GMPPA	7
PMM1	7
GMPS	11
HPRT1	25
GMPR2	3
NT5C2	21
PRTFDC1	7
CWH43	5
MPPE1	8
PGAP2	8
PGAP3	10
PGAP4	7
PIGA	8
PIGB	7
PIGC	6
PIGF	6
PIGG	7
PIGH	6
PIGL	7
PIGM	8
PIGN	7
PIGO	7
PIGP	7
PIGV	8
PIGW	13
PIGY	7
PIGZ	8
SLC30A5	35
ENTPD7	19
GIMAP7	10
IMPDH1	14
IMPDH2	16
MFN1	10
NME2	45
GLB1L	5
GLB1L2	5
GLB1L3	5
SLC35A2	7
GALC	11
GPR156	4
PLCL1	12
PLCL2	11
SHISA7	23
JAML	15
MICB	8
AEN	14
AGFG1	9
AIP	5
ALYREF	14
BOLA3	9
CASC3	17
CDC37	14
CELF2	15
CETN3	11
CHCHD4	7
CIAO1	7
CIAO2A	5
CIAO2B	10
CISD1	14
CISD3	7
DDX19B	11
DDX20	19
DDX25	16
DDX39A	19
DDX39B	23
DHPS	11
DHX8	11
DIS3L	14
DNAJB11	6
DNTTIP2	11
DUOXA2	17
ENY2	18
ERH	10
EXOSC1	14
FTMT	15
FYTTD1	7
GALNT2	15
GDPD2	22
GLE1	12
GLRX5	11
HHAT	13
HNRNPDL	12
HNRNPF	12
HNRNPH1	13
HNRNPL	20
IBA57	5
ISCA1	9
ISCA2	12
ISG20L2	6
KCNJ1	17
KLK10	6
KLK11	8
KLK12	7
KLK13	7
KLK15	6
KLK8	13
KLK9	6
LMF2	4
LUZP4	4
MAGOH	21
MAGOHB	17
METAP1	13
MMS19	15
MPHOSPH10	14
NAA10	13
NAA15	13
NAA16	15
NFU1	14
NOVA1	20
NUP160	6
NXF1	9
NXF2	9
NXF3	7
NXT1	7
PABPC4	19
POLDIP3	14
POP1	21
POP4	20
POP5	17
POP7	19
PRPF4	28
PRPH2	8
PRSS57	11
PRSS58	6
RBM3	20
RBM39	9
RBM5	19
RBM6	8
RBM8A	26
RBMS2	11
RMP24	7
RMP64	16
RNF123	14
RPP14	15
RPP25	14
RPP30	16
RPP38	15
SARNP	9
SEC11A	9
SEC11C	9
SMG5	24
SMG6	29
SMG7	20
SNRNP40	21
SRSF3	15
TASP1	10
TFIP11	23
THOC1	9
THOC2	13
THOC3	5
THOC7	9
TMEM260	4
TSPAN14	16
TSPAN15	15
TSPAN33	10
TSPAN5	14
UBAC1	12
UFSP1	7
UPF2	16
XPO1	21
YAE1	3
ZC3H11A	8
ZMPSTE24	19
ZNG1A	9
ZNG1B	7
ZNG1C	7
ZNG1E	9
ZNG1F	7
DDX4	16
FKBP6	11
MOV10L1	18
SPOCD1	5
TDRD1	11
TDRD12	7
TDRD5	10
TDRD9	13
ACAP3	9
ASTN1	3
ASTN2	7
BTG4	8
CDKL5	35
CEP85L	2
DAB1	4
EN2	22
FBLL1	27
ID3	9
ID4	9
IER2	8
IL1RAPL1	32
INSM2	13
IRX1	15
IRX2	13
IRX6	9
ITM2C	12
KIAA0319	20
KIAA0319L	4
LHX2	10
LHX3	15
LHX4	15
LHX5	11
LHX9	13
LRP12	5
MTPN	26
MYEF2	6
MYT1L	13
NAV1	6
NGRN	13
NIF3L1	12
NOP56	22
NOP58	26
NR2E3	14
OTP	8
POMGNT2	9
POU3F2	19
SDCCAG8	6
SH3RF1	22
SNU13	39
TAFA1	4
TUBA4A	14
TUBB2A	17
TUBB2B	16
VXN	6
HNF1B	20
ZFP57	7
GFER	6
PRKCSH	11
GPC1	29
METRN	8
NPHS1	11
KLF15	19
NPHS2	11
TBC1D8B	4
TMEM63C	12
XPNPEP3	13
GYG1	15
GYG2	4
GYS1	4
GYS2	11
NHLRC1	14
AGL	10
AKR1E2	6
GAA	27
MGAM	10
PYGB	9
STBD1	13
SERPINA6	7
G6PC2	11
G6PC3	7
PC	16
SLC37A4	9
DERA	9
PGD	10
PGLS	6
PGM2L1	6
RBKS	5
RPIA	7
ASPSCR1	9
BACE2	21
CMKLR2	7
FBN3	5
FOXA3	15
GPR142	3
HECTD4	3
MBD5	13
MLX	24
MLXIP	12
MUSTN1	6
OBP2A	3
OR4C12	2
SLC30A8	35
TSC22D4	12
ADPGK	6
DCXR	14
GDPGP1	3
H6PD	12
KCNJ11	28
TKTL1	4
SLC17A3	20
SLC37A1	4
SLC37A2	6
SLC37A3	7
B4GALT3	10
ABHD10	9
HAGH	8
MGST2	18
CHAC1	19
CHAC2	5
OPLAH	5
CNDP2	9
ETHE1	6
GSTA3	4
GSTA4	3
GSTA5	4
GSTM1	9
GSTM5	2
GSTT1	4
GSTT2	4
GSTT2B	4
GSTT4	2
HPGDS	8
GLYCTK	6
PAFAH1B2	20
PAFAH1B3	11
PGP	13
HDHD5	4
ENPP6	10
GDE1	14
GDPD1	11
GDPD3	13
GPCPD1	5
PLA2G4D	16
PLA2G4E	37
PLA2G4F	15
PNPLA6	9
PRDX6	24
ABHD4	14
ABHD5	18
ABHD8	14
AGPAT1	19
AGPAT2	22
AGPAT3	13
AGPAT4	13
AGPAT5	15
CDS1	12
CDS2	10
CEPT1	8
EFR3A	5
EFR3B	5
ETNK1	5
ETNK2	5
HYCC1	6
HYCC2	5
IP6K1	20
IP6K3	21
LIPH	7
LIPI	7
LPCAT1	26
LPCAT4	24
PCTP	11
PCYT2	9
PEMT	9
PI4KA	16
PI4KB	12
PIP5K1B	10
PIP5KL1	16
PISD	16
PTDSS1	5
PTDSS2	5
STARD10	8
STARD7	18
TMEM150A	5
TTC7A	5
TTC7B	5
ENPP2	26
PLA2G5	44
FIG4	17
PLA1A	7
PLA2G2C	8
PLA2G2D	20
PLA2G2E	13
PLA2G2F	17
SERINC1	7
VAC14	11
A3GALT2	7
SUMF1	11
SUMF2	8
ALG10	2
C1GALT1C1	8
CANT1	22
ENGASE	4
ENTPD5	8
EOGT	4
FAM20B	7
GALNT1	9
GALNT10	5
GALNT12	5
GALNT13	5
GALNT14	5
GALNT15	5
GALNT16	3
GALNT17	2
GALNT18	3
GALNT4	9
GALNT6	5
GALNT8	5
GALNT9	5
GALNTL6	3
GANAB	10
GANC	5
KRTCAP2	4
LARGE2	13
MAN1A2	9
MAN1C1	11
MAN2A1	12
MAN2A2	7
MGAT1	14
MGAT2	8
MGAT4C	7
MGAT4D	6
MGAT5	18
MGAT5B	8
MOGS	8
NUDT14	8
OST4	5
OSTC	6
POFUT4	12
POGLUT1	19
POMGNT1	10
POMT1	6
RPN1	7
RPN2	10
RXYLT1	6
SLC35A4	13
STT3A	8
TET2	17
TRAK1	18
UBE2J1	16
AGA	9
CNMD	9
ERP44	12
PCSK6	17
CEMIP	29
TNFAIP6	33
FUCA2	16
LCMT2	10
TYW1	3
TYW1B	3
TYW2	8
TYW3	8
TYW5	9
HYI	3
SLC9A7	20
SLC9A8	21
BET1	7
TMED5	8
YIPF4	3
YIPF5	9
YIPF7	3
RABEP1	13
STXBP5	13
STXBP5L	6
TM9SF4	6
ADGRE2	6
CD300H	9
CKLF	10
SAA1	29
CBFA2T3	23
CEBPE	19
GP2	7
UBE4B	13
CDK16	24
EIF2AK1	21
KCMF1	16
CCM2L	2
TBX19	14
RBM20	17
ARMC6	2
FST	14
FSTL3	25
LMBR1L	15
MLLT3	21
PRRC2C	4
SP7	17
TMEM190	6
OCIAD1	8
OCIAD2	11
BCL11B	13
JAM2	16
ARIH2	25
ETV6	11
YJEFN3	12
ALAD	25
CPOX	10
FECH	13
HMBS	7
PPOX	12
UROD	10
ABCB7	22
ALAS1	9
PGRMC1	18
TMEM14B	8
TMEM14C	5
BLVRA	7
BLVRB	13
HMOX2	9
SLCO2B1	12
HPX	12
SLC48A1	9
CD164	7
EVI2B	12
KLF3	11
PBXIP1	9
RRAS	29
RTKN2	6
SNRK	12
ZNF160	8
FLI1	11
HPS4	25
NFE2	20
VWF	12
EXTL1	10
EXTL3	31
GLCE	10
HS2ST1	7
HS3ST5	16
HS3ST6	8
HS6ST1	10
HS6ST2	7
HS6ST3	5
NDST1	11
NDST2	8
NDST3	6
NDST4	5
SLC35D2	10
NAGLU	13
HS3ST4	4
ARB2A	12
CADM1	18
CADM3	3
CCDC141	4
CEACAM18	2
CEACAM19	2
CEACAM5	16
CEACAM6	22
CEACAM8	13
IGLON5	4
IGSF23	4
LGALS7	3
LSAMP	5
NECTIN4	12
NTM	7
OPCML	6
PSG11	2
PSG2	2
PSG5	2
PVR	22
SCARF2	3
CD200R1	15
HSD17B14	4
FUOM	3
SLC45A3	13
SLC50A1	2
SLC5A10	9
SLC5A9	5
ZDHHC8	18
MOB1A	9
MOB1B	15
SAV1	12
WWC1	23
WWC2	18
WWC3	18
CPSF2	10
CSTF2	11
MTPAP	20
SSB	29
SYMPK	13
TENT2	11
TENT4B	33
TUT4	20
TUT7	17
FIP1L1	6
MBLAC1	16
ZNF473	12
BLMH	18
ANKRD31	6
MAJIN	7
MND1	4
PSMC3IP	6
RNF212	3
RNF212B	8
TERB1	6
TERB2	5
PTTG1	9
PTTG2	6
CADM2	1
CD84	14
CLSTN1	15
CLSTN2	14
IGSF11	4
MPZL2	3
NECTIN2	36
PCDHA7	4
TRO	6
CD99	9
ENTPD1	14
MEGF11	3
MYL12A	6
XG	7
CPA4	7
DIO2	13
DIO3	4
CRYM	20
OXT	9
SERPINA7	6
YTHDC2	11
SP1	46
ZNF502	10
ZNF639	23
LRRC19	13
NAPEPLD	21
FBXL2	27
PIK3C2G	11
PTX3	14
ZBED1	25
LRRC15	15
TMEFF1	1
DUOXA1	10
PXDNL	2
NOX1	26
PNP	41
HERC5	16
UBE2E1	17
UBE2L6	15
LTA4H	19
MGST3	12
PTGDS	13
PTGES2	11
DPEP2	7
ABCC10	11
CPA1	7
CLEC12B	11
KIR2DL1	3
KIR2DL2	3
KIR2DL3	3
KIR2DL5A	3
KIR2DL5B	3
KIR2DS1	3
KIR2DS2	4
KIR2DS4	5
KIR2DS5	4
KIR3DL1	6
KIR3DL3	3
KIR3DS1	5
LAIR1	8
LAIR2	3
LOC128966728	3
BTLA	18
SPX	24
HCAR2	15
PLEKHO2	6
ABCF1	14
ACKR1	8
ADGRE5	9
ADORA1	9
AFAP1L2	18
AOC3	11
APIP	15
APOL3	4
CARD18	7
CELA1	6
CYBB	24
DPP9	12
ELF3	13
HP	19
IL17D	18
LTB4R	6
LY75	4
MEFV	43
ODAM	22
PJA2	27
PTAFR	10
PXK	16
SPINK7	6
TNFRSF4	16
TRIM14	7
TUSC2	2
USP14	26
LGI2	2
BPIFB1	8
LACC1	20
RNF144A	17
JAG2	12
SPARC	24
GRXCR1	7
CHCHD10	9
MTX1	11
MTX2	12
MTX3	9
TIMM10	11
TIMM13	8
TIMM22	7
TIMM29	7
TIMM8A	5
TIMM8B	6
TIMM9	9
TMEM11	6
SLC17A1	10
SLC25A30	5
SLC34A1	13
SLC34A2	16
SLC34A3	13
SLC61A1	1
ABCC8	18
ATP12A	16
ATP1A4	25
ATP1B3	32
ATP4A	19
ATP4B	13
KCNJ10	13
KCNJ12	14
KCNJ13	11
KCNJ14	8
KCNJ15	8
KCNJ16	12
KCNJ18	6
KCNJ4	12
KCNJ6	10
KCNJ8	24
KCNJ9	6
SLC39A1	9
SLC39A11	8
SLC39A12	16
SLC39A3	8
SLC39A4	20
SLC9A2	13
SLC9A3	27
SLC9A4	16
SLC9A5	19
SLC9A9	18
SLC9C1	11
SLC9C2	11
IMPA1	12
IMPA2	5
ISYNA1	2
MIOX	5
PPIP5K1	15
PPIP5K2	15
IPMK	16
IPPK	15
INPP4A	14
INPP4B	9
INPP5A	14
INPP5B	13
INPP5J	21
MINPP1	16
CELA2A	15
CELA2B	10
ERO1B	9
PCSK2	10
CAMK2G	28
FAM3B	7
MAFA	19
ARIH1	24
JUNB	22
MZB1	15
ADAM11	6
CCN1	27
LAMA5	15
PTPRA	11
NEFM	10
AGFG2	5
BFSP2	7
DNAJB6	10
INA	6
KLHL24	14
KRT6C	8
KRT7	10
KRT71	6
KRT72	6
KRT73	8
KRT74	6
KRT75	8
KRT77	8
KRT78	6
KRT79	6
KRT80	9
KRT81	4
KRT82	4
KRT84	6
KRT86	4
PRPH	9
TCHH	7
ESYT1	12
NME4	22
TTPA	11
VAT1	18
VPS13A	20
VPS13C	21
VPS13D	17
HEPH	6
TMEM63B	23
COPA	12
COPB1	15
COPB2	10
COPE	8
COPZ1	10
COPZ2	12
GOSR1	5
GOSR2	12
RAB41	11
RAB6C	13
RAB6D	9
TRAPPC3L	6
KCTD7	3
TPP2	9
HRC	24
PDZD8	4
TMEM178A	6
TMEM64	17
WBP2NL	12
ARMC1	2
CLUH	5
ACO1	10
BOLA1	4
BOLA2	8
CYB561A3	8
CYBRD1	9
ERFE	35
FBXL5	11
FRRS1	2
GLRX3	10
HEPHL1	4
IREB2	10
ISCU	19
NDFIP1	12
NUBP1	7
SCARA5	8
SLC22A17	3
SLC40A1	10
MEX3D	11
STAU1	15
STAU2	7
CNNM4	9
SLC30A2	25
SLC30A7	13
TESMIN	12
TMC6	14
TMC8	26
TMEM163	17
TMEM94	6
TMPRSS3	15
CIAO3	5
OCA2	23
SLC45A2	10
TMEM175	23
ATP6V0A4	27
ATP6V0D2	23
ATP6V0E1	21
ATP6V0E2	21
ATP6V1B2	18
DMXL1	2
DMXL2	4
RAB20	12
WDR7	2
PEX5L	10
SEC61A2	7
SEC61B	12
SSR3	4
SSR4	7
APPBP2	14
ARCN1	9
ARF3	11
ARF5	18
ARFIP1	16
ARL11	4
ARL14	4
ARL17A	4
ARL4A	9
ARL5A	8
ARL5B	8
ARL5C	8
C17ORF75	4
CCHCR1	2
CSE1L	6
CTSA	23
DESI1	7
DNAJC15	7
DNAJC19	9
DNAJC27	4
ERP29	17
FAM91A1	4
FHIP1A	5
FHIP2A	4
GRPEL1	10
GRPEL2	9
LOC107984156	4
NUP42	7
PAM16	10
RAB24	11
RAB28	8
RAB5B	16
RAB5C	21
RABL2A	4
RANBP3	7
RIC1	20
SCFD1	19
SCFD2	2
SCG5	9
SNX13	10
SNX15	2
STX11	14
STX19	5
STX3	36
SYNDIG1	22
SYNRG	7
TBC1D13	7
TECPR2	2
TIMM17A	5
TIMM17B	5
TIMM21	11
TIMM23	8
TIMM44	8
TLK1	12
TRIM23	21
TSNARE1	2
USO1	12
VPS45	6
XPO4	10
XPO5	14
XPO6	7
XPO7	4
DCBLD2	6
NR1D2	26
NR1I3	16
ARAF	18
ARHGAP1	21
ARHGAP15	6
ARHGAP18	14
ARHGAP27	9
ARHGAP30	9
ARHGAP31	6
ARHGAP32	15
ARHGAP33	15
ARHGAP8	11
ARHGAP9	11
ARHGEF18	13
BRAP	15
CD160	24
CGA	19
DIRAS1	12
DIRAS2	10
GAB2	19
GMIP	8
KRAS	31
MAP3K19	2
MAP3K3	9
MAP3K4	17
MAP3K8	11
MAP4K4	46
MYO16	14
NRAS	23
NUCB1	10
NUCB2	8
NYAP1	5
NYAP2	5
PIK3C2B	9
PIK3R5	11
PLCD1	15
PLCD4	8
PTPN3	23
RAB42	4
RALBP1	26
RAPGEF5	9
RASGRP3	9
RASL10A	4
RASL12	4
RCE1	12
RERG	18
RGL1	5
RGS19	10
RHEB	34
RHEBL1	12
RIN2	16
RRAD	8
RUNDC3A	3
SBK2	4
TIAM2	12
TNK2	24
USP17L2	43
AQP12A	3
AQP12B	3
GPR45	11
DYNLRB1	12
DYNLRB2	14
DYNLT3	16
TTC21A	5
ARL6IP5	20
ERO1A	11
GSKIP	19
HINT1	24
HSPE1	8
LGALS12	2
LOC122513141	17
PPP1R13B	8
PRODH	16
RNF186	19
TMEM117	3
TMEM238L	4
TP53BP2	14
ZNF385B	5
ZNF622	22
CDIP1	11
PHLDA3	18
SLC5A6	16
CAPN1	21
MELTF	22
REP15	9
SLC41A2	9
LYRM4	9
NFS1	13
NUBP2	3
NUBPL	11
IDI2	8
GGPS1	5
PDSS1	10
PDSS2	10
GPS1	12
MAP3K12	19
MAP3K13	25
MAP3K15	5
MAP3K6	12
MAP4K2	16
MAP4K3	13
MAPK8IP1	19
SH2D3A	2
SH2D3C	2
B3GNT7	9
UBIAD1	12
NQO2	12
C1GALT1	6
INVS	7
PYGO1	7
DLGAP5	21
SUGT1	4
PRAF2	3
PSAT1	13
PSPH	10
SEPHS1	14
SEPHS2	4
SEPSECS	9
AASS	11
ALDH4A1	12
ARHGAP11B	14
ASRGL1	7
CDO1	9
CSAD	5
HYKK	7
MAT1A	9
PIPOX	6
PRODH2	7
RIDA	23
SDS	12
SDSL	5
ADI1	9
GLYATL1	4
GLYATL1B	4
IYD	8
SRR	19
THAP4	4
TTC36	13
SLC38A6	9
LGSN	2
NOXRED1	4
PYCR3	4
AHCY	4
AHCYL2	2
ENOPH1	3
MRI1	3
MTAP	6
TPH1	7
LDHAL6A	10
LDHAL6B	12
LDHB	13
LDHC	12
LDHD	6
ABLIM2	5
MYO9B	24
PHPT1	17
SNX2	14
RAB7B	24
SGSM2	7
ATAD1	12
PODXL2	4
CERCAM	1
CLECL1	8
COMP	13
CRBN	13
IQCE	3
KREMEN2	7
RSPO2	8
ZNRF3	15
ABCG2	24
CSNK1G2	12
DHRS11	6
FDXR	9
JMJD1C	13
MBOAT1	18
MFSD2B	8
PLD6	23
PPM1L	7
PRKD3	11
RDH8	10
SPNS2	11
HSD11B1	9
PLIN1	4
SMPDL3B	16
AUP1	18
LDAF1	6
MOSPD2	17
RAB40C	20
SMIM22	11
FAF2	18
HSD17B13	9
PLIN5	30
ABHD11	7
ACAD8	5
ACAT2	6
APOL4	1
APOL5	3
CERKL	10
CLPS	1
FADS6	2
FAM135A	1
FAM135B	1
LGALS13	13
LIPJ	3
LIPK	5
LIPM	4
LIPN	5
LIPT1	10
MBOAT2	17
MBOAT4	8
MBOAT7	17
PAFAH2	5
PITPNA	16
PITPNB	15
PLAAT4	18
PORCN	11
RDH16	11
SLC16A11	4
SLC22A24	3
TEX2	2
TMEM43	17
TPRA1	2
ZNF202	11
ZNF670	8
ANO3	10
ATP10A	7
ATP10B	14
ATP10D	9
ATP11A	19
ATP11C	11
ATP9A	22
ATP9B	5
SLC66A2	8
ABCA10	2
ABCA6	4
ABCA9	2
PRELID1	30
PRELID2	5
PRELID3A	5
PRELID3B	5
SPART	16
ABHD17A	25
ABHD17B	14
ABHD17C	14
CIART	10
NCOR1	40
CALB1	14
CAMK2N1	9
LRRN4	4
RASGRF1	22
CAMK2B	41
TSHZ3	12
CD244	17
CLC	11
EBF4	12
CXCL16	17
MSMP	4
LFNG	16
LY6D	2
GPR15	4
TBX21	45
ELF4	31
CREG1	15
VMA21	6
OSBPL10	15
CST7	21
PLBD1	8
SMURF2	46
HGSNAT	13
LYSET	8
USE1	9
VPS54	4
ZFYVE16	16
BORCS5	11
BORCS6	9
BORCS7	9
DEF8	7
FAM98A	9
GRP	26
HPS6	13
KLC2	3
KXD1	10
MILR1	7
RAB44	16
S100A13	24
SPAG9	13
SYTL4	17
ACP2	13
AP5B1	7
AP5M1	5
CLVS1	10
CLVS2	10
HPS1	11
SRPX	6
TFE3	28
TMEM63A	24
ZKSCAN3	22
CLP1	19
CPSF4	7
RPRD1A	10
RPRD1B	18
RPRD2	5
ISY1	14
SF1	13
SF3A1	22
SF3A2	20
SF3A3	22
PRPF39	11
SFSWAP	7
SNRPC	21
SRSF12	13
AGO1	37
AGO3	32
AGO4	29
CNOT10	10
DHX34	9
DIS3L2	22
DXO	22
METTL16	27
MRTO4	12
NBAS	6
NBDY	5
NUDT12	24
NUDT16	32
NUDT16L1	14
RNH1	15
SND1	19
THRAP3	29
C9ORF78	8
CLNS1A	12
CWC15	10
PRPF8	35
SART1	21
SNRNP200	24
WBP4	13
YJU2	9
YJU2B	4
AGO2	75
ALKBH5	21
CNOT1	40
CNOT6	21
CNOT8	20
FXR2	26
NT5C3B	5
PABPN1L	5
DDX19A	6
NXT2	2
ZC3H11B	5
ZC3H11C	5
ZC3H11D	5
ATXN2L	9
CBLL1	23
FBL	34
HNRNPR	11
METTL8	18
MYG1	18
NONO	20
NSUN2	24
PABPC3	13
PCBP3	9
PCIF1	20
PRPF18	13
PRPF3	22
PTBP1	31
SCAF11	11
SF3B2	22
SF3B4	21
SRRM4	14
SRSF11	8
SRSF2	12
SRSF4	15
SRSF5	11
SRSF7	16
SRSF9	14
TBRG4	15
TCERG1	22
TRMT10C	19
TRMT6	6
TRMT61A	10
TRMT61B	16
TRUB2	14
U2AF1	11
U2AF2	28
USP39	19
VIRMA	8
WTAP	11
ZC3H13	9
PUS1	15
PUS3	12
PUS7	17
PUS7L	7
PUSL1	10
TRUB1	14
AQR	10
ARMC7	3
BCAS2	12
BUD13	10
BUD31	9
CD2BP2	13
CENATAC	13
CIRBP	22
CIRSR	15
CRNKL1	10
CTNNBL1	8
CWC22	15
CWC25	9
CWC27	6
CWF19L1	4
CWF19L2	4
DBR1	10
DDX46	10
DHX38	6
DHX40	4
EFTUD2	26
ESS2	6
FAM32A	6
FRA10AC1	5
FRG1	6
GCFC2	12
GEMIN6	6
GEMIN7	6
GPATCH1	5
GPKOW	5
HNRNPA1L2	5
HNRNPA1L3	5
HNRNPA3	7
IK	20
LSM8	18
MFAP1	11
NCBP2L	4
NKAP	14
NUCLEOLIN	24
PDCD7	11
PHF5A	24
PLRG1	10
PNN	20
PPIE	23
PPIL2	16
PPIL3	3
PPIL4	5
PPWD1	3
PRKRIP1	16
PRP4K	26
PRPF31	26
PRPF38A	8
PRPF40A	8
PRPF40B	8
PRPF6	26
PSME3IP1	11
RBM10	12
RBM41	7
RBM42	8
RBM44	6
RBM48	3
RBMX2	16
RBMXL1	4
RBMXL2	6
RBMXL3	6
RBMY1A1	6
RBMY1C	9
RBMY1D	4
RBMY1E	4
RBMY1F	4
RNF113A	17
RNF113B	5
RNPC3	11
SF3B3	37
SF3B5	26
SF3B6	14
SMU1	14
SNIP1	17
SNRNP25	11
SNRNP27	8
SNRNP35	17
SNRNP48	9
SNRNP70	28
SNRPA	11
SNRPA1	20
SNRPB2	20
SNRPN	16
SRRM1	13
SRRM2	14
SRSF10	25
SYF2	10
TRA2A	9
TXNL4A	17
TXNL4B	12
U2AF1L4	5
UBL5	11
USP49	15
WDR70	5
WDR83	8
ZCRB1	6
ZMAT2	10
ZMAT5	9
ZRSR2	10
CELF3	14
CELF5	9
CELF6	8
KHDC4	5
LUC7L	9
LUC7L2	11
LUC7L3	15
NOL3	35
AAR2	10
COIL	12
DNAJC17	2
GEMIN4	14
GEMIN8	5
ILF3	26
RSRP1	5
SRPK3	9
TSSC4	8
WDR77	14
ZC3H14	18
FAM76B	18
TAF15	12
TENT5A	14
TENT5B	20
TENT5C	12
TENT5D	6
ZAR1	13
RXRB	27
TAF3	27
TFCP2	17
PEG10	12
ARMC3	4
CALCOCO2	13
CCPG1	7
ILRUN	23
KLHL3	15
MTMR14	8
NBR1	18
PGAM5	11
RETREG1	10
TBC1D5	17
TMEM74	1
UBAC2	17
CDKAL1	5
EEF1A2	19
EEF1B2	7
EEF1G	8
EEF2	22
EEF2K	8
EIF4EBP2	12
EIF5A2	3
EIF5AL1	3
FARSB	11
GON7	11
GSPT2	8
GTPBP2	8
HARS1	10
HARS2	11
LAGE3	7
MRPL10	8
MRPL11	12
MRPL13	17
MRPL18	12
MRPL22	8
MRPL23	8
MRPL24	8
MRPL27	8
MRPL28	10
MRPL3	8
MRPL32	11
MRPL34	10
MRPL35	10
MRPL36	8
MRPL37	10
MRPL41	8
MRPL42	8
MRPL43	10
MRPL51	10
MRPL52	8
MRPL55	8
MRPL9	10
MRPS11	8
MRPS12	12
MRPS14	10
MRPS15	10
MRPS16	8
MRPS17	8
MRPS18A	10
MRPS18B	8
MRPS18C	10
MRPS21	8
MRPS33	8
MRPS5	8
MRPS6	11
MRPS7	12
MRRF	10
OSGEP	12
RARS1	12
RPL10L	17
RPS4Y1	10
RPS4Y2	6
RPS6KB2	10
RRBP1	7
SRBD1	5
TP53RK	13
TPRKB	10
TUFM	19
WARS1	19
YARS2	14
CLPP	14
CTRL	7
CTSC	26
CTSO	9
CTSW	11
DENND3	7
DPP7	13
MAGEA2	23
MAGEC2	14
PGPEP1	3
PITRM1	13
PRSS16	6
RSPRY1	4
SNX25	8
UCHL1	29
UCHL3	19
BCDIN3D	18
CAMKMT	10
EEF1AKMT1	5
EEF1AKMT2	8
EEF2KMT	7
ETFBKMT	7
FTSJ3	18
HENMT1	14
MEPCE	21
METTL21A	10
METTL22	10
THUMPD2	13
TRMT11	7
TRMT112	25
VCPKMT	8
ADPRH	8
CSNK1G3	9
FBXO22	17
FBXW2	9
GGCX	10
NEDD8	19
NTAQ1	5
PHEX	12
PPP4R2	12
QPCT	15
RABGGTA	10
RABGGTB	12
UBA3	11
UBE2D2	19
UBE2D3	34
UBE2I	29
UBE2M	13
UBL4A	12
USP25	27
USP6	19
CD93	11
DYSF	26
IFI35	27
TMEM106A	1
TAFA4	6
ARID3C	8
DOCK2	20
CNNM1	2
CNNM2	5
CNNM3	2
MRS2	5
SLC41A3	6
MMGT1	9
NIPA1	4
NIPA2	2
NIPAL1	2
NIPAL2	2
NIPAL3	2
NIPAL4	2
LAMA2	15
FREY1	5
KDELR1	14
KDELR2	15
KDELR3	13
OS9	16
PDIA2	4
RER1	9
ARL2BP	10
PGR	31
SUPT7L	16
SUN1	3
ERC1	15
ERC2	2
SLC25A11	10
ASZ1	6
CATSPERZ	4
HSPA2	15
KCTD19	4
MAEL	15
TAF1L	17
TDRKH	11
ZNF541	12
FOXJ2	23
FOXJ3	16
MYBL1	14
ZSCAN21	15
SHCBP1L	6
MFNG	5
C1D	9
MAK16	8
MPHOSPH6	7
NSA2	8
PES1	16
RPF1	8
RRP15	5
URB1	7
WDR12	15
BOP1	19
DDX18	6
DDX55	8
NOP2	24
PAK1IP1	13
PPAN	6
RBM34	5
RPF2	15
RPL7L1	4
AATF	12
DDX52	6
EMG1	16
FCF1	8
FSAF1	9
HEATR1	21
IMP3	13
IMP4	11
KRR1	8
NAT10	34
NGDN	9
NOB1	10
NOC4L	11
NOL10	5
NOL11	9
NOL6	15
NOL7	8
PNO1	10
PWP2	12
RIOK1	10
RIOK2	14
RRP36	12
RRP9	14
SRFBP1	6
TSR2	4
UTP11	12
UTP14A	6
UTP15	16
UTP18	10
UTP4	13
UTP6	11
WDR3	9
WDR36	10
WDR43	20
WDR46	9
WDR75	14
PHF14	18
MXRA7	2
MEI1	1
PPP2R5D	9
ASIP	16
TYR	21
TYRP1	27
LRMDA	1
USP13	25
AP1B1	22
AP1S1	21
AP1S2	16
AP1S3	17
HPS3	6
HPS5	6
PMEL	17
ANXA2	64
DMKN	2
LRCH4	7
S100A10	34
ICA1	10
ICA1L	7
GCA	12
OTOF	18
RABIF	7
AAK1	15
AZIN2	17
MTCH1	11
MTMR4	36
SH3GLB2	2
TOR1AIP1	10
ZFYVE19	11
SPPL2A	23
SPPL2B	21
NAPSA	16
PARL	21
NAXE	14
ATXN2	18
CAPRIN1	24
DAZAP2	14
EIF1AX	4
EIF2A	10
EIF5B	12
FARP2	14
G3BP2	12
HAUS1	7
HAUS2	9
HAUS3	10
HAUS4	9
HAUS5	7
HAUS6	9
HAUS7	10
HAUS8	11
HECA	9
LIAT1	7
LSM14A	16
MAPRE2	21
MAPRE3	21
NEK6	36
OGFOD1	9
PSPC1	11
SAC3D1	7
STARD9	6
TNKS	41
TNRC6A	13
FBXL17	19
OTUD5	29
ZFP64	9
RADIL	8
IKZF3	22
MESD	8
SECTM1	12
TBX6	15
TCF15	19
AHDC1	6
MSGN1	12
EYA2	14
CDA	20
PDXK	24
QNG1	8
CATSPER3	8
CATSPER4	8
KCNAB1	18
KCNAB3	11
KCNH3	9
KCNH4	9
KCNH5	13
KCNH7	7
KCNH8	8
KCNK17	12
KCNK5	14
KCNK6	27
KCNK7	11
KCNQ4	13
SLC13A1	4
SLC17A2	7
SLC17A4	13
SLC9B2	10
ANKRD53	15
CENPQ	5
DCTN2	12
EML3	18
EML4	13
KIF18A	23
KIF22	15
KIF2B	15
KIFC1	19
NUDC	10
PINX1	37
PSRC1	26
SPICE1	12
LIN28B	24
ZSWIM8	17
PUS10	11
SPOUT1	14
SRRT	5
TARBP2	33
TNRC6B	14
TNRC6C	12
ZC3H7A	6
ZC3H7B	6
ZNF418	11
BICD2	12
CCDC120	2
CCDC68	2
NIN	10
NINL	2
AAAS	14
CAPN6	12
CCSER2	5
NCKAP5	5
NCKAP5L	5
TPPP2	16
TPPP3	12
TTLL13	5
TTLL6	8
ZNF207	22
AURKC	29
CKAP5	22
DCTN6	2
FAM110A	7
INTS13	18
KIF11	18
KIF2A	19
PTPA	21
SPC25	6
TBCE	9
TTK	25
TUBG1	22
TUBG2	17
WDR62	10
CCSAP	16
KIF18B	19
STMN4	11
STMND1	11
MZT1	10
MZT2A	5
MZT2B	5
NEDD1	4
CEP192	8
HDGFL3	16
MAP7D3	8
DRC11L	3
FIGN	3
FIGNL2	14
PROM2	25
ELAC2	20
GRSF1	12
NSUN4	26
REXO2	17
EARS2	5
FASTK	15
FASTKD1	9
FASTKD3	14
FASTKD5	12
OSGEPL1	9
TRIT1	9
YRDC	11
SLIRP	5
FATE1	8
FIS1	19
GDAP1	14
MFF	16
MIEF1	37
MTFP1	5
MIEF2	17
MIGA1	5
MIGA2	5
RCC1L	16
THG1L	22
TRABD	8
AURKAIP1	12
CHCHD1	5
DAP3	7
GADD45GIP1	7
GATB	6
GATC	4
GFM2	13
IARS2	8
LARS2	8
MRPL1	9
MRPL14	5
MRPL15	5
MRPL16	6
MRPL17	5
MRPL19	7
MRPL2	5
MRPL20	8
MRPL21	5
MRPL30	5
MRPL33	5
MRPL38	5
MRPL39	7
MRPL4	13
MRPL40	9
MRPL44	10
MRPL45	5
MRPL46	5
MRPL47	5
MRPL48	7
MRPL49	7
MRPL50	5
MRPL53	5
MRPL54	5
MRPL57	7
MRPL58	14
MRPS10	7
MRPS2	9
MRPS22	7
MRPS23	5
MRPS24	5
MRPS25	5
MRPS26	5
MRPS27	7
MRPS28	5
MRPS31	5
MRPS34	5
MRPS35	5
MRPS9	5
PTCD3	10
QRSL1	6
RARS2	9
DDX28	7
GTPBP10	13
GTPBP6	7
MALSU1	19
MRM2	21
MRM3	12
MTERF4	11
MTG1	16
MTG2	18
RTL10	3
AFG1L	6
SPG7	14
ATPAF1	5
ATPAF2	7
FMC1	3
TMEM242	5
TMEM70	10
COX7A2L	5
HIGD1A	8
HIGD1B	3
HIGD1C	3
HIGD2A	6
HIGD2B	3
RAB5IF	6
STMP1	18
BCS1L	13
COA1	8
DMAC1	5
DMAC2	7
FOXRED1	5
LYRM2	3
NDUFAF3	7
NDUFAF5	6
NDUFAF6	7
NDUFAF7	7
NDUFAF8	5
TMEM126B	6
TMEM186	6
UQCC1	5
UQCC2	18
UQCC4	5
UQCC5	9
UQCC6	7
CMC1	6
COA3	8
COA5	5
COA8	7
COX14	6
COX16	5
COX17	7
COX20	5
PET100	5
PET117	3
SCO1	6
SMIM20	5
TMEM223	7
CHCHD7	3
SDHAF1	3
SDHAF3	6
ERAL1	11
METTL15	9
METTL17	11
MPV17L2	10
MTERF3	13
NOA1	13
RBFA	8
GTPBP3	10
MTO1	2
TRMT5	7
PRORP	8
GFM1	7
MTIF3	5
MTRF1	5
MTRF1L	5
MTRFR	13
TSFM	5
MTRES1	10
EPCIP	4
MSTO1	9
TRAK2	11
ADCK1	9
ATAD3B	8
ATAD3C	2
DNAJA3	45
GABPB1	9
LETMD1	12
PTCD2	4
PYROXD2	4
SIRT5	29
SPATA19	5
FOXN3	12
NEK11	16
RINT1	7
TRIM39	26
CHFR	9
PABIR1	19
CNTROB	2
KLHDC8B	4
CCDC86	7
CENPK	5
KNL1	17
NCAPG2	8
SPAG5	21
WAPL	16
ZWINT	9
BROX	5
TEP1	7
ESCO1	19
ESCO2	15
HASPIN	19
PDS5A	8
ABRAXAS2	13
ARHGEF10	19
KIF15	9
MAP9	18
PRC1	24
WRAP73	7
BUB3	8
MAD2L1	22
SPC24	9
ZWILCH	11
GPHN	13
MOCOS	7
MOCS1	7
MOCS2	5
MOCS3	11
UBC	18
ANKIB1	7
AREL1	15
ARK2N	8
ATE1	9
BFAR	21
CBLC	23
CNOT4	11
COP1	18
COPS3	19
CUL9	13
DCST1	10
ENC1	17
FAF1	31
FBXL14	10
FBXO10	9
FBXO11	22
FBXO21	5
FBXO8	6
HECW1	11
HECW2	13
HERC3	7
HERC4	10
HERC6	7
KCTD10	13
KCTD21	6
KCTD6	6
KIF12	15
KLHL25	21
KLHL8	9
LNX1	3
MAGEF1	13
MIB1	8
MYLIP	11
NDFIP2	11
NTAN1	4
NUB1	18
PCYOX1	11
PSMD9	17
PSMF1	10
RFFL	33
RNF11	11
RNF111	16
RNF114	7
RNF125	20
RNF128	10
RNF13	18
RNF130	5
RNF133	7
RNF144B	11
RNF146	12
RNF148	6
RNF149	6
RNF150	5
RNF151	5
RNF166	7
RNF19A	7
RNF19B	12
RNF20	28
RNF215	5
RNF217	7
RNF40	20
RNF43	13
RNF6	30
SPSB1	9
SPSB2	9
SPSB4	12
TMEM129	11
TTC3	7
UBE2D1	27
UBE2D4	16
UBE2G1	15
UBE2H	11
UBE2J2	16
UBE2L5	9
UBE2R2	9
UBE3B	7
UBE3C	9
UBE4A	8
UBQLN3	3
UBQLNL	3
UBXN1	20
ZNRF4	12
GAMT	8
GATM	9
GGACT	4
SLC16A12	6
SLC16A9	5
TRIM38	14
TRIM62	16
BAIAP3	25
CASK	35
CNTNAP4	4
CPLX2	14
CPLX3	11
CPLX4	10
DLGAP3	3
DLGAP4	3
IGSF21	7
IQSEC2	8
LRRC4C	13
NMU	20
SORCS3	10
TPRG1L	4
USP46	12
TMEM25	5
UNC80	13
ABCB8	10
ASIC2	9
ASIC4	6
ATP6V1C1	15
ATP6V1E2	9
CCDC51	9
CNGA3	17
CNGB3	14
DMAC2L	6
KCNK12	12
KCNK13	14
KCNK15	9
KCNN3	8
KCNQ5	9
KCNT1	11
KCNT2	9
KCNU1	9
LRRC26	15
LRRC38	12
LRRC52	12
LRRC55	12
OTOP2	5
OTOP3	5
SLC12A8	6
SLC12A9	9
SLC30A3	14
SLC30A4	15
TMEM38A	18
TMEM38B	18
UNC79	5
PANX2	6
PANX3	12
LASP1	7
ADH1C	10
ADH6	12
ALDH8A1	8
BCO2	11
CYP27C1	14
HLCS	4
NAXD	5
NMRK1	4
NMRK2	4
NNMT	10
SLC25A16	11
VNN2	3
SLC16A8	5
SLC22A13	18
SPACA3	12
IL1R2	16
USP1	20
AIRE	20
OTUD7B	34
NOMO1	4
NOMO2	4
TMEM147	7
SH3PXD2A	7
TCTA	4
SDC1	17
FBXO40	3
LBX2	12
MRTFB	14
MYF5	23
MYF6	27
SPEG	7
TMEM204	5
AAMP	5
TCP11L2	3
ANKRD2	15
ARHGEF11	14
CKMT2	6
MYH1	6
MYH13	6
SLMAP	11
SMPX	3
SMTN	7
UTRN	22
CHODL	7
COL6A3	10
EVC	9
FHL1	25
FHL3	6
ITGB1BP2	3
KY	3
MKX	8
MYMX	9
TCF12	21
TRIM72	15
ZBTB42	5
FOXP2	17
NCMAP	6
PLLP	5
PRX	7
BCAS1	3
CMTM8	1
LGI4	8
MAL2	4
MARVELD1	1
SBF2	3
ZNF24	14
SLAMF1	23
OSCAR	11
PLEKHM3	1
ADAM12	11
ADGRB3	10
DOCK5	17
ERVFRD-1	5
ERVW-1	5
MYMK	5
PTGFRN	2
AKIRIN1	22
KLHL40	23
MYORG	12
TMEM182	10
PLAAT2	11
PLAAT5	9
NAA11	7
NAA20	12
NAA80	14
NAPRT	10
NMNAT3	10
NADK2	8
NUDT17	10
SARM1	19
FMO2	8
CBLB	25
KPNA1	9
KPNA5	5
KPNA6	8
KPNA7	5
NUP35	8
NUP54	9
RANBP2	19
RGPD1	3
RGPD2	3
RGPD3	3
RGPD4	3
RGPD5	3
RGPD8	5
CD48	5
KLRK1	11
SH2D1A	5
SLAMF7	4
KLRF2	8
CD226	23
HCST	8
TUBB4B	22
ITPK1	3
NUPR1	53
TRIM63	13
UBLCP1	8
GMFB	13
GMFG	17
CD300A	46
SAMSN1	14
CD5	3
CD72	4
FCRL3	23
CHRDL2	5
CRIM1	10
HTRA3	11
LEMD3	11
SKIL	23
SKOR1	20
SKOR2	20
SOSTDC1	14
TMEM53	16
TRIM33	19
VWC2	9
VWC2L	6
LGALS9B	12
LGALS9C	12
TARM1	12
TWSG1	21
VSIR	37
DAPL1	8
PEA15	6
RSC1A1	15
DACH1	21
GNL3L	17
NIBAN2	25
PIF1	18
TEN1	11
DYRK1A	56
MARCHF7	34
PSMD10	36
GMNN	17
GTPBP4	33
S100A11	25
SUB1	17
TSPYL2	21
PARPBP	4
RADX	10
ZSCAN4	13
LRR1	3
ACTRT1	12
AEBP1	19
ARID4A	22
ARID4B	21
ATF3	23
ATF7	22
ATOH8	29
BCL11A	39
BCL6B	17
BEND5	3
BRMS1	30
BRMS1L	19
BTAF1	4
CBFA2T2	10
CCDC85B	14
CIPC	6
CNOT2	20
COQ7	15
CREBRF	20
CUX1	18
CXXC5	15
DEPDC1	5
DMRT1	24
DNAJB4	4
DNMT3B	11
DR1	26
E2F5	12
E4F1	19
EID1	6
EID2	16
EID2B	8
ELF2	11
ELK3	17
ELK4	15
ERF	11
ESX1	18
ETS2	18
FERD3L	11
FHL2	17
FOSB	12
FOXP4	10
GFI1B	22
GLIS1	15
GTF2IRD1	12
GZF1	17
HEXIM1	22
HEXIM2	18
HIC2	13
HIF1AN	28
HMBOX1	17
HMX1	11
IGBP1	14
IKZF4	13
IKZF5	13
ING1	29
IRF2BP1	11
IRF2BPL	11
JAZF1	5
JDP2	13
JUND	19
KAT14	21
KCNIP3	23
KCTD1	13
KCTD15	3
KLF11	22
KLF12	13
KLF8	10
KRABD1	9
KRABD4	9
KRABD5	9
L3MBTL3	12
L3MBTL4	5
LANCL2	19
LARP7	24
LBH	9
LDB2	17
LIN37	11
LIN52	10
LIN9	11
LRRFIP1	14
MAF1	9
MAFF	18
MAFG	15
MAFK	13
MAGEA1	9
MAGEA10	6
MAGEA11	6
MAGEA12	6
MAGEA3	19
MAGEA4	12
MAGEA6	9
MAGEA8	6
MAGEA9	6
MAGEB1	5
MAGEB10	5
MAGEB16	5
MAGEB17	5
MAGEB18	5
MAGEB2	5
MAGEB3	5
MAGEB4	5
MAGEB5	5
MAGEB6	5
MAGEB6B	5
MAGEC1	5
MAGEC3	5
MAGED1	13
MAGED2	14
MAGED4	5
MAGEE1	7
MAGEE2	5
MBIP	27
MCPH1	3
MDFIC	24
MDFIC2	9
MED25	27
MIER2	7
MIER3	7
MLIP	17
MOSPD1	7
MXD1	10
MXD4	9
MXI1	11
MYPOP	10
MZF1	18
N4BP2L2	12
NAB1	7
NAB2	7
NACC1	14
NACC2	20
NCOA5	7
NCOR2	20
NDN	5
NKRF	15
NKX6-2	16
NKX6-3	16
NR2C1	13
NR2E1	13
NR2F1	13
NR2F6	14
NR6A1	15
NSD1	30
PA2G4	23
PARP15	15
PASD1	13
PATZ1	16
PAX9	15
PEG3	13
PFDN5	16
PHF12	9
PHF21A	3
PHF6	11
PIAS3	17
POU2F1	18
PRAME	29
PRDM1	21
PRDM11	21
PRDM2	17
PRDM5	22
PRDM6	7
PURB	16
RBAK	13
RBL1	19
RBL2	21
RCOR1	6
RCOR2	4
RCOR3	4
RIOX1	20
RIPPLY3	5
RITA1	11
RUNX1T1	9
SAP130	20
SAP18	18
SAP30	21
SAP30L	32
SCML1	5
SCML2	5
SCML4	5
SCRT1	16
SCRT2	19
SFMBT1	8
SFMBT2	10
SIN3B	11
SINHCAF	24
SOX30	24
SP2	14
SP3	20
SPDEF	12
SSX1	7
STRN3	26
SUFU	21
TAF9B	19
TBL1X	24
TBL1XR1	19
TBX22	11
TCEAL7	5
TCF23	16
TCP10L	6
TFDP2	13
TFEC	16
TGIF1	12
TGIF2	15
TGIF2LX	12
TGIF2LY	12
THAP11	12
THAP5	9
TLE1	21
TLE2	8
TLE4	9
TLE5	21
TRIB1	41
TRPS1	15
TWIST2	17
VGLL4	25
VSX2	12
WDR5	31
WDR82	15
YWHAQ	10
ZBED2	13
ZBED6	16
ZBTB10	10
ZBTB12	12
ZBTB14	20
ZBTB17	22
ZBTB18	18
ZBTB2	12
ZBTB21	10
ZBTB25	9
ZBTB26	12
ZBTB32	16
ZBTB33	17
ZBTB34	9
ZBTB35	11
ZBTB37	12
ZBTB39	9
ZBTB45	12
ZBTB46	12
ZBTB49	21
ZBTB5	9
ZBTB6	11
ZBTB8A	16
ZC3H4	7
ZC3H6	4
ZC3H8	28
ZFHX3	27
ZFP92	17
ZFTA	5
ZGLP1	9
ZGPAT	16
ZHX1	8
ZHX2	9
ZHX3	11
ZMYM2	10
ZMYM5	3
ZMYND15	5
ZNF12	12
ZNF133	8
ZNF134	9
ZNF136	9
ZNF140	13
ZNF174	15
ZNF175	12
ZNF177	11
ZNF205	20
ZNF217	17
ZNF219	13
ZNF224	12
ZNF239	10
ZNF253	10
ZNF254	9
ZNF256	9
ZNF263	18
ZNF267	7
ZNF281	22
ZNF282	15
ZNF318	6
ZNF33A	10
ZNF33B	7
ZNF350	14
ZNF354B	9
ZNF366	14
ZNF396	14
ZNF397	13
ZNF423	22
ZNF425	8
ZNF431	11
ZNF438	7
ZNF469	5
ZNF503	11
ZNF536	12
ZNF540	13
ZNF572	11
ZNF589	10
ZNF600	7
ZNF608	6
ZNF652	7
ZNF653	8
ZNF688	9
ZNF692	16
ZNF706	9
ZNF717	7
ZNF746	18
ZNF747	9
ZNF76	17
ZNF777	14
ZNF782	7
ZNF808	11
ZNF814	7
ZNF836	7
ZNF841	7
ZNF845	7
ZSCAN10	10
ZNF451	17
EAPP	13
NELFA	9
NELFB	13
NELFCD	9
NELFE	10
SGTA	19
SVIP	24
ACP4	19
RNF115	19
SPRY3	21
SPRY4	21
ZFYVE28	11
LMO3	16
MISO1	5
SPRED2	25
SPRED3	15
SYNJ2BP	18
TMBIM1	34
ACKR5	8
GPRASP1	4
MGRN1	21
MRAP	15
RGS13	8
RGS16	14
RGS17	8
RGS18	8
RGS2	26
RGS20	10
RGS21	8
RGS4	11
RGS5	9
RGS7	11
YWHAB	27
CDK2AP2	14
CRLF3	18
DCUN1D3	28
GPNMB	32
ZNF655	14
AVEN	7
PDIK1L	7
RFPL1	13
STK35	7
FICD	12
ANXA13	24
LYPLAL1	9
DNAJA1	37
DUSP19	15
KLHL31	12
SH3RF2	28
PAQR3	32
PEBP1	10
PP2D1	6
PRDM15	18
SBNO1	19
STYXL2	5
NLRP2B	25
PYDC1	23
PYDC2	22
BEND6	8
CCNC	11
DLK1	17
DLK2	4
DLL3	6
PPP1R15B	11
GPATCH3	11
NLRX1	8
NAF1	20
PHAX	6
ZCCHC17	2
PCBP4	12
PTBP2	8
PTBP3	8
LZTR1	16
RASAL3	13
SYNGAP1	7
SCAI	8
CILP	18
FAM89B	11
LDLRAD4	19
VEPH1	10
FGL1	9
HAVCR2	30
ILDR2	10
LAG3	17
PAG1	7
SDC4	19
TIGIT	14
TNFAIP8L2	10
VSIG4	11
TSC22D3	2
TMEM131L	5
USP5	29
CD69	11
ITPRIPL1	4
PVRIG	4
UBASH3A	7
AKT1S1	19
ATXN3L	19
DEPTOR	29
MAPKAPK5	28
MINAR1	18
PELI1	30
PREX2	10
TMEM127	10
TNFAIP8L1	3
AMER1	16
APCDD1	3
CSNK1A1L	6
DACT3	11
DKK2	6
DKK4	6
DKKL1	11
FRMD8	6
HMGXB4	5
IGFBP1	10
IGFBP2	13
IGFBP4	10
IGFBP6	17
LZTS2	4
MCC	12
NKD2	28
NPHP4	11
SHISA2	6
TAX1BP3	12
TLE7	5
TMEM170B	3
TMEM196	15
TMEM278	3
TMEM88	8
TPBG	3
TPBGL	3
TRABD2A	14
TRABD2B	14
WIF1	3
ARHGAP28	10
PFN1	38
RAB40B	17
RHPN1	3
RHPN2	3
TACSTD2	28
PLEKHH2	9
KANK3	7
KANK4	7
SSH3	6
ARPIN	10
IGSF1	7
GALR1	10
LTB4R2	6
WDTC1	10
CHLSN	7
PFDN1	5
PFDN2	10
PFDN4	6
VBP1	8
GDPD5	16
ITM2A	3
ITM2B	10
LRPAP1	21
CCN6	14
DCN	34
ECSCR	9
EPN1	7
EPN2	15
GTF2I	11
ISM1	3
KLK3	17
SERPINF1	11
TNMD	6
VASH1	19
ZNF354C	12
PTRH2	13
AGAP2	29
ANP32B	20
ANXA5	13
API5	8
ARHGDIA	13
BAG1	13
BCL2L12	12
BIRC6	25
BIRC7	26
CAAP1	3
CRYAA	12
DDAH2	9
FANK1	11
FKBP8	13
GMEB1	15
GPRASP3	20
GRINA	12
HMGN5	15
HSPB2	6
HSPB6	11
HYPK	6
LAMA1	26
MAEA	16
MAG	14
MIEN1	10
MYDGF	23
NAA35	3
NAA38	5
PAGE4	12
PAX7	15
PIM3	10
PRKCG	22
PROC	25
RNF157	12
SH3RF3	11
TAX1BP1	21
TMEM14A	10
TMEM215	7
TNFAIP8	8
TNFRSF18	15
TNFRSF6B	7
TOX3	12
TXNDC5	13
UBE2Z	10
USP40	8
VSTM2L	3
MPV17L	8
PELI3	11
SLC35F6	14
NENF	2
UCN	11
PHF23	12
SMCR8	35
TMEM39A	11
RUBCN	19
EIF4G2	14
EIF4G3	11
LZTS1	6
MTMR8	10
MTMR9	16
STK38L	14
TBC1D14	14
WDR6	10
PPTC7	12
DIP2B	15
RTN4R	26
GDI1	13
MCF2	10
DNAJB2	42
EFHB	9
STYX	9
ASPN	7
ECM1	25
ASXL3	8
C1QTNF12	15
CLK2	17
MST1	11
NT5DC2	3
TRAP1	22
C1QTNF1	10
SERPINE2	29
RNLS	6
MMRN1	19
MMRN2	27
GPR137	14
GPR137B	20
KISS1R	22
PDE10A	14
PDE11A	13
PDE1A	5
PDE1C	9
PDE4C	7
PDE5A	11
PDE6A	8
PDE6C	8
PDE7A	6
PDE8B	9
PKIA	11
AARS2	4
SMPDL3A	17
SPSB3	17
CBARP	10
SESTD1	19
MRLN	7
CARD19	6
MAPKBP1	16
NKIRAS1	6
NKIRAS2	6
NLRP12	41
PRMT2IP	9
TRIM40	17
TRIM59	6
TSPAN6	10
CHADL	6
ATRAID	20
AZIN1	8
CST3	28
ENDOU	17
NELL1	22
PHF20L1	12
PPP1R3B	8
RGP1	15
SERPINB12	10
CAND1	14
NOSIP	14
RD3	6
ADAMDEC1	10
ARHGDIG	6
MUC21	5
NEXMIF	14
HHIP	15
IGFBP3	37
BTG3	8
CDKN1C	15
FBXO43	14
HOXD10	13
INCA1	13
NUDT6	10
TP53I13	5
TSC22D2	3
SUSD2	8
NME6	19
TOM1L2	9
ANKRD26	3
ASXL1	15
HOXB8	12
LRP3	14
PTGR3	5
SRA1	8
TRIB2	23
USF3	12
VASN	14
BTG1	23
CDKN2C	16
CGRRF1	6
GNG4	10
NDRG3	6
OSGIN1	6
OSGIN2	6
OSTN	5
SCGB3A1	12
SERTAD2	6
SERTAD3	11
ST7L	4
TP53TG5	10
WFDC1	5
CD59	28
ARHGDIB	18
EMILIN2	20
LIMCH1	15
NAV3	22
PFN2	27
PODN	6
RAP2A	32
SERPINB1	17
SLURP1	11
SRGAP1	9
SRGAP2B	10
SRGAP3	11
TCAF1	8
SPOCK3	13
CGREF1	3
CLMN	6
EEF1E1	17
FGFBP1	9
IGFBP7	10
MN1	10
P3H2	9
POU1F1	19
RARRES1	7
SIRPG	15
SPIN4	13
TES	10
THAP12	3
TMEM115	10
TNS2	13
TOB1	19
TP53I11	3
ZBTB7C	10
CRMP1	12
DENND5A	8
FKBP4	9
PRAG1	15
EPCAM	21
AJAP1	14
PLET1	8
AP1AR	8
RAB40A	12
DNAJB8	5
ERVH48-1	3
SACS	11
SCAMP5	19
ASTL	13
DPP8	7
PDCL3	20
ETFRF1	5
MLDHR	3
SAXO6	8
CEP97	7
EVI5L	11
GDI2	18
KATNIP	7
MPHOSPH9	4
ODF2L	4
TBC1D30	12
PROCR	7
PROS1	17
ACOT13	9
ARRDC3	11
HOXC10	20
LAMA4	7
LGR4	14
NPR3	15
NRDC	31
A2M	15
C4BPB	10
CD55	34
SUSD4	9
ASB1	13
CHID1	13
CUEDC2	7
GPR174	4
IL19	10
RNF216	16
XAF1	5
CCDC3	9
PALM3	7
PARP14	24
SMIM30	6
TTLL12	9
GRAMD4	6
MARCHF5	32
PLD3	24
RNF170	8
RNF39	12
IQCJ-SCHIP1	6
CLEC12A	24
DTX4	20
FEM1A	14
FNDC4	5
GPR31	11
LRFN5	17
NLRP4	9
OTULIN	17
PPP1R13L	13
TRAFD1	6
TRIM45	12
USP38	16
KCNRG	3
ZNF296	14
TMEM176A	3
TMEM176B	3
ARHGEF15	18
C11ORF65	8
ELAPOR2	12
PIP4P2	17
SERPINB13	21
TXNDC12	7
AIMP1	13
GPRC5A	12
CAST	9
ZNF800	7
STXBP6	10
WDR41	15
TIMP3	15
EYA4	13
FAIM	3
DCAF5	7
SLC25A1	10
CNOT9	21
CNPY2	4
DDX3Y	8
EXD1	9
HELZ	15
IFRD2	7
MYCN	23
OTUD6B	14
PAIP2	6
PAIP2B	6
PIWIL3	13
SERBP1	17
TCEAL1	5
TIPARP	15
TTBK1	23
ZAR1L	7
ZC3H10	11
ZNF410	15
ZNF91	11
ZNF93	12
UHRF2	21
RNF10	25
PASK	20
NPVF	7
TMPRSS4	14
SRI	32
MARK3	21
MOB4	4
SIKE1	7
STRN4	9
PRKG1	15
TMX1	19
RAB11FIP1	6
RHBDF2	18
GPR108	9
LRRC14	5
SIGLEC10	8
FAM3D	6
MIDN	10
SRRM3	8
FFAR1	13
CABP1	16
AARS1	20
ARHGAP17	9
ARHGAP22	11
ARHGAP29	9
ARHGAP45	11
FKBP5	5
HAPSTR1	9
MORN3	5
OTUD3	13
PHLPP1	10
PIK3IP1	6
TRIM60	9
DDIAS	5
PPEF1	10
CEP43	20
DBNDD2	6
RTRAF	18
DDT	20
RIN3	17
PHF7	6
C22ORF39	2
LST1	3
GCSAM	10
UPF3A	19
TAFA3	8
RNF122	14
TIMP2	20
TIMP4	7
ATXN7	24
BMERB1	7
MID1IP1	19
TRIM54	13
EML2	14
TUBB4A	20
MAD2L1BP	9
WNK4	23
LYPD3	3
STAC2	16
SERPINB4	7
PNKD	4
STYXL1	14
RASSF2	20
SRCIN1	26
IBTK	8
NIBAN1	14
ARHGAP24	11
ARHGAP44	21
RAP1GAP	17
PANO1	10
FBXO32	12
DMWD	7
WDR20	10
ERLEC1	7
NOLC1	21
ANKRD13A	8
BTF3	4
LZTFL1	7
RNF4	31
SIAH3	11
PPP2R5A	13
CSTB	22
DNAJC1	6
SPINK14	5
SPINK6	5
SPINK9	5
TM4SF20	4
BAG2	24
BEX1	10
BEX2	8
BEX3	8
BEX4	16
FSCB	5
SPOPL	14
USP4	20
CDY1	6
CDY2A	6
TRIM44	20
DPH3	13
SERGEF	8
PRRT2	7
ANKRD13B	8
ANKRD13D	7
NECAB2	17
WDR54	9
SPINK13	2
CD109	10
KIF7	11
MOSMO	9
PTCH2	9
CNRIP1	1
FANCD2OS	3
TAFA5	5
USP19	18
PMCH	4
TNKS2	24
CC2D1A	16
HTRA4	11
INTS9	15
C8ORF88	4
EIF4EBP3	4
OAZ3	7
ARG2	15
BTBD17	3
ZC3HAV1	26
IL32	7
UBP1	16
ADNP2	5
ATXN10	9
BTBD1	4
BTBD2	3
BTBD6	2
C3ORF70	1
CABLES1	1
CNTNAP3	1
CNTNAP3B	1
CNTNAP3C	1
CNTNAP5	1
CSPG4	15
DPYSL4	8
FGF11	8
GBX2	12
GDA	6
HOXB2	14
IGSF8	9
KCTD12	8
KCTD16	5
KCTD8	5
MAMDC4	1
MOBP	1
NAV2	2
NDP	15
NINJ2	6
NRGN	1
NRSN1	2
NRSN2	2
NTN5	4
PCDH1	2
PCDHA1	1
PCDHA10	1
PCDHA11	1
PCDHA2	1
PCDHA3	1
PCDHA4	3
PCDHA5	1
PCDHA6	1
PCDHA8	1
PCDHAC1	1
PCDHAC2	1
PCDHB12	1
PCDHB15	1
PGBD1	7
RAPGEFL1	5
RBFOX1	12
RBFOX3	6
RBM45	3
RXRG	12
SCRG1	1
SDCBP2	13
SIM1	8
SIM2	7
TRIM3	14
KBTBD8	11
TAPT1	13
TCOF1	16
LMO4	17
DSPP	8
DOK7	8
PDZRN3	8
PPFIBP2	2
NCAM2	2
ALX3	11
ALX4	13
BICDL1	9
CAMSAP1	15
DRGX	11
FAM151B	3
FRY	3
FRYL	3
GPRIN1	3
GPRIN2	3
GPRIN3	3
ISX	11
LINGO1	4
NCDN	9
RHOXF2	14
RHOXF2B	11
SMIM45	4
UHMK1	22
VSX1	13
KIF20B	41
OMG	2
PPP1R12B	7
PPP1R12C	5
SGK1	19
NRN1	2
NRN1L	2
CCKBR	8
CYSLTR1	3
CYSLTR2	3
ECEL1	7
GPR149	3
GPR83	6
GPR84	7
MCHR2	5
NPBWR2	4
NPSR1	13
NPY4R	5
NPY4R2	4
NTSR2	4
NXPH2	1
NXPH3	1
NXPH4	1
PDYN	9
PENK	14
PRLHR	6
QRFP	8
RXFP3	8
RXFP4	3
SORCS1	4
SORCS2	3
SLC18B1	14
DNAJC5	18
LHFPL4	8
CYB5B	7
MTARC1	7
MTARC2	7
NOS1AP	27
EXOC3L1	2
RTBDN	6
SLC19A2	10
SLC19A3	9
SLC22A12	10
SLC52A1	6
SLC52A2	6
SLC52A3	10
ARHGEF19	10
DAAM1	4
PRICKLE2	10
VANGL1	2
TM2D3	8
DTX2	7
DTX3	10
MAML2	7
MAML3	9
SUSD5	1
ARMC5	11
INTS1	11
INTS10	10
INTS11	15
INTS12	12
INTS14	12
INTS15	12
INTS2	12
INTS4	13
INTS5	12
INTS6	14
INTS8	14
WRAP53	30
AHCTF1	13
NDC1	10
NUP205	8
CALCOCO1	17
NR3C2	18
NUP210	2
NUP37	4
NUP43	2
NUP58	3
ANGEL1	12
CNOT11	3
CNOT6L	14
CTIF	4
N4BP2	6
PAN2	11
PAN3	8
PNLDC1	11
PYM1	11
SAMD4A	9
SAMD4B	5
SMG8	7
UPF3B	16
PPP1R8	14
RBM26	5
RBM27	5
RBM7	16
RNASET2	16
SIDT2	10
STK31	6
ZC3H3	5
ZFC3H1	8
DDX24	5
WDR74	14
SIDT1	7
CTPS2	10
UMPS	10
DPYD	17
DPYS	10
SLC28A1	14
NUDT18	6
NUDT9	8
TK2	7
TPMT	4
UPP1	1
AK1	9
AK2	8
AK6	16
CMPK1	15
GLRX	8
GUK1	8
NUDT13	7
ENTPD4	16
ENTPD2	11
ENTPD3	10
ENTPD8	10
TYMP	2
DCK	7
PGM2	11
UCKL1	2
SLC28A3	13
ITPA	4
PPAT	5
UVSSA	13
CMAS	7
IRAG2	9
AMTN	12
ANKRD11	6
SSUH2	3
TMT1A	13
TUFT1	4
ZNF22	9
GNMT	10
SFXN3	6
FIGLA	14
SYNPO	13
KLC1	4
MROH1	4
PEX11A	9
PEX11B	9
PEX11G	7
SNX11	3
TDRD6	8
TMEM135	3
BICDL2	3
CDR2L	3
CYP2R1	13
SLC22A10	1
SLC22A25	1
SLC35B1	11
SLC35B4	7
SLC35D3	17
SLC35D4	8
SLC35H1	8
SLC75A1	8
SLCO4A1	7
SLCO4C1	12
SLCO5A1	4
SLCO6A1	4
SLC2A13	14
SLC49A4	5
SLC5A11	1
TPK1	3
MTCH2	18
TOMM20	10
TOMM22	9
TOMM40	10
TOMM5	8
TOMM6	5
TOMM7	12
PPA2	6
CPQ	13
LVRN	6
NAALADL1	9
TRHDE	9
EPB42	6
TGM4	4
TGM6	2
TGM7	2
CORIN	10
ECE2	13
MEP1A	11
PCSK1	10
PCSK7	11
MFSD1	10
TTLL1	7
TTLL10	1
TTLL11	4
TTLL4	4
TTLL5	4
TTLL7	6
DPH1	4
DPH2	4
DPH5	3
DPH6	2
DPH7	3
JMJD4	11
JMJD7	10
ANTKMT	5
ATPSCKMT	8
METTL18	17
SETD6	12
DOHH	4
KIAA1586	6
LIPT2	4
SAE1	13
SENP1	18
SENP5	12
SENP6	12
SUMO2	12
SUMO3	9
UBA2	14
PDP1	6
DUSP21	10
ANXA11	18
CD302	3
CEACAM4	3
LTAP1	1
PLD4	18
TMEM174	2
ACYP1	2
ACYP2	2
COQ8A	11
INPP1	3
LHPP	9
PPA1	6
SLC20A1	7
CDIPT	4
INPP5E	12
MTMR1	13
MTMR12	3
PITPNM3	8
PLEKHA4	16
SACM1L	13
TPTE2	6
PLCH1	4
PLCH2	6
F2RL3	8
GPR139	1
GRPR	9
MRGPRX4	4
NPS	15
OXGR1	2
TRHR	2
SMPD3	16
PLSCR2	13
PLSCR4	8
PLSCR5	3
SERINC2	5
CDK17	12
CDKL1	13
CLK3	10
COQ8B	6
ERG	16
MAP3K21	6
MAP3K9	9
MAPK4	10
MAPK6	7
MATK	8
MEX3B	7
MKNK1	10
NEK3	6
NUAK1	11
PPP4R1	6
SGK2	8
SIK2	19
SIK3	14
STK10	13
STK17A	17
STK17B	14
TBCK	13
TNK1	8
PCARE	4
PLAC1	1
RTL1	4
CAVIN2	7
TMPRSS9	3
FYCO1	12
AOC1	17
RSAD1	4
TMPRSS2	14
LARP4B	9
PRXL2C	8
AHSA1	5
DNAJC24	5
BRK1	20
SASH3	14
TNFRSF13C	7
TNFSF13	12
TNFSF13B	6
KCP	3
SCUBE3	9
UBE2O	14
CLTCL1	19
ITLN1	17
CCT3	17
CCT4	17
CCT5	20
CCT6A	18
CCT7	15
CCT8	24
TCP1	23
TELO2	10
TTI1	10
TTI2	5
ATAD5	8
CCDC117	9
GNL3	23
NVL	25
PKIB	9
ING3	29
MEAF6	38
MORF4L2	18
MRGBP	15
FAM168A	1
WHR1	12
DBF4B	21
WIZ	17
ABRA	9
ADIRF	10
ANKRD23	8
ANKRD49	5
ASCL3	6
ASXL2	10
ATMIN	10
ATXN7L3	14
BARX2	12
BCLAF3	3
BDP1	7
BMAL2	17
CAMK1	28
CAND2	8
CASZ1	12
CDK8	11
CEBPZ	5
CRAMP1	7
CREB3L3	21
CREB3L4	12
CREB5	13
CRX	23
CSRNP2	8
CSRNP3	10
CXXC1	12
CYTL1	3
DBP	14
DCAF6	7
DHX33	24
DNAJC2	15
DUX1	9
EBF3	9
ECD	6
EDRF1	3
EFCAB7	17
EGR4	16
ELF1	14
ELK1	18
ESRRA	13
ESRRG	16
ETV4	20
FHL5	5
FIZ1	9
FOSL2	13
FOXD2	13
GABPA	14
GABPB2	7
GLMP	10
HELZ2	9
HIVEP3	9
HLF	13
HNF4G	10
HOXA10	14
HOXB1	16
HOXC13	14
HOXD13	16
HSF2	15
HTATIP2	9
ICE1	22
ICE2	14
ILF2	17
KANSL1	12
KANSL2	5
KANSL3	9
KLF14	12
KLF5	13
KMT2B	12
KMT2C	10
LBHD1	5
LITAF	27
LMO1	5
LMO7	14
MACC1	3
MED12	13
MED12L	3
MED13	13
MED13L	3
MED14	19
MED19	14
MED21	17
MED24	18
MED30	18
MED6	18
MLLT1	3
MSANTD1	3
MSL3	13
MYBL2	12
MYRFL	9
NCOA7	8
NFATC2IP	3
NFIA	13
NFYB	15
NFYC	14
NPAS3	9
NRF1	13
NSD3	13
ONECUT1	15
ONECUT2	13
OTX1	13
PAGR1	14
PAXBP1	5
PCBD2	4
PCBP1	12
PHF20	9
PITHD1	8
PKNOX2	11
PLAC8	10
PLAG1	14
POU3F1	15
POU4F3	17
PPRC1	5
PRDM10	9
PRDM4	15
PRRX1	12
PTOV1	3
RAI1	6
RASL11A	6
RAX	15
RAX2	10
RBM23	7
RFX4	13
RFX5	18
RFX7	14
RFXANK	11
RFXAP	14
RLF	8
RNF187	16
RNF220	26
SEC14L2	11
SHOX	11
SPAG8	8
SPIB	13
SRY	18
SS18L1	12
SSBP2	9
SSBP3	5
SSBP4	5
SUPT20H	12
TADA1	14
TCF20	5
TCF4	24
TEF	12
TFAP2D	9
TFAP2E	12
THAP3	3
TLX2	10
TOX2	6
TRIM16	16
VENTX	13
YY2	14
ZBED4	9
ZBTB48	21
ZFP90	8
ZFX	10
ZFY	11
ZNF300	11
ZNF395	13
ZNF398	10
ZNF496	9
ZNF593	9
ZNF609	11
ZNF711	15
ZXDA	7
ZXDC	8
MED10	12
MED11	12
MED15	13
MED18	13
MED22	12
MED28	12
MED29	14
MED31	15
MED8	18
MED9	12
TOX4	12
BCAP31	22
RNFT1	10
TMEM259	5
ANTXR1	10
PDE6G	8
PDE6H	8
RALA	39
RALB	30
SACK1B	11
SHKBP1	3
DENND2B	5
GLIPR2	15
MTURN	8
OR2AT4	4
MTBP	4
SASS6	15
ARHGAP11A	9
ASAP3	10
DOCK9	8
EVI5	10
RGS6	10
SGSM3	17
TBC1D2	9
CNST	6
GADD45B	11
GADD45G	14
NRK	3
TRAF4	17
UNC5CL	7
SASH1	31
PIK3R6	14
AVPI1	3
JCAD	14
KSR1	10
MADD	18
MID1	17
PELI2	15
RELL1	3
RELL2	6
HSPH1	16
ZDHHC5	27
BMP2K	13
ENHO	5
NOTCH2NLA	4
NOTCH2NLB	4
NOTCH2NLC	3
NMD3	15
BUD23	12
DIMT1	14
ZC3H18	5
DAZAP1	12
HNRNPLL	8
STH	6
TNS3	5
MMD2	13
MRAS	10
RASGEF1A	7
ARHGEF3	9
ARHGEF5	17
MCF2L	11
SH2B1	7
FBXO38	20
SIRPB1	10
LGALS16	4
TESPA1	7
TNFSF9	11
TMEM102	11
TMIGD2	11
GPR137C	6
USP32	8
ATP6V1C2	16
CCDC134	10
CSNK1G1	6
DEPDC1B	3
GID8	11
GPC5	11
JRK	5
LGR5	6
LRRK1	4
LYPD6	5
PCDH11Y	3
PPM1N	8
RSPO1	12
RSPO3	12
RSPO4	5
TMEM132A	7
TMEM198	3
USP34	14
ZRANB1	18
CCDC87	5
FAM170B	7
IQCF1	4
PFN3	9
SYNPO2	21
C15ORF62	14
CDC42EP1	22
CDC42EP3	15
CDC42EP4	18
CDC42EP5	14
CCDC18	4
NSRP1	11
GSAP	6
LRRTM3	10
EMC10	13
JMJD8	18
RLN2	6
BLID	3
C3ORF38	5
CCAR1	15
HRK	10
HTRA1	10
LGALS2	4
PHLDA1	8
PNMA1	6
PNMA2	3
PNMA3	3
PNMA5	5
PRR7	14
STPG1	5
TNFRSF12A	8
USP17L24	18
RAB37	17
SCOC	4
TRIM22	22
ISLR2	5
INSL5	4
SGIP1	15
ODAPH	6
SLC20A2	12
LARP6	11
SUCO	10
ENPP4	14
SRPX2	11
FNDC5	3
C10ORF71	3
CAMTA1	8
LMCD1	7
STRIT1	8
PCP4	8
C18ORF32	5
GOLT1B	3
IRAK1BP1	3
LURAP1	7
MIB2	12
SHISA5	16
TFG	3
TMEM101	3
TMEM9B	9
ZDHHC13	13
ASB5	6
ASB9	12
ARRDC4	16
CIMAP3	15
STAC	14
PEAR1	3
EDIL3	7
FBLN2	11
LAMB2	17
SCAND3	6
TTL	9
NANOGP8	13
KLHL18	12
C11ORF98	8
CEP295	19
CSPP1	10
OR1A2	5
RASSF10	7
AAMDC	3
ASB4	11
CCN4	18
CCN5	6
KCTD11	3
MEDAG	3
MMD	8
WDFY2	9
DDX49	10
RASAL1	8
SYT17	11
ANKRD28	7
LRRC24	4
LRRC4B	17
LRRTM1	9
LRRTM4	4
TMPRSS12	9
ARHGEF39	3
CAPN7	11
ELP5	14
ELP6	10
FAM110C	10
PTP4A1	7
SACK1H	9
TCAF2	7
TMSB15B	6
C1QTNF8	4
CCDC25	4
BST1	28
CAPNS1	11
CDCA7L	8
CLEC11A	5
ERAS	7
ESM1	6
INSL4	2
PDF	6
SERTAD1	7
TMEM250	6
TSPAN31	3
CAMK1D	21
GPC2	12
GRIP1	6
ZNF804A	11
DENND6A	6
PLEKHA2	5
OLFM4	14
IQSEC1	11
AHNAK	22
FRMPD4	5
CDK18	13
DYNC1LI2	7
PDZK1	17
POFUT2	7
YPEL3	3
EEPD1	3
CEP135	8
CROCC	10
CFAP69	9
IRGC	9
ALMS1	11
EBF2	10
PRKAB1	9
PRKAB2	10
CFHR1	5
CFHR2	5
C1QTNF4	11
CLEC9A	5
HMSD	3
LY9	7
SIGLEC16	8
SLAMF6	15
ZCCHC13	5
SH3BGRL	10
GPSM3	4
SH2D1B	9
TASL	18
PGC	6
FOXO6	10
DDHD1	6
RBM19	12
LMAN2	12
RNF183	19
SPRR5	4
SAAL1	3
TINCR	6
ANKRD54	8
CADPS	6
CADPS2	5
RAB15	10
RAB9A	22
UNC13D	21
TMEM164	3
FGFBP3	5
ACTG2	11
FUBP1	11
GUF1	6
LARP1B	7
LARP4	13
METTL5	19
PABPC1L	15
PRR16	5
RNF207	9
ZCCHC4	14
DPY30	9
FAM47E	7
USP21	10
EPM2AIP1	4
PPP1R3E	9
SLC25A37	7
FRMD1	4
FRMD6	4
SCHIP1	3
RASL10B	5
PRSS22	12
GPR151	6
C2CD2L	8
MYRIP	12
RAPGEF4	14
SRARP	7
ERGIC3	10
BTBD10	4
FAM193A	5
RASD2	8
RWDD3	4
SLC9D1	5
SPRING1	4
TREML4	4
TRIM55	12
WDFY1	12
CNEP1R1	8
AADAC	8
LY86	5
FAXDC2	12
RMND1	3
TACO1	5
PRSS8	9
SMTNL1	5
EEIG1	6
TM4SF19	8
CD53	13
RAB3B	17
ZNRF1	13
KCTD20	3
EPS8L1	13
EPS8L2	16
EPS8L3	11
CLEC3B	10
PLGRKT	3
DDA1	10
HSPBP1	11
PABIR2	8
PABIR3	8
TMTC3	8
ZER1	11
ZYG11B	11
HSPA1L	8
MEAK7	14
NMT1	11
UBL4B	3
CNPY4	4
DPP10	16
TBC1D10A	14
DCUN1D1	11
DCUN1D2	10
DCUN1D4	9
FBXO33	5
APBB3	11
FRMD4A	9
LRRC70	3
PDCL	6
SCUBE2	3
TTC23	4
ULK4	15
CACNG2	19
CACNG4	19
CACNG5	15
PRR3	6
SYNGR3	6
ZNRF2	12
CLEC4G	6
SCAMP1	12
SCAMP2	9
SCAMP3	10
TSN	7
TSNAX	10
DUS3L	5
ELP1	6
ELP4	7
PUM3	10
QTGAL	9
QTMAN	11
FN3KRP	3
METAP1D	7
PARP11	6
PARP12	8
SENP8	7
UBE2F	8
SGTB	3
ARHGAP39	7
RETSAT	6
SDR9C7	5
PRXL2B	6
PTGES	13
PTGR2	5
ARMC8	12
ASB7	7
CCIN	8
DCAF11	9
FBXL22	7
FBXO28	7
FBXO9	14
FEM1C	7
GAN	10
GID4	6
HECTD3	4
IPP	9
KBTBD12	6
KBTBD13	4
KBTBD2	12
KBTBD3	6
KBTBD4	3
KBTBD6	12
KBTBD7	10
KCTD2	5
KCTD5	5
KLHDC2	10
KLHDC3	7
KLHL1	9
KLHL10	6
KLHL11	6
KLHL13	12
KLHL14	4
KLHL17	8
KLHL2	11
KLHL21	13
KLHL23	6
KLHL26	6
KLHL28	6
KLHL29	6
KLHL30	6
KLHL32	6
KLHL34	3
KLHL35	6
KLHL36	6
KLHL38	6
KLHL4	11
KLHL42	9
KLHL5	8
KLHL6	6
KLHL7	12
KLHL9	12
LRRC58	8
LRRC75A	6
NHLRC3	12
PCNP	7
PRAMEF1	6
PRAMEF10	6
PRAMEF11	6
PRAMEF12	6
PRAMEF13	6
PRAMEF14	6
PRAMEF15	6
PRAMEF17	6
PRAMEF18	6
PRAMEF19	6
PRAMEF2	6
PRAMEF20	6
PRAMEF22	6
PRAMEF25	6
PRAMEF26	6
PRAMEF27	6
PRAMEF33	6
PRAMEF4	6
PRAMEF5	6
PRAMEF6	6
PRAMEF7	6
PRAMEF8	6
PRAMEF9	6
PSMA8	9
RHOBTB3	15
RMND5A	9
RMND5B	7
RNF145	6
SPOP	13
TRIM2	12
TRIM48	8
TRIM9	9
UBE3D	15
UBXN11	4
UBXN7	10
WDR26	6
YPEL5	10
POMP	6
PSMD5	1
PSMG4	1
AMN1	4
DCAF12	11
FBXL12	5
FBXL16	4
FBXL18	4
FBXL20	4
FBXL6	7
FBXL8	4
FBXO15	4
FBXO16	2
FBXO24	8
FBXO25	12
FBXO3	15
FBXO30	2
FBXO34	2
FBXO36	2
FBXO39	4
FBXO41	2
FBXO42	5
FBXO46	5
FBXO47	2
FBXO48	5
FBXW10	2
FBXW12	2
FBXW9	2
KLHDC1	5
OTUB2	11
OTUD6A	5
OTUD7A	10
UBE2E3	11
UBE2Q2	7
OTUD1	5
SPATA2	12
B3GLCT	7
CRPPA	5
FKRP	8
GXYLT1	5
GXYLT2	5
POFUT1	4
POGLUT2	10
POGLUT3	8
POMT2	5
TMTC1	4
XXYLT1	11
ACBD6	5
STK16	3
TSSK2	10
DHH	13
OBI1	6
RNF141	3
RNF181	6
RNF208	6
TRIM17	8
TRIM68	14
CPA2	10
WDCP	3
COPS4	12
COPS6	11
COPS7A	8
COPS7B	4
ISOC2	3
SERF2	3
JOSD1	5
JOSD2	5
OTULINL	6
USP11	11
USP12	9
USP24	7
USP42	9
PGGT1B	5
FARSA	7
CLYBL	7
CRYZ	16
SIGMAR1	9
RIOX2	10
PEX39	3
EMC1	4
EMC2	4
EMC3	4
EMC4	4
EMC7	4
EMC8	4
EMC9	4
HEPACAM	5
MPP4	4
DPP6	12
GPR179	7
KCNIP4	15
MAP7	7
PACS1	3
WDR72	3
UNC50	5
CCDC14	3
CEP350	2
TRIM69	9
SPATA7	4
FSIP2	2
TULP2	5
FILIP1	3
FILIP1L	3
BCAP29	2
WASHC2A	8
NMT2	5
TM9SF1	1
TM9SF3	1
IMMP1L	8
IMMP2L	8
MIPEP	8
PMPCA	9
TOMM34	6
NOL8	9
ZNF200	4
SCG3	8
ACTMAP	4
ASPRV1	7
CFI	12
CPD	10
CPM	9
CPN1	6
CPZ	8
METAP2	9
MMEL1	7
PRSS27	4
PRSS41	4
PRSS50	8
PRSS51	4
TMPRSS11A	4
TMPRSS11B	6
TMPRSS11D	7
TMPRSS11F	4
TMPRSS13	6
TMPRSS15	4
TMPRSS5	5
TMPRSS7	5
TYSND1	14
ADAM28	6
ADAM33	7
APEH	14
CAPN11	4
CAPN12	4
CAPN13	4
CAPN14	4
CAPN5	8
CAPN8	4
CAPN9	6
CELA3A	5
CELA3B	5
CNDP1	11
CPA3	5
CPA5	5
CPA6	5
CPB1	6
CPO	5
CTRB1	5
CTRB2	5
DPP3	8
HABP2	5
HGFAC	8
LACTB	4
LAP3	12
LCN1	8
MSRB3	4
NAALAD2	7
NPEPL1	4
NRIP2	5
NRIP3	5
PAPPA	7
PAPPA2	11
PCMT1	9
PGA3	10
PGA4	10
PGA5	10
PREP	5
PROZ	10
PRRG1	5
PRRG2	5
PRRG3	5
PRRG4	6
PRSS21	5
PRSS33	5
PRSS38	5
PRSS48	5
PRSS54	5
RNPEP	13
RNPEPL1	5
TINAGL1	7
TPSB2	5
TPSD1	5
TPSG1	5
ASB12	5
C10ORF90	12
CBLL2	6
DCAF15	7
MARCHF3	5
MKRN1	6
MKRN3	6
PCMTD1	8
PJA1	5
RNF182	3
RNF223	5
RNF225	5
RNF227	5
RNF228	5
RNF38	7
RNF44	5
TRIM47	5
URM1	7
DZIP3	5
RUSC1	6
THOP1	6
UBE2Q1	7
UBE2QL1	7
UBOX5	8
WSB1	3
WSB2	2
ZNF738	11
AIPL1	5
FNTB	6
C1RL	7
CSTL1	3
HPR	9
KLK1	10
KLK2	8
PRSS12	9
TMEM208	3
AP1M2	15
ASDURF	1
CDC37L1	4
CPN2	3
DSC3	6
HAPSTR2	5
NAA30	5
PAQR4	4
PDRG1	1
PYURF	2
RPAP3	1
TSPAN1	4
AP4B1	6
AP4E1	5
AP4S1	6
KIF13B	14
RASSF9	9
LMAN2L	7
LRP1B	2
ZG16	3
BRIX1	8
SHQ1	12
CDC123	5
FMOD	7
TBCA	5
TBCC	11
TBCEL	4
HEMK1	5
NHP2	12
NOP10	13
ADK	5
SLC23A3	1
SLC43A3	6
DGUOK	6
NT5DC4	5
AK5	9
CMPK2	5
DTYMK	5
SLC35D1	8
AK9	9
MPC1	5
MPC1L	5
MPC2	7
SLC16A7	9
COQ4	6
COQ5	8
COQ6	6
COQ9	6
RTN4IP1	13
INTS6L	3
PTCD1	6
REXO1	6
REXO5	11
SAGE1	5
TOE1	10
USB1	10
SLFN12	7
TRIR	6
RBM33	8
XPOT	3
DTD1	2
DTD2	2
METTL2A	8
METTL2B	8
METTL1	11
METTL6	8
NSUN3	10
NSUN6	11
TARBP1	10
THUMPD3	11
TRDMT1	14
TRMO	3
TRMT10A	12
TRMT13	6
TRMT44	5
TRMT9B	14
ANKRD16	5
DTWD1	6
DTWD2	7
MRM1	12
THUMPD1	3
TRMT1	10
WDR4	7
TAF11L10	5
TAF11L11	5
TAF11L12	5
TAF11L13	5
TAF11L14	5
TAF11L2	5
TAF11L3	5
TAF11L4	5
TAF11L5	5
TAF11L6	5
TAF11L7	5
TAF11L8	5
TAF11L9	5
TAF7L	5
ADAT1	6
ARL6IP4	4
ARVCF	7
BYSL	13
DDX10	6
DDX27	8
EBNA1BP2	11
ESF1	4
FARS2	10
PIN4	14
PPIG	6
RPP21	12
TRMT1L	13
TSEN15	3
TSEN2	8
TSEN34	5
TSEN54	5
WBP11	7
WDR55	7
ZNF638	9
C2ORF49	5
FAM98B	5
TRPT1	5
GAR1	6
FDXACB1	4
GARRE1	5
NISCH	2
DOK2	5
DOK3	8
GRAP	10
GRAP2	8
RALGDS	6
RASGEF1B	4
RASGEF1C	4
RASGRF2	7
RGL2	4
RGL3	4
RGL4	4
RIT1	6
RRAS2	8
SOS2	4
GRK4	8
ASGR1	3
CCDC158	4
LDLRAD3	1
MRC1	5
RAB9B	12
RABEPK	3
ARFGAP1	9
CARMIL3	2
FSTL4	3
FSTL5	3
YLPM1	7
GMNC	4
ADNP	8
AHRR	7
ANHX	7
ARGFX	10
ARID3A	5
ARID3B	4
ASCL4	5
ASCL5	4
ASH1L	14
ATF7IP2	5
ATP1B4	5
BARHL1	9
BARHL2	9
BARX1	6
BBX	9
BHLHA9	7
BNC2	5
CC2D1B	7
CDK19	7
CPHXL	7
CPHXL2	7
DACH2	7
DBX2	2
DENND4A	7
DMRT2	7
DMRTA1	10
DMRTA2	10
DMRTB1	7
DMTF1	9
DPRX	10
DUX3	6
DUX5	6
DUXA	9
DUXB	6
EBF1	7
ELAVL2	5
ELF5	7
ERFL	4
ETV2	7
ETV3	7
ETV3L	4
EVX1	10
EVX2	10
FEV	9
FEZF1	7
FOXB2	7
FOXD4	9
FOXD4L1	7
FOXD4L3	7
FOXD4L4	7
FOXD4L5	7
FOXD4L6	7
FOXI2	7
FOXL3	7
FOXN2	10
FOXO3B	9
FOXQ1	10
FOXS1	7
GBX1	8
GLI4	8
GON4L	5
GPBP1	5
GPBP1L1	5
GSC2	10
HBP1	10
HDX	5
HIVEP2	7
HMX2	9
HMX3	6
HOMEZ	7
HOXA13	11
HOXA2	10
HOXC8	9
HOXD1	10
HR	4
HSF5	10
HSFX1	7
HSFX3	7
HSFX4	7
HSFY1	10
IKZF2	5
KDM3B	4
KLF16	10
KLF17	11
KLF18	7
LBX1	7
LCORL	5
LEUTX	7
LOC122539214	8
LOC124905412	6
LOC728743	7
MAMSTR	4
MLF2	5
MSL3B	6
MXD3	7
MYCBP	5
MYCL	9
MYNN	7
MYT1	7
NANOGNB	2
NFILZ	5
NFXL1	7
NKX1-1	7
NKX1-2	7
NKX2-3	10
NKX2-4	7
NOBOX	8
ONECUT3	10
OR7D2	4
PERM1	5
PITX1	16
PLAGL2	6
POU5F1B	7
POU5F2	5
PRDM14	6
PRDM8	5
PROX2	7
PRRX2	12
PURG	6
REPIN1	11
RFX1	10
RFX8	7
RRP1	8
SALL3	4
SALL4	4
SEBOX	2
SETBP1	9
SIX5	7
SKIDA1	2
SLC2A4RG	9
SNAI3	11
SOHLH2	12
SP110	4
SP140	4
SP140L	4
SP4	8
SP5	7
SP6	7
SP8	10
SP9	10
SPIC	4
SPIN2A	5
SPIN2B	5
SPIN3	5
SSX2	5
SUPT20HL1	4
SUPT20HL2	4
TAF1D	3
TAL2	7
TBL1Y	4
TBX10	7
TBX15	10
TCF24	6
TFCP2L1	11
TLX1	4
TLX3	7
TPRX2	8
TSHZ1	4
TSHZ2	4
VGLL1	6
VGLL2	4
VGLL3	4
VRTN	4
WDR38	4
ZBTB11	8
ZBTB22	10
ZBTB24	5
ZBTB3	4
ZBTB41	7
ZBTB43	11
ZBTB47	4
ZBTB8B	4
ZBTB9	7
ZFAT	8
ZFHX2	9
ZFHX4	7
ZFP1	10
ZFP14	7
ZFP2	7
ZFP28	7
ZFP3	6
ZFP30	7
ZFP37	10
ZFP41	9
ZFP62	6
ZFP69	8
ZFP82	7
ZFPL1	7
ZIK1	7
ZIM2	6
ZIM3	7
ZKSCAN1	7
ZKSCAN2	7
ZKSCAN4	7
ZKSCAN5	11
ZKSCAN7	7
ZKSCAN8	7
ZNF10	6
ZNF100	8
ZNF101	6
ZNF107	6
ZNF112	6
ZNF114	10
ZNF117	10
ZNF121	7
ZNF124	6
ZNF132	7
ZNF135	7
ZNF138	8
ZNF14	6
ZNF142	6
ZNF146	14
ZNF154	7
ZNF165	7
ZNF169	6
ZNF17	7
ZNF18	7
ZNF180	6
ZNF181	7
ZNF182	7
ZNF184	9
ZNF189	7
ZNF19	6
ZNF195	10
ZNF197	6
ZNF2	5
ZNF20	6
ZNF208	8
ZNF211	7
ZNF213	7
ZNF215	7
ZNF221	8
ZNF225	6
ZNF226	6
ZNF227	6
ZNF229	6
ZNF23	10
ZNF232	7
ZNF248	6
ZNF25	7
ZNF250	10
ZNF251	7
ZNF257	8
ZNF260	7
ZNF264	7
ZNF266	6
ZNF273	8
ZNF275	7
ZNF276	11
ZNF28	7
ZNF280A	8
ZNF280B	8
ZNF280C	8
ZNF280D	8
ZNF283	7
ZNF284	8
ZNF286A	7
ZNF287	7
ZNF292	4
ZNF3	8
ZNF30	7
ZNF302	7
ZNF311	7
ZNF316	5
ZNF317	7
ZNF319	6
ZNF32	10
ZNF320	7
ZNF322	7
ZNF324B	7
ZNF326	10
ZNF329	8
ZNF331	10
ZNF333	7
ZNF334	7
ZNF337	6
ZNF34	7
ZNF341	8
ZNF343	9
ZNF347	7
ZNF354A	12
ZNF362	7
ZNF367	7
ZNF37A	9
ZNF382	5
ZNF383	8
ZNF384	8
ZNF391	6
ZNF394	7
ZNF404	9
ZNF407	7
ZNF408	7
ZNF415	7
ZNF416	7
ZNF417	7
ZNF419	7
ZNF420	7
ZNF426	7
ZNF429	7
ZNF43	6
ZNF430	9
ZNF433	6
ZNF436	6
ZNF439	6
ZNF44	6
ZNF440	6
ZNF441	6
ZNF442	6
ZNF444	13
ZNF446	9
ZNF449	10
ZNF454	10
ZNF460	11
ZNF461	7
ZNF462	7
ZNF467	7
ZNF468	7
ZNF470	7
ZNF471	7
ZNF479	8
ZNF48	6
ZNF480	7
ZNF483	7
ZNF484	6
ZNF485	8
ZNF486	10
ZNF487	6
ZNF488	5
ZNF490	7
ZNF491	6
ZNF492	8
ZNF493	6
ZNF497	5
ZNF500	7
ZNF506	11
ZNF507	7
ZNF510	4
ZNF513	7
ZNF514	7
ZNF517	6
ZNF518A	4
ZNF518B	4
ZNF519	8
ZNF521	6
ZNF524	10
ZNF525	8
ZNF527	7
ZNF528	7
ZNF529	6
ZNF530	7
ZNF534	7
ZNF543	7
ZNF544	6
ZNF546	7
ZNF547	7
ZNF548	7
ZNF549	7
ZNF550	6
ZNF551	7
ZNF552	7
ZNF554	9
ZNF555	6
ZNF556	6
ZNF557	6
ZNF558	6
ZNF559	6
ZNF560	6
ZNF561	7
ZNF562	8
ZNF563	6
ZNF564	5
ZNF565	7
ZNF566	6
ZNF567	5
ZNF569	7
ZNF57	6
ZNF570	7
ZNF571	7
ZNF573	7
ZNF575	7
ZNF577	10
ZNF578	7
ZNF579	4
ZNF581	7
ZNF582	6
ZNF583	7
ZNF584	7
ZNF585A	6
ZNF585B	6
ZNF586	7
ZNF587	7
ZNF587B	6
ZNF594	6
ZNF595	7
ZNF596	6
ZNF597	11
ZNF599	6
ZNF606	6
ZNF607	7
ZNF610	7
ZNF611	7
ZNF613	5
ZNF614	6
ZNF615	6
ZNF616	7
ZNF618	4
ZNF619	6
ZNF620	6
ZNF621	9
ZNF623	7
ZNF624	7
ZNF625	6
ZNF626	8
ZNF627	6
ZNF628	8
ZNF629	6
ZNF630	7
ZNF641	9
ZNF644	9
ZNF646	8
ZNF648	8
ZNF649	7
ZNF654	4
ZNF66	8
ZNF660	10
ZNF662	7
ZNF664	8
ZNF665	7
ZNF667	7
ZNF669	6
ZNF671	7
ZNF672	5
ZNF674	6
ZNF676	8
ZNF677	7
ZNF678	8
ZNF679	8
ZNF680	8
ZNF681	7
ZNF682	8
ZNF684	9
ZNF689	7
ZNF69	6
ZNF691	5
ZNF695	8
ZNF696	6
ZNF697	11
ZNF699	7
ZNF7	7
ZNF70	6
ZNF700	6
ZNF701	7
ZNF704	10
ZNF705A	6
ZNF705B	6
ZNF705D	6
ZNF705G	6
ZNF707	7
ZNF708	8
ZNF709	6
ZNF71	8
ZNF710	7
ZNF713	11
ZNF714	8
ZNF716	8
ZNF718	8
ZNF721	6
ZNF722	8
ZNF723	8
ZNF724	8
ZNF726	8
ZNF727	8
ZNF728	7
ZNF729	6
ZNF730	8
ZNF732	8
ZNF735	8
ZNF736	8
ZNF737	8
ZNF74	9
ZNF740	8
ZNF749	6
ZNF75A	9
ZNF75D	9
ZNF761	7
ZNF763	7
ZNF765	7
ZNF766	7
ZNF768	9
ZNF77	6
ZNF770	6
ZNF771	10
ZNF772	7
ZNF773	7
ZNF774	9
ZNF775	7
ZNF776	7
ZNF778	6
ZNF780A	7
ZNF780B	8
ZNF783	8
ZNF784	11
ZNF785	6
ZNF786	6
ZNF787	7
ZNF789	7
ZNF79	6
ZNF790	7
ZNF791	6
ZNF792	7
ZNF793	7
ZNF799	6
ZNF8	9
ZNF80	6
ZNF805	7
ZNF81	7
ZNF813	7
ZNF816	7
ZNF821	10
ZNF823	6
ZNF829	7
ZNF83	7
ZNF835	5
ZNF837	7
ZNF844	6
ZNF846	6
ZNF85	9
ZNF850	6
ZNF852	7
ZNF853	7
ZNF860	7
ZNF865	7
ZNF875	6
ZNF878	6
ZNF879	7
ZNF880	7
ZNF883	7
ZNF888	7
ZNF891	6
ZNF892	7
ZNF90	10
ZNF92	10
ZNF98	8
ZNF99	6
ZSCAN1	10
ZSCAN12	7
ZSCAN16	10
ZSCAN18	7
ZSCAN2	6
ZSCAN20	7
ZSCAN22	7
ZSCAN23	10
ZSCAN25	7
ZSCAN26	12
ZSCAN29	10
ZSCAN30	7
ZSCAN31	10
ZSCAN32	7
ZSCAN5A	10
ZSCAN5B	7
ZSCAN5C	7
ZSCAN9	10
ZUP1	7
ZXDB	4
SH3TC2	8
GNG7	6
GRK7	6
RGS11	7
RGS12	16
RGS3	8
RIC8B	6
TM4SF5	6
ADAP1	10
RABGAP1	10
TBC1D10B	7
TBC1D15	7
ARMH3	4
SLA	6
STK40	2
NLE1	5
RFNG	3
AHNAK2	6
CCNL1	17
CCNL2	17
CLK1	9
CLK4	7
ESRP1	7
ESRP2	6
HNRNPH2	5
MBNL2	6
MBNL3	3
RBM12	3
RBM12B	3
SAP30BP	9
DENND4B	4
DOCK6	4
STARD8	4
SIT1	6
CLPTM1	2
ARMH4	5
AMER3	5
ANKRD6	2
CCNYL1	5
CCNYL1B	5
SERPINA10	7
ARAP2	8
ARHGEF26	5
LOC107987545	7
PEAK3	8
SIGLEC15	7
TMSB4Y	7
ARHGAP40	7
COTL1	16
PLEKHG2	7
ABRACL	1
ARGLU1	6
KHDRBS2	7
KHDRBS3	5
RBM25	7
SRSF8	5
NECAB1	2
EFHC2	5
LZTS3	6
TSPAN12	4
SAFB2	6
CEMIP2	9
BTBD7	5
ANP32E	8
DCAF10	4
DDX42	11
HS1BP3	2
RSL1D1	11
USP17L1	7
USP17L10	7
USP17L11	7
USP17L12	7
USP17L13	7
USP17L15	7
USP17L17	7
USP17L18	7
USP17L19	7
USP17L20	7
USP17L21	7
USP17L22	7
USP17L3	7
USP17L4	7
USP17L5	7
USP17L7	7
USP17L8	7
TBC1D12	7
TBC1D25	7
ATP6V1G2	7
DEPP1	3
DRAM1	4
DRAM2	6
RMC1	11
GNB3	25
PCSK1N	7
TXLNG	7
GCHFR	10
HSPB7	5
GRAMD2A	8
SARAF	3
SYT12	6
SYT15	6
SYT15B	6
TMEM161B	1
FKBP1C	7
CYTIP	1
TNC	11
AFAP1	8
CDC42SE2	2
DBNDD1	2
GUCA1C	8
HPCAL1	4
IGFBPL1	3
KAZALD1	3
NCS1	11
PPP6R1	7
PPP6R2	5
PPP6R3	5
RCVRN	8
VSNL1	4
ANKK1	4
CKS1B	12
CKS2	12
CNTD1	4
MRFAP1L2	1
NEK9	8
PGCKA1	1
PRCC	5
PRR11	3
RPRM	2
SPATA22	4
TRNP1	4
TTC28	3
YY1AP1	9
CCNQ	6
CDK15	9
BORA	11
CCDC8	4
CDCA2	10
MKI67	13
PRUNE1	11
HEMGN	2
MCRIP1	5
PDCD2	12
PLEKHB1	1
PLEKHB2	4
EBAG9	6
MUC12	4
OGFR	2
TCP11X1	5
TCP11X2	5
IGSF10	2
PLEKHG3	11
TBCCD1	2
TMSB10	4
TMSB15A	4
AMBN	5
BRICD5	1
C1ORF56	1
CDCA7	4
GKN1	1
GKN2	1
TPD52L2	2
ARHGAP5	11
RAP1GAP2	6
ANKRA2	14
ANGPTL7	2
CTTNBP2	3
RAB4A	19
RUFY2	4
SPARCL1	6
KIAA1614	3
PARD6G	5
LRIT3	3
CHORDC1	5
DNAJC7	4
EFHD1	6
GLG1	8
TSPAN32	3
CEP295NL	3
CEP76	3
FMO5	5
RABEP2	4
TBC1D1	8
TBC1D10C	12
TBC1D16	8
TBC1D17	6
TBC1D19	3
TBC1D22A	6
TBC1D22B	5
TBC1D2B	6
TBC1D3	8
TBC1D9B	5
CFAP43	2
SMAP1	4
EOLA1	4
LITAFD	10
DCDC1	6
SPATA4	4
SV2B	6
CD300E	5
ELMOD2	6
NLRP11	3
NLRP13	3
NLRP14	3
NLRP8	3
CSMD3	2
SEZ6	2
A2ML1	5
PIGBOS1	5
APOLD1	5
P4HTM	3
GAPVD1	9
CASKIN1	4
LRFN4	12
LGI3	3
ATXN7L3B	2
CAVIN4	4
DPPA5	3
FEZF2	4
HMG20B	4
NKAPL	4
PRDM13	5
RFPL2	5
RFPL3	5
RFPL4A	5
RFPL4AL1	5
RFPL4B	5
TCF19	4
TPRX1	1
TRIM34	5
TRIM4	5
TRIM43	5
TRIM43B	5
TRIM49	7
TRIM49B	5
TRIM49C	5
TRIM49D1	5
TRIM51	5
TRIM51G	5
TRIM58	5
TRIM61	5
TRIM64	5
TRIM64B	5
TRIM64C	5
TRIM77	5
UBAP2	6
UNCX	5
OPALIN	4
PPP1R3A	6
PPP1R3D	7
PPP1R3F	8
PPP1R3G	6
FRRS1L	2
MPP1	8
SRRD	3
MOB3B	7
NOXA1	11
FBLIM1	5
CRYZL1	2
FERRY3	5
PPP1R21	5
ARHGAP19	7
ARHGAP20	4
ARHGAP23	6
ARHGEF1	8
ARHGEF17	4
ARHGEF9	9
CHN2	4
CRNN	6
DEF6	6
FAM13A	4
FAM13B	4
PLEKHG1	6
PLEKHG6	4
RASA2	4
RASA3	7
RASA4B	4
RASAL2	4
SAMD5	2
SETD9	5
SWAP70	9
TAGAP	4
URB2	7
GRIPAP1	3
ADCK2	1
GPRC6A	5
MTUS1	12
KLRB1	3
C1QTNF2	2
OPA3	4
TM6SF2	5
DSG4	7
CSTF1	2
CARHSP1	7
CSDC2	4
MFSD12	10
NKAIN1	2
NKAIN2	2
NKAIN3	2
NKAIN4	2
SLC30A6	10
MEMO1	3
NAT9	4
GNB2	17
KCNAB2	20
MYL5	5
TNNC2	5
PRXL2A	2
PLEKHO1	3
FRMD7	5
SHISA8	9
SHISA9	11
PATE4	3
RIMS4	4
SV2C	5
SH3YL1	5
TANC1	6
GPC4	15
CEP72	2
RABGAP1L	8
TRIM67	1
HHATL	2
PDPR	3
OPRPN	5
PIRT	4
SMR3A	5
SMR3B	7
RALGPS1	3
RALGPS2	3
SCAF4	5
BZW1	3
BZW2	3
EIF1	7
EIF1B	5
EIF4B	4
EIF4H	5
BET1L	3
PVALB	3
HFM1	3
SCARA3	2
IKBIP	3
XRRA1	4
CSN1S1	5
USP53	11
MORN4	1
VGF	6
ERP27	1
PDIA6	6
TTC23L	1
CITED4	3
PRLH	6
RLIG1	1
TXNRD2	4
OVCA2	5
PAQR7	2
PAQR8	2
MXRA5	3
DNAJB5	1
DNAJC4	1
HSPA4L	7
HSPB3	5
ZACN	10
ARMS2	1
DHRS4L2	5
RLBP1	6
ERGIC1	6
ERGIC2	8
SCYL1	7
CTNNAL1	2
P2RY8	2
FLAD1	4
DDX31	7
LTV1	8
NIP7	7
NOM1	6
NOP16	6
RBIS	5
RPS19BP1	6
RSL24D1	6
SDAD1	8
SURF6	8
TMA16	9
LSG1	8
MAT2B	6
EEFSEC	4
SECISBP2	4
TRNAU1AP	5
OR1D4	4
OR1E2	3
OR3A2	3
SLC45A4	4
TMC7	8
GFY	4
NXNL2	4
OBP2B	2
OR10Q1	3
OR10V1	3
OR10W1	3
OR11L1	5
OR13A1	3
OR14A16	3
OR14A2	3
OR14C36	3
OR14I1	3
OR14J1	3
OR14K1	3
OR14L1	3
OR1C1	3
OR1D2	4
OR1D5	4
OR1E1	3
OR1Q1	3
OR4D1	3
OR51B4	3
OR51B5	3
OR51B6	3
OR51I1	3
OR51I2	3
OR51M1	3
OR51V1	3
OR52A1	3
OR52A5	3
OR52D1	3
OR5A1	3
OR5A2	3
OR5AC2	3
OR5AK2	3
OR5AL1	3
OR5AP2	3
OR5AR1	3
OR5AS1	3
OR5AU1	3
OR5B12	3
OR5B17	3
OR5B2	3
OR5B21	3
OR5B3	3
OR5BS1	3
OR5C1	3
OR5D13	3
OR5D14	3
OR5D16	3
OR5D18	3
OR5D3	3
OR5F1	3
OR5H1	3
OR5H14	3
OR5H15	3
OR5H2	3
OR5H6	3
OR5I1	3
OR5J2	3
OR5K1	3
OR5K2	3
OR5K3	3
OR5K4	3
OR5L1	3
OR5L2	3
OR5M1	3
OR5M10	3
OR5M11	3
OR5M3	3
OR5M8	3
OR5M9	3
OR5P2	3
OR5P3	3
OR5T1	3
OR5T2	3
OR5T3	3
OR5W2	3
OR6B2	3
OR6B3	3
OR6C2	3
OR6C3	3
OR7A5	3
OR8A1	3
OR8B12	3
OR8B2	3
OR8B3	3
OR8B4	3
OR8B8	3
OR8D1	3
OR8D2	3
OR8D4	3
OR8G1	3
OR8G3	3
OR8G5	3
OR8H1	3
OR8H2	3
OR8H3	3
OR8I2	3
OR8J1	3
OR8J2	3
OR8J3	3
OR8K1	3
OR8K3	3
OR8K5	3
OR8U1	3
OR8U3	3
OR8U8	3
OR8U9	3
OR9G4	3
OR9I1	3
OR9K2	3
OR9Q1	3
OR9Q2	3
AOC2	6
CABP2	8
CABP4	8
CABP5	6
CRYBA1	2
CRYBA2	2
CRYBB1	2
CRYBB2	2
CRYBB3	2
CRYBG3	2
CRYGA	2
CRYGB	2
CRYGC	4
CRYGN	2
CRYGS	2
IMPG1	4
IMPG2	4
NYX	2
PDE6D	7
PRR4	2
ROM1	2
CCDC50	4
CEACAM16	2
COCH	2
GRXCR2	4
LHFPL3	2
LOXHD1	2
LRIG1	2
LRIG2	2
LRIG3	2
OTOR	2
OTOS	2
TECTA	4
TAS1R1	3
SFXN2	4
JSRP1	3
PVALEF	2
ARSL	7
BPNT2	7
CLEC3A	1
LECT2	1
PRELP	10
SPP2	9
TNFRSF11B	3
DISP2	1
EVC2	7
SNAPC1	9
SNAPC4	12
SNAPC5	7
DCST2	1
IZUMO1R	1
SPACA6	1
SPESP1	2
TMEM81	1
ACRBP	6
ACTL7A	6
ADGB	1
CCDC159	1
CCDC178	1
CCDC42	1
DNAH12	3
DPY19L2	7
FAM9A	1
FAM9B	5
FAM9C	1
FNDC3A	2
IQCN	3
OSBP2	4
PDCL2	1
SPACDR	4
SPANXB1	3
SPATA16	1
SPINK2	5
SUN5	3
TSSK1B	8
TSSK3	8
SATL1	3
GC	9
LIPA	10
CKB	8
GNB4	9
NDRG2	3
SYPL2	3
LAMB4	2
LAMC3	2
SULT1C2	3
SULT4A1	2
SULT6B1	2
NCF4	12
NOX3	8
DYTN	1
SNTG1	3
CEACAM21	1
HSH2D	1
SH2D2A	1
SLAMF9	1
TREML2	1
TRA	3
ICOS	2
IGBP1C	2
RPP25L	4
AIMP2	3
DARS2	12
GARS1	11
IARS1	7
MARS2	6
NARS1	8
VARS1	4
WARS2	7
SARS2	8
TARS2	4
CARS1	6
CARS2	2
NARS2	2
PARS2	2
TARS1	8
TARS3	4
VARS2	2
CTAG1A	1
CTAG2	1
DALRD3	2
TRMT10B	5
CTU1	6
CTU2	6
DUS1L	4
DUS4L	2
TOMM20L	3
KTI12	2
QTRT1	5
QTRT2	5
TRMU	3
FMO3	4
GOLGA1	2
SLC15A1	4
UBAP1L	3
CCZ1	5
CCZ1B	5
TRAPPC13	2
TRAPPC6B	5
TRAPPC9	3
PPL	10
CUZD1	4
C1ORF115	2
CFAP96	2
IFTAP	2
AK8	11
C11ORF42	2
CABCOCO1	4
CFAP107	2
CFAP141	2
CFAP144	4
CFAP210	2
CFAP276	4
CFAP68	3
CFAP77	3
CFAP90	2
CFAP95	2
CIMIP2A	4
CIMIP2C	4
CIMIP4	2
CT55	3
DCDC2C	5
DNALI1	4
DNHD1	5
DYNLT4	8
FHAD1	2
FLACC1	3
LRRC46	2
MORN5	2
NEK5	3
NSUN7	2
ODF1	5
RIBC1	2
RIBC2	4
RSPH10B	4
RSPH10B2	4
SAXO2	6
SAXO4	3
SPACA5	3
SPATA3	2
TEKTIP1	2
TEKTL1	4
TEX55	4
ZMYND12	2
AFTPH	5
AP1G2	7
CLBA1	5
CCDC136	3
EQTN	2
IZUMO3	3
SERPINA5	17
SPACA1	3
TMEM95	3
ACRV1	2
ACTL9	3
CABS1	7
CFAP119	1
DPEP3	3
FAM209B	5
FAM220A	3
GLIPR1L1	1
KIAA1210	2
PLCZ1	10
SPACA7	1
SPATA1	1
TMEM210	1
ACTL10	2
ACTL7B	4
ACTR3B	4
ACTRT2	2
ACTRT3	2
ARSJ	6
DENND2A	4
FLNB	8
LAD1	5
MPRIP	5
MYOZ3	5
MYZAP	6
PALMD	2
SPECC1L	2
SPTAN1	15
SPTB	9
SPTBN2	5
ZNF185	6
CCDC85A	2
CCDC85C	3
CDCA3	2
FRMD4B	5
MPP3	2
TRIM29	5
RNF32	1
DHTKD1	4
SFTPB	10
SFTPC	9
CGN	7
CLDN24	3
CLDN25	4
CLDN34	3
IGSF5	3
ADGRA1	4
FAM81A	2
IQSEC3	6
SH2D5	2
YKT6	9
ADGRL1	3
ARSA	15
BRI3	4
C6ORF120	4
CKAP4	14
CPPED1	4
DSN1	6
GLIPR1	4
HEBP2	6
RETN	8
SERPINB3	13
STK11IP	9
STOM	18
TMEM179B	11
BCAS4	1
TINAG	6
CA11	3
PIANP	1
PYGO2	1
ABO	6
ACAP1	5
ADGRE3	7
ANTXR2	3
B3GALT9	2
B4GALT2	6
CD163	4
CNIH1	7
CYTH2	6
CYTH4	4
FRMPD3	5
GOLGA3	3
GOLIM4	7
IRAG1	4
ITPR2	16
LMAN1L	6
MACO1	9
MANEA	4
MCFD2	7
MOXD1	4
NOSTRIN	4
RAB36	6
RNF121	6
RNF175	6
SERPINA1	16
SERPINB10	8
SIGLEC5	7
SIGLEC9	3
SLC33A1	4
SLC35A5	3
SLC35E1	4
SLC35E2B	4
SLC35E3	4
SLC35E4	4
TEPSIN	6
TEX261	5
TMEM151A	4
TMEM151B	4
TMEM184A	7
WSCD1	3
WSCD2	3
YIF1A	5
SI	6
CNIH4	5
DDHD2	7
ECPAS	9
CACHD1	5
CATSPERB	3
CATSPERD	2
CATSPERE	2
CATSPERG	4
CATSPERH	2
CATSPERQ	2
CATSPERT	2
EFCAB9	5
CAVIN3	4
SYTL1	10
FGFRL1	5
GJB3	5
GJC2	6
KAZN	5
KIRREL2	1
PDZD2	3
STEAP1	2
TMEM47	1
VSIG10L2	1
CD99L2	2
FBLN7	2
FOCAD	2
LAYN	4
LPP	2
SNTB2	2
TNS4	2
TSPAN9	2
MLANA	7
MBD6	4
CCDC137	6
CENPB	6
MSH4	5
PPP1R7	7
PRR19	4
SELENOO	3
ANKS3	1
C1ORF87	1
CCDC17	1
CEP104	1
CFAP300	2
CFAP57	1
CIMIP1	1
CIMIP5	1
CYS1	1
DNAI7	4
GPR19	2
KIAA1671	1
KIF3C	6
MOK	4
SEL1L2	4
TOGARAM2	3
TSGA10	2
TUBA3C	9
TUBA3D	7
TUBB1	11
CLINT1	5
ENTHD1	4
EPN3	11
EPS15L1	3
NECAP1	4
NECAP2	4
SFTPA1	7
SFTPA2	7
TGOLN2	10
SYCP2L	2
GJA10	4
GJA3	5
GJA8	4
GJA9	4
GJB4	4
GJB7	4
GJD2	4
GJD4	4
GJE1	4
CNFN	1
RPTN	1
GYPC	2
ZSWIM4	2
ZSWIM5	2
ZYG11A	2
DCAF12L1	2
DCAF12L2	2
DCAF17	2
DCAF4	2
DCAF4L1	2
DCAF4L2	2
DCAF7	4
DCAF8L1	2
DCAF8L2	2
TMEM183A	2
CNPPD1	6
DYNLT2	1
DYNLT5	1
ACP1	6
ESYT2	11
ESYT3	10
PLCD3	3
ENDOV	11
MCRIP2	3
NUFIP2	5
PABPC1L2A	11
PABPC4L	9
PABPC5	11
ACTR1B	7
C1ORF35	5
CRISPLD2	7
GHDC	5
OSTF1	5
SGSM1	6
SH3BP5	7
VOPP1	5
AGBL1	6
AGBL2	6
AGBL3	6
C12ORF54	2
CCDC110	2
CIMAP1A	4
CIMAP1B	2
CIMAP1C	2
CIMAP1D	2
CKAP2L	4
DYRK4	5
LRRIQ1	2
MAP7D1	4
MTUS2	7
NUDCD2	4
PPP1R42	4
STPG3	2
SYNM	6
TEX35	4
THAP6	2
TUBA3E	8
TUBA8	6
SCGN	6
TMEM185A	2
TMEM222	2
TMEM266	6
PARM1	2
RPS6KC1	3
SNX20	7
SNX21	7
TMEM207	3
TMEM72	5
ADAMTSL3	2
ADAMTSL5	2
BGN	9
COL6A2	9
HEATR5A	1
HEATR5B	1
RIN1	5
RINL	5
SCGB3A2	3
DOP1A	3
ADAMTSL1	2
AFP	2
ARSD	4
ARSF	6
ARSG	6
ARSH	4
ARSI	4
ARSK	6
BPIFB2	4
CALR3	5
CALU	5
CHGB	4
CNPY3	2
COL20A1	2
COL21A1	2
COL25A1	2
COL26A1	2
EMID1	2
ESD	6
EVA1A	2
FKBP14	2
FOXRED2	4
GOLM1	2
ITIH2	9
KTN1	4
MFGE8	6
P4HA2	4
P4HA3	4
PRSS23	6
RCN1	4
SELENOF	2
SELENOM	2
SERPINC1	7
SERPIND1	8
SPON1	2
TOR3A	4
TOR4A	5
TXNDC16	4
VWA1	4
CLGN	3
CLPTM1L	1
CYB561D1	1
CYB561D2	2
CYB5A	4
DHRS7	5
DNAJC25	1
DPY19L1	3
DPY19L3	3
DPY19L4	3
LRIT1	1
MBLAC2	6
MLEC	4
PIGX	1
RDH14	8
SEC22A	1
SLC71A2	1
SMIM48	1
TMEM116	1
TMEM213	1
TMEM39B	1
TMEM86A	2
TMX3	4
UBXN8	2
XK	1
LAPTM4A	6
SCAMP4	5
SYTL2	9
SYTL3	3
SYTL5	3
ATP6V1G3	6
SLC35F1	2
SLC35G2	2
SV2A	5
SYNGR4	3
SYNPR	2
ACTR1A	2
ACTR3C	2
ACY1	3
ACY3	3
ANGPTL2	2
ANGPTL6	2
AOX1	9
ARL15	2
ART3	4
ATRN	2
BEND7	2
BPIFA2	2
C11ORF52	2
C16ORF89	3
C19ORF18	2
C1ORF116	2
C5ORF46	2
C6ORF58	2
CA1	6
CCDC180	2
CD101	2
CD248	2
CD37	2
CD82	2
CDH16	2
CES3	4
CFHR3	3
CHL1	3
CILP2	6
CLIC6	6
CLRN3	2
CMBL	2
CNTLN	4
COBLL1	3
CPVL	5
CRISPLD1	2
CRYL1	7
CST5	5
CST6	4
CTDSPL	4
CUTA	4
CYSTM1	5
DDTL	3
DERPC	2
ECH1	8
EML5	4
ENDOD1	2
FAM151A	2
FAM168B	2
FAM209A	6
FAM234A	2
FAM3C	7
FCGBP	2
FGL2	5
GIPC2	2
GLOD4	3
GNG12	5
GNG5	7
GPA33	2
GPRC5B	10
GPRC5C	7
GPRC5D	5
GPT	3
GSTCD	2
GUCA2B	4
HDHD2	4
HEBP1	2
HID1	8
HSPA12A	2
HSPA13	4
IGFALS	3
ISLR	5
ITFG1	2
ITIH1	6
ITIH3	8
KPRP	2
LRRC57	2
MGP	2
MTMR11	2
MTNAP1	2
MUC16	5
MUC5AC	4
MUC5B	4
MYL12B	5
NXPE4	2
OMD	7
PCBD1	3
PCDHGB5	2
PEBP4	2
PGAP6	5
PI15	2
PILRA	4
PLBD2	2
PPIAL4A	2
PPIC	3
PRG2	5
PRR27	2
PRRC2A	2
PWWP3B	2
PZP	6
RUSC2	4
S100A16	10
SAA2	2
SAA4	2
SBSN	2
SCGB1A1	2
SCRN2	2
SEC14L3	2
SELENBP1	6
SELENOP	5
SERPINA4	7
SERPINI2	4
SFT2D2	2
SHBG	2
SLC25A3	7
SLC46A3	5
SPATA31H1	4
SPINK1	5
SPON2	2
ST13	3
SUCNR1	3
TMC4	8
TMC5	5
TMEM256	2
TMEM52B	2
TREH	2
TRIP10	2
TSPAN3	2
TSPAN8	2
TTC38	2
TUBB6	9
TUBB8B	7
TXNDC8	2
TXNRD1	4
UBL3	2
UEVLD	3
VMO1	2
XPNPEP2	4
HEXD	5
OLFML3	3
PHOSPHO1	5
GNG10	4
GNG11	4
GNG13	2
GNG14	2
GNG3	4
GNG5B	2
GNG8	4
GNGT1	4
GNGT2	4
MS4A2	1
NBEAL2	5
PDAP1	3
SIGLEC14	5
LRRTM2	3
NPTXR	1
PCDH7	4
PCDH9	1
SIPA1L2	3
GOLT1A	3
GCC1	4
TMEM87B	2
YIPF1	4
YIPF2	4
YIPF6	4
GPC6	7
KERA	5
MUC15	2
MUC17	3
MUC19	2
MUC3A	2
MUC3B	2
MUCL1	2
SDC3	5
MARCHF4	3
MARCHF9	3
CHIC2	1
KANSL1L	3
FAM8A1	1
BACC1	4
VMAC	1
AARSD1	2
ADAT3	2
AIFM3	4
ALKBH6	3
AMMECR1	2
AMMECR1L	2
ANKRD42	7
ANXA10	7
ANXA9	7
ASB10	2
ASPM	2
ATOSB	2
BCL2L15	2
BEND2	2
BIVM	6
BPY2	2
BTBD8	2
C16ORF78	2
C19ORF33	4
C19ORF47	2
C20ORF204	2
C2CD2	2
C2ORF42	2
CCDC174	2
CCDC59	2
CCDC69	4
CCDC82	2
CCNDBP1	2
CDCA4	2
CDK20	3
CDKL2	3
CDKL4	3
CDYL2	2
CENPL	2
CENPM	2
CENPN	2
CENPO	2
CENPP	2
CENPU	2
CETN1	4
CHCT1	2
CIZ1	4
CLUL1	2
CMYA5	3
COXFA4L3	2
CRISP1	2
CT45A1	2
CT45A10	2
CT45A3	2
CT45A5	2
CT83	2
CYLC1	2
CYLC2	2
DCLK3	3
DCTN4	2
DDX51	2
DIDO1	2
DMRTC1	5
DMRTC2	8
DNAJB7	2
DNAJC8	3
DNPEP	4
DPCD	2
DPPA2	2
DPPA4	2
EIF1AD	2
EPHX3	3
ERICH6	2
EWSR1	2
FAM120A	2
FAM120C	2
FAM193B	5
FAM241A	1
FAM241B	1
FAM81B	2
FNDC8	2
FOXR2	5
FSBP	2
FSD2	3
GARIN3	2
GGNBP2	2
GMCL1	2
GMCL2	2
GNL2	9
GPATCH2	4
GPATCH2L	2
GPATCH8	2
GPRASP2	3
GSX2	5
GTF2IRD2	2
GTF2IRD2B	2
HDHD3	5
HINT3	3
HIPK4	4
HNRNPCL1	2
HNRNPCL2	2
HNRNPCL3	2
HNRNPCL4	2
HSD11B1L	1
HSPA14	4
HSPB9	2
IFRD1	2
IGFN1	2
INKA1	6
INKA2	9
ITGB3BP	2
IZUMO4	2
JPT1	2
LENG8	2
LRRC41	2
MAP3K7CL	2
MEIG1	2
METTL13	4
METTL21C	4
MFAP3L	3
MIPOL1	2
MOB2	8
MOB3A	5
MOB3C	5
MORC1	2
MORC4	4
MPLKIP	2
MSANTD4	2
MSH5	3
MSMB	2
NAA40	5
NIPSNAP3A	2
NIT1	3
NKTR	2
NMRAL1	2
NOAZFP	7
NSL1	4
NTMT1	4
NTMT2	3
OXR1	2
PADI1	6
PADI3	4
PALD1	3
PAPOLB	4
PBK	3
PDCD11	7
PDXDC1	2
PGBD5	2
PHF11	3
PHF24	2
PHF3	2
PKIG	5
PMIS2	1
PNRC1	2
POGK	2
POU2AF2	3
POU2AF3	2
PPM1H	3
PPP2R5B	7
PPP2R5E	7
PTP4A2	3
RABL6	4
RALYL	2
RANBP1	7
RASSF5	2
RBPJL	5
RERE	2
RGS22	2
RGS7BP	3
RSBN1	5
RTCA	2
S100A5	8
S100PBP	4
SCAND1	2
SCRN1	3
SDR39U1	2
SETD1B	7
SH3BGRL2	2
SLTM	2
SNURF	4
SOHLH1	6
SPANXA1	2
SPANXC	2
SPANXD	2
SPATA24	2
SPATA31F1	2
SPDYC	4
SPMIP6	2
SPRYD4	2
SPZ1	2
SSX3	2
SSX4	2
SSX5	2
SSX7	2
STIP1	3
STRBP	4
SWT1	2
SYNDIG1L	1
TC2N	2
TCERG1L	3
TCL1A	6
TDRP	2
THAP2	5
THYN1	2
TIGD1	2
TIGD2	2
TIGD3	2
TIGD4	2
TIGD5	2
TIGD6	2
TIGD7	2
TLDC2	2
TMCO2	2
TMEM192	8
TMEM89	2
TMEM91	1
TMPO	4
TP53TG3	2
TRIM66	2
TSBP1	2
TSPY1	2
TSPY10	2
TSPY2	2
TSPY3	2
TSPY4	2
TSPY8	2
TSPY9	2
TSPYL1	5
TSPYL4	2
TSPYL6	2
U2SURP	2
USP31	5
USP35	5
USP48	6
WDR37	2
WDR5B	2
YBEY	5
ZC3HC1	5
ZCCHC12	2
ZCCHC18	2
ZCWPW2	4
ZMYM3	2
ZNF346	8
ZNF385C	2
ZNF385D	5
ZNF804B	2
AOPEP	3
DDX50	4
DNAJC21	4
FAM133B	3
GIMAP2	4
GPATCH4	3
HEPACAM2	4
KLLN	3
KNOP1	3
NARF	5
NOL12	4
NOL4	3
PIMREG	3
PLIN4	2
POLGARF	3
RBM28	3
RDM1	3
RRP12	3
SLX9	3
SPATS2L	3
XNDC1N	3
ZCCHC9	3
BDH1	6
CA5A	4
CA5B	4
CRISP3	6
ETNPPL	2
GCSH	2
HPDL	3
LACTB2	8
ME2	4
PHYKPL	2
SARDH	2
SUOX	6
TRMT2B	6
BLTP3A	2
MON1B	4
GDAP2	3
TM6SF1	3
TMEM44	4
CPSF4L	1
CSTF2T	2
LYPD4	2
MS4A4A	2
MPV17	6
PXMP2	3
PXMP4	3
AKNAD1	3
DCDC2B	3
KIF21B	5
KIF6	5
LRRC49	3
NICN1	3
RMDN2	6
TCP11L1	3
TPGS1	6
TPGS2	3
TUBAL3	5
WDR47	3
CKMT1A	5
COQ10A	2
COQ10B	2
COX6B2	2
COX8C	2
SFXN4	2
SFXN5	2
SLC22A14	3
SLC25A27	7
SLC25A47	5
SQOR	4
TIMMDC1	2
TMEM160	2
TMEM177	2
CMC4	1
COA4	1
NLN	4
CCDC127	2
HINT2	3
PPP2R2B	5
SLC25A28	2
SMIM26	4
TOMM40L	2
MYH15	2
MYH7B	2
SYNC	2
CNTN3	1
IGSF9B	1
TPH2	2
ARL6IP6	2
TMX4	3
FAM169A	1
ITPRIP	5
MINDY3	5
NRM	1
SPATA46	1
TMEM168	3
TMEM18	1
CALML6	4
FAM76A	2
PNISR	2
PSKH1	3
RSBN1L	2
SCAPER	2
SREK1	2
UNC45A	4
ANKRD34A	2
ANKRD34B	2
ANKRD34C	2
FAM184A	1
MEX3A	1
SIMC1	4
CCDC33	1
ISOC1	1
PXT1	1
VWA8	1
NRBF2	1
LY6G6F	3
NHLRC2	3
PHACTR2	4
TMEM232	2
CCDC12	2
GSG1L	3
LRFN1	3
LRFN2	3
NETO2	5
PRPF38B	1
PPP2R2C	3
PPP4R4	5
AVL9	1
DENND6B	3
CLEC18B	1
CEACAM3	5
MCEMP1	5
MS4A3	3
TMEM240	1
TIMM23B	1
CABP7	2
CALN1	2
MS4A6A	1
MS4A6E	1
MS4A7	1
TMEM45B	1
CAPS	3
GLT6D1	1
RAB3C	5
RFESD	2
HSPBAP1	1
PHYHD1	1
TATDN1	6
TATDN3	5
ALDH3A1	6
PLA2G12A	3
ADPRM	5
MPPED2	10
AK7	5
ABCF2	2
ABCF3	3
MAP4K5	4
NIM1K	5
TSSK4	5
SLC25A43	3
LYPD6B	1
SPDYE11	3
B4GALNT3	3
B4GALNT4	3
GCNT7	3
MDP1	2
PHACTR3	1
SPATA32	1
TLNRD1	1
SLC25A52	2
SLC25A53	2
CNBD2	4
DHRS1	3
ALDH16A1	2
ALPG	2
ALPP	6
MGAM2	2
MANEAL	2
BLTP2	2
PLEKHA5	7
PLPBP	3
THNSL2	5
TTPAL	2
APMAP	2
LPAR4	1
LPAR6	1
TRMT2A	4
F2RL2	3
GDPD4	3
PPP1R1B	9
LRRC59	1
MB21D2	1
TXNDC9	1
UBFD1	1
REM1	4
REM2	4
SGK3	6
CIB4	3
EFCAB11	2
FKBP9	2
MYL10	2
OCM	2
OCM2	2
PCDHB8	2
RCN2	2
REG4	2
S100A3	2
S100G	2
S100Z	3
SNTN	2
TTYH2	9
CCT8L2	6
CAPNS2	2
CAMK1G	2
CAMKK1	2
CAMKV	2
PNCK	2
CA13	2
CA14	2
CA3	2
CA7	2
CA8	2
CA9	4
GADL1	1
URAD	1
CES4A	2
CES5A	2
CCDC144A	1
MINDY1	5
MINDY2	6
MTFMT	2
SNN	2
ANKRD36C	3
STOML1	3
STOML3	3
GPR17	4
CLCA1	9
CLCA2	9
CLCA4	9
CFHR4	1
CKM	3
GUCA2A	4
MPPED1	2
DESI2	8
USP54	4
CST8	2
ASGR2	2
CLEC10A	2
CLEC17A	2
MINDY4	2
MINDY4B	2
ENPP5	3
TXNL1	1
DNAJC14	2
HOXC12	3
HOXD12	3
ZFR	2
ZFR2	2
MEP1B	3
OVCH2	3
PRSS36	3
PRSS53	3
RHBDD3	3
RHBDL1	3
RHBDL2	3
RHBDL3	3
LXN	2
SERPINA11	2
SERPINA12	2
SERPINA2	2
SERPINA9	2
SERPINB11	2
SERPINB5	2
SERPINB7	2
SERPINE3	2
TFPI2	2
FTHL17	3
KLB	3
TAAR2	3
TAAR8	3
BDKRB1	1
MLNR	2
GPR34	3
GPR87	3
P2RY13	3
P2RY14	3
ADGRA3	1
ADGRD2	1
ADGRE1	1
ADGRG7	1
ADGRL4	1
GPR135	1
GPR141	1
GPR152	1
GPR173	1
GPR18	1
GPR20	1
GPR21	1
GPR27	1
GPR39	1
GPR42	1
GPR50	1
GPR63	1
GPR85	1
LANCL1	7
MAS1L	1
MRGPRF	1
MRGPRG	1
MRGPRX3	1
OR7C1	2
P2RY10	1
PDGFRL	1
MLN	1
NPB	1
NPW	1
RLN3	1
UTS2B	1
ENTPD6	4
AGAP1	4
AGAP4	4
AGAP5	4
AGAP6	4
AGAP9	4
ASAP2	2
GARNL3	2
GRTP1	2
IQGAP3	3
SMAP2	2
TBC1D26	2
TBC1D3B	2
TBC1D3C	2
TBC1D3D	2
TBC1D3E	2
TBC1D3F	2
TBC1D3G	2
TBC1D3H	2
TBC1D3I	2
TBC1D3K	2
TBC1D3L	2
TBC1D9	2
GIMAP1	2
GIMAP4	2
GIMAP5	2
GIMAP6	2
GIMAP8	2
GIMD1	2
GPN2	2
RAB40AL	2
RASD1	2
ALS2CL	4
DENND5B	4
CDC42SE1	2
ARFGEF3	2
ARHGEF38	2
DENND2C	2
DENND2D	2
HERC1	2
MCF2L2	2
PCP2	2
PLEKHG7	2
PSD	2
PSD2	2
PSD3	2
PSD4	2
RAB3IL1	2
RCBTB2	2
RIC8A	2
SH3BP5L	5
UGT3A2	7
TMC3	3
UGT3A1	3
SLC25A40	2
PRDM7	3
CCDC38	3
CGB1	2
CGB2	2
GAST	2
GNRH1	3
GNRH2	3
INS-IGF2	3
INSL6	2
RLN1	2
TSHB	2
UNC45B	1
L3HYPDH	1
ASPA	1
AGMAT	1
FCGRT	1
IDNK	2
PSTK	2
SCYL3	1
UPRT	2
CAMK2N2	3
CEP68	2
KIZ	2
MTCP1	4
SACK1C	2
SACK1E	2
SACK1F	2
SPDYE1	2
SPDYE10	2
SPDYE12	2
SPDYE13	2
SPDYE14	2
SPDYE15	2
SPDYE16	2
SPDYE17	2
SPDYE18	2
SPDYE2	2
SPDYE21	2
SPDYE2B	2
SPDYE3	2
SPDYE4	2
SPDYE5	2
SPDYE6	2
SPDYE8	2
SPDYE9	2
TCL1B	4
TSKS	2
KLC4	1
SLC38A10	1
SLC38A11	1
SLC38A8	1
SLC7A13	1
LRRFIP2	1
PDC	2
PLPP7	2
EEF1AKMT3	3
EEF1AKMT4	3
FAM86B1	2
FAM86B2	2
PNPLA7	2
FCRL6	4
ELAVL3	2
SECISBP2L	2
UTP23	5
DDX43	1
DDX53	1
DDX59	1
SLC4A1AP	1
TEX13A	1
TEX13B	1
TEX13C	1
TEX13D	1
YDJC	2
SLC9B1	3
COMTD1	2
INMT	3
TMT1B	3
CCDC170	2
CEP44	2
CEP57L1	2
CFAP157	2
EML6	2
KIF26B	2
CALHM4	3
CALHM5	3
CALHM6	3
LCN12	3
SLC16A13	1
SLC16A14	1
PPP1R16A	2
FMO4	2
GNPNAT1	1
NAT1	1
NAT2	2
METTL9	2
VAT1L	3
ART1	2
ART5	2
ENOX1	1
STYK1	2
ATRNL1	1
SNED1	1
UCK1	1
UCK2	1
ASMTL	2
SLC25A36	1
NXPE1	1
LOC124905359	1
OR1A1	1
OR1B1	1
OR1F1	1
OR1I1	1
OR1J1	1
OR1J2	1
OR1J4	1
OR1L1	1
OR1L3	1
OR1L4	1
OR1L6	1
OR1L8	1
OR1M1	1
OR1N1	1
OR1N2	1
OR1S1	1
OR1S2	1
OR2AP1	1
OR3A1	1
OR3A3	1
OR4A15	1
OR4A16	1
OR4A47	1
OR4A5	1
OR4B1	1
OR4C11	1
OR4C13	1
OR4C15	1
OR4C16	1
OR4C3	1
OR4C45	1
OR4C46	1
OR4C5	1
OR4C6	1
OR4D10	1
OR4D11	1
OR4D2	1
OR4D5	1
OR4D6	1
OR4D9	1
OR4F15	1
OR4F16	1
OR4F17	1
OR4F21	1
OR4F5	1
OR4F6	1
OR4K1	1
OR4K13	1
OR4K14	1
OR4K15	1
OR4K17	1
OR4K2	1
OR4K3	1
OR4K5	1
OR4L1	1
OR4M1	1
OR4M2	1
OR4M2B	1
OR4N2	1
OR4N4	1
OR4N4C	1
OR4N5	1
OR4P4	1
OR4Q2	1
OR4Q3	1
OR4S1	1
OR4S2	1
OR4X1	1
OR4X2	1
OR51A2	1
OR51A4	1
OR51A7	1
OR51B2	1
OR51C1	1
OR51D1	1
OR51E1	1
OR51F1	1
OR51F2	1
OR51G1	1
OR51G2	1
OR51L1	1
OR51Q1	1
OR51S1	1
OR51T1	1
OR52B2	1
OR52B6	1
OR52E1	1
OR52E2	1
OR52E4	1
OR52E5	1
OR52E6	1
OR52E8	1
OR52H1	1
OR52I1	1
OR52I2	1
OR52J3	1
OR52K1	1
OR52K2	1
OR52L1	1
OR52M1	1
OR52N1	1
OR52N2	1
OR52N4	1
OR52N5	1
OR52P1	1
OR52R1	1
OR52W1	1
OR56A1	1
OR56A3	1
OR56A4	1
OR56A5	1
OR56B1	1
OR56B2	1
OR56B4	1
OR6C1	1
OR6C4	1
OR6C6	1
OR6C65	1
OR6C68	1
OR6C70	1
OR6C74	1
OR6C75	1
OR6C76	1
OR6F1	1
OR6J1	1
OR6M1	1
OR6S1	1
OR6T1	1
OR6V1	1
OR6X1	1
OR7A10	1
OR7A17	1
OR7C2	1
OR7D4	1
OR7E24	1
OR7G1	1
OR7G2	1
OR7G3	1
OR8S1	1
DHDH	1
SDR42E1	1
SDR42E2	1
USHBP1	1
PCOLCE2	1
HDDC2	1
NT5DC1	2
NT5DC3	2
PHOSPHO2	2
PUDP	2
FCRL2	2
PPP1R27	1
SFI1	1
SH2D4A	1
SIGLEC11	1
PPP1R2	4
PPP1R2B	3
PPP1R2C	3
SNX22	1
SNX24	1
PLCXD1	2
PLCXD2	2
PLCXD3	2
SH3BP2	2
SHB	2
SHD	2
SHE	2
SHF	2
PCMTD2	2
PTAR1	1
SDIM1	1
AKAP14	1
SPATC1L	1
TDRD10	1
CAB39L	2
SAMD15	2
CCDC102B	2
CEACAM20	2
CEACAM7	2
PHYHIP	2
PPP1R14A	2
PPP1R14B	2
PPP1R14C	2
PPP1R14D	2
PPP1R1A	2
DCLK2	1
FJX1	1
HUNK	1
MYLK4	1
PSKH2	1
SBK1	1
SBK3	1
STK32A	1
STK32B	1
STK32C	1
STKLD1	1
ILKAP	1
PPM1J	1
PTPN20	1
NTPCR	2
NUDT22	1
EIF4E1B	2
EIF4E3	2
SCAF1	2
PHRF1	1
NRG4	1
NXNL1	1
GAB4	3
REPS1	1
SLC13A4	2
HLX	1
PGBD2	1
PGBD3	1
TSTD1	1
GTSF1	1
HAGHL	1
CRIP2	2
CZIB	2
QPCTL	2
ZNF214	2
ZNF84	2
TTLL2	2
TTLL9	2
BSPRY	3
HECTD2	3
LONRF1	3
LONRF3	3
MEX3C	3
RNFT2	3
TRIM10	3
TRIM50	3
TRIM73	3
TRIM74	3
TRIML1	3
TRIML2	3
GGN	2
JKAMP	2
LNX2	1
MARCHF11	1
RNF214	1
ENTREP3	1
WBP1	1
