severity	category	source	gene	other_gene	gnomad_row_symbol	gnomad_row_gene_id	gnomad_row_transcript	transcript_owner	pLI	LOEUF
warning	assigned_by_previous_symbol	assignment	AKR1C8		AKR1CL1	ENSG00000196326	ENST00000488756		1.3656e-05	1.825
warning	assigned_by_previous_symbol	assignment	CASTOR2		GATSL2	ENSG00000198750	ENST00000426327		0.42837	1.625
warning	assigned_by_previous_symbol	assignment	CATSPERQ		TMEM249	ENSG00000214597	ENST00000398633		0.10458	0.85
warning	assigned_by_previous_symbol	assignment	CCDC163		CCDC163P	ENSG00000236624	ENST00000488405		0.42082	0.902
warning	assigned_by_previous_symbol	assignment	CCNQ		FAM58A	ENSG00000147382	ENST00000406277		0.90384	0.396
warning	assigned_by_previous_symbol	assignment	EPOP		C17ORF96	ENSG00000179294	ENST00000325814		0.27965	1.238
warning	assigned_by_previous_symbol	assignment	H2AB1		H2AFB1	ENSG00000198082	ENST00000354461			
warning	assigned_by_previous_symbol	assignment	H2AC12		HIST1H2AH	ENSG00000184825	ENST00000377459	H2AC12	0.00049143	1.942
warning	assigned_by_previous_symbol	assignment	H2AC14		HIST1H2AJ	ENSG00000182611	ENST00000333151	H2AC14	0.0237	1.886
warning	assigned_by_previous_symbol	assignment	H2AC15		HIST1H2AK	ENSG00000184348	ENST00000330180		0.00010432	1.936
warning	assigned_by_previous_symbol	assignment	H2AC16		HIST1H2AL	ENSG00000198374	ENST00000357320		0.00079028	1.916
warning	assigned_by_previous_symbol	assignment	H2AC17		HIST1H2AM	ENSG00000233224	ENST00000359611	H2AC17	5.4464e-07	1.973
warning	assigned_by_previous_symbol	assignment	H2AC4		HIST1H2AB	ENSG00000137259	ENST00000259791		0.00057284	1.935
warning	assigned_by_previous_symbol	assignment	H2AC8		HIST1H2AE	ENSG00000168274	ENST00000303910	H2AC8	0.032343	1.825
warning	assigned_by_previous_symbol	assignment	H2BC10		HIST1H2BI	ENSG00000168242	ENST00000377733	H2BC10	0.0039846	1.915
warning	assigned_by_previous_symbol	assignment	H2BC14		HIST1H2BM	ENSG00000196374	ENST00000359465		5.0487e-06	1.969
warning	assigned_by_previous_symbol	assignment	H2BC17		HIST1H2BO	ENSG00000196331	ENST00000303806		0.00045605	1.945
warning	assigned_by_previous_symbol	assignment	H2BC3		HIST1H2BB	ENSG00000196226	ENST00000357905		0.0037893	1.919
warning	assigned_by_previous_symbol	assignment	H2BC6		HIST1H2BE	ENSG00000197697	ENST00000356530	H2BC7	4.1485e-06	1.971
warning	assigned_by_previous_symbol	assignment	H2BC7		HIST1H2BF	ENSG00000197846	ENST00000359985		3.2385e-08	1.981
warning	assigned_by_previous_symbol	assignment	H2BC8		HIST1H2BG	ENSG00000187990	ENST00000244601		4.8893e-07	1.974
warning	assigned_by_previous_symbol	assignment	H2BC9		HIST1H2BH	ENSG00000197459	ENST00000356350		3.8304e-06	1.972
warning	assigned_by_previous_symbol	assignment	H3-7		HIST2H3PS2	ENSG00000203818	ENST00000392948	H3-7	0.0037116	1.921
warning	assigned_by_previous_symbol	assignment	H3C1		HIST1H3A	ENSG00000198366	ENST00000357647		6.293e-07	1.972
warning	assigned_by_previous_symbol	assignment	H3C10		HIST1H3H	ENSG00000203813	ENST00000369163	H3C10	0.0057387	1.875
warning	assigned_by_previous_symbol	assignment	H3C11		HIST1H3I	ENSG00000182572	ENST00000328488		0.0084746	1.802
warning	assigned_by_previous_symbol	assignment	H3C2		HIST1H3B	ENSG00000124693	ENST00000244661		1.4796e-05	1.944
warning	assigned_by_previous_symbol	assignment	H3C3		HIST1H3C	ENSG00000196532	ENST00000540144		0.26064	1.302
warning	assigned_by_previous_symbol	assignment	H3C6		HIST1H3E	ENSG00000196966	ENST00000360408		1.4382e-06	1.959
warning	assigned_by_previous_symbol	assignment	H3C7		HIST1H3F	ENSG00000256316	ENST00000446824		0.0065896	1.853
warning	assigned_by_previous_symbol	assignment	H3C8		HIST1H3G	ENSG00000256018	ENST00000305910		1.1617e-06	1.963
warning	assigned_by_previous_symbol	assignment	H4C1		HIST1H4A	ENSG00000196176	ENST00000359907		0.00020556	1.967
warning	assigned_by_previous_symbol	assignment	H4C12		HIST1H4K	ENSG00000197914	ENST00000357549		0.0015737	1.96
warning	assigned_by_previous_symbol	assignment	H4C13		HIST1H4L	ENSG00000198558	ENST00000355981		0.00034971	1.954
warning	assigned_by_previous_symbol	assignment	H4C2		HIST1H4B	ENSG00000124529	ENST00000377364		0.0029154	1.936
warning	assigned_by_previous_symbol	assignment	H4C4		HIST1H4D	ENSG00000188987	ENST00000340756		0.0019851	1.953
warning	assigned_by_previous_symbol	assignment	H4C5		HIST1H4E	ENSG00000198518	ENST00000360441		0.013453	1.94
warning	assigned_by_previous_symbol	assignment	H4C6		HIST1H4F	ENSG00000198327	ENST00000377745	H4C2	0.13072	1.796
warning	assigned_by_previous_symbol	assignment	H4C7		HIST1H4G	ENSG00000124578	ENST00000244537	H4C6	0.013198	1.941
warning	assigned_by_previous_symbol	assignment	H4C9		HIST1H4I	ENSG00000198339	ENST00000354348		0.015809	1.929
warning	assigned_by_previous_symbol	assignment	HEATR9		C17ORF66	ENSG00000172653	ENST00000311880		4.8498e-16	1.134
warning	assigned_by_previous_symbol	assignment	NATD1		C17ORF103	ENSG00000154035	ENST00000399011		0.64837	0.881
warning	assigned_by_previous_symbol	assignment	NOTCH2NLA		NOTCH2NL	ENSG00000213240	ENST00000369340		0.60972	0.658
warning	assigned_by_previous_symbol	assignment	OR8U3		OR5R1	ENSG00000174942	ENST00000312253		0.00051866	1.753
warning	assigned_by_previous_symbol	assignment	PPP4R3B		SMEK2	ENSG00000138041	ENST00000345102		0.70636	0.368
warning	assigned_by_previous_symbol	assignment	PRR33		C11ORF89	ENSG00000184682	ENST00000391480			
warning	assigned_by_previous_symbol	assignment	RCC1L		WBSCR16	ENSG00000174374	ENST00000329959		0.00086789	0.958
warning	assigned_by_previous_symbol	assignment	RHEX		C1ORF186	ENSG00000196533	ENST00000331555	RHEX	4.525e-05	1.609
warning	assigned_by_previous_symbol	assignment	RPSA2		RPSAP58	ENSG00000205246	ENST00000496398		0.003425	1.641
warning	assigned_by_previous_symbol	assignment	SPMAP1		C17ORF98	ENSG00000214556	ENST00000398575		0.0088152	1.286
warning	assigned_by_previous_symbol	assignment	ZNG1F		CBWD6	ENSG00000204790	ENST00000377457		9.8278e-07	1.725
warning	gnomAD_symbol_now_other_gene	renaming	ASB3		GPR75-ASB3	ENSG00000115239	ENST00000352846		1.4399e-07	0.899
warning	gnomAD_symbol_now_other_gene	renaming	HTD2		RPP14	ENSG00000255154	ENST00000528153		0.22115	1.451
warning	gnomAD_symbol_now_other_gene	renaming	LRRC51		LRTOMT	ENSG00000184154	ENST00000435085		6.9976e-05	1.202
warning	gnomAD_symbol_now_other_gene	renaming	LSM8		NAA38	ENSG00000128534	ENST00000249299		0.0051229	1.494
warning	gnomAD_symbol_now_other_gene	renaming	NME2		NME1-NME2	ENSG00000243678	ENST00000393198		8.8471e-09	1.462
warning	gnomAD_symbol_now_other_gene	renaming	OR4M2B		OR4M2	ENSG00000182974	ENST00000332663		3.9447e-08	1.958
warning	gnomAD_symbol_now_other_gene	renaming	PLSCR3		TMEM256-PLSCR3	ENSG00000187838	ENST00000535512		0.0059458	0.824
warning	gnomAD_symbol_now_other_gene	renaming	POTEG		POTEM	ENSG00000187537	ENST00000551509		0.00031637	1.492
warning	gnomAD_symbol_now_other_gene	renaming	POTEM		POTEG	ENSG00000222036	ENST00000409832		4.8749e-11	1.679
warning	gnomAD_symbol_now_other_gene	renaming	STBD1		FAM47E-STBD1	ENSG00000118804	ENST00000237642		7.6594e-12	1.854
warning	gnomAD_symbol_now_other_gene	renaming	TMIGD3		ADORA3	ENSG00000121933	ENST00000369716		0.0001441	1.066
warning	reassigned_by_transcript	assignment	BAHCC1		RP11-1055B8.7	ENSG00000171282	ENST00000307745	BAHCC1	0.99999	0.221
warning	reassigned_by_transcript	assignment	CFAP99		RP11-503N18.3	ENSG00000249428	ENST00000506607	CFAP99	2.7711e-12	1.324
warning	reassigned_by_transcript	assignment	PAGR1		PAGR1	ENSG00000185928	ENST00000320330	PAGR1	0.74265	0.538
warning	reassigned_by_transcript	assignment	PRAMEF27	PRAMEF11	WI2-3308P17.2	ENSG00000239810	ENST00000436041	PRAMEF27		
warning	reassigned_by_transcript	assignment	TAF9	AK6	TAF9	ENSG00000085231	ENST00000328663	TAF9	4.2231e-07	1.834
warning	reassigned_by_transcript	assignment	TZMP1		GVQW1	ENSG00000241043	ENST00000451672	TZMP1		
warning	symbol_differs_unverified	renaming	AGAP9		AGAP10	ENSG00000204172	ENST00000413193		0.35899	1.796
warning	symbol_differs_unverified	renaming	APOLTP		CTD-3088G3.8	ENSG00000188897	ENST00000598234		1.3231000000000002e-19	1.455
warning	symbol_differs_unverified	renaming	BAHCC1		RP11-1055B8.7	ENSG00000171282	ENST00000307745		0.99999	0.221
warning	symbol_differs_unverified	renaming	C4orf54		RP11-766F14.2	ENSG00000248713	ENST00000511828		9.3027e-09	0.677
warning	symbol_differs_unverified	renaming	C8orf90		AC138647.1	ENSG00000226490	ENST00000427937		0.020424	1.905
warning	symbol_differs_unverified	renaming	CCDC188		AC006547.14	ENSG00000234409	ENST00000439765		4.795e-07	1.161
warning	symbol_differs_unverified	renaming	CFAP99		RP11-503N18.3	ENSG00000249428	ENST00000506607		2.7711e-12	1.324
warning	symbol_differs_unverified	renaming	CLDN34		AC002365.1	ENSG00000234469	ENST00000445307		2.3223e-05	1.744
warning	symbol_differs_unverified	renaming	CROCC2		AC104809.3	ENSG00000226321	ENST00000430980		1.3883e-13	0.836
warning	symbol_differs_unverified	renaming	DEFB130B		DEFB130	ENSG00000233050	ENST00000437818		0.29563	1.885
warning	symbol_differs_unverified	renaming	DRC10		IQCD	ENSG00000166578	ENST00000299732		1.7712e-09	1.851
warning	symbol_differs_unverified	renaming	DRC11		IQCA1	ENSG00000132321	ENST00000409907		2.6856e-09	0.686
warning	symbol_differs_unverified	renaming	EIF2S3B		EIF2S3L	ENSG00000180574	ENST00000322446		0.00017977	1.282
warning	symbol_differs_unverified	renaming	FAM240C		AC131097.4	ENSG00000216921	ENST00000452112		0.0080869	1.813
warning	symbol_differs_unverified	renaming	GSG1L2		RP11-477N12.3	ENSG00000214978	ENST00000399363		0.00023666	1.218
warning	symbol_differs_unverified	renaming	GVQW3		RP11-111M22.2	ENSG00000179240	ENST00000321844		0.0049622	1.506
warning	symbol_differs_unverified	renaming	KIAA2012		AC079354.1	ENSG00000182329	ENST00000541917		3.209e-07	0.756
warning	symbol_differs_unverified	renaming	LRRC74B		AC002472.13	ENSG00000187905	ENST00000342608		6.203e-16	1.741
warning	symbol_differs_unverified	renaming	LUC7L2		C7ORF55-LUC7L2	ENSG00000146963	ENST00000354926		0.05528	0.53
warning	symbol_differs_unverified	renaming	LY6L		RP11-520P18.5	ENSG00000261667	ENST00000562505		0.04805	1.687
warning	symbol_differs_unverified	renaming	MEIOSIN		AC074212.3	ENSG00000237452	ENST00000457052		0.0044198	0.646
warning	symbol_differs_unverified	renaming	MGAM2		RP11-1220K2.2	ENSG00000257743	ENST00000550469		0.41039	0.465
warning	symbol_differs_unverified	renaming	MGAT4D		RP11-542P2.1	ENSG00000205301	ENST00000503109		4.0771e-06	1.235
warning	symbol_differs_unverified	renaming	MISP3		HSA-MIR-1199	ENSG00000141854	ENST00000269720		0.00067712	1.281
warning	symbol_differs_unverified	renaming	NPIPB13		RP11-347C12.1	ENSG00000198064	ENST00000520915			
warning	symbol_differs_unverified	renaming	NPIPB2		RP11-166B2.1	ENSG00000234719	ENST00000399147		2.9717e-08	1.741
warning	symbol_differs_unverified	renaming	PLPPR2		DKFZP761J1410	ENSG00000105520	ENST00000591608		0.99025	0.259
warning	symbol_differs_unverified	renaming	PRAMEF27		WI2-3308P17.2	ENSG00000239810	ENST00000436041			
warning	symbol_differs_unverified	renaming	PRR36		CTD-3193O13.9	ENSG00000183248	ENST00000539422		0.14402	0.558
warning	symbol_differs_unverified	renaming	REELD1		RP11-6L6.2	ENSG00000250673	ENST00000504313		0.00017559	1.905
warning	symbol_differs_unverified	renaming	REXO5		AC004381.6	ENSG00000005189	ENST00000261377		2.7972e-11	0.856
warning	symbol_differs_unverified	renaming	RNF225		AC012313.1	ENSG00000269855	ENST00000601382		0.028998	1.85
warning	symbol_differs_unverified	renaming	SF3B6		SF3B14	ENSG00000115128	ENST00000233468		0.58902	0.679
warning	symbol_differs_unverified	renaming	SMIM34		AP000322.53	ENSG00000243627	ENST00000450895		0.18107	1.614
warning	symbol_differs_unverified	renaming	SMIM43		TMEM155	ENSG00000164112	ENST00000337677		0.036443	1.792
warning	symbol_differs_unverified	renaming	TEX51		AC114783.1	ENSG00000237524	ENST00000450035		8.9231e-07	1.74
warning	symbol_differs_unverified	renaming	TUBB8B		RP11-683L23.1	ENSG00000173213	ENST00000308911		0.0002589	1.868
warning	symbol_differs_unverified	renaming	TZMP1		GVQW1	ENSG00000241043	ENST00000451672			
warning	symbol_differs_unverified	renaming	XNDC1N		RP11-849H4.2	ENSG00000254469	ENST00000528511		2.4042e-08	1.767
warning	transcript_owner_has_own_row	assignment	H2BC6		HIST1H2BE	ENSG00000197697	ENST00000356530	H2BC7	4.1485e-06	1.971
warning	transcript_owner_has_own_row	assignment	H4C6		HIST1H4F	ENSG00000198327	ENST00000377745	H4C2	0.13072	1.796
warning	transcript_owner_has_own_row	assignment	H4C7		HIST1H4G	ENSG00000124578	ENST00000244537	H4C6	0.013198	1.941
warning	transcript_owner_has_own_row	assignment	IFNA5		IFNA5	ENSG00000147873	ENST00000259555	IFNA6		
warning	transcript_owner_has_own_row	assignment	OR2T5		OR2T5	ENSG00000203661	ENST00000366473	OR2T4	0.47281	1.475
warning	transcript_owner_has_own_row	assignment	OR2T7		OR2T7	ENSG00000227152	ENST00000460972	OR2T27	1.7847e-06	1.862
warning	transcript_owner_has_own_row	assignment	OR5M1		OR5M1	ENSG00000255012	ENST00000526538	OR5M10	0.0019124	1.801
warning	transcript_owner_has_own_row	assignment	OR5T1		OR5T1	ENSG00000181698	ENST00000313033	OR5T3		
warning	transcript_owner_has_own_row	assignment	OR6B3		OR6B3	ENSG00000178586	ENST00000319423	OR6B2	0.00019086	1.898
warning	transcript_owner_has_own_row	assignment	OR6C75		OR6C75	ENSG00000187857	ENST00000343399	OR6C74	0.018817	1.511
warning	transcript_owner_has_own_row	assignment	PEDS1		TMEM189	ENSG00000240849	ENST00000557021	UBE2V1	0.0083949	0.669
warning	unresolved_retired_transcript	assignment	MAGEA9	MAGEA9B	MAGEA9B	ENSG00000123584	ENST00000243314			
warning	unresolved_retired_transcript	assignment	NBPF20	NBPF8	NBPF8	ENSG00000162825	ENST00000369365		1.4181e-07	1.967
warning	unresolved_retired_transcript	assignment	PRAMEF25	PRAMEF26	PRAMEF26	ENSG00000229571	ENST00000423177		3.3135e-07	1.951
info	alias_in_gnomAD	renaming	ACP7		PAPL	ENSG00000183760	ENST00000331256		2.1396e-09	0.957
info	alias_in_gnomAD	renaming	CEP295NL		DDC8	ENSG00000178404	ENST00000322630		0.37682	1.76
info	alias_in_gnomAD	renaming	CFAP221		PCDP1	ENSG00000163075	ENST00000413369		8.7186e-17	0.906
info	alias_in_gnomAD	renaming	HDGFL2		HDGFRP2	ENSG00000167674	ENST00000301284		0.77498	0.378
info	alias_in_gnomAD	renaming	HDGFL3		HDGFRP3	ENSG00000166503	ENST00000299633		0.9738	0.266
info	alias_in_gnomAD	renaming	LVRN		AQPEP	ENSG00000172901	ENST00000357872		5.3008e-17	0.925
info	alias_in_gnomAD	renaming	MAP3K20		MLTK	ENSG00000091436	ENST00000375213		8.4166e-09	0.681
info	alias_in_gnomAD	renaming	MAP3K21		MLK4	ENSG00000143674	ENST00000366624		1.0441e-06	0.689
info	alias_in_gnomAD	renaming	PLPPR1		LPPR1	ENSG00000148123	ENST00000374874		0.56614	0.5
info	alias_in_gnomAD	renaming	PLPPR3		LPPR3	ENSG00000129951	ENST00000359894		0.0095649	0.758
info	alias_in_gnomAD	renaming	PLPPR4		LPPR4	ENSG00000117600	ENST00000370185		0.86104	0.369
info	alias_in_gnomAD	renaming	PLPPR5		LPPR5	ENSG00000117598	ENST00000263177		0.0593	0.648
info	alias_in_gnomAD	renaming	RSKR		SGK494	ENSG00000167524	ENST00000301037		7.2766e-10	1.039
info	alias_in_gnomAD	renaming	SELENOF		SEP15	ENSG00000183291	ENST00000331835		0.058745	1.025
info	alias_in_gnomAD	renaming	SELENOK		SELK	ENSG00000113811	ENST00000495461		0.00011124	1.749
info	alias_in_gnomAD	renaming	SELENOM		SELM	ENSG00000198832	ENST00000402395		1.6327e-06	1.87
info	alias_in_gnomAD	renaming	SELENOO		SELO	ENSG00000073169	ENST00000380903		5.1473e-18	1.693
info	alias_in_gnomAD	renaming	SELENOT		SELT	ENSG00000198843	ENST00000471696		0.11531	0.824
info	alias_in_gnomAD	renaming	SELENOV		SELV	ENSG00000186838	ENST00000335426		9.6824e-11	1.917
info	alias_in_gnomAD	renaming	SHLD3		CTC-534A2.2	ENSG00000253251	ENST00000510585		0.020609	1.011
info	alias_in_gnomAD	renaming	STK26		MST4	ENSG00000134602	ENST00000394334		0.30798	0.538
info	renamed_since_gnomAD	renaming	AARS1		AARS	ENSG00000090861	ENST00000261772		1.8242e-08	0.617
info	renamed_since_gnomAD	renaming	ABHD18		C4ORF29	ENSG00000164074	ENST00000398965		1.0881e-12	1.28
info	renamed_since_gnomAD	renaming	ABITRAM		FAM206A	ENSG00000119328	ENST00000322940		4.3558e-06	1.466
info	renamed_since_gnomAD	renaming	ABRAXAS1		FAM175A	ENSG00000163322	ENST00000321945		5.0739e-07	1.007
info	renamed_since_gnomAD	renaming	ABRAXAS2		FAM175B	ENSG00000165660	ENST00000298492		0.020167	0.597
info	renamed_since_gnomAD	renaming	ABTB3		BTBD11	ENSG00000151136	ENST00000280758		0.99993	0.204
info	renamed_since_gnomAD	renaming	ACKR1		DARC	ENSG00000213088	ENST00000368121		0.00021424	1.598
info	renamed_since_gnomAD	renaming	ACKR5		GPR182	ENSG00000166856	ENST00000300098		0.00013704	1.346
info	renamed_since_gnomAD	renaming	ACOD1		IRG1	ENSG00000102794	ENST00000377462		4.5659e-06	1.217
info	renamed_since_gnomAD	renaming	ACP3		ACPP	ENSG00000014257	ENST00000351273		2.5463e-16	1.403
info	renamed_since_gnomAD	renaming	ACP4		ACPT	ENSG00000142513	ENST00000270593		8.621e-15	1.513
info	renamed_since_gnomAD	renaming	ACSM6		C10ORF129	ENSG00000173124	ENST00000341686		1.5331e-07	1.006
info	renamed_since_gnomAD	renaming	ACTMAP		C19ORF54	ENSG00000188493	ENST00000378313		5.1312e-06	1.199
info	renamed_since_gnomAD	renaming	ADA2		CECR1	ENSG00000093072	ENST00000399839		8.1396e-08	1.07
info	renamed_since_gnomAD	renaming	ADGRA1		GPR123	ENSG00000197177	ENST00000392607		0.013687	0.714
info	renamed_since_gnomAD	renaming	ADGRA2		GPR124	ENSG00000020181	ENST00000412232		5.4955e-08	0.612
info	renamed_since_gnomAD	renaming	ADGRA3		GPR125	ENSG00000152990	ENST00000334304		0.29336	0.359
info	renamed_since_gnomAD	renaming	ADGRB1		BAI1	ENSG00000181790	ENST00000517894		1.0	0.14
info	renamed_since_gnomAD	renaming	ADGRB2		BAI2	ENSG00000121753	ENST00000373658		0.99982	0.249
info	renamed_since_gnomAD	renaming	ADGRB3		BAI3	ENSG00000135298	ENST00000370598		1.0	0.138
info	renamed_since_gnomAD	renaming	ADGRD1		GPR133	ENSG00000111452	ENST00000261654		2.5037e-14	0.812
info	renamed_since_gnomAD	renaming	ADGRD2		GPR144	ENSG00000180264	ENST00000334810		1.7455e-15	0.931
info	renamed_since_gnomAD	renaming	ADGRE1		EMR1	ENSG00000174837	ENST00000312053		1.4801e-23	1.117
info	renamed_since_gnomAD	renaming	ADGRE2		EMR2	ENSG00000127507	ENST00000315576		2.7614999999999997e-28	1.253
info	renamed_since_gnomAD	renaming	ADGRE3		EMR3	ENSG00000131355	ENST00000253673		5.3919e-28	1.482
info	renamed_since_gnomAD	renaming	ADGRE5		CD97	ENSG00000123146	ENST00000242786		3.0761e-06	0.599
info	renamed_since_gnomAD	renaming	ADGRF1		GPR110	ENSG00000153292	ENST00000371253		2.0011e-22	1.227
info	renamed_since_gnomAD	renaming	ADGRF3		GPR113	ENSG00000173567	ENST00000311519		1.1879e-22	1.143
info	renamed_since_gnomAD	renaming	ADGRF4		GPR115	ENSG00000153294	ENST00000283303		2.7656e-14	1.224
info	renamed_since_gnomAD	renaming	ADGRF5		GPR116	ENSG00000069122	ENST00000283296		0.023976	0.4
info	renamed_since_gnomAD	renaming	ADGRG1		GPR56	ENSG00000205336	ENST00000388812		5.3483e-10	0.887
info	renamed_since_gnomAD	renaming	ADGRG2		GPR64	ENSG00000173698	ENST00000379869		0.92694	0.34
info	renamed_since_gnomAD	renaming	ADGRG3		GPR97	ENSG00000182885	ENST00000333493		8.9433e-14	1.244
info	renamed_since_gnomAD	renaming	ADGRG4		GPR112	ENSG00000156920	ENST00000394143		1.2147e-34	1.146
info	renamed_since_gnomAD	renaming	ADGRG5		GPR114	ENSG00000159618	ENST00000340339		0.13444	0.514
info	renamed_since_gnomAD	renaming	ADGRG6		GPR126	ENSG00000112414	ENST00000367609		6.6088e-05	0.468
info	renamed_since_gnomAD	renaming	ADGRG7		GPR128	ENSG00000144820	ENST00000273352		8.0386e-18	1.122
info	renamed_since_gnomAD	renaming	ADGRL1		LPHN1	ENSG00000072071	ENST00000340736		1.0	0.187
info	renamed_since_gnomAD	renaming	ADGRL2		LPHN2	ENSG00000117114	ENST00000319517		1.0	0.113
info	renamed_since_gnomAD	renaming	ADGRL3		LPHN3	ENSG00000150471	ENST00000514591		1.0	0.185
info	renamed_since_gnomAD	renaming	ADGRL4		ELTD1	ENSG00000162618	ENST00000370742		2.78e-11	1.004
info	renamed_since_gnomAD	renaming	ADGRV1		GPR98	ENSG00000164199	ENST00000405460		3.1737e-39	0.516
info	renamed_since_gnomAD	renaming	ADISSP		C20ORF27	ENSG00000101220	ENST00000217195		0.0086621	1.293
info	renamed_since_gnomAD	renaming	ADPRS		ADPRHL2	ENSG00000116863	ENST00000373178		0.00057514	1.033
info	renamed_since_gnomAD	renaming	ADSS1		ADSSL1	ENSG00000185100	ENST00000332972		2.8155e-07	0.843
info	renamed_since_gnomAD	renaming	ADSS2		ADSS	ENSG00000035687	ENST00000366535		0.32971	0.454
info	renamed_since_gnomAD	renaming	AFDN		MLLT4	ENSG00000130396	ENST00000392108		1.0	0.213
info	renamed_since_gnomAD	renaming	AFG1L		LACE1	ENSG00000135537	ENST00000368977		6.4428e-09	0.964
info	renamed_since_gnomAD	renaming	AFG2A		SPATA5	ENSG00000145375	ENST00000274008		9.0776e-20	1.079
info	renamed_since_gnomAD	renaming	AFG2B		SPATA5L1	ENSG00000171763	ENST00000305560		3.5478e-11	1.068
info	renamed_since_gnomAD	renaming	AIRIM		C1ORF109	ENSG00000116922	ENST00000358011		1.4731e-06	1.396
info	renamed_since_gnomAD	renaming	AJM1		C9ORF172	ENSG00000232434	ENST00000436881		0.98777	0.285
info	renamed_since_gnomAD	renaming	AKAIN1		C18ORF42	ENSG00000231824	ENST00000434239		0.48916	1.415
info	renamed_since_gnomAD	renaming	AKAP19		C2ORF88	ENSG00000187699	ENST00000340623		0.0027643	1.939
info	renamed_since_gnomAD	renaming	AKR1C8		AKR1CL1	ENSG00000196326	ENST00000488756		1.3656e-05	1.825
info	renamed_since_gnomAD	renaming	ALKAL1		FAM150A	ENSG00000196711	ENST00000358543		5.9081e-05	1.849
info	renamed_since_gnomAD	renaming	ALKAL2		FAM150B	ENSG00000189292	ENST00000403610		0.031797	1.269
info	renamed_since_gnomAD	renaming	ALPG		ALPPL2	ENSG00000163286	ENST00000295453		1.4933e-11	1.315
info	renamed_since_gnomAD	renaming	ANGPTL8		C19ORF80	ENSG00000130173	ENST00000252453		6.8776e-12	1.944
info	renamed_since_gnomAD	renaming	ANOS1		KAL1	ENSG00000011201	ENST00000262648		0.99793	0.248
info	renamed_since_gnomAD	renaming	ANTKMT		FAM173A	ENSG00000103254	ENST00000569529		0.00087746	1.615
info	renamed_since_gnomAD	renaming	AOPEP		C9ORF3	ENSG00000148120	ENST00000375315		4.9823e-15	0.939
info	renamed_since_gnomAD	renaming	ARB2A		FAM172A	ENSG00000113391	ENST00000395965		0.00024392	0.725
info	renamed_since_gnomAD	renaming	ARFGEF3		KIAA1244	ENSG00000112379	ENST00000251691		1.0	0.203
info	renamed_since_gnomAD	renaming	ARHGAP45		HMHA1	ENSG00000180448	ENST00000539243		0.22298	0.38
info	renamed_since_gnomAD	renaming	ARK2C		RNF165	ENSG00000141622	ENST00000269439		0.97194	0.317
info	renamed_since_gnomAD	renaming	ARK2N		C18ORF25	ENSG00000152242	ENST00000282059		0.89046	0.394
info	renamed_since_gnomAD	renaming	ARLN		C4ORF3	ENSG00000164096	ENST00000399075		0.30797	0.761
info	renamed_since_gnomAD	renaming	ARMH1		C1ORF228	ENSG00000198520	ENST00000458657		1.6479e-05	0.88
info	renamed_since_gnomAD	renaming	ARMH2		C6ORF229	ENSG00000260286	ENST00000565469		0.067336	1.511
info	renamed_since_gnomAD	renaming	ARMH3		C10ORF76	ENSG00000120029	ENST00000370033		6.2765e-06	0.573
info	renamed_since_gnomAD	renaming	ARMH4		C14ORF37	ENSG00000139971	ENST00000267485		1.7348e-07	0.883
info	renamed_since_gnomAD	renaming	ARPIN		C15ORF38	ENSG00000242498	ENST00000357484		1.5397e-05	1.514
info	renamed_since_gnomAD	renaming	ARSL		ARSE	ENSG00000157399	ENST00000381134		0.58982	0.492
info	renamed_since_gnomAD	renaming	ATG101		C12ORF44	ENSG00000123395	ENST00000336854		0.60623	0.662
info	renamed_since_gnomAD	renaming	ATOSA		FAM214A	ENSG00000047346	ENST00000261844		0.4452	0.368
info	renamed_since_gnomAD	renaming	ATOSB		FAM214B	ENSG00000005238	ENST00000378561		0.80243	0.419
info	renamed_since_gnomAD	renaming	ATP23		XRCC6BP1	ENSG00000166896	ENST00000300145		1.6095e-05	1.23
info	renamed_since_gnomAD	renaming	ATP5F1A		ATP5A1	ENSG00000152234	ENST00000282050		0.99945	0.182
info	renamed_since_gnomAD	renaming	ATP5F1B		ATP5B	ENSG00000110955	ENST00000262030		0.97679	0.309
info	renamed_since_gnomAD	renaming	ATP5F1C		ATP5C1	ENSG00000165629	ENST00000356708		0.00079192	0.812
info	renamed_since_gnomAD	renaming	ATP5F1D		ATP5D	ENSG00000099624	ENST00000215375		0.073813	1.457
info	renamed_since_gnomAD	renaming	ATP5F1E		ATP5E	ENSG00000124172	ENST00000243997		0.0088748	1.79
info	renamed_since_gnomAD	renaming	ATP5IF1		ATPIF1	ENSG00000130770	ENST00000335514		0.00010367	1.763
info	renamed_since_gnomAD	renaming	ATP5MC1		ATP5G1	ENSG00000159199	ENST00000393366		0.42691	0.891
info	renamed_since_gnomAD	renaming	ATP5MC2		ATP5G2	ENSG00000135390	ENST00000394349		7.4577e-06	1.659
info	renamed_since_gnomAD	renaming	ATP5MC3		ATP5G3	ENSG00000154518	ENST00000284727		0.25722	0.826
info	renamed_since_gnomAD	renaming	ATP5ME		ATP5I	ENSG00000169020	ENST00000304312		0.085765	1.367
info	renamed_since_gnomAD	renaming	ATP5MF		ATP5J2	ENSG00000241468	ENST00000292475		0.01917	1.503
info	renamed_since_gnomAD	renaming	ATP5MG		ATP5L	ENSG00000167283	ENST00000300688		0.0044259	1.55
info	renamed_since_gnomAD	renaming	ATP5MGL		ATP5L2	ENSG00000249222	ENST00000505920		0.00026278	1.962
info	renamed_since_gnomAD	renaming	ATP5MJ		C14ORF2	ENSG00000156411	ENST00000414262		0.8054	0.553
info	renamed_since_gnomAD	renaming	ATP5MK		USMG5	ENSG00000173915	ENST00000369825		0.048038	1.688
info	renamed_since_gnomAD	renaming	ATP5PB		ATP5F1	ENSG00000116459	ENST00000369722		0.0015286	0.867
info	renamed_since_gnomAD	renaming	ATP5PD		ATP5H	ENSG00000167863	ENST00000301587		0.00045999	1.387
info	renamed_since_gnomAD	renaming	ATP5PF		ATP5J	ENSG00000154723	ENST00000457143		0.006131	1.425
info	renamed_since_gnomAD	renaming	ATP5PO		ATP5O	ENSG00000241837	ENST00000290299		0.058145	0.777
info	renamed_since_gnomAD	renaming	ATPSCKMT		FAM173B	ENSG00000150756	ENST00000511437		1.7847e-09	1.662
info	renamed_since_gnomAD	renaming	AZIN2		ADC	ENSG00000142920	ENST00000294517		8.8707e-07	0.947
info	renamed_since_gnomAD	renaming	B3GLCT		B3GALTL	ENSG00000187676	ENST00000343307		7.1449e-17	1.289
info	renamed_since_gnomAD	renaming	B4GAT1		B3GNT1	ENSG00000174684	ENST00000311181		0.0069375	0.801
info	renamed_since_gnomAD	renaming	BABAM2		BRE	ENSG00000158019	ENST00000344773		0.16651	0.468
info	renamed_since_gnomAD	renaming	BACC1		C17ORF49	ENSG00000258315	ENST00000546495		0.069318	0.97
info	renamed_since_gnomAD	renaming	BBLN		C9ORF16	ENSG00000171159	ENST00000372994		0.018442	1.916
info	renamed_since_gnomAD	renaming	BBOF1		CCDC176	ENSG00000119636	ENST00000394009		1.0672e-16	1.269
info	renamed_since_gnomAD	renaming	BCLAF3		CXORF23	ENSG00000173681	ENST00000379687		0.62532	0.421
info	renamed_since_gnomAD	renaming	BCO1		BCMO1	ENSG00000135697	ENST00000258168		5.5008e-12	1.18
info	renamed_since_gnomAD	renaming	BEX3		NGFRAP1	ENSG00000166681	ENST00000372645		0.62141	0.956
info	renamed_since_gnomAD	renaming	BICDL1		CCDC64	ENSG00000135127	ENST00000397558		0.94786	0.335
info	renamed_since_gnomAD	renaming	BICDL2		CCDC64B	ENSG00000162069	ENST00000572449		3.8038e-12	1.119
info	renamed_since_gnomAD	renaming	BICRA		GLTSCR1	ENSG00000063169	ENST00000396720		0.98349	0.304
info	renamed_since_gnomAD	renaming	BICRAL		GLTSCR1L	ENSG00000112624	ENST00000314073		1.0	0.071
info	renamed_since_gnomAD	renaming	BKGD		C11ORF54	ENSG00000182919	ENST00000528288		2.8718e-08	1.518
info	renamed_since_gnomAD	renaming	BLTP1		KIAA1109	ENSG00000138688	ENST00000264501		3.2558999999999996e-21	0.41
info	renamed_since_gnomAD	renaming	BLTP2		KIAA0100	ENSG00000007202	ENST00000528896		5.4421e-09	0.421
info	renamed_since_gnomAD	renaming	BLTP3A		UHRF1BP1	ENSG00000065060	ENST00000192788		4.4659e-13	0.645
info	renamed_since_gnomAD	renaming	BLTP3B		UHRF1BP1L	ENSG00000111647	ENST00000279907		0.0042502	0.412
info	renamed_since_gnomAD	renaming	BMAL1		ARNTL	ENSG00000133794	ENST00000389707		0.99444	0.277
info	renamed_since_gnomAD	renaming	BMAL2		ARNTL2	ENSG00000029153	ENST00000266503		6.0435e-10	0.878
info	renamed_since_gnomAD	renaming	BMERB1		C16ORF45	ENSG00000166780	ENST00000300006		0.13691	0.782
info	renamed_since_gnomAD	renaming	BNIP5		C6ORF222	ENSG00000189325	ENST00000437635		1.2538e-20	1.318
info	renamed_since_gnomAD	renaming	BORCS5		LOH12CR1	ENSG00000165714	ENST00000314565		0.0012418	1.126
info	renamed_since_gnomAD	renaming	BORCS6		C17ORF59	ENSG00000196544	ENST00000389017		0.20068	0.924
info	renamed_since_gnomAD	renaming	BORCS7		C10ORF32	ENSG00000166275	ENST00000339834		2.2921e-07	1.887
info	renamed_since_gnomAD	renaming	BORCS8		MEF2BNB	ENSG00000254901	ENST00000462790		0.00025761	1.549
info	renamed_since_gnomAD	renaming	BPNT2		IMPAD1	ENSG00000104331	ENST00000262644		0.015288	0.839
info	renamed_since_gnomAD	renaming	BRD10		KIAA2026	ENSG00000183354	ENST00000399933		0.65923	0.336
info	renamed_since_gnomAD	renaming	BRME1		C19ORF57	ENSG00000132016	ENST00000346736		0.00013778	0.775
info	renamed_since_gnomAD	renaming	BUD23		WBSCR22	ENSG00000071462	ENST00000423497		7.6593e-05	0.736
info	renamed_since_gnomAD	renaming	C1QTNF12		FAM132A	ENSG00000184163	ENST00000330388		6.2063e-08	1.64
info	renamed_since_gnomAD	renaming	CABCOCO1		C10ORF107	ENSG00000183346	ENST00000330194		0.00036502	1.124
info	renamed_since_gnomAD	renaming	CALHM4		FAM26D	ENSG00000164451	ENST00000405399		0.00071349	1.674
info	renamed_since_gnomAD	renaming	CALHM5		FAM26E	ENSG00000178033	ENST00000368599		0.0010205	1.174
info	renamed_since_gnomAD	renaming	CALHM6		FAM26F	ENSG00000188820	ENST00000368605		0.009461	1.773
info	renamed_since_gnomAD	renaming	CARD19		C9ORF89	ENSG00000165233	ENST00000375464		5.9279e-06	1.41
info	renamed_since_gnomAD	renaming	CARMIL1		LRRC16A	ENSG00000079691	ENST00000329474		0.033641	0.365
info	renamed_since_gnomAD	renaming	CARMIL2		RLTPR	ENSG00000159753	ENST00000334583		2.9337e-11	0.552
info	renamed_since_gnomAD	renaming	CARMIL3		LRRC16B	ENSG00000186648	ENST00000342740		1.2106e-07	0.466
info	renamed_since_gnomAD	renaming	CARNMT1		C9ORF41	ENSG00000156017	ENST00000376834		0.0024568	0.695
info	renamed_since_gnomAD	renaming	CARS1		CARS	ENSG00000110619	ENST00000380525		0.00040314	0.494
info	renamed_since_gnomAD	renaming	CASTOR1		GATSL3	ENSG00000239282	ENST00000407689		0.027533	0.746
info	renamed_since_gnomAD	renaming	CASTOR2		GATSL2	ENSG00000198750	ENST00000426327		0.42837	1.625
info	renamed_since_gnomAD	renaming	CATIP		C2ORF62	ENSG00000158428	ENST00000289388		2.0831e-09	1.163
info	renamed_since_gnomAD	renaming	CATSPERE		C1ORF101	ENSG00000179397	ENST00000366534		4.9865e-12	0.774
info	renamed_since_gnomAD	renaming	CATSPERH		TMEM262	ENSG00000187066	ENST00000530719		0.0002911	1.853
info	renamed_since_gnomAD	renaming	CATSPERQ		TMEM249	ENSG00000214597	ENST00000398633		0.10458	0.85
info	renamed_since_gnomAD	renaming	CATSPERT		ALS2CR11	ENSG00000155754	ENST00000439140		2.9765e-16	0.735
info	renamed_since_gnomAD	renaming	CATSPERZ		TEX40	ENSG00000219435	ENST00000328404		0.020057	1.018
info	renamed_since_gnomAD	renaming	CAVIN1		PTRF	ENSG00000177469	ENST00000357037		0.0049657	1.082
info	renamed_since_gnomAD	renaming	CAVIN2		SDPR	ENSG00000168497	ENST00000304141		7.2412e-09	1.702
info	renamed_since_gnomAD	renaming	CAVIN3		PRKCDBP	ENSG00000170955	ENST00000303927		7.9971e-05	1.807
info	renamed_since_gnomAD	renaming	CAVIN4		MURC	ENSG00000170681	ENST00000307584		5.0529e-05	1.267
info	renamed_since_gnomAD	renaming	CBARP		C19ORF26	ENSG00000099625	ENST00000590083		0.34663	0.592
info	renamed_since_gnomAD	renaming	CBLIF		GIF	ENSG00000134812	ENST00000257248		0.00024911	0.823
info	renamed_since_gnomAD	renaming	CBLL2		ZNF645	ENSG00000175809	ENST00000323684			
info	renamed_since_gnomAD	renaming	CBY2		SPERT	ENSG00000174015	ENST00000310521		3.6118e-05	1.093
info	renamed_since_gnomAD	renaming	CCDC163		CCDC163P	ENSG00000236624	ENST00000488405		0.42082	0.902
info	renamed_since_gnomAD	renaming	CCDC184		C12ORF68	ENSG00000177875	ENST00000316554		0.0017497	1.818
info	renamed_since_gnomAD	renaming	CCDC185		C1ORF65	ENSG00000178395	ENST00000366875		9.042e-08	1.059
info	renamed_since_gnomAD	renaming	CCDC186		C10ORF118	ENSG00000165813	ENST00000369287		0.0013961	0.461
info	renamed_since_gnomAD	renaming	CCDC190		C1ORF110	ENSG00000185860	ENST00000367910		0.0041139	1.577
info	renamed_since_gnomAD	renaming	CCDC191		KIAA1407	ENSG00000163617	ENST00000295878		4.1656e-32	1.23
info	renamed_since_gnomAD	renaming	CCDC198		C14ORF105	ENSG00000100557	ENST00000216445		0.00051722	0.866
info	renamed_since_gnomAD	renaming	CCDC32		C15ORF57	ENSG00000128891	ENST00000558750		0.3877	0.685
info	renamed_since_gnomAD	renaming	CCDC9B		C15ORF52	ENSG00000188549	ENST00000559313		1.405e-13	1.142
info	renamed_since_gnomAD	renaming	CCN1		CYR61	ENSG00000142871	ENST00000451137		0.71388	0.45
info	renamed_since_gnomAD	renaming	CCN2		CTGF	ENSG00000118523	ENST00000367976		0.00050202	1.059
info	renamed_since_gnomAD	renaming	CCN3		NOV	ENSG00000136999	ENST00000259526		0.0066442	0.808
info	renamed_since_gnomAD	renaming	CCN4		WISP1	ENSG00000104415	ENST00000250160		6.3885e-07	1.126
info	renamed_since_gnomAD	renaming	CCN5		WISP2	ENSG00000064205	ENST00000372868		1.9682e-05	1.462
info	renamed_since_gnomAD	renaming	CCN6		WISP3	ENSG00000112761	ENST00000361714		0.00061942	0.843
info	renamed_since_gnomAD	renaming	CCNP		CNTD2	ENSG00000105219	ENST00000430325		0.00048667	1.371
info	renamed_since_gnomAD	renaming	CCNQ		FAM58A	ENSG00000147382	ENST00000406277		0.90384	0.396
info	renamed_since_gnomAD	renaming	CDC50A		TMEM30A	ENSG00000112697	ENST00000230461		0.0031923	0.77
info	renamed_since_gnomAD	renaming	CDC50B		TMEM30B	ENSG00000182107	ENST00000555868		2.7589e-05	1.391
info	renamed_since_gnomAD	renaming	CDIN1		C15ORF41	ENSG00000186073	ENST00000566621		3.2889e-07	1.055
info	renamed_since_gnomAD	renaming	CEBPZOS		CEBPZ-AS1	ENSG00000218739	ENST00000402297		0.01051	1.742
info	renamed_since_gnomAD	renaming	CEMIP		KIAA1199	ENSG00000103888	ENST00000394685		4.4023e-17	0.728
info	renamed_since_gnomAD	renaming	CEMIP2		TMEM2	ENSG00000135048	ENST00000377044		4.6831e-13	0.644
info	renamed_since_gnomAD	renaming	CENATAC		CCDC84	ENSG00000186166	ENST00000334418		5.4698e-14	1.272
info	renamed_since_gnomAD	renaming	CENPS		APITD1	ENSG00000175279	ENST00000602787		5.75e-06	1.706
info	renamed_since_gnomAD	renaming	CENPX		STRA13	ENSG00000169689	ENST00000392359		0.11069	1.217
info	renamed_since_gnomAD	renaming	CEP126		KIAA1377	ENSG00000110318	ENST00000263468		5.2173e-18	0.962
info	renamed_since_gnomAD	renaming	CEP131		AZI1	ENSG00000141577	ENST00000450824		7.3631e-16	0.776
info	renamed_since_gnomAD	renaming	CEP15		C3ORF14	ENSG00000114405	ENST00000494481		1.5981e-05	1.804
info	renamed_since_gnomAD	renaming	CEP162		KIAA1009	ENSG00000135315	ENST00000403245		1.5308000000000001e-27	0.977
info	renamed_since_gnomAD	renaming	CEP20		FOPNL	ENSG00000133393	ENST00000255759		1.8256e-06	1.624
info	renamed_since_gnomAD	renaming	CEP295		KIAA1731	ENSG00000166004	ENST00000325212		2.3569e-13	0.489
info	renamed_since_gnomAD	renaming	CEP43		FGFR1OP	ENSG00000213066	ENST00000366847		0.00062816	0.729
info	renamed_since_gnomAD	renaming	CEP83		CCDC41	ENSG00000173588	ENST00000397809		4.2942e-14	0.894
info	renamed_since_gnomAD	renaming	CERT1		COL4A3BP	ENSG00000113163	ENST00000380494		0.66702	0.364
info	renamed_since_gnomAD	renaming	CFAP100		CCDC37	ENSG00000163885	ENST00000352312		4.6757e-18	1.142
info	renamed_since_gnomAD	renaming	CFAP107		C1ORF158	ENSG00000157330	ENST00000288048		0.00025309	1.553
info	renamed_since_gnomAD	renaming	CFAP119		C16ORF93	ENSG00000196118	ENST00000543610		2.7592e-08	1.178
info	renamed_since_gnomAD	renaming	CFAP126		C1ORF192	ENSG00000188931	ENST00000367974		6.1884e-06	1.693
info	renamed_since_gnomAD	renaming	CFAP141		C1ORF189	ENSG00000163263	ENST00000368525		2.5894e-08	1.91
info	renamed_since_gnomAD	renaming	CFAP144		FAM183A	ENSG00000186973	ENST00000335282		0.041627	1.154
info	renamed_since_gnomAD	renaming	CFAP157		C9ORF117	ENSG00000160401	ENST00000373295		8.2434e-12	1.156
info	renamed_since_gnomAD	renaming	CFAP161		C15ORF26	ENSG00000156206	ENST00000286732		0.016334	0.828
info	renamed_since_gnomAD	renaming	CFAP184		CCDC96	ENSG00000173013	ENST00000310085		1.9555e-17	1.73
info	renamed_since_gnomAD	renaming	CFAP20		C16ORF80	ENSG00000070761	ENST00000262498		0.00211	1.008
info	renamed_since_gnomAD	renaming	CFAP206		C6ORF165	ENSG00000272514	ENST00000369562		8.0894e-15	1.139
info	renamed_since_gnomAD	renaming	CFAP20DC		C3ORF67	ENSG00000163689	ENST00000295966		9.4026e-11	0.925
info	renamed_since_gnomAD	renaming	CFAP210		CCDC173	ENSG00000154479	ENST00000447353		3.4215e-15	1.178
info	renamed_since_gnomAD	renaming	CFAP251		WDR66	ENSG00000158023	ENST00000288912		2.9422e-13	0.718
info	renamed_since_gnomAD	renaming	CFAP263		CCDC113	ENSG00000103021	ENST00000219299		9.3239e-16	1.427
info	renamed_since_gnomAD	renaming	CFAP276		C1ORF194	ENSG00000179902	ENST00000369949		3.9833e-06	1.765
info	renamed_since_gnomAD	renaming	CFAP298		C21ORF59	ENSG00000159079	ENST00000290155		1.1187e-06	1.058
info	renamed_since_gnomAD	renaming	CFAP299		C4ORF22	ENSG00000197826	ENST00000508675		2.0896e-09	1.642
info	renamed_since_gnomAD	renaming	CFAP300		C11ORF70	ENSG00000137691	ENST00000434758		2.0691e-06	1.141
info	renamed_since_gnomAD	renaming	CFAP36		CCDC104	ENSG00000163001	ENST00000349456		2.1256e-05	0.853
info	renamed_since_gnomAD	renaming	CFAP410		C21ORF2	ENSG00000160226	ENST00000397956		3.291e-07	1.396
info	renamed_since_gnomAD	renaming	CFAP418		C8ORF37	ENSG00000156172	ENST00000286688		2.3711e-05	1.423
info	renamed_since_gnomAD	renaming	CFAP43		WDR96	ENSG00000197748	ENST00000357060		1.3459e-22	0.702
info	renamed_since_gnomAD	renaming	CFAP44		WDR52	ENSG00000206530	ENST00000393845		6.1049e-15	0.561
info	renamed_since_gnomAD	renaming	CFAP45		CCDC19	ENSG00000213085	ENST00000368099		5.5417e-14	0.998
info	renamed_since_gnomAD	renaming	CFAP46		TTC40	ENSG00000171811	ENST00000368586		1.0615e-33	0.688
info	renamed_since_gnomAD	renaming	CFAP47		CXORF22	ENSG00000165164	ENST00000297866		0.98906	0.289
info	renamed_since_gnomAD	renaming	CFAP52		WDR16	ENSG00000166596	ENST00000352665		8.1211e-18	1.242
info	renamed_since_gnomAD	renaming	CFAP53		CCDC11	ENSG00000172361	ENST00000398545		9.697300000000001e-19	1.344
info	renamed_since_gnomAD	renaming	CFAP54		C12ORF55	ENSG00000188596	ENST00000524981		3.7412000000000004e-41	0.747
info	renamed_since_gnomAD	renaming	CFAP57		WDR65	ENSG00000243710	ENST00000528956		1.0541e-12	1.112
info	renamed_since_gnomAD	renaming	CFAP58		CCDC147	ENSG00000120051	ENST00000369704		9.4345e-23	1.003
info	renamed_since_gnomAD	renaming	CFAP61		C20ORF26	ENSG00000089101	ENST00000245957		3.1129e-15	0.728
info	renamed_since_gnomAD	renaming	CFAP65		CCDC108	ENSG00000181378	ENST00000341552		4.7186000000000004e-27	0.783
info	renamed_since_gnomAD	renaming	CFAP68		C11ORF1	ENSG00000137720	ENST00000260276		1.8467e-09	1.847
info	renamed_since_gnomAD	renaming	CFAP69		C7ORF63	ENSG00000105792	ENST00000389297		7.3323e-08	0.602
info	renamed_since_gnomAD	renaming	CFAP70		TTC18	ENSG00000156042	ENST00000310715		5.8673e-08	0.537
info	renamed_since_gnomAD	renaming	CFAP73		CCDC42B	ENSG00000186710	ENST00000335621		0.00033169	0.929
info	renamed_since_gnomAD	renaming	CFAP74		C1ORF222	ENSG00000142609	ENST00000493964		8.7836e-11	0.793
info	renamed_since_gnomAD	renaming	CFAP77		C9ORF171	ENSG00000188523	ENST00000343036		1.693e-07	1.289
info	renamed_since_gnomAD	renaming	CFAP90		C5ORF49	ENSG00000215217	ENST00000399810		0.011792	1.704
info	renamed_since_gnomAD	renaming	CFAP91		MAATS1	ENSG00000183833	ENST00000273390		1.5718e-13	0.887
info	renamed_since_gnomAD	renaming	CFAP92		KIAA1257	ENSG00000114656	ENST00000265068		1.1741e-09	1.341
info	renamed_since_gnomAD	renaming	CFAP95		C9ORF135	ENSG00000204711	ENST00000377197		4.4172e-08	1.46
info	renamed_since_gnomAD	renaming	CFAP96		C4ORF47	ENSG00000205129	ENST00000378850		0.00062148	1.018
info	renamed_since_gnomAD	renaming	CFAP97		KIAA1430	ENSG00000164323	ENST00000458385		0.00010469	0.931
info	renamed_since_gnomAD	renaming	CFAP97D1		C17ORF105	ENSG00000231256	ENST00000449302		0.0030854	1.215
info	renamed_since_gnomAD	renaming	CGAS		MB21D1	ENSG00000164430	ENST00000370315		8.6912e-09	1.293
info	renamed_since_gnomAD	renaming	CGB3		CGB	ENSG00000104827	ENST00000357383		0.098257	1.879
info	renamed_since_gnomAD	renaming	CHCT1		C17ORF64	ENSG00000141371	ENST00000269127		1.558e-12	1.838
info	renamed_since_gnomAD	renaming	CHLSN		C7ORF50	ENSG00000146540	ENST00000397098		3.4242e-06	1.787
info	renamed_since_gnomAD	renaming	CIAO2A		FAM96A	ENSG00000166797	ENST00000300030		1.9655e-05	1.463
info	renamed_since_gnomAD	renaming	CIAO2B		FAM96B	ENSG00000166595	ENST00000422424		0.003824	1.603
info	renamed_since_gnomAD	renaming	CIAO3		NARFL	ENSG00000103245	ENST00000251588		1.8864e-09	1.064
info	renamed_since_gnomAD	renaming	CIART		C1ORF51	ENSG00000159208	ENST00000290363		0.79141	0.452
info	renamed_since_gnomAD	renaming	CIBAR1		FAM92A1	ENSG00000188343	ENST00000518322		5.788e-08	1.105
info	renamed_since_gnomAD	renaming	CIBAR2		FAM92B	ENSG00000153789	ENST00000539556		4.7704e-10	1.43
info	renamed_since_gnomAD	renaming	CILK1		ICK	ENSG00000112144	ENST00000356971		1.3376e-05	0.613
info	renamed_since_gnomAD	renaming	CIMAP1A		ODF3	ENSG00000177947	ENST00000325113		0.14655	0.766
info	renamed_since_gnomAD	renaming	CIMAP1B		ODF3B	ENSG00000177989	ENST00000329363		0.0045516	1.105
info	renamed_since_gnomAD	renaming	CIMAP1C		ODF3L1	ENSG00000182950	ENST00000332145		1.5657e-10	1.743
info	renamed_since_gnomAD	renaming	CIMAP1D		ODF3L2	ENSG00000181781	ENST00000315489		0.025553	1.369
info	renamed_since_gnomAD	renaming	CIMAP2		C1ORF177	ENSG00000162398	ENST00000371273		2.1352e-13	1.284
info	renamed_since_gnomAD	renaming	CIMAP3		PIFO	ENSG00000173947	ENST00000369738		8.9379e-08	1.587
info	renamed_since_gnomAD	renaming	CIMIP1		C20ORF85	ENSG00000124237	ENST00000371168		1.8292e-05	1.784
info	renamed_since_gnomAD	renaming	CIMIP2A		FAM166A	ENSG00000188163	ENST00000344774		1.8249e-12	1.657
info	renamed_since_gnomAD	renaming	CIMIP2B		FAM166B	ENSG00000215187	ENST00000399742		8.299e-10	1.753
info	renamed_since_gnomAD	renaming	CIMIP2C		C2ORF70	ENSG00000173557	ENST00000329615		5.0939e-05	1.582
info	renamed_since_gnomAD	renaming	CIMIP4		TEX33	ENSG00000185264	ENST00000405091		1.2009e-07	1.544
info	renamed_since_gnomAD	renaming	CIMIP5		C2ORF50	ENSG00000150873	ENST00000381585		0.00011749	1.739
info	renamed_since_gnomAD	renaming	CIMIP6		C2ORF73	ENSG00000177994	ENST00000398634		3.6668e-07	1.621
info	renamed_since_gnomAD	renaming	CIMIP7		C3ORF84	ENSG00000236980	ENST00000545770		5.731e-06	1.416
info	renamed_since_gnomAD	renaming	CIP2A		KIAA1524	ENSG00000163507	ENST00000295746		1.3591e-13	0.837
info	renamed_since_gnomAD	renaming	CIROZ		C1ORF127	ENSG00000175262	ENST00000377004		1.4917e-11	1.041
info	renamed_since_gnomAD	renaming	CIRSR		CIR1	ENSG00000138433	ENST00000342016		5.3057e-08	0.991
info	renamed_since_gnomAD	renaming	CLBA1		C14ORF79	ENSG00000140104	ENST00000547315		5.3599e-12	1.727
info	renamed_since_gnomAD	renaming	CLMB		C16ORF74	ENSG00000154102	ENST00000284245		0.49655	1.387
info	renamed_since_gnomAD	renaming	CLTRN		TMEM27	ENSG00000147003	ENST00000380342		0.00011309	1.746
info	renamed_since_gnomAD	renaming	CLXN		EFCAB1	ENSG00000034239	ENST00000262103		0.00027724	1.183
info	renamed_since_gnomAD	renaming	CMKLR2		GPR1	ENSG00000183671	ENST00000407325		4.0135e-06	1.481
info	renamed_since_gnomAD	renaming	CNMD		LECT1	ENSG00000136110	ENST00000377962		1.0396e-06	1.235
info	renamed_since_gnomAD	renaming	CNOT12		TNKS1BP1	ENSG00000149115	ENST00000532437		0.082629	0.377
info	renamed_since_gnomAD	renaming	CNOT9		RQCD1	ENSG00000144580	ENST00000273064		0.98565	0.275
info	renamed_since_gnomAD	renaming	COA8		APOPT1	ENSG00000256053	ENST00000409074		0.00020615	1.25
info	renamed_since_gnomAD	renaming	COP1		RFWD2	ENSG00000143207	ENST00000367669		0.99994	0.202
info	renamed_since_gnomAD	renaming	COPS9		MYEOV2	ENSG00000172428	ENST00000307266		0.0013405	1.481
info	renamed_since_gnomAD	renaming	COQ8A		ADCK3	ENSG00000163050	ENST00000366779		9.2856e-11	1.007
info	renamed_since_gnomAD	renaming	COQ8B		ADCK4	ENSG00000123815	ENST00000324464		2.8159e-13	1.108
info	renamed_since_gnomAD	renaming	COXFA4		NDUFA4	ENSG00000189043	ENST00000339600		0.023901	1.4
info	renamed_since_gnomAD	renaming	COXFA4L2		NDUFA4L2	ENSG00000185633	ENST00000393825		0.086367	1.363
info	renamed_since_gnomAD	renaming	COXFA4L3		C15ORF48	ENSG00000166920	ENST00000344300		5.5498e-05	1.856
info	renamed_since_gnomAD	renaming	CPAP		CENPJ	ENSG00000151849	ENST00000381884		2.0603000000000002e-27	0.972
info	renamed_since_gnomAD	renaming	CPLANE1		C5ORF42	ENSG00000197603	ENST00000425232		5.8778e-36	0.674
info	renamed_since_gnomAD	renaming	CPLANE2		RSG1	ENSG00000132881	ENST00000375599		8.8551e-06	1.626
info	renamed_since_gnomAD	renaming	CPTP		GLTPD1	ENSG00000224051	ENST00000343938		0.02254	1.427
info	renamed_since_gnomAD	renaming	CRACD		KIAA1211	ENSG00000109265	ENST00000504228		5.3193e-05	0.531
info	renamed_since_gnomAD	renaming	CRACDL		KIAA1211L	ENSG00000196872	ENST00000397899		0.99694	0.244
info	renamed_since_gnomAD	renaming	CRACR2A		EFCAB4B	ENSG00000130038	ENST00000440314		7.4288e-12	0.866
info	renamed_since_gnomAD	renaming	CRACR2B		EFCAB4A	ENSG00000177685	ENST00000450448		3.6358e-11	1.711
info	renamed_since_gnomAD	renaming	CRAMP1		CRAMP1L	ENSG00000007545	ENST00000397412		0.050239	0.417
info	renamed_since_gnomAD	renaming	CRIPTO		TDGF1	ENSG00000241186	ENST00000296145		9.1591e-11	1.919
info	renamed_since_gnomAD	renaming	CRPPA		ISPD	ENSG00000214960	ENST00000407010		0.00025176	0.821
info	renamed_since_gnomAD	renaming	CRYBG1		AIM1	ENSG00000112297	ENST00000369066		3.5143e-33	1.006
info	renamed_since_gnomAD	renaming	CRYBG2		AIM1L	ENSG00000176092	ENST00000527815		9.7435e-12	0.793
info	renamed_since_gnomAD	renaming	CSKMT		METTL12	ENSG00000214756	ENST00000532971		0.0019838	1.353
info	renamed_since_gnomAD	renaming	CSTPP1		C11ORF49	ENSG00000149179	ENST00000378615		2.2431e-11	1.285
info	renamed_since_gnomAD	renaming	CXCL8		IL8	ENSG00000169429	ENST00000307407		0.00027377	1.861
info	renamed_since_gnomAD	renaming	CYBC1		C17ORF62	ENSG00000178927	ENST00000437807		0.0006032	1.312
info	renamed_since_gnomAD	renaming	CYREN		C7ORF49	ENSG00000122783	ENST00000393114		0.25971	1.305
info	renamed_since_gnomAD	renaming	CYRIA		FAM49A	ENSG00000197872	ENST00000381323		0.20603	0.526
info	renamed_since_gnomAD	renaming	CYRIB		FAM49B	ENSG00000153310	ENST00000519824		0.97612	0.31
info	renamed_since_gnomAD	renaming	CYSRT1		C9ORF169	ENSG00000197191	ENST00000359069		0.0086287	1.797
info	renamed_since_gnomAD	renaming	CZIB		C1ORF123	ENSG00000162384	ENST00000294360		1.2226e-06	1.426
info	renamed_since_gnomAD	renaming	DARS1		DARS	ENSG00000115866	ENST00000264161		8.536e-06	0.682
info	renamed_since_gnomAD	renaming	DCAF1		VPRBP	ENSG00000145041	ENST00000423656		1.0	0.109
info	renamed_since_gnomAD	renaming	DCANP1		C5ORF20	ENSG00000251380	ENST00000503143			
info	renamed_since_gnomAD	renaming	DCPH1		C6ORF211	ENSG00000146476	ENST00000367294		5.119e-07	1.006
info	renamed_since_gnomAD	renaming	DDIAS		C11ORF82	ENSG00000165490	ENST00000533655		2.338e-09	0.864
info	renamed_since_gnomAD	renaming	DEFB131A		DEFB131	ENSG00000186146	ENST00000334879		0.01345	1.94
info	renamed_since_gnomAD	renaming	DELE1		KIAA0141	ENSG00000081791	ENST00000432126		1.2229e-17	1.298
info	renamed_since_gnomAD	renaming	DENND10		FAM45A	ENSG00000119979	ENST00000361432		5.4591e-08	1.11
info	renamed_since_gnomAD	renaming	DENND11		KIAA1147	ENSG00000257093	ENST00000536163		0.00028067	0.809
info	renamed_since_gnomAD	renaming	DENND2B		ST5	ENSG00000166444	ENST00000534127		0.99996	0.214
info	renamed_since_gnomAD	renaming	DEPP1		C10ORF10	ENSG00000165507	ENST00000298295		0.33608	1.834
info	renamed_since_gnomAD	renaming	DEUP1		CCDC67	ENSG00000165325	ENST00000298050		8.1904e-13	0.99
info	renamed_since_gnomAD	renaming	DGLUCY		C14ORF159	ENSG00000133943	ENST00000518868		1.6561e-22	1.548
info	renamed_since_gnomAD	renaming	DHFR2		DHFRL1	ENSG00000178700	ENST00000394221		0.22496	1.435
info	renamed_since_gnomAD	renaming	DIPK1A		FAM69A	ENSG00000154511	ENST00000370310		0.58405	0.494
info	renamed_since_gnomAD	renaming	DIPK1B		FAM69B	ENSG00000165716	ENST00000371692		0.012466	0.725
info	renamed_since_gnomAD	renaming	DIPK1C		FAM69C	ENSG00000187773	ENST00000343998		4.8312e-07	1.819
info	renamed_since_gnomAD	renaming	DIPK2A		C3ORF58	ENSG00000181744	ENST00000315691		0.00051408	0.867
info	renamed_since_gnomAD	renaming	DIPK2B		CXORF36	ENSG00000147113	ENST00000398000		3.2801e-05	1.355
info	renamed_since_gnomAD	renaming	DISP3		PTCHD2	ENSG00000204624	ENST00000294484		3.626e-08	0.548
info	renamed_since_gnomAD	renaming	DMAC1		TMEM261	ENSG00000137038	ENST00000358227		0.0054207	1.883
info	renamed_since_gnomAD	renaming	DMAC2		ATP5SL	ENSG00000105341	ENST00000417807		1.9807e-08	1.367
info	renamed_since_gnomAD	renaming	DMAC2L		ATP5S	ENSG00000125375	ENST00000311459		6.451e-06	1.394
info	renamed_since_gnomAD	renaming	DNAAF10		WDR92	ENSG00000243667	ENST00000295121		0.008485	0.668
info	renamed_since_gnomAD	renaming	DNAAF11		LRRC6	ENSG00000129295	ENST00000250173		1.0409e-10	1.084
info	renamed_since_gnomAD	renaming	DNAAF19		CCDC103	ENSG00000167131	ENST00000417826		0.00050909	1.359
info	renamed_since_gnomAD	renaming	DNAAF4		DYX1C1	ENSG00000256061	ENST00000321149		9.7181e-10	1.115
info	renamed_since_gnomAD	renaming	DNAAF5		HEATR2	ENSG00000164818	ENST00000297440		8.1011e-11	0.935
info	renamed_since_gnomAD	renaming	DNAAF6		PIH1D3	ENSG00000080572	ENST00000535523		0.85529	0.472
info	renamed_since_gnomAD	renaming	DNAAF8		C16ORF71	ENSG00000166246	ENST00000299320		4.9108e-20	1.517
info	renamed_since_gnomAD	renaming	DNAAF9		C20ORF194	ENSG00000088854	ENST00000252032		1.1351e-12	0.6
info	renamed_since_gnomAD	renaming	DNAI3		WDR63	ENSG00000162643	ENST00000294664		2.9016e-13	0.757
info	renamed_since_gnomAD	renaming	DNAI4		WDR78	ENSG00000152763	ENST00000371026		4.2723e-17	0.933
info	renamed_since_gnomAD	renaming	DNAI7		CASC1	ENSG00000118307	ENST00000395987		3.8887e-14	0.957
info	renamed_since_gnomAD	renaming	DOP1A		DOPEY1	ENSG00000083097	ENST00000349129		0.99993	0.252
info	renamed_since_gnomAD	renaming	DOP1B		DOPEY2	ENSG00000142197	ENST00000399151		7.546499999999999e-21	0.628
info	renamed_since_gnomAD	renaming	DORIP1		C14ORF28	ENSG00000179476	ENST00000325192		2.2179e-10	1.51
info	renamed_since_gnomAD	renaming	DRC12		CCDC153	ENSG00000248712	ENST00000503566		1.6504e-05	1.226
info	renamed_since_gnomAD	renaming	DRC2		CCDC65	ENSG00000139537	ENST00000320516		5.7685e-11	1.122
info	renamed_since_gnomAD	renaming	DRC3		LRRC48	ENSG00000171962	ENST00000313838		2.5027e-09	1.042
info	renamed_since_gnomAD	renaming	DRC4		GAS8	ENSG00000141013	ENST00000268699		1.0876e-12	1.188
info	renamed_since_gnomAD	renaming	DRC5		TCTE1	ENSG00000146221	ENST00000371505		7.7278e-11	1.449
info	renamed_since_gnomAD	renaming	DRC7		CCDC135	ENSG00000159625	ENST00000360716		2.7576e-15	0.859
info	renamed_since_gnomAD	renaming	DRC8		EFCAB2	ENSG00000203666	ENST00000366523		5.9198e-07	1.544
info	renamed_since_gnomAD	renaming	DRC9		IQCG	ENSG00000114473	ENST00000265239		3.0219999999999998e-21	1.713
info	renamed_since_gnomAD	renaming	DRICH1		C22ORF43	ENSG00000189269	ENST00000317749		2.9283000000000003e-19	1.775
info	renamed_since_gnomAD	renaming	DUSP13B		DUSP13	ENSG00000079393	ENST00000372700		1.132e-05	1.292
info	renamed_since_gnomAD	renaming	DUSP29		DUPD1	ENSG00000188716	ENST00000338487		2.4781e-07	1.881
info	renamed_since_gnomAD	renaming	DYNC2I1		WDR60	ENSG00000126870	ENST00000407559		4.3207e-12	0.665
info	renamed_since_gnomAD	renaming	DYNC2I2		WDR34	ENSG00000119333	ENST00000372715		1.7342e-07	0.993
info	renamed_since_gnomAD	renaming	DYNLT2		TCTE3	ENSG00000184786	ENST00000366774		2.278e-09	1.829
info	renamed_since_gnomAD	renaming	DYNLT2B		TCTEX1D2	ENSG00000213123	ENST00000325318		0.00032126	1.488
info	renamed_since_gnomAD	renaming	DYNLT4		TCTEX1D4	ENSG00000188396	ENST00000372200		0.011783	1.705
info	renamed_since_gnomAD	renaming	DYNLT5		TCTEX1D1	ENSG00000152760	ENST00000282670		5.4692e-05	1.566
info	renamed_since_gnomAD	renaming	ECPAS		KIAA0368	ENSG00000136813	ENST00000259335		1.0	0.198
info	renamed_since_gnomAD	renaming	ECRG4		C2ORF40	ENSG00000119147	ENST00000238044		0.00040522	1.423
info	renamed_since_gnomAD	renaming	EEF1AKMT1		N6AMT2	ENSG00000150456	ENST00000382758		2.4358e-06	1.573
info	renamed_since_gnomAD	renaming	EEF1AKMT2		METTL10	ENSG00000203791	ENST00000368836		2.254e-07	1.253
info	renamed_since_gnomAD	renaming	EEF1AKMT3		METTL21B	ENSG00000123427	ENST00000300209		0.00031059	1.497
info	renamed_since_gnomAD	renaming	EEF2KMT		FAM86A	ENSG00000118894	ENST00000427587		2.1924e-15	1.785
info	renamed_since_gnomAD	renaming	EEIG1		FAM102A	ENSG00000167106	ENST00000373095		0.10983	0.584
info	renamed_since_gnomAD	renaming	EEIG2		FAM102B	ENSG00000162636	ENST00000370035		0.00039858	0.773
info	renamed_since_gnomAD	renaming	EFL1		EFTUD1	ENSG00000140598	ENST00000268206		5.1247e-08	0.561
info	renamed_since_gnomAD	renaming	EIPR1		TSSC1	ENSG00000032389	ENST00000382125		0.063628	0.569
info	renamed_since_gnomAD	renaming	ELAPOR1		KIAA1324	ENSG00000116299	ENST00000369939		7.0266e-13	0.724
info	renamed_since_gnomAD	renaming	ELAPOR2		KIAA1324L	ENSG00000164659	ENST00000450689		2.036e-05	0.535
info	renamed_since_gnomAD	renaming	ELOA		TCEB3	ENSG00000011007	ENST00000418390		1.0	0.119
info	renamed_since_gnomAD	renaming	ELOA2		TCEB3B	ENSG00000206181	ENST00000332567			
info	renamed_since_gnomAD	renaming	ELOB		TCEB2	ENSG00000103363	ENST00000262306		0.091842	1.326
info	renamed_since_gnomAD	renaming	ELOC		TCEB1	ENSG00000154582	ENST00000518127		0.74421	0.663
info	renamed_since_gnomAD	renaming	ELP1		IKBKAP	ENSG00000070061	ENST00000374647		2.1199e-21	0.735
info	renamed_since_gnomAD	renaming	EMSY		C11ORF30	ENSG00000158636	ENST00000529032		1.0	0.153
info	renamed_since_gnomAD	renaming	ENTR1		SDCCAG3	ENSG00000165689	ENST00000357365		3.6526e-13	1.354
info	renamed_since_gnomAD	renaming	ENTREP1		FAM189A2	ENSG00000135063	ENST00000257515		1.0131e-09	1.112
info	renamed_since_gnomAD	renaming	ENTREP2		FAM189A1	ENSG00000104059	ENST00000261275		0.039333	0.698
info	renamed_since_gnomAD	renaming	ENTREP3		FAM189B	ENSG00000160767	ENST00000361361		8.0554e-06	0.751
info	renamed_since_gnomAD	renaming	EOLA1		CXORF40A	ENSG00000197620	ENST00000441248		0.59015	1.053
info	renamed_since_gnomAD	renaming	EOLA2		CXORF40B	ENSG00000197021	ENST00000370406		0.02439	1.882
info	renamed_since_gnomAD	renaming	EPCIP		C21ORF62	ENSG00000205929	ENST00000536776		0.0026248	1.723
info	renamed_since_gnomAD	renaming	EPOP		C17ORF96	ENSG00000179294	ENST00000325814		0.27965	1.238
info	renamed_since_gnomAD	renaming	EPRS1		EPRS	ENSG00000136628	ENST00000366923		1.0353e-09	0.505
info	renamed_since_gnomAD	renaming	ERBIN		ERBB2IP	ENSG00000112851	ENST00000506030		0.99402	0.285
info	renamed_since_gnomAD	renaming	ERFE		FAM132B	ENSG00000178752	ENST00000546354		0.0025225	1.277
info	renamed_since_gnomAD	renaming	ERG28		C14ORF1	ENSG00000133935	ENST00000256319		0.23926	0.853
info	renamed_since_gnomAD	renaming	ERICH3		C1ORF173	ENSG00000178965	ENST00000326665		1.0824e-42	1.357
info	renamed_since_gnomAD	renaming	ERICH4		C19ORF69	ENSG00000204978	ENST00000378187		0.039196	1.768
info	renamed_since_gnomAD	renaming	ERICH5		C8ORF47	ENSG00000177459	ENST00000318528		1.8356e-05	1.207
info	renamed_since_gnomAD	renaming	ERICH6		FAM194A	ENSG00000163645	ENST00000295910		1.8230000000000002e-29	1.562
info	renamed_since_gnomAD	renaming	ERICH6B		FAM194B	ENSG00000165837	ENST00000298738		1.0046e-14	1.07
info	renamed_since_gnomAD	renaming	ERLN		SMIM6	ENSG00000259120	ENST00000579469			
info	renamed_since_gnomAD	renaming	ERO1A		ERO1L	ENSG00000197930	ENST00000395686		0.80854	0.372
info	renamed_since_gnomAD	renaming	ERO1B		ERO1LB	ENSG00000086619	ENST00000354619		2.7587e-09	0.853
info	renamed_since_gnomAD	renaming	ESS2		DGCR14	ENSG00000100056	ENST00000252137		2.4382e-07	0.959
info	renamed_since_gnomAD	renaming	ETFBKMT		METTL20	ENSG00000139160	ENST00000357721		4.2985e-09	1.764
info	renamed_since_gnomAD	renaming	ETFRF1		LYRM5	ENSG00000205707	ENST00000381356		1.0805e-06	1.964
info	renamed_since_gnomAD	renaming	EZHIP		CXORF67	ENSG00000187690	ENST00000342995			
info	renamed_since_gnomAD	renaming	FAAP100		C17ORF70	ENSG00000185504	ENST00000327787		2.6956e-05	0.738
info	renamed_since_gnomAD	renaming	FAAP20		C1ORF86	ENSG00000162585	ENST00000378546		0.52558	0.751
info	renamed_since_gnomAD	renaming	FAAP24		C19ORF40	ENSG00000131944	ENST00000588258		9.2129e-08	1.811
info	renamed_since_gnomAD	renaming	FAM174C		C19ORF24	ENSG00000228300	ENST00000409293		2.8876e-07	1.954
info	renamed_since_gnomAD	renaming	FAM234A		ITFG3	ENSG00000167930	ENST00000399932		1.459e-12	1.261
info	renamed_since_gnomAD	renaming	FAM234B		KIAA1467	ENSG00000084444	ENST00000197268		0.025269	0.499
info	renamed_since_gnomAD	renaming	FAM241A		C4ORF32	ENSG00000174749	ENST00000309733		0.65948	0.852
info	renamed_since_gnomAD	renaming	FAM241B		C10ORF35	ENSG00000171224	ENST00000373279		0.016385	1.574
info	renamed_since_gnomAD	renaming	FBH1		FBXO18	ENSG00000134452	ENST00000379999		8.2171e-05	0.479
info	renamed_since_gnomAD	renaming	FBXW10B		CDRT1	ENSG00000241322	ENST00000395906		4.9801e-14	1.003
info	renamed_since_gnomAD	renaming	FCMR		FAIM3	ENSG00000162894	ENST00000367091		1.6032e-05	1.03
info	renamed_since_gnomAD	renaming	FCSK		FUK	ENSG00000157353	ENST00000288078		1.0421e-29	1.132
info	renamed_since_gnomAD	renaming	FDX2		FDX1L	ENSG00000267673	ENST00000393708		0.001652	1.413
info	renamed_since_gnomAD	renaming	FERRY3		C12ORF4	ENSG00000047621	ENST00000261250		1.0655e-05	0.67
info	renamed_since_gnomAD	renaming	FHIP1A		FAM160A1	ENSG00000164142	ENST00000435205		1.1161e-05	0.621
info	renamed_since_gnomAD	renaming	FHIP1B		FAM160A2	ENSG00000051009	ENST00000265978		0.99023	0.293
info	renamed_since_gnomAD	renaming	FHIP2A		FAM160B1	ENSG00000151553	ENST00000369248		0.99898	0.25
info	renamed_since_gnomAD	renaming	FHIP2B		FAM160B2	ENSG00000158863	ENST00000289921		2.83e-08	0.775
info	renamed_since_gnomAD	renaming	FIMP1		C16ORF92	ENSG00000167194	ENST00000300575		0.03237	1.261
info	renamed_since_gnomAD	renaming	FIRRM		C1ORF112	ENSG00000000460	ENST00000286031		3.3523e-10	0.73
info	renamed_since_gnomAD	renaming	FLACC1		ALS2CR12	ENSG00000155749	ENST00000405148		1.3086e-22	1.462
info	renamed_since_gnomAD	renaming	FMC1		C7ORF55	ENSG00000164898	ENST00000297534		0.012631	1.68
info	renamed_since_gnomAD	renaming	FNDC10		C1ORF233	ENSG00000228594	ENST00000422725		0.11948	1.828
info	renamed_since_gnomAD	renaming	FNDC11		C20ORF195	ENSG00000125531	ENST00000370098		2.1684e-05	1.442
info	renamed_since_gnomAD	renaming	FOXL2NB		C3ORF72	ENSG00000206262	ENST00000383165		7.0177e-05	1.951
info	renamed_since_gnomAD	renaming	FREY1		C11ORF94	ENSG00000234776	ENST00000449465		0.042904	1.735
info	renamed_since_gnomAD	renaming	FSAF1		C1ORF131	ENSG00000143633	ENST00000366649		4.4098e-11	1.69
info	renamed_since_gnomAD	renaming	FYB1		FYB	ENSG00000082074	ENST00000540520		0.23803	0.412
info	renamed_since_gnomAD	renaming	FYB2		C1ORF168	ENSG00000187889	ENST00000343433		1.3041000000000001e-41	1.699
info	renamed_since_gnomAD	renaming	G6PC1		G6PC	ENSG00000131482	ENST00000253801		1.8404e-05	1.01
info	renamed_since_gnomAD	renaming	GALNT17		WBSCR17	ENSG00000185274	ENST00000333538		0.11671	0.487
info	renamed_since_gnomAD	renaming	GAREM1		GAREM	ENSG00000141441	ENST00000269209		0.19888	0.436
info	renamed_since_gnomAD	renaming	GAREM2		GAREML	ENSG00000157833	ENST00000401533		0.43898	0.494
info	renamed_since_gnomAD	renaming	GARIN1A		FAM71F2	ENSG00000205085	ENST00000480462		0.021409	1.0
info	renamed_since_gnomAD	renaming	GARIN1B		FAM71F1	ENSG00000135248	ENST00000315184		1.0457e-07	1.182
info	renamed_since_gnomAD	renaming	GARIN3		FAM71B	ENSG00000170613	ENST00000302938		0.0021732	1.324
info	renamed_since_gnomAD	renaming	GARIN4		FAM71A	ENSG00000162771	ENST00000294829			
info	renamed_since_gnomAD	renaming	GARIN5A		FAM71E1	ENSG00000142530	ENST00000595790		0.0002311	1.578
info	renamed_since_gnomAD	renaming	GARIN5B		FAM71E2	ENSG00000180043	ENST00000424985		1.5714e-09	0.892
info	renamed_since_gnomAD	renaming	GARIN6		FAM71C	ENSG00000180219	ENST00000324341		0.16671	1.006
info	renamed_since_gnomAD	renaming	GARRE1		KIAA0355	ENSG00000166398	ENST00000299505		0.97288	0.311
info	renamed_since_gnomAD	renaming	GARS1		GARS	ENSG00000106105	ENST00000389266		0.3065	0.402
info	renamed_since_gnomAD	renaming	GASK1A		FAM198A	ENSG00000144649	ENST00000430121		5.7508e-16	1.594
info	renamed_since_gnomAD	renaming	GASK1B		FAM198B	ENSG00000164125	ENST00000393807		5.6948e-09	1.079
info	renamed_since_gnomAD	renaming	GATB		PET112	ENSG00000059691	ENST00000263985		3.9989e-10	0.992
info	renamed_since_gnomAD	renaming	GATD1		PDDC1	ENSG00000177225	ENST00000319863		0.46045	0.631
info	renamed_since_gnomAD	renaming	GATD3		C21ORF33	ENSG00000160221	ENST00000291577		2.9727e-05	1.376
info	renamed_since_gnomAD	renaming	GBA1		GBA	ENSG00000177628	ENST00000327247		1.4355e-06	0.801
info	renamed_since_gnomAD	renaming	GCN1		GCN1L1	ENSG00000089154	ENST00000300648		1.0	0.208
info	renamed_since_gnomAD	renaming	GCNA		ACRC	ENSG00000147174	ENST00000373695		0.98788	0.268
info	renamed_since_gnomAD	renaming	GET1		WRB	ENSG00000182093	ENST00000333781		0.00086766	1.215
info	renamed_since_gnomAD	renaming	GET3		ASNA1	ENSG00000198356	ENST00000591090		0.94316	0.352
info	renamed_since_gnomAD	renaming	GFUS		TSTA3	ENSG00000104522	ENST00000425753		1.6808e-07	1.13
info	renamed_since_gnomAD	renaming	GLMP		C1ORF85	ENSG00000198715	ENST00000362007		1.4235e-11	1.454
info	renamed_since_gnomAD	renaming	GNG5B		GNG5P2	ENSG00000133136	ENST00000372054		0.32594	1.849
info	renamed_since_gnomAD	renaming	GOLM2		CASC4	ENSG00000166734	ENST00000299957		7.1603e-05	0.742
info	renamed_since_gnomAD	renaming	GON7		C14ORF142	ENSG00000170270	ENST00000306954		0.007687	1.824
info	renamed_since_gnomAD	renaming	GPAT3		AGPAT9	ENSG00000138678	ENST00000395226		4.8042e-12	1.106
info	renamed_since_gnomAD	renaming	GPAT4		AGPAT6	ENSG00000158669	ENST00000396987		0.088075	0.502
info	renamed_since_gnomAD	renaming	GPHRA		GPR89A	ENSG00000117262	ENST00000313835		6.6612e-14	1.485
info	renamed_since_gnomAD	renaming	GPHRB		GPR89B	ENSG00000188092	ENST00000314163		0.00021519	1.24
info	renamed_since_gnomAD	renaming	GPR15LG		C10ORF99	ENSG00000188373	ENST00000372126		0.21211	1.487
info	renamed_since_gnomAD	renaming	GPRASP3		BHLHB9	ENSG00000198908	ENST00000372735		0.02025	1.016
info	renamed_since_gnomAD	renaming	GRAMD2A		GRAMD2	ENSG00000175318	ENST00000309731		3.4911e-13	1.357
info	renamed_since_gnomAD	renaming	GRAMD2B		GRAMD3	ENSG00000155324	ENST00000513040		2.5212e-12	1.142
info	renamed_since_gnomAD	renaming	GRK2		ADRBK1	ENSG00000173020	ENST00000308595		0.99998	0.178
info	renamed_since_gnomAD	renaming	GRK3		ADRBK2	ENSG00000100077	ENST00000324198		0.71059	0.36
info	renamed_since_gnomAD	renaming	GSDME		DFNA5	ENSG00000105928	ENST00000342947		3.2843e-09	1.125
info	renamed_since_gnomAD	renaming	GUCY1A1		GUCY1A3	ENSG00000164116	ENST00000296518		3.1253e-08	0.84
info	renamed_since_gnomAD	renaming	GUCY1B1		GUCY1B3	ENSG00000061918	ENST00000264424		2.5834e-05	0.675
info	renamed_since_gnomAD	renaming	H1-0		H1F0	ENSG00000189060	ENST00000340857		0.6427	0.897
info	renamed_since_gnomAD	renaming	H1-1		HIST1H1A	ENSG00000124610	ENST00000244573		7.1262e-08	1.975
info	renamed_since_gnomAD	renaming	H1-10		H1FX	ENSG00000184897	ENST00000333762		0.08771	1.353
info	renamed_since_gnomAD	renaming	H1-2		HIST1H1C	ENSG00000187837	ENST00000343677		0.0275	1.861
info	renamed_since_gnomAD	renaming	H1-3		HIST1H1D	ENSG00000124575	ENST00000244534		0.1561	1.71
info	renamed_since_gnomAD	renaming	H1-4		HIST1H1E	ENSG00000168298	ENST00000304218		0.18608	1.593
info	renamed_since_gnomAD	renaming	H1-5		HIST1H1B	ENSG00000184357	ENST00000331442		0.57467	1.104
info	renamed_since_gnomAD	renaming	H1-6		HIST1H1T	ENSG00000187475	ENST00000338379			
info	renamed_since_gnomAD	renaming	H1-7		H1FNT	ENSG00000187166	ENST00000335017			
info	renamed_since_gnomAD	renaming	H1-8		H1FOO	ENSG00000178804	ENST00000324382		0.06964	0.968
info	renamed_since_gnomAD	renaming	H2AB1		H2AFB1	ENSG00000198082	ENST00000354461			
info	renamed_since_gnomAD	renaming	H2AC1		HIST1H2AA	ENSG00000164508	ENST00000297012		0.0014225	1.963
info	renamed_since_gnomAD	renaming	H2AC11		HIST1H2AG	ENSG00000196787	ENST00000359193		0.00055075	1.937
info	renamed_since_gnomAD	renaming	H2AC12		HIST1H2AH	ENSG00000184825	ENST00000377459		0.00049143	1.942
info	renamed_since_gnomAD	renaming	H2AC13		HIST1H2AI	ENSG00000196747	ENST00000358739		0.029517	1.846
info	renamed_since_gnomAD	renaming	H2AC14		HIST1H2AJ	ENSG00000182611	ENST00000333151		0.0237	1.886
info	renamed_since_gnomAD	renaming	H2AC15		HIST1H2AK	ENSG00000184348	ENST00000330180		0.00010432	1.936
info	renamed_since_gnomAD	renaming	H2AC16		HIST1H2AL	ENSG00000198374	ENST00000357320		0.00079028	1.916
info	renamed_since_gnomAD	renaming	H2AC17		HIST1H2AM	ENSG00000233224	ENST00000359611		5.4464e-07	1.973
info	renamed_since_gnomAD	renaming	H2AC20		HIST2H2AC	ENSG00000184260	ENST00000331380		0.18727	1.589
info	renamed_since_gnomAD	renaming	H2AC21		HIST2H2AB	ENSG00000184270	ENST00000331128		0.61467	0.976
info	renamed_since_gnomAD	renaming	H2AC25		HIST3H2A	ENSG00000181218	ENST00000366695		0.53421	1.247
info	renamed_since_gnomAD	renaming	H2AC4		HIST1H2AB	ENSG00000137259	ENST00000259791		0.00057284	1.935
info	renamed_since_gnomAD	renaming	H2AC6		HIST1H2AC	ENSG00000180573	ENST00000602637		0.5964	1.033
info	renamed_since_gnomAD	renaming	H2AC7		HIST1H2AD	ENSG00000196866	ENST00000341023		1.3501e-05	1.947
info	renamed_since_gnomAD	renaming	H2AC8		HIST1H2AE	ENSG00000168274	ENST00000303910		0.032343	1.825
info	renamed_since_gnomAD	renaming	H2AJ		H2AFJ	ENSG00000246705	ENST00000544848		0.24627	1.354
info	renamed_since_gnomAD	renaming	H2AP		CXORF27	ENSG00000187516	ENST00000341016			
info	renamed_since_gnomAD	renaming	H2AX		H2AFX	ENSG00000188486	ENST00000530167		0.17652	1.632
info	renamed_since_gnomAD	renaming	H2AZ1		H2AFZ	ENSG00000164032	ENST00000296417		0.87861	0.435
info	renamed_since_gnomAD	renaming	H2AZ2		H2AFV	ENSG00000105968	ENST00000308153		0.4713	0.822
info	renamed_since_gnomAD	renaming	H2BC1		HIST1H2BA	ENSG00000146047	ENST00000274764		0.10308	1.869
info	renamed_since_gnomAD	renaming	H2BC10		HIST1H2BI	ENSG00000168242	ENST00000377733		0.0039846	1.915
info	renamed_since_gnomAD	renaming	H2BC11		HIST1H2BJ	ENSG00000124635	ENST00000607124		0.031259	1.833
info	renamed_since_gnomAD	renaming	H2BC12		HIST1H2BK	ENSG00000197903	ENST00000396891		4.2884e-06	1.971
info	renamed_since_gnomAD	renaming	H2BC13		HIST1H2BL	ENSG00000185130	ENST00000377401		4.4132e-06	1.97
info	renamed_since_gnomAD	renaming	H2BC14		HIST1H2BM	ENSG00000196374	ENST00000359465		5.0487e-06	1.969
info	renamed_since_gnomAD	renaming	H2BC15		HIST1H2BN	ENSG00000233822	ENST00000396980		0.00049469	1.942
info	renamed_since_gnomAD	renaming	H2BC17		HIST1H2BO	ENSG00000196331	ENST00000303806		0.00045605	1.945
info	renamed_since_gnomAD	renaming	H2BC18		HIST2H2BF	ENSG00000203814	ENST00000545683		0.004633	1.901
info	renamed_since_gnomAD	renaming	H2BC21		HIST2H2BE	ENSG00000184678	ENST00000369155		0.54518	1.207
info	renamed_since_gnomAD	renaming	H2BC26		HIST3H2BB	ENSG00000196890	ENST00000369160		5.1581e-05	1.959
info	renamed_since_gnomAD	renaming	H2BC3		HIST1H2BB	ENSG00000196226	ENST00000357905		0.0037893	1.919
info	renamed_since_gnomAD	renaming	H2BC4		HIST1H2BC	ENSG00000180596	ENST00000314332		0.0038196	1.918
info	renamed_since_gnomAD	renaming	H2BC5		HIST1H2BD	ENSG00000158373	ENST00000289316		4.2079e-06	1.971
info	renamed_since_gnomAD	renaming	H2BC6		HIST1H2BE	ENSG00000197697	ENST00000356530		4.1485e-06	1.971
info	renamed_since_gnomAD	renaming	H2BC7		HIST1H2BF	ENSG00000197846	ENST00000359985		3.2385e-08	1.981
info	renamed_since_gnomAD	renaming	H2BC8		HIST1H2BG	ENSG00000187990	ENST00000244601		4.8893e-07	1.974
info	renamed_since_gnomAD	renaming	H2BC9		HIST1H2BH	ENSG00000197459	ENST00000356350		3.8304e-06	1.972
info	renamed_since_gnomAD	renaming	H2BW1		H2BFWT	ENSG00000123569	ENST00000217926		0.0024619	1.741
info	renamed_since_gnomAD	renaming	H2BW2		H2BFM	ENSG00000101812	ENST00000355016		0.014026	1.639
info	renamed_since_gnomAD	renaming	H3-3A		H3F3A	ENSG00000163041	ENST00000366813		0.1231	1.158
info	renamed_since_gnomAD	renaming	H3-3B		H3F3B	ENSG00000132475	ENST00000254810		0.80682	0.551
info	renamed_since_gnomAD	renaming	H3-4		HIST3H3	ENSG00000168148	ENST00000366696		1.6542e-05	1.94
info	renamed_since_gnomAD	renaming	H3-5		H3F3C	ENSG00000188375	ENST00000340398			
info	renamed_since_gnomAD	renaming	H3-7		HIST2H3PS2	ENSG00000203818	ENST00000392948		0.0037116	1.921
info	renamed_since_gnomAD	renaming	H3C1		HIST1H3A	ENSG00000198366	ENST00000357647		6.293e-07	1.972
info	renamed_since_gnomAD	renaming	H3C10		HIST1H3H	ENSG00000203813	ENST00000369163		0.0057387	1.875
info	renamed_since_gnomAD	renaming	H3C11		HIST1H3I	ENSG00000182572	ENST00000328488		0.0084746	1.802
info	renamed_since_gnomAD	renaming	H3C12		HIST1H3J	ENSG00000197153	ENST00000359303		0.60556	1.004
info	renamed_since_gnomAD	renaming	H3C13		HIST2H3D	ENSG00000183598	ENST00000331491		0.00070344	1.924
info	renamed_since_gnomAD	renaming	H3C2		HIST1H3B	ENSG00000124693	ENST00000244661		1.4796e-05	1.944
info	renamed_since_gnomAD	renaming	H3C3		HIST1H3C	ENSG00000196532	ENST00000540144		0.26064	1.302
info	renamed_since_gnomAD	renaming	H3C4		HIST1H3D	ENSG00000197409	ENST00000377831		0.00113	1.883
info	renamed_since_gnomAD	renaming	H3C6		HIST1H3E	ENSG00000196966	ENST00000360408		1.4382e-06	1.959
info	renamed_since_gnomAD	renaming	H3C7		HIST1H3F	ENSG00000256316	ENST00000446824		0.0065896	1.853
info	renamed_since_gnomAD	renaming	H3C8		HIST1H3G	ENSG00000256018	ENST00000305910		1.1617e-06	1.963
info	renamed_since_gnomAD	renaming	H4C1		HIST1H4A	ENSG00000196176	ENST00000359907		0.00020556	1.967
info	renamed_since_gnomAD	renaming	H4C11		HIST1H4J	ENSG00000197238	ENST00000355057		0.38683	1.737
info	renamed_since_gnomAD	renaming	H4C12		HIST1H4K	ENSG00000197914	ENST00000357549		0.0015737	1.96
info	renamed_since_gnomAD	renaming	H4C13		HIST1H4L	ENSG00000198558	ENST00000355981		0.00034971	1.954
info	renamed_since_gnomAD	renaming	H4C16		HIST4H4	ENSG00000197837	ENST00000539745		0.022279	1.895
info	renamed_since_gnomAD	renaming	H4C2		HIST1H4B	ENSG00000124529	ENST00000377364		0.0029154	1.936
info	renamed_since_gnomAD	renaming	H4C3		HIST1H4C	ENSG00000197061	ENST00000377803		0.00035964	1.954
info	renamed_since_gnomAD	renaming	H4C4		HIST1H4D	ENSG00000188987	ENST00000340756		0.0019851	1.953
info	renamed_since_gnomAD	renaming	H4C5		HIST1H4E	ENSG00000198518	ENST00000360441		0.013453	1.94
info	renamed_since_gnomAD	renaming	H4C6		HIST1H4F	ENSG00000198327	ENST00000377745		0.13072	1.796
info	renamed_since_gnomAD	renaming	H4C7		HIST1H4G	ENSG00000124578	ENST00000244537		0.013198	1.941
info	renamed_since_gnomAD	renaming	H4C8		HIST1H4H	ENSG00000158406	ENST00000289352		7.1537e-06	1.963
info	renamed_since_gnomAD	renaming	H4C9		HIST1H4I	ENSG00000198339	ENST00000354348		0.015809	1.929
info	renamed_since_gnomAD	renaming	HACD1		PTPLA	ENSG00000165996	ENST00000361271		1.2914e-09	1.702
info	renamed_since_gnomAD	renaming	HACD2		PTPLB	ENSG00000206527	ENST00000383657		0.070281	0.743
info	renamed_since_gnomAD	renaming	HACD3		PTPLAD1	ENSG00000074696	ENST00000261875		0.0092999	0.593
info	renamed_since_gnomAD	renaming	HACD4		PTPLAD2	ENSG00000188921	ENST00000495827		2.0561e-05	1.188
info	renamed_since_gnomAD	renaming	HACL2		ILVBL	ENSG00000105135	ENST00000263383		1.2177e-08	0.912
info	renamed_since_gnomAD	renaming	HAPSTR1		C16ORF72	ENSG00000182831	ENST00000327827		0.98049	0.289
info	renamed_since_gnomAD	renaming	HARS1		HARS	ENSG00000170445	ENST00000504156		2.3839e-06	0.763
info	renamed_since_gnomAD	renaming	HASPIN		GSG2	ENSG00000177602	ENST00000325418		4.9913e-07	1.009
info	renamed_since_gnomAD	renaming	HDHD5		CECR5	ENSG00000069998	ENST00000336737		1.2564e-09	1.335
info	renamed_since_gnomAD	renaming	HEATR9		C17ORF66	ENSG00000172653	ENST00000311880		4.8498e-16	1.134
info	renamed_since_gnomAD	renaming	HEMK2		N6AMT1	ENSG00000156239	ENST00000303775		6.8181e-06	1.675
info	renamed_since_gnomAD	renaming	HEXD		HEXDC	ENSG00000169660	ENST00000337014		4.3406e-11	1.14
info	renamed_since_gnomAD	renaming	HGH1		FAM203A	ENSG00000235173	ENST00000347708		0.012417	1.686
info	renamed_since_gnomAD	renaming	HIKESHI		C11ORF73	ENSG00000149196	ENST00000278483		0.52459	0.591
info	renamed_since_gnomAD	renaming	HJV		HFE2	ENSG00000168509	ENST00000336751		0.0042363	0.878
info	renamed_since_gnomAD	renaming	HOATZ		C11ORF88	ENSG00000183644	ENST00000332814		0.00031184	1.158
info	renamed_since_gnomAD	renaming	HPF1		C4ORF27	ENSG00000056050	ENST00000393381		2.3254e-06	1.125
info	renamed_since_gnomAD	renaming	HROB		C17ORF53	ENSG00000125319	ENST00000319977		4.4469e-11	1.054
info	renamed_since_gnomAD	renaming	HYCC1		FAM126A	ENSG00000122591	ENST00000432176		0.12103	0.485
info	renamed_since_gnomAD	renaming	HYCC2		FAM126B	ENSG00000155744	ENST00000418596		0.17863	0.464
info	renamed_since_gnomAD	renaming	IARS1		IARS	ENSG00000196305	ENST00000375643		1.7339e-21	0.768
info	renamed_since_gnomAD	renaming	ICE1		KIAA0947	ENSG00000164151	ENST00000296564		1.0	0.164
info	renamed_since_gnomAD	renaming	ICE2		NARG2	ENSG00000128915	ENST00000261520		1.3236e-13	0.839
info	renamed_since_gnomAD	renaming	IFT22		RABL5	ENSG00000128581	ENST00000315322		0.33622	0.732
info	renamed_since_gnomAD	renaming	IFT25		HSPB11	ENSG00000081870	ENST00000194214		0.0020199	1.347
info	renamed_since_gnomAD	renaming	IFT38		CLUAP1	ENSG00000103351	ENST00000576634		0.0004184	0.683
info	renamed_since_gnomAD	renaming	IFT54		TRAF3IP1	ENSG00000204104	ENST00000373327		1.9085e-08	0.737
info	renamed_since_gnomAD	renaming	IFT56		TTC26	ENSG00000105948	ENST00000464848		2.4322e-08	0.725
info	renamed_since_gnomAD	renaming	IFT70A		TTC30A	ENSG00000197557	ENST00000355689		5.4588e-07	0.999
info	renamed_since_gnomAD	renaming	IFT70B		TTC30B	ENSG00000196659	ENST00000408939		4.5661e-08	1.128
info	renamed_since_gnomAD	renaming	IFTAP		C11ORF74	ENSG00000166352	ENST00000532470		7.605e-06	1.655
info	renamed_since_gnomAD	renaming	IHO1		CCDC36	ENSG00000173421	ENST00000438782		0.024502	0.763
info	renamed_since_gnomAD	renaming	ILRUN		C6ORF106	ENSG00000196821	ENST00000374023		0.85127	0.419
info	renamed_since_gnomAD	renaming	INAFM1		PRR24	ENSG00000257704	ENST00000552360		0.30901	1.87
info	renamed_since_gnomAD	renaming	INAVA		C1ORF106	ENSG00000163362	ENST00000413687		0.00022109	0.733
info	renamed_since_gnomAD	renaming	INKA1		FAM212A	ENSG00000185614	ENST00000333323		0.00061425	1.307
info	renamed_since_gnomAD	renaming	INKA2		FAM212B	ENSG00000197852	ENST00000357260		0.0079857	0.968
info	renamed_since_gnomAD	renaming	INSYN1		C15ORF59	ENSG00000205363	ENST00000569673		0.10959	0.837
info	renamed_since_gnomAD	renaming	INSYN2A		FAM196A	ENSG00000188916	ENST00000522781		0.9149	0.377
info	renamed_since_gnomAD	renaming	INSYN2B		FAM196B	ENSG00000204767	ENST00000377365		0.98467	0.278
info	renamed_since_gnomAD	renaming	INTS11		CPSF3L	ENSG00000127054	ENST00000540437		5.991e-14	0.994
info	renamed_since_gnomAD	renaming	INTS13		ASUN	ENSG00000064102	ENST00000261191		0.86229	0.346
info	renamed_since_gnomAD	renaming	INTS14		VWA9	ENSG00000138614	ENST00000420799		9.833e-06	0.821
info	renamed_since_gnomAD	renaming	INTS15		C7ORF26	ENSG00000146576	ENST00000344417		0.97647	0.298
info	renamed_since_gnomAD	renaming	INTS6L		DDX26B	ENSG00000165359	ENST00000370752		0.99992	0.152
info	renamed_since_gnomAD	renaming	IQCN		KIAA1683	ENSG00000130518	ENST00000392413		1.548e-08	0.893
info	renamed_since_gnomAD	renaming	IRAG1		MRVI1	ENSG00000072952	ENST00000423302		2.2619e-07	0.628
info	renamed_since_gnomAD	renaming	IRAG2		LRMP	ENSG00000118308	ENST00000354454		5.4252e-10	0.886
info	renamed_since_gnomAD	renaming	ITPRID1		CCDC129	ENSG00000180347	ENST00000451887		6.5498e-36	1.393
info	renamed_since_gnomAD	renaming	ITPRID2		SSFA2	ENSG00000138434	ENST00000431877		5.3472e-07	0.545
info	renamed_since_gnomAD	renaming	IZUMO1R		FOLR4	ENSG00000183560	ENST00000440961		5.5093e-15	1.936
info	renamed_since_gnomAD	renaming	JAML		AMICA1	ENSG00000160593	ENST00000356289		0.000747	0.819
info	renamed_since_gnomAD	renaming	JCAD		KIAA1462	ENSG00000165757	ENST00000375377		0.0029966	0.477
info	renamed_since_gnomAD	renaming	JCHAIN		IGJ	ENSG00000132465	ENST00000254801		0.033839	1.241
info	renamed_since_gnomAD	renaming	JHY		C11ORF63	ENSG00000109944	ENST00000227349		2.9259e-12	0.92
info	renamed_since_gnomAD	renaming	JPT1		HN1	ENSG00000189159	ENST00000356033		0.002505	1.279
info	renamed_since_gnomAD	renaming	JPT2		HN1L	ENSG00000206053	ENST00000248098		0.23277	0.864
info	renamed_since_gnomAD	renaming	KARS1		KARS	ENSG00000065427	ENST00000319410		4.211e-09	0.905
info	renamed_since_gnomAD	renaming	KASH5		CCDC155	ENSG00000161609	ENST00000447857		2.3366e-09	0.794
info	renamed_since_gnomAD	renaming	KAT14		CSRP2BP	ENSG00000149474	ENST00000435364		1.326e-09	0.828
info	renamed_since_gnomAD	renaming	KATNIP		KIAA0556	ENSG00000047578	ENST00000261588		1.1859000000000001e-29	0.907
info	renamed_since_gnomAD	renaming	KCNE5		KCNE1L	ENSG00000176076	ENST00000372101		0.11854	1.831
info	renamed_since_gnomAD	renaming	KDF1		C1ORF172	ENSG00000175707	ENST00000320567		0.15422	0.625
info	renamed_since_gnomAD	renaming	KGD4		MRPS36	ENSG00000134056	ENST00000256441		0.10812	1.23
info	renamed_since_gnomAD	renaming	KHDC4		KIAA0907	ENSG00000132680	ENST00000368321		0.96921	0.32
info	renamed_since_gnomAD	renaming	KICS2		C12ORF66	ENSG00000174206	ENST00000398055		0.44192	0.548
info	renamed_since_gnomAD	renaming	KIFBP		KIAA1279	ENSG00000198954	ENST00000361983		0.075682	0.511
info	renamed_since_gnomAD	renaming	KIRREL1		KIRREL	ENSG00000183853	ENST00000359209		0.99855	0.25
info	renamed_since_gnomAD	renaming	KMT5A		SETD8	ENSG00000183955	ENST00000402868		0.98528	0.276
info	renamed_since_gnomAD	renaming	KMT5B		SUV420H1	ENSG00000110066	ENST00000304363		1.0	0.078
info	renamed_since_gnomAD	renaming	KMT5C		SUV420H2	ENSG00000133247	ENST00000255613		0.54685	0.436
info	renamed_since_gnomAD	renaming	KNL1		CASC5	ENSG00000137812	ENST00000346991		0.78348	0.314
info	renamed_since_gnomAD	renaming	KPLCE		C1ORF68	ENSG00000198854	ENST00000368775		1.3581e-07	1.766
info	renamed_since_gnomAD	renaming	KRABD1		KRBOX1	ENSG00000240747	ENST00000418176		0.017643	1.541
info	renamed_since_gnomAD	renaming	KRABD2		KRBA2	ENSG00000184619	ENST00000331336		1.8795e-07	1.276
info	renamed_since_gnomAD	renaming	KRABD3		KRBA1	ENSG00000133619	ENST00000255992		8.2344e-16	1.113
info	renamed_since_gnomAD	renaming	KRABD4		KRBOX4	ENSG00000147121	ENST00000344302		0.64798	0.882
info	renamed_since_gnomAD	renaming	KRABD5		ZNF720	ENSG00000197302	ENST00000316491		0.21673	0.892
info	renamed_since_gnomAD	renaming	KRTAP4-16		KRTAP4-16P	ENSG00000241241	ENST00000440582			
info	renamed_since_gnomAD	renaming	KYAT1		CCBL1	ENSG00000171097	ENST00000302586		1.8743e-12	1.245
info	renamed_since_gnomAD	renaming	KYAT3		CCBL2	ENSG00000137944	ENST00000260508		7.1258e-16	1.34
info	renamed_since_gnomAD	renaming	LARGE1		LARGE	ENSG00000133424	ENST00000354992		0.98934	0.295
info	renamed_since_gnomAD	renaming	LARGE2		GYLTL1B	ENSG00000165905	ENST00000531526		1.6044e-12	1.022
info	renamed_since_gnomAD	renaming	LARS1		LARS	ENSG00000133706	ENST00000394434		8.2142e-09	0.526
info	renamed_since_gnomAD	renaming	LBHD1		C11ORF48	ENSG00000162194	ENST00000532208		2.0614e-05	1.187
info	renamed_since_gnomAD	renaming	LDAF1		TMEM159	ENSG00000011638	ENST00000233047		0.0034061	1.643
info	renamed_since_gnomAD	renaming	LDAH		C2ORF43	ENSG00000118961	ENST00000237822		0.00035525	0.919
info	renamed_since_gnomAD	renaming	LHFPL6		LHFP	ENSG00000183722	ENST00000379589		0.67057	0.601
info	renamed_since_gnomAD	renaming	LHFPL7		TMEM211	ENSG00000206069	ENST00000407886		0.026107	1.87
info	renamed_since_gnomAD	renaming	LIAT1		C17ORF97	ENSG00000187624	ENST00000360127		4.8417e-06	1.969
info	renamed_since_gnomAD	renaming	LINS1		LINS	ENSG00000140471	ENST00000314742		2.3746e-07	0.962
info	renamed_since_gnomAD	renaming	LKAAEAR1		C20ORF201	ENSG00000171695	ENST00000308906		0.025208	1.876
info	renamed_since_gnomAD	renaming	LMNTD1		IFLTD1	ENSG00000152936	ENST00000458174		1.093e-10	1.173
info	renamed_since_gnomAD	renaming	LMNTD2		C11ORF35	ENSG00000185522	ENST00000329451		3.7854e-26	1.742
info	renamed_since_gnomAD	renaming	LNPK		KIAA1715	ENSG00000144320	ENST00000272748		0.00062151	0.655
info	renamed_since_gnomAD	renaming	LORICRIN		LOR	ENSG00000203782	ENST00000368742		0.33454	1.081
info	renamed_since_gnomAD	renaming	LRATD1		FAM84A	ENSG00000162981	ENST00000295092		0.88828	0.42
info	renamed_since_gnomAD	renaming	LRATD2		FAM84B	ENSG00000168672	ENST00000304916		0.00036638	1.451
info	renamed_since_gnomAD	renaming	LRMDA		C10ORF11	ENSG00000148655	ENST00000372499		0.0002589	1.198
info	renamed_since_gnomAD	renaming	LRRC74A		C14ORF166B	ENSG00000100565	ENST00000393774		1.548e-14	1.255
info	renamed_since_gnomAD	renaming	LRRC75A		FAM211A	ENSG00000181350	ENST00000470794		0.69582	0.578
info	renamed_since_gnomAD	renaming	LRRC75B		FAM211B	ENSG00000178026	ENST00000318753		9.0241e-13	1.948
info	renamed_since_gnomAD	renaming	LRTM3		CCDC168	ENSG00000175820	ENST00000322527		1.2813e-06	0.678
info	renamed_since_gnomAD	renaming	LTAP1		C1ORF43	ENSG00000143612	ENST00000368521		0.0018462	0.84
info	renamed_since_gnomAD	renaming	LTO1		ORAOV1	ENSG00000149716	ENST00000279147		0.0018149	1.382
info	renamed_since_gnomAD	renaming	LYSET		TMEM251	ENSG00000153485	ENST00000415050		0.0069412	1.377
info	renamed_since_gnomAD	renaming	MAB21L4		C2ORF54	ENSG00000172478	ENST00000388934		2.5445e-08	1.534
info	renamed_since_gnomAD	renaming	MACIR		C5ORF30	ENSG00000181751	ENST00000319933		0.42746	0.89
info	renamed_since_gnomAD	renaming	MACO1		TMEM57	ENSG00000204178	ENST00000374343		0.99757	0.259
info	renamed_since_gnomAD	renaming	MACROH2A1		H2AFY	ENSG00000113648	ENST00000511689		0.73705	0.479
info	renamed_since_gnomAD	renaming	MACROH2A2		H2AFY2	ENSG00000099284	ENST00000373255		0.97635	0.298
info	renamed_since_gnomAD	renaming	MAIP1		C2ORF47	ENSG00000162972	ENST00000295079		3.0232e-06	1.281
info	renamed_since_gnomAD	renaming	MAJIN		C11ORF85	ENSG00000168070	ENST00000301896		0.00050954	1.056
info	renamed_since_gnomAD	renaming	MAPDA		ADAL	ENSG00000168803	ENST00000428046		1.6257e-06	1.174
info	renamed_since_gnomAD	renaming	MARCHF1		MARCH1	ENSG00000145416	ENST00000503008		0.0086782	0.771
info	renamed_since_gnomAD	renaming	MARCHF10		MARCH10	ENSG00000173838	ENST00000311269		3.2957000000000003e-24	1.393
info	renamed_since_gnomAD	renaming	MARCHF11		MARCH11	ENSG00000183654	ENST00000332432		0.003113	0.932
info	renamed_since_gnomAD	renaming	MARCHF2		MARCH2	ENSG00000099785	ENST00000602117		0.032958	0.893
info	renamed_since_gnomAD	renaming	MARCHF3		MARCH3	ENSG00000173926	ENST00000308660		0.17324	0.729
info	renamed_since_gnomAD	renaming	MARCHF4		MARCH4	ENSG00000144583	ENST00000273067		0.13283	0.566
info	renamed_since_gnomAD	renaming	MARCHF5		MARCH5	ENSG00000198060	ENST00000358935		0.89339	0.392
info	renamed_since_gnomAD	renaming	MARCHF6		MARCH6	ENSG00000145495	ENST00000274140		1.0	0.152
info	renamed_since_gnomAD	renaming	MARCHF7		MARCH7	ENSG00000136536	ENST00000259050		0.66162	0.384
info	renamed_since_gnomAD	renaming	MARCHF8		MARCH8	ENSG00000165406	ENST00000395771		5.8689e-07	1.314
info	renamed_since_gnomAD	renaming	MARCHF9		MARCH9	ENSG00000139266	ENST00000266643		0.73089	0.483
info	renamed_since_gnomAD	renaming	MARF1		KIAA0430	ENSG00000166783	ENST00000396368		1.0	0.121
info	renamed_since_gnomAD	renaming	MARS1		MARS	ENSG00000166986	ENST00000262027		2.0536e-15	0.779
info	renamed_since_gnomAD	renaming	MATCAP1		KIAA0895L	ENSG00000196123	ENST00000290881		0.0019404	0.717
info	renamed_since_gnomAD	renaming	MATCAP2		KIAA0895	ENSG00000164542	ENST00000297063		6.3286e-08	0.974
info	renamed_since_gnomAD	renaming	MCEMP1		C19ORF59	ENSG00000183019	ENST00000333598		0.00014188	1.069
info	renamed_since_gnomAD	renaming	MCRIP1		FAM195B	ENSG00000225663	ENST00000576730		0.042217	1.149
info	renamed_since_gnomAD	renaming	MCRIP2		FAM195A	ENSG00000172366	ENST00000307650		0.3719	0.995
info	renamed_since_gnomAD	renaming	MCUB		CCDC109B	ENSG00000005059	ENST00000394650		2.2776e-08	1.351
info	renamed_since_gnomAD	renaming	MEAK7		TLDC1	ENSG00000140950	ENST00000343629		9.7663e-18	1.784
info	renamed_since_gnomAD	renaming	MEIOC		C17ORF104	ENSG00000180336	ENST00000409122		1.0	0.084
info	renamed_since_gnomAD	renaming	MELTF		MFI2	ENSG00000163975	ENST00000296350		1.1795e-16	1.132
info	renamed_since_gnomAD	renaming	MESD		MESDC2	ENSG00000117899	ENST00000261758		0.62773	0.641
info	renamed_since_gnomAD	renaming	METTL25B		RRNAD1	ENSG00000143303	ENST00000368216		1.403e-11	1.213
info	renamed_since_gnomAD	renaming	METTL26		C16ORF13	ENSG00000130731	ENST00000397666		2.7974e-05	1.71
info	renamed_since_gnomAD	renaming	METTL27		WBSCR27	ENSG00000165171	ENST00000297873		0.059768	1.019
info	renamed_since_gnomAD	renaming	MIA2		CTAGE5	ENSG00000150527	ENST00000396158		1.0326e-06	0.575
info	renamed_since_gnomAD	renaming	MICOS10		MINOS1	ENSG00000173436	ENST00000322753		0.78732	0.584
info	renamed_since_gnomAD	renaming	MICOS13		C19ORF70	ENSG00000174917	ENST00000309324		0.00083352	1.63
info	renamed_since_gnomAD	renaming	MIDEAS		ELMSAN1	ENSG00000156030	ENST00000286523		1.0	0.136
info	renamed_since_gnomAD	renaming	MIGA1		FAM73A	ENSG00000180488	ENST00000370791		1.8254e-07	0.728
info	renamed_since_gnomAD	renaming	MIGA2		FAM73B	ENSG00000148343	ENST00000358369		2.959e-05	0.667
info	renamed_since_gnomAD	renaming	MIMS1		FAM210A	ENSG00000177150	ENST00000322247		1.0564e-06	1.45
info	renamed_since_gnomAD	renaming	MIMS2		FAM210B	ENSG00000124098	ENST00000371384		0.087064	1.358
info	renamed_since_gnomAD	renaming	MINAR1		KIAA1024	ENSG00000169330	ENST00000305428		1.9551e-05	0.692
info	renamed_since_gnomAD	renaming	MINAR2		KIAA1024L	ENSG00000186367	ENST00000564719		0.001331	1.484
info	renamed_since_gnomAD	renaming	MINDY1		FAM63A	ENSG00000143409	ENST00000361738		4.5522e-16	1.276
info	renamed_since_gnomAD	renaming	MINDY2		FAM63B	ENSG00000128923	ENST00000559228		1.7641e-05	0.698
info	renamed_since_gnomAD	renaming	MINDY3		FAM188A	ENSG00000148481	ENST00000277632		0.011165	0.537
info	renamed_since_gnomAD	renaming	MINDY4		FAM188B	ENSG00000106125	ENST00000265299		3.2175000000000004e-19	1.131
info	renamed_since_gnomAD	renaming	MINDY4B		FAM188B2	ENSG00000214237	ENST00000397891		3.2951e-07	1.055
info	renamed_since_gnomAD	renaming	MISO1		C3ORF33	ENSG00000174928	ENST00000534941		5.8421e-06	1.412
info	renamed_since_gnomAD	renaming	MIX23		CCDC58	ENSG00000160124	ENST00000291458		0.0040567	1.137
info	renamed_since_gnomAD	renaming	MKRN2OS		C3ORF83	ENSG00000225526	ENST00000564146		3.8261e-05	1.646
info	renamed_since_gnomAD	renaming	MMUT		MUT	ENSG00000146085	ENST00000274813		1.7087e-22	1.232
info	renamed_since_gnomAD	renaming	MNMIP1		SH3D21	ENSG00000214193	ENST00000453908		8.7925e-12	0.925
info	renamed_since_gnomAD	renaming	MOSMO		C16ORF52	ENSG00000185716	ENST00000542527		0.25928	0.823
info	renamed_since_gnomAD	renaming	MPIG6B		C6ORF25	ENSG00000204420	ENST00000375806		1.0837e-06	1.445
info	renamed_since_gnomAD	renaming	MRE11		MRE11A	ENSG00000020922	ENST00000323929		1.264e-12	0.839
info	renamed_since_gnomAD	renaming	MRM2		FTSJ2	ENSG00000122687	ENST00000242257		0.00023612	1.572
info	renamed_since_gnomAD	renaming	MRM3		RNMTL1	ENSG00000171861	ENST00000304478		5.5446e-10	1.415
info	renamed_since_gnomAD	renaming	MRNIP		C5ORF45	ENSG00000161010	ENST00000292586		1.3396e-05	1.262
info	renamed_since_gnomAD	renaming	MRPL57		MRP63	ENSG00000173141	ENST00000309594		0.13887	1.77
info	renamed_since_gnomAD	renaming	MRPL58		ICT1	ENSG00000167862	ENST00000301585		5.6196e-06	1.419
info	renamed_since_gnomAD	renaming	MRTFA		MKL1	ENSG00000196588	ENST00000355630		0.99768	0.259
info	renamed_since_gnomAD	renaming	MRTFB		MKL2	ENSG00000186260	ENST00000318282		0.99999	0.17
info	renamed_since_gnomAD	renaming	MTARC1		MARC1	ENSG00000186205	ENST00000366910		4.5163e-08	1.274
info	renamed_since_gnomAD	renaming	MTARC2		MARC2	ENSG00000117791	ENST00000366913		0.00021936	0.994
info	renamed_since_gnomAD	renaming	MTCL1		SOGA2	ENSG00000168502	ENST00000359865		8.834e-05	0.449
info	renamed_since_gnomAD	renaming	MTCL2		SOGA1	ENSG00000149639	ENST00000237536		1.0	0.194
info	renamed_since_gnomAD	renaming	MTCL3		SOGA3	ENSG00000214338	ENST00000556132		0.67899	0.395
info	renamed_since_gnomAD	renaming	MTERF1		MTERF	ENSG00000127989	ENST00000351870		8.6123e-07	1.261
info	renamed_since_gnomAD	renaming	MTERF2		MTERFD3	ENSG00000120832	ENST00000552029		2.464e-06	1.314
info	renamed_since_gnomAD	renaming	MTERF3		MTERFD1	ENSG00000156469	ENST00000287025		1.0306e-08	1.276
info	renamed_since_gnomAD	renaming	MTERF4		MTERFD2	ENSG00000122085	ENST00000391980		3.4049e-05	1.102
info	renamed_since_gnomAD	renaming	MTNAP1		C17ORF80	ENSG00000141219	ENST00000359042		1.2297e-07	1.028
info	renamed_since_gnomAD	renaming	MTRES1		C6ORF203	ENSG00000130349	ENST00000443043		0.0010125	1.176
info	renamed_since_gnomAD	renaming	MTREX		SKIV2L2	ENSG00000039123	ENST00000230640		0.86106	0.328
info	renamed_since_gnomAD	renaming	MTRFR		C12ORF65	ENSG00000130921	ENST00000253233		0.20896	0.907
info	renamed_since_gnomAD	renaming	MTSS2		MTSS1L	ENSG00000132613	ENST00000338779		0.97998	0.309
info	renamed_since_gnomAD	renaming	MUCL3		DPCR1	ENSG00000168631	ENST00000462446		1.2265e-05	0.722
info	renamed_since_gnomAD	renaming	MYDGF		C19ORF10	ENSG00000074842	ENST00000262947		3.4923e-06	1.507
info	renamed_since_gnomAD	renaming	MYG1		C12ORF10	ENSG00000139637	ENST00000267103		4.3496e-10	1.176
info	renamed_since_gnomAD	renaming	MYL11		MYLPF	ENSG00000180209	ENST00000322861		0.76035	0.523
info	renamed_since_gnomAD	renaming	MYMK		TMEM8C	ENSG00000187616	ENST00000339996		0.00017841	1.283
info	renamed_since_gnomAD	renaming	MYORG		KIAA1161	ENSG00000164976	ENST00000297625		1.0871e-11	1.34
info	renamed_since_gnomAD	renaming	NAA38		LSMD1	ENSG00000183011	ENST00000333775		9.7053e-07	1.907
info	renamed_since_gnomAD	renaming	NAA80		NAT6	ENSG00000243477	ENST00000354862		0.16865	1.0
info	renamed_since_gnomAD	renaming	NALF1		FAM155A	ENSG00000204442	ENST00000375915		0.97586	0.311
info	renamed_since_gnomAD	renaming	NALF2		FAM155B	ENSG00000130054	ENST00000252338		0.81284	0.479
info	renamed_since_gnomAD	renaming	NAPRT		NAPRT1	ENSG00000147813	ENST00000449291		1.1537e-18	1.427
info	renamed_since_gnomAD	renaming	NARS1		NARS	ENSG00000134440	ENST00000256854		2.9489e-09	0.781
info	renamed_since_gnomAD	renaming	NATD1		C17ORF103	ENSG00000154035	ENST00000399011		0.64837	0.881
info	renamed_since_gnomAD	renaming	NAXD		CARKD	ENSG00000213995	ENST00000309957		0.0069972	0.8
info	renamed_since_gnomAD	renaming	NAXE		APOA1BP	ENSG00000163382	ENST00000368235		2.4443e-06	1.315
info	renamed_since_gnomAD	renaming	NCBP3		C17ORF85	ENSG00000074356	ENST00000389005		0.99949	0.221
info	renamed_since_gnomAD	renaming	NDUFAF8		C17ORF89	ENSG00000224877	ENST00000431388		0.14285	1.757
info	renamed_since_gnomAD	renaming	NECTIN1		PVRL1	ENSG00000110400	ENST00000264025		0.061154	0.572
info	renamed_since_gnomAD	renaming	NECTIN2		PVRL2	ENSG00000130202	ENST00000252483		0.96926	0.323
info	renamed_since_gnomAD	renaming	NECTIN3		PVRL3	ENSG00000177707	ENST00000485303		0.91574	0.366
info	renamed_since_gnomAD	renaming	NECTIN4		PVRL4	ENSG00000143217	ENST00000368012		0.8353	0.389
info	renamed_since_gnomAD	renaming	NEMP1		TMEM194A	ENSG00000166881	ENST00000300128		0.91617	0.358
info	renamed_since_gnomAD	renaming	NEMP2		TMEM194B	ENSG00000189362	ENST00000409150		5.6685e-07	0.995
info	renamed_since_gnomAD	renaming	NEXMIF		KIAA2022	ENSG00000050030	ENST00000055682		0.99968	0.198
info	renamed_since_gnomAD	renaming	NHERF1		SLC9A3R1	ENSG00000109062	ENST00000262613		8.8416e-05	1.157
info	renamed_since_gnomAD	renaming	NHERF2		SLC9A3R2	ENSG00000065054	ENST00000424542		0.038353	0.701
info	renamed_since_gnomAD	renaming	NHERF4		PDZD3	ENSG00000172367	ENST00000355547		1.3463e-12	1.266
info	renamed_since_gnomAD	renaming	NHSL3		KIAA1522	ENSG00000162522	ENST00000401073		0.026865	0.53
info	renamed_since_gnomAD	renaming	NIBAN1		FAM129A	ENSG00000135842	ENST00000367511		7.1694e-20	1.243
info	renamed_since_gnomAD	renaming	NIBAN2		FAM129B	ENSG00000136830	ENST00000373312		0.016975	0.446
info	renamed_since_gnomAD	renaming	NIBAN3		FAM129C	ENSG00000167483	ENST00000335393		2.2418e-16	1.108
info	renamed_since_gnomAD	renaming	NICOL1		C4ORF48	ENSG00000243449	ENST00000409248		0.51423	1.321
info	renamed_since_gnomAD	renaming	NIPSNAP2		GBAS	ENSG00000146729	ENST00000322090		1.3407e-08	1.119
info	renamed_since_gnomAD	renaming	NKAPD1		C11ORF57	ENSG00000150776	ENST00000393047		0.30748	0.614
info	renamed_since_gnomAD	renaming	NOAZFP		ZNF330	ENSG00000109445	ENST00000262990		0.049087	0.59
info	renamed_since_gnomAD	renaming	NOCT		CCRN4L	ENSG00000151014	ENST00000280614		0.042105	0.689
info	renamed_since_gnomAD	renaming	NOL4L		C20ORF112	ENSG00000197183	ENST00000359676		0.99496	0.191
info	renamed_since_gnomAD	renaming	NOP53		GLTSCR2	ENSG00000105373	ENST00000246802		0.18147	0.494
info	renamed_since_gnomAD	renaming	NOPCHAP1		C12ORF45	ENSG00000151131	ENST00000552951		0.010456	1.224
info	renamed_since_gnomAD	renaming	NOTCH2NLA		NOTCH2NL	ENSG00000213240	ENST00000369340		0.60972	0.658
info	renamed_since_gnomAD	renaming	NRDC		NRD1	ENSG00000078618	ENST00000354831		0.044066	0.373
info	renamed_since_gnomAD	renaming	NSD2		WHSC1	ENSG00000109685	ENST00000382895		1.0	0.119
info	renamed_since_gnomAD	renaming	NSD3		WHSC1L1	ENSG00000147548	ENST00000317025		1.0	0.142
info	renamed_since_gnomAD	renaming	NSMCE3		NDNL2	ENSG00000185115	ENST00000332303		0.056212	1.041
info	renamed_since_gnomAD	renaming	NTAQ1		WDYHV1	ENSG00000156795	ENST00000287387		8.2435e-06	1.349
info	renamed_since_gnomAD	renaming	NTMT2		METTL11B	ENSG00000203740	ENST00000439373		0.0044204	1.113
info	renamed_since_gnomAD	renaming	NUCLEOLIN		NCL	ENSG00000115053	ENST00000322723		0.99992	0.177
info	renamed_since_gnomAD	renaming	NUP42		NUPL2	ENSG00000136243	ENST00000258742		9.5131e-09	1.284
info	renamed_since_gnomAD	renaming	NUP58		NUPL1	ENSG00000139496	ENST00000381736		0.92697	0.346
info	renamed_since_gnomAD	renaming	NUPR2		NUPR1L	ENSG00000185290	ENST00000329309		0.00050652	1.941
info	renamed_since_gnomAD	renaming	NWD2		KIAA1239	ENSG00000174145	ENST00000309447		0.98388	0.299
info	renamed_since_gnomAD	renaming	OBI1		RNF219	ENSG00000152193	ENST00000282003		6.8612e-08	0.866
info	renamed_since_gnomAD	renaming	ODAD1		CCDC114	ENSG00000105479	ENST00000315396		6.6333e-09	0.962
info	renamed_since_gnomAD	renaming	ODAD2		ARMC4	ENSG00000169126	ENST00000305242		1.9031000000000002e-25	1.153
info	renamed_since_gnomAD	renaming	ODAD3		CCDC151	ENSG00000198003	ENST00000356392		3.4684e-15	1.114
info	renamed_since_gnomAD	renaming	ODAPH		C4ORF26	ENSG00000174792	ENST00000435974		0.049615	1.673
info	renamed_since_gnomAD	renaming	ODR4		C1ORF27	ENSG00000157181	ENST00000287859		2.7079e-07	0.949
info	renamed_since_gnomAD	renaming	OGA		MGEA5	ENSG00000198408	ENST00000361464		0.96569	0.316
info	renamed_since_gnomAD	renaming	OPRPN		PROL1	ENSG00000171199	ENST00000399575		0.38851	1.733
info	renamed_since_gnomAD	renaming	OR51H1		OR51H1P	ENSG00000176904	ENST00000322059		0.1117	1.212
info	renamed_since_gnomAD	renaming	OR8U3		OR5R1	ENSG00000174942	ENST00000312253		0.00051866	1.753
info	renamed_since_gnomAD	renaming	OTULIN		FAM105B	ENSG00000154124	ENST00000284274		0.2201	0.579
info	renamed_since_gnomAD	renaming	OTULINL		FAM105A	ENSG00000145569	ENST00000274217		3.4462e-09	1.241
info	renamed_since_gnomAD	renaming	P3H1		LEPRE1	ENSG00000117385	ENST00000236040		2.2869e-20	1.226
info	renamed_since_gnomAD	renaming	P3H2		LEPREL1	ENSG00000090530	ENST00000319332		7.787799999999999e-21	1.155
info	renamed_since_gnomAD	renaming	P3H3		LEPREL2	ENSG00000110811	ENST00000396725		7.1076e-12	1.01
info	renamed_since_gnomAD	renaming	P3H4		LEPREL4	ENSG00000141696	ENST00000355468		1.5029e-10	1.256
info	renamed_since_gnomAD	renaming	PABIR1		FAM122A	ENSG00000187866	ENST00000394264		0.4938	0.791
info	renamed_since_gnomAD	renaming	PABIR2		FAM122B	ENSG00000156504	ENST00000343004		0.83835	0.457
info	renamed_since_gnomAD	renaming	PABIR3		FAM122C	ENSG00000156500	ENST00000370784		0.00020902	1.604
info	renamed_since_gnomAD	renaming	PACC1		TMEM206	ENSG00000065600	ENST00000535273		5.4081e-10	1.274
info	renamed_since_gnomAD	renaming	PAK5		PAK7	ENSG00000101349	ENST00000378429		0.99977	0.167
info	renamed_since_gnomAD	renaming	PALM2AKAP2		PALM2-AKAP2	ENSG00000157654	ENST00000374530		6.0664e-05	0.527
info	renamed_since_gnomAD	renaming	PALS1		MPP5	ENSG00000072415	ENST00000261681		0.2351	0.429
info	renamed_since_gnomAD	renaming	PALS2		MPP6	ENSG00000105926	ENST00000222644		0.81619	0.381
info	renamed_since_gnomAD	renaming	PATJ		INADL	ENSG00000132849	ENST00000371158		1.1917e-50	1.042
info	renamed_since_gnomAD	renaming	PAXX		C9ORF142	ENSG00000148362	ENST00000371620		0.0054207	1.06
info	renamed_since_gnomAD	renaming	PCARE		C2ORF71	ENSG00000179270	ENST00000331664		3.0058e-18	1.106
info	renamed_since_gnomAD	renaming	PCDHB17P		PCDHB17	ENSG00000255622	ENST00000539533		2.3485e-05	1.165
info	renamed_since_gnomAD	renaming	PCLAF		KIAA0101	ENSG00000166803	ENST00000300035		0.16276	1.017
info	renamed_since_gnomAD	renaming	PCNX1		PCNX	ENSG00000100731	ENST00000304743		1.0	0.227
info	renamed_since_gnomAD	renaming	PCNX2		PCNXL2	ENSG00000135749	ENST00000258229		1.7151e-23	0.681
info	renamed_since_gnomAD	renaming	PCNX3		PCNXL3	ENSG00000197136	ENST00000355703		0.99999	0.227
info	renamed_since_gnomAD	renaming	PCNX4		PCNXL4	ENSG00000126773	ENST00000317623		1.5173e-22	1.237
info	renamed_since_gnomAD	renaming	PEAK3		C19ORF35	ENSG00000188305	ENST00000342063		0.0021505	1.775
info	renamed_since_gnomAD	renaming	PEDS1		TMEM189	ENSG00000240849	ENST00000557021		0.0083949	0.669
info	renamed_since_gnomAD	renaming	PERM1		C1ORF170	ENSG00000187642	ENST00000433179		1.1667e-15	1.686
info	renamed_since_gnomAD	renaming	PEX39		C6ORF226	ENSG00000221821	ENST00000408925		0.30419	1.876
info	renamed_since_gnomAD	renaming	PGAP4		TMEM246	ENSG00000165152	ENST00000374851		0.093873	0.696
info	renamed_since_gnomAD	renaming	PGAP6		TMEM8A	ENSG00000129925	ENST00000431232		4.3704e-10	0.9
info	renamed_since_gnomAD	renaming	PGCKA1		C4ORF19	ENSG00000154274	ENST00000284437		0.09431	1.887
info	renamed_since_gnomAD	renaming	PGGHG		ATHL1	ENSG00000142102	ENST00000409548		2.3064e-14	1.036
info	renamed_since_gnomAD	renaming	PHAF1		C16ORF70	ENSG00000125149	ENST00000219139		0.98056	0.308
info	renamed_since_gnomAD	renaming	PHB1		PHB	ENSG00000167085	ENST00000300408		0.7588	0.469
info	renamed_since_gnomAD	renaming	PHETA1		FAM109A	ENSG00000198324	ENST00000361483		0.010042	1.756
info	renamed_since_gnomAD	renaming	PHETA2		FAM109B	ENSG00000177096	ENST00000321753		3.3928e-06	1.788
info	renamed_since_gnomAD	renaming	PHF24		KIAA1045	ENSG00000122733	ENST00000242315		0.070044	0.561
info	renamed_since_gnomAD	renaming	PIDD1		PIDD	ENSG00000177595	ENST00000347755		6.435e-17	1.1
info	renamed_since_gnomAD	renaming	PIERCE1		C9ORF116	ENSG00000160345	ENST00000429260		2.2657e-05	1.926
info	renamed_since_gnomAD	renaming	PIERCE2		C15ORF65	ENSG00000261652	ENST00000569691		0.26387	1.29
info	renamed_since_gnomAD	renaming	PIMREG		FAM64A	ENSG00000129195	ENST00000250056		0.0011659	1.141
info	renamed_since_gnomAD	renaming	PIP4P1		TMEM55B	ENSG00000165782	ENST00000398020		0.87479	0.404
info	renamed_since_gnomAD	renaming	PIP4P2		TMEM55A	ENSG00000155099	ENST00000285419		0.00042164	0.894
info	renamed_since_gnomAD	renaming	PJVK		DFNB59	ENSG00000204311	ENST00000409117		3.7194e-08	1.149
info	renamed_since_gnomAD	renaming	PLAAT1		HRASLS	ENSG00000127252	ENST00000264735		0.00025029	1.556
info	renamed_since_gnomAD	renaming	PLAAT2		HRASLS2	ENSG00000133328	ENST00000255695		6.7817e-05	1.831
info	renamed_since_gnomAD	renaming	PLAAT3		PLA2G16	ENSG00000176485	ENST00000323646		1.8145e-06	1.86
info	renamed_since_gnomAD	renaming	PLAAT4		RARRES3	ENSG00000133321	ENST00000255688		1.2234e-07	1.922
info	renamed_since_gnomAD	renaming	PLAAT5		HRASLS5	ENSG00000168004	ENST00000301790		2.1201e-06	1.337
info	renamed_since_gnomAD	renaming	PLPBP		PROSC	ENSG00000147471	ENST00000328195		0.03972	0.696
info	renamed_since_gnomAD	renaming	PLPP1		PPAP2A	ENSG00000067113	ENST00000264775		0.096417	0.692
info	renamed_since_gnomAD	renaming	PLPP2		PPAP2C	ENSG00000141934	ENST00000327790		0.00083068	0.965
info	renamed_since_gnomAD	renaming	PLPP3		PPAP2B	ENSG00000162407	ENST00000371250		0.917	0.383
info	renamed_since_gnomAD	renaming	PLPP4		PPAPDC1A	ENSG00000203805	ENST00000398250		0.0001828	1.025
info	renamed_since_gnomAD	renaming	PLPP5		PPAPDC1B	ENSG00000147535	ENST00000424479		1.8573e-12	1.928
info	renamed_since_gnomAD	renaming	PLPP6		PPAPDC2	ENSG00000205808	ENST00000381883		0.00056067	1.735
info	renamed_since_gnomAD	renaming	PLPP7		PPAPDC3	ENSG00000160539	ENST00000372264		0.0079976	1.323
info	renamed_since_gnomAD	renaming	PNMA8A		PNMAL1	ENSG00000182013	ENST00000313683		0.0033297	0.92
info	renamed_since_gnomAD	renaming	PNMA8B		PNMAL2	ENSG00000204851	ENST00000599531			
info	renamed_since_gnomAD	renaming	POFUT3		FUT10	ENSG00000172728	ENST00000327671		5.4119e-09	1.084
info	renamed_since_gnomAD	renaming	POFUT4		FUT11	ENSG00000196968	ENST00000372841		1.7598e-06	1.163
info	renamed_since_gnomAD	renaming	POGLUT2		KDELC1	ENSG00000134901	ENST00000376004		4.9115e-09	0.987
info	renamed_since_gnomAD	renaming	POGLUT3		KDELC2	ENSG00000178202	ENST00000323468		1.1421e-10	1.17
info	renamed_since_gnomAD	renaming	POLR1F		TWISTNB	ENSG00000105849	ENST00000222567		0.61708	0.54
info	renamed_since_gnomAD	renaming	POLR1G		CD3EAP	ENSG00000117877	ENST00000309424		0.031626	1.831
info	renamed_since_gnomAD	renaming	POLR1H		ZNRD1	ENSG00000066379	ENST00000332435		0.2067	0.911
info	renamed_since_gnomAD	renaming	POPDC1		BVES	ENSG00000112276	ENST00000314641		9.343e-06	0.945
info	renamed_since_gnomAD	renaming	POU2AF2		C11ORF53	ENSG00000150750	ENST00000280325		0.0019229	1.363
info	renamed_since_gnomAD	renaming	POU2AF3		COLCA2	ENSG00000214290	ENST00000398035		0.75066	0.651
info	renamed_since_gnomAD	renaming	PPDPFL		C8ORF22	ENSG00000168333	ENST00000303202		0.00010013	1.769
info	renamed_since_gnomAD	renaming	PPP4R3A		SMEK1	ENSG00000100796	ENST00000554684		0.99992	0.194
info	renamed_since_gnomAD	renaming	PPP4R3B		SMEK2	ENSG00000138041	ENST00000345102		0.70636	0.368
info	renamed_since_gnomAD	renaming	PRELID3A		SLMO1	ENSG00000141391	ENST00000440960		1.6682e-09	1.855
info	renamed_since_gnomAD	renaming	PRELID3B		SLMO2	ENSG00000101166	ENST00000355937		0.136	0.784
info	renamed_since_gnomAD	renaming	PRKN		PARK2	ENSG00000185345	ENST00000366898		6.9346e-07	0.861
info	renamed_since_gnomAD	renaming	PRMT2IP		C15ORF39	ENSG00000167173	ENST00000360639		0.0054058	0.575
info	renamed_since_gnomAD	renaming	PRMT9		PRMT10	ENSG00000164169	ENST00000322396		2.5269e-12	0.928
info	renamed_since_gnomAD	renaming	PRORP		KIAA0391	ENSG00000100890	ENST00000534898		1.3271e-13	1.222
info	renamed_since_gnomAD	renaming	PROSER3		C19ORF55	ENSG00000167595	ENST00000544099		5.0594e-10	1.165
info	renamed_since_gnomAD	renaming	PRP4K		PRPF4B	ENSG00000112739	ENST00000337659		1.0	0.17
info	renamed_since_gnomAD	renaming	PRR23E		C3ORF56	ENSG00000214324	ENST00000398112			
info	renamed_since_gnomAD	renaming	PRR27		C4ORF40	ENSG00000187533	ENST00000344526		0.00018537	1.635
info	renamed_since_gnomAD	renaming	PRR29		C17ORF72	ENSG00000224383	ENST00000425164		0.0097713	1.249
info	renamed_since_gnomAD	renaming	PRR30		C2ORF53	ENSG00000186143	ENST00000335524		6.1868e-07	1.79
info	renamed_since_gnomAD	renaming	PRR32		CXORF64	ENSG00000183631	ENST00000371125		0.0045812	1.902
info	renamed_since_gnomAD	renaming	PRR33		C11ORF89	ENSG00000184682	ENST00000391480			
info	renamed_since_gnomAD	renaming	PRR35		C16ORF11	ENSG00000161992	ENST00000409413		0.02116	1.003
info	renamed_since_gnomAD	renaming	PRUNE1		PRUNE	ENSG00000143363	ENST00000271620		0.0091474	0.661
info	renamed_since_gnomAD	renaming	PRXL2A		FAM213A	ENSG00000122378	ENST00000372181		1.9627e-10	1.718
info	renamed_since_gnomAD	renaming	PRXL2B		FAM213B	ENSG00000157870	ENST00000419916		1.5148e-05	1.517
info	renamed_since_gnomAD	renaming	PRXL2C		AAED1	ENSG00000158122	ENST00000375234		1.0063e-07	1.801
info	renamed_since_gnomAD	renaming	PSME3IP1		FAM192A	ENSG00000172775	ENST00000309137		0.19472	0.594
info	renamed_since_gnomAD	renaming	PTGR3		ZADH2	ENSG00000180011	ENST00000322342		0.002543	1.274
info	renamed_since_gnomAD	renaming	PTPA		PPP2R4	ENSG00000119383	ENST00000393370		0.99057	0.258
info	renamed_since_gnomAD	renaming	PTPN20		PTPN20A	ENSG00000204179	ENST00000374339		0.015945	1.929
info	renamed_since_gnomAD	renaming	PUDP		HDHD1	ENSG00000130021	ENST00000424830		0.12667	1.143
info	renamed_since_gnomAD	renaming	PUM3		KIAA0020	ENSG00000080608	ENST00000397885		3.2052e-26	1.376
info	renamed_since_gnomAD	renaming	PWWP3A		MUM1	ENSG00000160953	ENST00000344663		0.0021523	0.541
info	renamed_since_gnomAD	renaming	PWWP3B		MUM1L1	ENSG00000157502	ENST00000337685		0.48293	0.531
info	renamed_since_gnomAD	renaming	PXYLP1		ACPL2	ENSG00000155893	ENST00000286353		0.0030898	0.773
info	renamed_since_gnomAD	renaming	PYCR3		PYCRL	ENSG00000104524	ENST00000220966		2.338e-05	1.426
info	renamed_since_gnomAD	renaming	PYM1		WIBG	ENSG00000170473	ENST00000408946		0.021852	0.995
info	renamed_since_gnomAD	renaming	QARS1		QARS	ENSG00000172053	ENST00000306125		2.6952e-13	0.806
info	renamed_since_gnomAD	renaming	QNG1		C9ORF64	ENSG00000165118	ENST00000376344		1.0255e-06	1.237
info	renamed_since_gnomAD	renaming	QTGAL		B3GNTL1	ENSG00000175711	ENST00000320865		4.0733e-28	1.795
info	renamed_since_gnomAD	renaming	QTMAN		GTDC1	ENSG00000121964	ENST00000392869		1.0127e-12	1.285
info	renamed_since_gnomAD	renaming	QTRT2		QTRTD1	ENSG00000151576	ENST00000485050		4.8537e-10	1.168
info	renamed_since_gnomAD	renaming	RAB29		RAB7L1	ENSG00000117280	ENST00000367139		0.18152	0.719
info	renamed_since_gnomAD	renaming	RAB5IF		C20ORF24	ENSG00000101084	ENST00000342422		0.66964	0.602
info	renamed_since_gnomAD	renaming	RACK1		GNB2L1	ENSG00000204628	ENST00000512805		0.99836	0.16
info	renamed_since_gnomAD	renaming	RADX		CXORF57	ENSG00000147231	ENST00000372548		0.0002712	0.648
info	renamed_since_gnomAD	renaming	RAMAC		FAM103A1	ENSG00000169612	ENST00000304191		0.008396	1.304
info	renamed_since_gnomAD	renaming	RARS1		RARS	ENSG00000113643	ENST00000231572		3.2689e-08	0.766
info	renamed_since_gnomAD	renaming	RBIS		C8ORF59	ENSG00000176731	ENST00000417663		0.007898	1.818
info	renamed_since_gnomAD	renaming	RBSN		ZFYVE20	ENSG00000131381	ENST00000253699		0.022662	0.455
info	renamed_since_gnomAD	renaming	RCC1L		WBSCR16	ENSG00000174374	ENST00000329959		0.00086789	0.958
info	renamed_since_gnomAD	renaming	REC114		C15ORF60	ENSG00000183324	ENST00000331090		3.2736e-05	1.109
info	renamed_since_gnomAD	renaming	REDIC1		C12ORF40	ENSG00000180116	ENST00000324616		1.2906e-13	1.223
info	renamed_since_gnomAD	renaming	RELCH		KIAA1468	ENSG00000134444	ENST00000398130		0.99993	0.234
info	renamed_since_gnomAD	renaming	RESF1		KIAA1551	ENSG00000174718	ENST00000312561		0.009294	0.408
info	renamed_since_gnomAD	renaming	RETREG1		FAM134B	ENSG00000154153	ENST00000306320		6.3577e-06	0.863
info	renamed_since_gnomAD	renaming	RETREG2		FAM134A	ENSG00000144567	ENST00000430297		0.24917	0.509
info	renamed_since_gnomAD	renaming	RETREG3		FAM134C	ENSG00000141699	ENST00000309428		0.13001	0.517
info	renamed_since_gnomAD	renaming	REX1BD		C19ORF60	ENSG00000006015	ENST00000358607		0.00037611	1.443
info	renamed_since_gnomAD	renaming	RFLNA		FAM101A	ENSG00000178882	ENST00000324038		0.23296	1.404
info	renamed_since_gnomAD	renaming	RFLNB		FAM101B	ENSG00000183688	ENST00000329099		0.26962	1.271
info	renamed_since_gnomAD	renaming	RHEX		C1ORF186	ENSG00000196533	ENST00000331555		4.525e-05	1.609
info	renamed_since_gnomAD	renaming	RIC1		KIAA1432	ENSG00000107036	ENST00000414202		0.0011554	0.398
info	renamed_since_gnomAD	renaming	RIDA		HRSP12	ENSG00000132541	ENST00000254878		0.067892	0.977
info	renamed_since_gnomAD	renaming	RIGI		DDX58	ENSG00000107201	ENST00000379883		1.7557999999999998e-23	1.075
info	renamed_since_gnomAD	renaming	RIMOC1		C5ORF51	ENSG00000205765	ENST00000381647		3.109e-06	1.086
info	renamed_since_gnomAD	renaming	RIOX2		MINA	ENSG00000170854	ENST00000333396		2.2584e-08	1.071
info	renamed_since_gnomAD	renaming	RIPOR1		FAM65A	ENSG00000039523	ENST00000422602		0.949	0.315
info	renamed_since_gnomAD	renaming	RIPOR2		FAM65B	ENSG00000111913	ENST00000259698		0.92284	0.328
info	renamed_since_gnomAD	renaming	RIPOR3		FAM65C	ENSG00000042062	ENST00000327979		7.0058e-20	1.046
info	renamed_since_gnomAD	renaming	RLIG1		C12ORF29	ENSG00000133641	ENST00000356891		2.1077e-08	1.36
info	renamed_since_gnomAD	renaming	RMC1		C18ORF8	ENSG00000141452	ENST00000269221		0.98823	0.297
info	renamed_since_gnomAD	renaming	RMP24		C18ORF21	ENSG00000141428	ENST00000592875		5.6865e-07	1.551
info	renamed_since_gnomAD	renaming	RMP64		C3ORF17	ENSG00000163608	ENST00000314400		2.0063e-08	0.97
info	renamed_since_gnomAD	renaming	RNF212B		C14ORF164	ENSG00000215277	ENST00000399910		1.0617e-08	1.14
info	renamed_since_gnomAD	renaming	RO60		TROVE2	ENSG00000116747	ENST00000367446		0.58278	0.429
info	renamed_since_gnomAD	renaming	RPSA2		RPSAP58	ENSG00000205246	ENST00000496398		0.003425	1.641
info	renamed_since_gnomAD	renaming	RSPH14		RTDR1	ENSG00000100218	ENST00000216036		0.00036018	1.127
info	renamed_since_gnomAD	renaming	RSRP1		C1ORF63	ENSG00000117616	ENST00000243189		4.3086e-14	1.835
info	renamed_since_gnomAD	renaming	RTF2		RTFDC1	ENSG00000022277	ENST00000023939		0.00064279	0.838
info	renamed_since_gnomAD	renaming	RTL10		C22ORF29	ENSG00000215012	ENST00000405640			
info	renamed_since_gnomAD	renaming	RTL3		ZCCHC5	ENSG00000179300	ENST00000321110		4.4007e-11	1.858
info	renamed_since_gnomAD	renaming	RTL4		ZCCHC16	ENSG00000187823	ENST00000340433		3.4473e-06	1.786
info	renamed_since_gnomAD	renaming	RTL5		RGAG4	ENSG00000242732	ENST00000545866		0.00018633	1.021
info	renamed_since_gnomAD	renaming	RTL6		LDOC1L	ENSG00000188636	ENST00000341255		0.018186	1.527
info	renamed_since_gnomAD	renaming	RTL8A		FAM127B	ENSG00000203950	ENST00000370775		0.44642	1.567
info	renamed_since_gnomAD	renaming	RTL8B		FAM127C	ENSG00000212747	ENST00000391440		0.014256	1.936
info	renamed_since_gnomAD	renaming	RTL8C		FAM127A	ENSG00000134590	ENST00000257013		0.45663	1.532
info	renamed_since_gnomAD	renaming	RTL9		RGAG1	ENSG00000243978	ENST00000465301		0.99731	0.218
info	renamed_since_gnomAD	renaming	RTP5		CXXC11	ENSG00000188011	ENST00000343216		0.016289	1.927
info	renamed_since_gnomAD	renaming	RTRAF		C14ORF166	ENSG00000087302	ENST00000261700		0.20165	0.59
info	renamed_since_gnomAD	renaming	RUBCN		KIAA0226	ENSG00000145016	ENST00000296343		1.387e-13	0.787
info	renamed_since_gnomAD	renaming	RUBCNL		KIAA0226L	ENSG00000102445	ENST00000429979		4.3599e-18	1.27
info	renamed_since_gnomAD	renaming	RUSF1		C16ORF58	ENSG00000140688	ENST00000327237		1.1367e-17	1.39
info	renamed_since_gnomAD	renaming	RXYLT1		TMEM5	ENSG00000118600	ENST00000261234		1.072e-06	0.928
info	renamed_since_gnomAD	renaming	SACK1A		FAM83A	ENSG00000147689	ENST00000518448		3.0324e-07	1.408
info	renamed_since_gnomAD	renaming	SACK1B		FAM83B	ENSG00000168143	ENST00000306858		6.3264e-08	0.68
info	renamed_since_gnomAD	renaming	SACK1C		FAM83C	ENSG00000125998	ENST00000374408		8.2423e-08	1.069
info	renamed_since_gnomAD	renaming	SACK1D		FAM83D	ENSG00000101447	ENST00000217429		3.128e-08	1.166
info	renamed_since_gnomAD	renaming	SACK1E		FAM83E	ENSG00000105523	ENST00000263266		9.4341e-11	1.605
info	renamed_since_gnomAD	renaming	SACK1F		FAM83F	ENSG00000133477	ENST00000333407		1.762e-11	1.434
info	renamed_since_gnomAD	renaming	SACK1G		FAM83G	ENSG00000188522	ENST00000388995		3.3167e-05	0.723
info	renamed_since_gnomAD	renaming	SACK1H		FAM83H	ENSG00000180921	ENST00000388913		0.89239	0.359
info	renamed_since_gnomAD	renaming	SAMTOR		C7ORF60	ENSG00000164603	ENST00000297145		0.99746	0.17
info	renamed_since_gnomAD	renaming	SANBR		KIAA1841	ENSG00000162929	ENST00000402291		7.5851e-09	0.685
info	renamed_since_gnomAD	renaming	SARAF		TMEM66	ENSG00000133872	ENST00000256255		0.0019871	0.83
info	renamed_since_gnomAD	renaming	SARS1		SARS	ENSG00000031698	ENST00000234677		0.99925	0.213
info	renamed_since_gnomAD	renaming	SAXO1		FAM154A	ENSG00000155875	ENST00000380534		2.3000999999999996e-21	1.852
info	renamed_since_gnomAD	renaming	SAXO2		FAM154B	ENSG00000188659	ENST00000339465		8.3284e-11	1.806
info	renamed_since_gnomAD	renaming	SAXO4		PPP1R32	ENSG00000162148	ENST00000338608		2.4447e-15	1.27
info	renamed_since_gnomAD	renaming	SAXO5		C19ORF45	ENSG00000198723	ENST00000361664		1.0898e-17	1.776
info	renamed_since_gnomAD	renaming	SAXO6		MDM1	ENSG00000111554	ENST00000303145		4.7231e-12	0.892
info	renamed_since_gnomAD	renaming	SDHAF3		ACN9	ENSG00000196636	ENST00000432641		0.0026353	1.722
info	renamed_since_gnomAD	renaming	SDHAF4		C6ORF57	ENSG00000154079	ENST00000370474		0.098879	1.282
info	renamed_since_gnomAD	renaming	SELENOH		C11ORF31	ENSG00000211450	ENST00000388857		0.0013219	1.863
info	renamed_since_gnomAD	renaming	SELENOI		EPT1	ENSG00000138018	ENST00000260585		0.64206	0.441
info	renamed_since_gnomAD	renaming	SELENON		SEPN1	ENSG00000162430	ENST00000361547		9.7863e-10	1.017
info	renamed_since_gnomAD	renaming	SELENOP		SEPP1	ENSG00000250722	ENST00000514985		8.2884e-07	1.094
info	renamed_since_gnomAD	renaming	SELENOS		VIMP	ENSG00000131871	ENST00000398226		1.4301e-09	1.689
info	renamed_since_gnomAD	renaming	SELENOW		SEPW1	ENSG00000178980	ENST00000601048		0.00026801	1.538
info	renamed_since_gnomAD	renaming	SEM1		SHFM1	ENSG00000127922	ENST00000248566		0.76288	0.628
info	renamed_since_gnomAD	renaming	SEPTIN1		SEPT1	ENSG00000180096	ENST00000321367		6.7665e-08	0.968
info	renamed_since_gnomAD	renaming	SEPTIN10		SEPT10	ENSG00000186522	ENST00000397712		4.7356e-10	1.169
info	renamed_since_gnomAD	renaming	SEPTIN11		SEPT11	ENSG00000138758	ENST00000264893		0.95924	0.334
info	renamed_since_gnomAD	renaming	SEPTIN12		SEPT12	ENSG00000140623	ENST00000268231		3.3500000000000005e-19	1.881
info	renamed_since_gnomAD	renaming	SEPTIN14		SEPT14	ENSG00000154997	ENST00000388975		6.8701e-06	0.983
info	renamed_since_gnomAD	renaming	SEPTIN2		SEPT2	ENSG00000168385	ENST00000391973		0.28815	0.496
info	renamed_since_gnomAD	renaming	SEPTIN3		SEPT3	ENSG00000100167	ENST00000396426		0.089413	0.543
info	renamed_since_gnomAD	renaming	SEPTIN4		SEPT4	ENSG00000108387	ENST00000457347		0.00016597	0.68
info	renamed_since_gnomAD	renaming	SEPTIN5		SEPT5	ENSG00000184702	ENST00000455784		0.92671	0.36
info	renamed_since_gnomAD	renaming	SEPTIN6		SEPT6	ENSG00000125354	ENST00000343984		0.93177	0.363
info	renamed_since_gnomAD	renaming	SEPTIN7		SEPT7	ENSG00000122545	ENST00000399034		0.99924	0.188
info	renamed_since_gnomAD	renaming	SEPTIN8		SEPT8	ENSG00000164402	ENST00000378719		0.084191	0.548
info	renamed_since_gnomAD	renaming	SEPTIN9		SEPT9	ENSG00000184640	ENST00000427177		0.99579	0.252
info	renamed_since_gnomAD	renaming	SGF29		CCDC101	ENSG00000176476	ENST00000317058		0.002139	0.82
info	renamed_since_gnomAD	renaming	SGO1		SGOL1	ENSG00000129810	ENST00000263753		2.5902e-12	1.225
info	renamed_since_gnomAD	renaming	SGO2		SGOL2	ENSG00000163535	ENST00000357799		3.6085e-07	0.647
info	renamed_since_gnomAD	renaming	SHFL		C19ORF66	ENSG00000130813	ENST00000253110		0.13736	0.641
info	renamed_since_gnomAD	renaming	SHISAL1		KIAA1644	ENSG00000138944	ENST00000381176		0.039764	0.851
info	renamed_since_gnomAD	renaming	SHISAL2A		FAM159A	ENSG00000182183	ENST00000517870		5.1161e-05	1.865
info	renamed_since_gnomAD	renaming	SHISAL2B		FAM159B	ENSG00000145642	ENST00000389074		0.0034479	1.639
info	renamed_since_gnomAD	renaming	SHLD1		C20ORF196	ENSG00000171984	ENST00000303142		0.16633	1.007
info	renamed_since_gnomAD	renaming	SHLD2		FAM35A	ENSG00000122376	ENST00000298784		1.2384e-05	0.801
info	renamed_since_gnomAD	renaming	SHOC1		C9ORF84	ENSG00000165181	ENST00000374287		3.7079e-22	0.846
info	renamed_since_gnomAD	renaming	SHTN1		KIAA1598	ENSG00000187164	ENST00000355371		0.0386	0.458
info	renamed_since_gnomAD	renaming	SINHCAF		FAM60A	ENSG00000139146	ENST00000337682		0.96459	0.288
info	renamed_since_gnomAD	renaming	SIRAL1		FAM118B	ENSG00000197798	ENST00000533050		0.019345	0.676
info	renamed_since_gnomAD	renaming	SIRAL2		FAM118A	ENSG00000100376	ENST00000216214		6.3156e-05	1.004
info	renamed_since_gnomAD	renaming	SKIC2		SKIV2L	ENSG00000204351	ENST00000375394		1.2931e-22	0.877
info	renamed_since_gnomAD	renaming	SKIC3		TTC37	ENSG00000198677	ENST00000358746		1.725e-29	0.783
info	renamed_since_gnomAD	renaming	SKIC8		WDR61	ENSG00000140395	ENST00000267973		0.0048017	0.724
info	renamed_since_gnomAD	renaming	SLC33A2		MFSD3	ENSG00000167700	ENST00000301327		7.8565e-12	1.852
info	renamed_since_gnomAD	renaming	SLC35D4		TMEM241	ENSG00000134490	ENST00000383233		8.471e-07	0.952
info	renamed_since_gnomAD	renaming	SLC35H1		SLC35C2	ENSG00000080189	ENST00000372227		0.0014698	0.873
info	renamed_since_gnomAD	renaming	SLC38A12		TMEM104	ENSG00000109066	ENST00000335464		3.8156e-05	0.796
info	renamed_since_gnomAD	renaming	SLC49A3		MFSD7	ENSG00000169026	ENST00000322224		3.0952e-18	1.733
info	renamed_since_gnomAD	renaming	SLC49A4		DIRC2	ENSG00000138463	ENST00000261038		2.2526e-09	1.156
info	renamed_since_gnomAD	renaming	SLC60A1		MFSD4	ENSG00000174514	ENST00000367147		0.0023547	0.699
info	renamed_since_gnomAD	renaming	SLC60A2		KIAA1919	ENSG00000173214	ENST00000368847		8.298e-06	1.126
info	renamed_since_gnomAD	renaming	SLC61A1		MFSD5	ENSG00000182544	ENST00000534842		0.0023254	0.809
info	renamed_since_gnomAD	renaming	SLC66A1		PQLC2	ENSG00000040487	ENST00000375153		6.3479e-05	1.004
info	renamed_since_gnomAD	renaming	SLC66A2		PQLC1	ENSG00000122490	ENST00000397778		0.010336	0.913
info	renamed_since_gnomAD	renaming	SLC66A3		PQLC3	ENSG00000162976	ENST00000295083		4.4278e-10	1.816
info	renamed_since_gnomAD	renaming	SLC67A1		SLC22A18	ENSG00000110628	ENST00000380574		6.458e-06	1.164
info	renamed_since_gnomAD	renaming	SLC67A2		MFSD9	ENSG00000135953	ENST00000258436		9.3451e-10	1.535
info	renamed_since_gnomAD	renaming	SLC68A1		TMEM180	ENSG00000138111	ENST00000238936		0.049526	0.589
info	renamed_since_gnomAD	renaming	SLC71A1		HIAT1	ENSG00000156875	ENST00000370152		0.97172	0.32
info	renamed_since_gnomAD	renaming	SLC71A2		HIATL1	ENSG00000148110	ENST00000375344		0.00043286	0.68
info	renamed_since_gnomAD	renaming	SLC75A1		MFSD10	ENSG00000109736	ENST00000329687		7.3331e-11	1.313
info	renamed_since_gnomAD	renaming	SLC9D1		TMCO3	ENSG00000150403	ENST00000434316		4.936e-16	1.197
info	renamed_since_gnomAD	renaming	SLF1		ANKRD32	ENSG00000133302	ENST00000265140		5.8495e-10	0.706
info	renamed_since_gnomAD	renaming	SLF2		FAM178A	ENSG00000119906	ENST00000370269		2.8868e-06	0.544
info	renamed_since_gnomAD	renaming	SLX9		FAM207A	ENSG00000160256	ENST00000291634		0.075641	0.942
info	renamed_since_gnomAD	renaming	SMIM24		C19ORF77	ENSG00000095932	ENST00000215531		0.074703	1.45
info	renamed_since_gnomAD	renaming	SMIM29		C6ORF1	ENSG00000186577	ENST00000476320		0.62416	0.948
info	renamed_since_gnomAD	renaming	SMIM30		LINC00998	ENSG00000214194	ENST00000397764		0.38247	1.747
info	renamed_since_gnomAD	renaming	SNORC		C2ORF82	ENSG00000182600	ENST00000409230		0.60161	1.016
info	renamed_since_gnomAD	renaming	SNU13		NHP2L1	ENSG00000100138	ENST00000401959		0.74848	0.655
info	renamed_since_gnomAD	renaming	SOFU1		C7ORF34	ENSG00000165131	ENST00000409607		0.00025816	1.868
info	renamed_since_gnomAD	renaming	SPACA9		C9ORF9	ENSG00000165698	ENST00000350499		4.387e-05	1.616
info	renamed_since_gnomAD	renaming	SPACDR		C7ORF61	ENSG00000185955	ENST00000332375		0.018681	1.038
info	renamed_since_gnomAD	renaming	SPART		SPG20	ENSG00000133104	ENST00000451493		2.967e-07	0.838
info	renamed_since_gnomAD	renaming	SPATA31F1		FAM205A	ENSG00000205108	ENST00000378788		0.32121	0.414
info	renamed_since_gnomAD	renaming	SPATA31G1		C9ORF131	ENSG00000174038	ENST00000312292		4.6321e-18	1.348
info	renamed_since_gnomAD	renaming	SPATA31H1		C2ORF16	ENSG00000221843	ENST00000408964		1.3435e-14	1.003
info	renamed_since_gnomAD	renaming	SPATA45		C1ORF227	ENSG00000185523	ENST00000332912		0.19829	1.543
info	renamed_since_gnomAD	renaming	SPATA46		C1ORF111	ENSG00000171722	ENST00000367935		1.7676e-10	1.886
info	renamed_since_gnomAD	renaming	SPEM2		C17ORF74	ENSG00000184560	ENST00000333870		7.7303e-12	1.366
info	renamed_since_gnomAD	renaming	SPINDOC		C11ORF84	ENSG00000168005	ENST00000294244		0.99142	0.21
info	renamed_since_gnomAD	renaming	SPMAP1		C17ORF98	ENSG00000214556	ENST00000398575		0.0088152	1.286
info	renamed_since_gnomAD	renaming	SPMAP2		THEG	ENSG00000105549	ENST00000342640		5.0204e-09	1.35
info	renamed_since_gnomAD	renaming	SPMAP2L		THEGL	ENSG00000249693	ENST00000512175		2.1051e-08	1.205
info	renamed_since_gnomAD	renaming	SPMIP10		C5ORF48	ENSG00000196900	ENST00000357147		0.00064286	1.702
info	renamed_since_gnomAD	renaming	SPMIP11		LINC00935	ENSG00000257987	ENST00000548380		0.0051864	1.49
info	renamed_since_gnomAD	renaming	SPMIP2		C4ORF45	ENSG00000164123	ENST00000434826		4.3689e-07	1.593
info	renamed_since_gnomAD	renaming	SPMIP3		C1ORF100	ENSG00000173728	ENST00000308105		1.2575e-07	1.537
info	renamed_since_gnomAD	renaming	SPMIP4		C7ORF31	ENSG00000153790	ENST00000409280		8.0549e-11	1.016
info	renamed_since_gnomAD	renaming	SPMIP5		C10ORF82	ENSG00000165863	ENST00000369210		0.011358	1.196
info	renamed_since_gnomAD	renaming	SPMIP6		C9ORF24	ENSG00000164972	ENST00000297623		2.1359e-06	1.137
info	renamed_since_gnomAD	renaming	SPMIP7		C7ORF72	ENSG00000164500	ENST00000297001		3.77e-08	1.294
info	renamed_since_gnomAD	renaming	SPMIP8		TEPP	ENSG00000159648	ENST00000290871		0.0002319	0.985
info	renamed_since_gnomAD	renaming	SPMIP9		TEX37	ENSG00000172073	ENST00000303254		3.1157e-05	1.908
info	renamed_since_gnomAD	renaming	SPOUT1		C9ORF114	ENSG00000198917	ENST00000361256		4.1284e-09	1.001
info	renamed_since_gnomAD	renaming	SPRING1		C12ORF49	ENSG00000111412	ENST00000261318		0.0061628	1.028
info	renamed_since_gnomAD	renaming	SPX		C12ORF39	ENSG00000134548	ENST00000256969		0.00011029	1.398
info	renamed_since_gnomAD	renaming	SQOR		SQRDL	ENSG00000137767	ENST00000260324		4.1314e-10	1.18
info	renamed_since_gnomAD	renaming	SRARP		C1ORF64	ENSG00000183888	ENST00000329454		0.10907	1.855
info	renamed_since_gnomAD	renaming	SRPRA		SRPR	ENSG00000182934	ENST00000332118		0.77836	0.39
info	renamed_since_gnomAD	renaming	SSC4D		SRCRB4D	ENSG00000146700	ENST00000275560		5.1832e-12	1.183
info	renamed_since_gnomAD	renaming	STEEP1		CXORF56	ENSG00000018610	ENST00000371594		0.95204	0.313
info	renamed_since_gnomAD	renaming	STIMATE		TMEM110	ENSG00000213533	ENST00000355083		0.18873	0.598
info	renamed_since_gnomAD	renaming	STING1		TMEM173	ENSG00000184584	ENST00000330794		0.0012067	0.903
info	renamed_since_gnomAD	renaming	STKLD1		C9ORF96	ENSG00000198870	ENST00000371957		1.5666e-23	1.325
info	renamed_since_gnomAD	renaming	STMP1		C7ORF73	ENSG00000243317	ENST00000507606		0.55075	1.187
info	renamed_since_gnomAD	renaming	STN1		OBFC1	ENSG00000107960	ENST00000224950		2.295e-10	1.224
info	renamed_since_gnomAD	renaming	STPG3		C9ORF173	ENSG00000197768	ENST00000388931		9.1242e-13	1.727
info	renamed_since_gnomAD	renaming	STPG4		C2ORF61	ENSG00000239605	ENST00000445927		9.5142e-05	1.143
info	renamed_since_gnomAD	renaming	STUM		C1ORF95	ENSG00000203685	ENST00000366788		0.0043627	1.555
info	renamed_since_gnomAD	renaming	STYXL2		DUSP27	ENSG00000198842	ENST00000361200		5.233100000000001e-19	1.115
info	renamed_since_gnomAD	renaming	SUSD6		KIAA0247	ENSG00000100647	ENST00000342745		0.63265	0.532
info	renamed_since_gnomAD	renaming	SVBP		CCDC23	ENSG00000177868	ENST00000372521		0.0011348	1.883
info	renamed_since_gnomAD	renaming	TAFA1		FAM19A1	ENSG00000183662	ENST00000478136		0.33119	0.737
info	renamed_since_gnomAD	renaming	TAFA2		FAM19A2	ENSG00000198673	ENST00000416284		0.34104	0.727
info	renamed_since_gnomAD	renaming	TAFA3		FAM19A3	ENSG00000184599	ENST00000369630		3.6668e-05	1.655
info	renamed_since_gnomAD	renaming	TAFA4		FAM19A4	ENSG00000163377	ENST00000295569		0.00065997	1.288
info	renamed_since_gnomAD	renaming	TAFA5		FAM19A5	ENSG00000219438	ENST00000402357		0.44685	0.859
info	renamed_since_gnomAD	renaming	TAFAZZIN		TAZ	ENSG00000102125	ENST00000299328		0.72591	0.485
info	renamed_since_gnomAD	renaming	TAMALIN		GRASP	ENSG00000161835	ENST00000293662		0.90123	0.387
info	renamed_since_gnomAD	renaming	TARS1		TARS	ENSG00000113407	ENST00000455217		9.9483e-13	0.797
info	renamed_since_gnomAD	renaming	TARS3		TARSL2	ENSG00000185418	ENST00000335968		3.7422e-15	0.898
info	renamed_since_gnomAD	renaming	TASL		CXORF21	ENSG00000120280	ENST00000378962		0.84298	0.492
info	renamed_since_gnomAD	renaming	TASOR		FAM208A	ENSG00000163946	ENST00000493960		0.99954	0.258
info	renamed_since_gnomAD	renaming	TASOR2		FAM208B	ENSG00000108021	ENST00000328090		0.30957	0.332
info	renamed_since_gnomAD	renaming	TBXT		T	ENSG00000164458	ENST00000296946		0.024262	0.653
info	renamed_since_gnomAD	renaming	TCAF1		FAM115A	ENSG00000198420	ENST00000479870		0.61756	0.54
info	renamed_since_gnomAD	renaming	TCAF2		FAM115C	ENSG00000170379	ENST00000444908		2.0765e-08	1.921
info	renamed_since_gnomAD	renaming	TCEAL9		WBP5	ENSG00000185222	ENST00000372661		0.12214	1.821
info	renamed_since_gnomAD	renaming	TCIM		C8ORF4	ENSG00000176907	ENST00000315792		0.0086883	1.796
info	renamed_since_gnomAD	renaming	TEDC1		C14ORF80	ENSG00000185347	ENST00000392522		0.014935	0.704
info	renamed_since_gnomAD	renaming	TEDC2		C16ORF59	ENSG00000162062	ENST00000361837		7.1044e-12	1.373
info	renamed_since_gnomAD	renaming	TEKTIP1		C19ORF71	ENSG00000183397	ENST00000329493		9.3436e-09	1.86
info	renamed_since_gnomAD	renaming	TEKTL1		CCDC105	ENSG00000160994	ENST00000292574		1.7688e-07	1.124
info	renamed_since_gnomAD	renaming	TENT2		PAPD4	ENSG00000164329	ENST00000453514		8.6949e-08	0.772
info	renamed_since_gnomAD	renaming	TENT4A		PAPD7	ENSG00000112941	ENST00000230859		0.99934	0.186
info	renamed_since_gnomAD	renaming	TENT4B		PAPD5	ENSG00000121274	ENST00000436909		0.99943	0.208
info	renamed_since_gnomAD	renaming	TENT5A		FAM46A	ENSG00000112773	ENST00000320172		0.92482	0.374
info	renamed_since_gnomAD	renaming	TENT5B		FAM46B	ENSG00000158246	ENST00000289166		0.18261	0.717
info	renamed_since_gnomAD	renaming	TENT5C		FAM46C	ENSG00000183508	ENST00000369448		0.94762	0.322
info	renamed_since_gnomAD	renaming	TENT5D		FAM46D	ENSG00000174016	ENST00000538312		0.83028	0.512
info	renamed_since_gnomAD	renaming	TEPSIN		ENTHD2	ENSG00000167302	ENST00000300714		9.8236e-09	1.281
info	renamed_since_gnomAD	renaming	TERB1		CCDC79	ENSG00000249961	ENST00000433154		5.1645e-07	0.728
info	renamed_since_gnomAD	renaming	TERB2		C15ORF43	ENSG00000167014	ENST00000340827		2.0249e-06	1.345
info	renamed_since_gnomAD	renaming	TESMIN		MTL5	ENSG00000132749	ENST00000255087		2.2276e-05	0.848
info	renamed_since_gnomAD	renaming	TEX44		C2ORF57	ENSG00000177673	ENST00000313965		0.097049	1.882
info	renamed_since_gnomAD	renaming	TEX46		C1ORF234	ENSG00000227868	ENST00000566855		0.0076505	1.825
info	renamed_since_gnomAD	renaming	TEX47		C7ORF62	ENSG00000164645	ENST00000297203		4.1459e-05	1.629
info	renamed_since_gnomAD	renaming	TEX55		C3ORF30	ENSG00000163424	ENST00000295622		5.8545e-09	1.194
info	renamed_since_gnomAD	renaming	THAP12		PRKRIR	ENSG00000137492	ENST00000260045		0.96834	0.323
info	renamed_since_gnomAD	renaming	TIGAR		C12ORF5	ENSG00000078237	ENST00000179259		0.7348	0.545
info	renamed_since_gnomAD	renaming	TIMCC		FAM136A	ENSG00000035141	ENST00000037869		0.00058595	1.725
info	renamed_since_gnomAD	renaming	TIMM29		C19ORF52	ENSG00000142444	ENST00000270502		0.0001546	1.679
info	renamed_since_gnomAD	renaming	TKFC		DAK	ENSG00000149476	ENST00000394900		3.1694e-12	1.129
info	renamed_since_gnomAD	renaming	TLCD3A		FAM57A	ENSG00000167695	ENST00000308278		0.25619	0.649
info	renamed_since_gnomAD	renaming	TLCD3B		FAM57B	ENSG00000149926	ENST00000380495		0.66468	0.516
info	renamed_since_gnomAD	renaming	TLCD4		TMEM56	ENSG00000152078	ENST00000370203		0.26127	0.645
info	renamed_since_gnomAD	renaming	TLCD5		TMEM136	ENSG00000181264	ENST00000314475		0.0050232	1.079
info	renamed_since_gnomAD	renaming	TLE5		AES	ENSG00000104964	ENST00000221561		0.93594	0.361
info	renamed_since_gnomAD	renaming	TLNRD1		MESDC1	ENSG00000140406	ENST00000267984		0.9137	0.38
info	renamed_since_gnomAD	renaming	TMEM121B		CECR6	ENSG00000183307	ENST00000331437		0.69941	0.575
info	renamed_since_gnomAD	renaming	TMEM131L		KIAA0922	ENSG00000121210	ENST00000409959		0.95975	0.302
info	renamed_since_gnomAD	renaming	TMEM250		C9ORF69	ENSG00000238227	ENST00000418388		0.2007	1.534
info	renamed_since_gnomAD	renaming	TMEM263		C12ORF23	ENSG00000151135	ENST00000280756		0.0088522	1.791
info	renamed_since_gnomAD	renaming	TMEM266		C15ORF27	ENSG00000169758	ENST00000388942		1.9439e-07	0.982
info	renamed_since_gnomAD	renaming	TMEM267		C5ORF28	ENSG00000151881	ENST00000500337		1.1396e-07	1.787
info	renamed_since_gnomAD	renaming	TMEM268		C9ORF91	ENSG00000157693	ENST00000288502		6.4533e-08	1.235
info	renamed_since_gnomAD	renaming	TMEM270		WBSCR28	ENSG00000175877	ENST00000320531		1.1786e-08	1.638
info	renamed_since_gnomAD	renaming	TMEM273		C10ORF128	ENSG00000204161	ENST00000474718		0.0059652	1.435
info	renamed_since_gnomAD	renaming	TMEM278		TMEM88B	ENSG00000205116	ENST00000378821		0.43487	1.605
info	renamed_since_gnomAD	renaming	TMEM35A		TMEM35	ENSG00000126950	ENST00000372930		0.65922	0.853
info	renamed_since_gnomAD	renaming	TMEM35B		ZMYM6NB	ENSG00000243749	ENST00000373337		0.22054	1.453
info	renamed_since_gnomAD	renaming	TMEM94		KIAA0195	ENSG00000177728	ENST00000314256		2.7548e-14	0.641
info	renamed_since_gnomAD	renaming	TMT1A		METTL7A	ENSG00000185432	ENST00000548553		0.0004753	1.378
info	renamed_since_gnomAD	renaming	TMT1B		METTL7B	ENSG00000170439	ENST00000394252		0.066221	0.985
info	renamed_since_gnomAD	renaming	TNS2		TENC1	ENSG00000111077	ENST00000314276		3.7043e-07	0.498
info	renamed_since_gnomAD	renaming	TOGARAM1		FAM179B	ENSG00000198718	ENST00000361577		1.333e-08	0.516
info	renamed_since_gnomAD	renaming	TOGARAM2		FAM179A	ENSG00000189350	ENST00000379558		1.31e-16	1.075
info	renamed_since_gnomAD	renaming	TOMM70		TOMM70A	ENSG00000154174	ENST00000284320		0.99841	0.242
info	renamed_since_gnomAD	renaming	TOP6BL		C11ORF80	ENSG00000173715	ENST00000360962		2.0062e-09	0.962
info	renamed_since_gnomAD	renaming	TPRX2		TPRX2P	ENSG00000259009	ENST00000535362		0.063016	1.549
info	renamed_since_gnomAD	renaming	TRAPPC14		C7ORF43	ENSG00000146826	ENST00000316937		0.18133	0.494
info	renamed_since_gnomAD	renaming	TRAPPC2B		TRAPPC2P1	ENSG00000256060	ENST00000543226		0.029497	1.847
info	renamed_since_gnomAD	renaming	TRARG1		TUSC5	ENSG00000184811	ENST00000333813		0.00052419	1.75
info	renamed_since_gnomAD	renaming	TRIR		C19ORF43	ENSG00000123144	ENST00000242784		0.47353	0.819
info	renamed_since_gnomAD	renaming	TRMO		C9ORF156	ENSG00000136932	ENST00000375119		6.4724e-08	1.234
info	renamed_since_gnomAD	renaming	TRMT9B		KIAA1456	ENSG00000250305	ENST00000524591		1.6974e-09	1.945
info	renamed_since_gnomAD	renaming	TSBP1		C6ORF10	ENSG00000204296	ENST00000447241		1.4756e-16	1.183
info	renamed_since_gnomAD	renaming	TSPOAP1		BZRAP1	ENSG00000005379	ENST00000343736		0.00844	0.361
info	renamed_since_gnomAD	renaming	TUT4		ZCCHC11	ENSG00000134744	ENST00000257177		1.0	0.107
info	renamed_since_gnomAD	renaming	TUT7		ZCCHC6	ENSG00000083223	ENST00000375963		1.0	0.107
info	renamed_since_gnomAD	renaming	TWNK		C10ORF2	ENSG00000107815	ENST00000311916		0.0032311	0.559
info	renamed_since_gnomAD	renaming	TYW2		TRMT12	ENSG00000183665	ENST00000328599		0.32607	0.531
info	renamed_since_gnomAD	renaming	UFD1		UFD1L	ENSG00000070010	ENST00000263202		0.99638	0.226
info	renamed_since_gnomAD	renaming	UMAD1		RPA3-AS1	ENSG00000219545	ENST00000406829		0.22503	1.435
info	renamed_since_gnomAD	renaming	UPK3BL1		UPK3BL	ENSG00000267368	ENST00000340457		0.11302	1.845
info	renamed_since_gnomAD	renaming	UQCC3		C11ORF83	ENSG00000204922	ENST00000531323		0.032331	1.825
info	renamed_since_gnomAD	renaming	UQCC4		C16ORF91	ENSG00000174109	ENST00000310355		1.6879e-12	1.832
info	renamed_since_gnomAD	renaming	UQCC5		SMIM4	ENSG00000168273	ENST00000477703		0.19943	1.539
info	renamed_since_gnomAD	renaming	UQCC6		C12ORF73	ENSG00000204954	ENST00000378090		0.024774	1.879
info	renamed_since_gnomAD	renaming	USF3		KIAA2018	ENSG00000176542	ENST00000316407		1.0	0.19
info	renamed_since_gnomAD	renaming	UTP11		UTP11L	ENSG00000183520	ENST00000373014		1.0932e-07	1.177
info	renamed_since_gnomAD	renaming	UTP25		DIEXF	ENSG00000117597	ENST00000491415		1.2381e-06	0.68
info	renamed_since_gnomAD	renaming	UTP4		CIRH1A	ENSG00000141076	ENST00000314423		7.7093e-07	0.656
info	renamed_since_gnomAD	renaming	VARS1		VARS	ENSG00000204394	ENST00000375663		1.8014e-08	0.511
info	renamed_since_gnomAD	renaming	VCF1		FAM104A	ENSG00000133193	ENST00000405159		0.24589	0.843
info	renamed_since_gnomAD	renaming	VCF2		FAM104B	ENSG00000182518	ENST00000425133		0.017574	1.921
info	renamed_since_gnomAD	renaming	VEGFD		FIGF	ENSG00000165197	ENST00000297904		2.498e-05	1.154
info	renamed_since_gnomAD	renaming	VIRMA		KIAA1429	ENSG00000164944	ENST00000297591		0.99438	0.283
info	renamed_since_gnomAD	renaming	VMA12		TMEM199	ENSG00000244045	ENST00000292114		1.9938e-05	1.46
info	renamed_since_gnomAD	renaming	VMA22		CCDC115	ENSG00000136710	ENST00000259229		1.2061e-07	1.78
info	renamed_since_gnomAD	renaming	VPS26C		DSCR3	ENSG00000157538	ENST00000309117		0.00014872	1.061
info	renamed_since_gnomAD	renaming	VPS35L		C16ORF62	ENSG00000103544	ENST00000438132		2.2319e-09	0.573
info	renamed_since_gnomAD	renaming	VPS50		CCDC132	ENSG00000004766	ENST00000305866		0.8139	0.333
info	renamed_since_gnomAD	renaming	VSIR		C10ORF54	ENSG00000107738	ENST00000394957		0.76097	0.467
info	renamed_since_gnomAD	renaming	VXN		C8ORF46	ENSG00000169085	ENST00000305454		0.12991	0.795
info	renamed_since_gnomAD	renaming	WAPL		WAPAL	ENSG00000062650	ENST00000298767		1.0	0.112
info	renamed_since_gnomAD	renaming	WARS1		WARS	ENSG00000140105	ENST00000355338		0.30288	0.492
info	renamed_since_gnomAD	renaming	WASHC2A		FAM21A	ENSG00000099290	ENST00000282633		0.00046322	0.758
info	renamed_since_gnomAD	renaming	WASHC2C		FAM21C	ENSG00000172661	ENST00000374362		9.0284e-13	0.856
info	renamed_since_gnomAD	renaming	WASHC3		CCDC53	ENSG00000120860	ENST00000240079		0.0045705	1.104
info	renamed_since_gnomAD	renaming	WASHC4		KIAA1033	ENSG00000136051	ENST00000332180		2.7872e-06	0.45
info	renamed_since_gnomAD	renaming	WASHC5		KIAA0196	ENSG00000164961	ENST00000318410		8.2703e-18	0.745
info	renamed_since_gnomAD	renaming	WDCP		C2ORF44	ENSG00000163026	ENST00000295148		0.0010242	0.782
info	renamed_since_gnomAD	renaming	WDR97		KIAA1875	ENSG00000179698	ENST00000323662		2.095e-23	0.862
info	renamed_since_gnomAD	renaming	WHR1		STK19	ENSG00000204344	ENST00000375333		6.7428e-09	1.181
info	renamed_since_gnomAD	renaming	WHRN		DFNB31	ENSG00000095397	ENST00000362057		7.6538e-05	0.668
info	renamed_since_gnomAD	renaming	XTBD1		CDKN2AIPNL	ENSG00000237190	ENST00000458198		0.34205	1.062
info	renamed_since_gnomAD	renaming	YAE1		YAE1D1	ENSG00000241127	ENST00000223273		0.001499	1.082
info	renamed_since_gnomAD	renaming	YARS1		YARS	ENSG00000134684	ENST00000373477		0.0010047	0.624
info	renamed_since_gnomAD	renaming	YJU2		CCDC94	ENSG00000105248	ENST00000262962		8.2518e-07	1.095
info	renamed_since_gnomAD	renaming	YJU2B		CCDC130	ENSG00000104957	ENST00000586600		0.0031562	0.771
info	renamed_since_gnomAD	renaming	ZBED11		FAM200B	ENSG00000237765	ENST00000422728		2.0087e-09	1.291
info	renamed_since_gnomAD	renaming	ZBED8		C5ORF54	ENSG00000221886	ENST00000408953		2.6602e-05	0.96
info	renamed_since_gnomAD	renaming	ZBED8L		FAM200A	ENSG00000221909	ENST00000449309		6.4144e-08	1.235
info	renamed_since_gnomAD	renaming	ZBTB35		ZNF131	ENSG00000172262	ENST00000509634		0.99983	0.162
info	renamed_since_gnomAD	renaming	ZC3H11D		C12ORF50	ENSG00000165805	ENST00000298699		4.7252e-07	0.803
info	renamed_since_gnomAD	renaming	ZFTRAF1		CYHR1	ENSG00000187954	ENST00000438911		0.49115	0.528
info	renamed_since_gnomAD	renaming	ZGRF1		C4ORF21	ENSG00000138658	ENST00000505019		2.1633e-42	1.005
info	renamed_since_gnomAD	renaming	ZNF724		ZNF724P	ENSG00000196081	ENST00000418100		0.10729	1.235
info	renamed_since_gnomAD	renaming	ZNF875		HKR1	ENSG00000181666	ENST00000324411		1.6877e-19	1.441
info	renamed_since_gnomAD	renaming	ZNG1A		CBWD1	ENSG00000172785	ENST00000356521		1.369e-06	1.197
info	renamed_since_gnomAD	renaming	ZNG1B		CBWD2	ENSG00000136682	ENST00000259199		0.0061291	0.819
info	renamed_since_gnomAD	renaming	ZNG1C		CBWD3	ENSG00000196873	ENST00000360171		1.326e-06	1.887
info	renamed_since_gnomAD	renaming	ZNG1E		CBWD5	ENSG00000147996	ENST00000377395		0.00045369	1.946
info	renamed_since_gnomAD	renaming	ZNG1F		CBWD6	ENSG00000204790	ENST00000377457		9.8278e-07	1.725
info	renamed_since_gnomAD	renaming	ZNRD2		SSSCA1	ENSG00000173465	ENST00000309328		1.8426e-07	1.725
info	renamed_since_gnomAD	renaming	ZPR1		ZNF259	ENSG00000109917	ENST00000227322		8.9466e-09	0.937
info	renamed_since_gnomAD	renaming	ZSWIM9		C19ORF68	ENSG00000185453	ENST00000328759		0.96181	0.325
info	renamed_since_gnomAD	renaming	ZUP1		ZUFSP	ENSG00000153975	ENST00000368576		2.1193e-09	0.957
info	symbol_conflict_resolved_by_transcript	assignment	OR4M2B	OR4M2	OR4M2	ENSG00000182974	ENST00000332663	OR4M2B	3.9447e-08	1.958
info	symbol_conflict_resolved_by_transcript	assignment	TMIGD3	ADORA3	ADORA3	ENSG00000121933	ENST00000369716	TMIGD3	0.0001441	1.066
