Gene	gnomAD_pLI	transcript	pLI_gnomad_direct	abs_diff
A1BG	4.9917e-09	NM_130786.4	1.7706e-16	4.991699822939999e-09
A1CF	5.9218e-10	NM_014576.4	7.656e-10	1.7342e-10
A2M	4.5229e-11	NM_000014.6	9.7568e-20	4.5228999902432e-11
A2ML1	1.6109e-34	NM_144670.6	1.7126999999999998e-40	1.6108982873e-34
A3GALT2	1.2823e-10	NM_001080438.1	1.0169e-06	1.01677177e-06
A4GALT	7.6668e-06	NM_017436.7	0.075507	0.0754993332
A4GNT	0.16537	NM_016161.3	0.019136	0.14623399999999998
AAAS	2.4356e-13	NM_015665.6	8.9231e-16	2.4266769e-13
AACS	9.1275e-17	NM_023928.5	8.8541e-18	8.24209e-17
AADAC	0.0029108	NM_001086.3	6.3501e-05	0.0028472989999999998
AADACL2	1.0604e-08	NM_207365.4	6.9637e-08	5.9033e-08
AADACL3	0.011889	NM_001103170.3	0.0017704	0.0101186
AADACL4	0.0001543	NM_001013630.2	0.011751	0.0115967
AADAT	0.14641	NM_016228.4	0.46289	0.31648
AAGAB	3.8664e-07	NM_024666.5	1.5706e-08	3.70934e-07
AAK1	1.0	NM_014911.5	0.99999	9.99999999995449e-06
AAMDC	2.2702e-06	NM_024684.4	1.0899e-05	8.628800000000001e-06
AAMP	0.76172	NM_001087.5	0.99998	0.23826000000000003
AANAT	0.002969	NM_001088.3	0.00068842	0.00228058
AAR2	8.3057e-06	NM_001271874.2	5.4204e-12	8.305694579600002e-06
AARD	0.3258	NM_001025357.3	0.00042882	0.32537118
AARS1		NM_001605.3	4.04e-14	
AARS2	4.9777e-17	NM_020745.4	1.8233e-15	1.773523e-15
AARSD1	4.0653e-09	NM_001261434.2	2.3928e-14	4.065276072e-09
AASDH	1.6629e-13	NM_181806.4	3.2904e-18	1.662867096e-13
AASDHPPT	0.033866	NM_015423.3	0.021762	0.012104
AASS	2.3101e-12	NM_005763.4	4.5130999999999994e-21	2.3100999954869e-12
AATF	2.5958e-12	NM_012138.4	2.9704e-13	2.2987599999999998e-12
AATK	0.20634	NM_001080395.3	5.3635e-39	0.20634
ABAT	0.0063216	NM_020686.6	1.1757e-10	0.00632159988243
ABCA1	1.4525e-13	NM_005502.4	2.3118e-12	2.16655e-12
ABCA2	1.0	NM_001606.5	0.99999	9.99999999995449e-06
ABCA3	6.6226e-08	NM_001089.3	1.0831e-10	6.611769e-08
ABCA4	5.3499e-48	NM_000350.3	3.4822e-43	3.482146501e-43
ABCA5	4.7803e-27	NM_172232.4	1.7677000000000002e-24	1.7629197000000003e-24
ABCA6	5.1099e-27	NM_080284.3	2.9592e-33	5.1098970408000004e-27
ABCA7	2.1111e-55	NM_019112.4	7.922e-103	2.1111e-55
ABCA8	1.6089999999999998e-52	NM_001288985.2	9.1537e-44	9.153699983910001e-44
ABCA9	9.4911e-48	NM_080283.4	1.1383e-40	1.138299905089e-40
ABCA10	7.6593e-34	NM_001377321.1	8.7244e-43	7.6592999912756e-34
ABCA12	2.922e-15	NM_173076.3	4.8142e-17	2.873858e-15
ABCA13	8.7753e-114	NM_152701.5	3.0027e-140	8.7753e-114
ABCB1	1.2564e-05	NM_001348946.2	1.891e-05	6.346e-06
ABCB4	2.2138e-07	NM_000443.4	1.7893e-08	2.03487e-07
ABCB5	1.5072e-37	NM_001163941.2	2.1065e-45	1.5071999789350001e-37
ABCB6	8.599900000000001e-19	NM_005689.4	2.0017000000000002e-25	8.599897998300001e-19
ABCB8	1.9164e-15	NM_007188.5	7.4398e-13	7.420636e-13
ABCB9	0.00025164	NM_019625.4	2.9429e-07	0.00025134571
ABCB10	2.9084e-08	NM_012089.3	3.0297e-17	2.9083999969703002e-08
ABCB11	1.5612e-12	NM_003742.4	9.5597e-15	1.5516403e-12
ABCC1	0.0011727	NM_004996.4	1.2436e-06	0.0011714564000000001
ABCC2	5.2025e-47	NM_000392.5	1.5473000000000002e-45	1.4952750000000002e-45
ABCC3	1.2092e-26	NM_003786.4	2.7121999999999997e-28	1.182078e-26
ABCC4	1.0674e-07	NM_005845.5	7.0811e-11	1.06669189e-07
ABCC5	0.0041518	NM_005688.4	0.99932	0.9951682
ABCC6	5.6167e-35	NM_001171.6	1.2351e-33	1.1789330000000001e-33
ABCC8	7.9571e-24	NM_000352.6	9.534400000000001e-33	7.957099990465601e-24
ABCC9	9.3524e-09	NM_020297.4	7.2745e-06	7.2651476e-06
ABCC10	1.2887e-26	NM_001198934.2	1.7526000000000002e-29	1.2869474e-26
ABCC11	3.9884e-46	NM_001370497.1	4.0979e-38	4.097899960116e-38
ABCC12	4.5659e-49	NM_001393797.1	9.7791e-42	9.77909954341e-42
ABCD2	4.7079e-06	NM_005164.4	7.7494e-05	7.27861e-05
ABCD3	0.0078364	NM_002858.4	0.99014	0.9823036
ABCD4	1.3364e-12	NM_005050.4	4.0217e-10	4.008336e-10
ABCE1	0.9738	NM_002940.3	0.99654	0.022739999999999982
ABCF1	1.2823e-09	NM_001025091.2	7.1408e-12	1.2751592e-09
ABCF2	0.011301	NM_007189.3	0.0033779	0.0079231
ABCF3	1.5114e-05	NM_018358.3	1.1095e-12	1.5113998890499999e-05
ABCG1	0.11182	NM_016818.3	0.19578	0.08396
ABCG2	2.0957e-32	NM_004827.3	5.0723e-29	5.0702043e-29
ABCG4	3.8043e-07	NM_022169.5	3.483e-05	3.4449569999999994e-05
ABCG5	3.081e-21	NM_022436.3	8.1322e-20	7.8241e-20
ABCG8	2.3838e-20	NM_022437.3	5.1931e-31	2.383799999948069e-20
ABHD1	3.3799000000000003e-25	NM_032604.4	1.8338e-17	1.833799966201e-17
ABHD2	0.68151	NM_152924.5	0.5507	0.13080999999999998
ABHD3	1.6717e-09	NM_138340.5	2.0979e-15	1.6716979021e-09
ABHD4	2.2197e-08	NM_022060.3	9.7984e-10	2.121716e-08
ABHD5	6.4201e-07	NM_016006.6	3.4236e-07	2.9965e-07
ABHD6	2.2313e-05	NM_001320126.2	1.7139e-08	2.2295861e-05
ABHD8	0.97027	NM_024527.5	0.25012	0.72015
ABHD10	1.2865e-05	NM_018394.4	1.2175e-05	6.900000000000002e-07
ABHD11	0.0029581	NM_148912.4	1.8944e-08	0.0029580810559999998
ABHD12	1.9476e-05	NM_001042472.3	7.5081e-10	1.947524919e-05
ABHD12B	3.7965e-15	NM_001206673.2	5.0333e-12	5.0295035e-12
ABHD13	0.8946	NM_032859.3	0.97685	0.08225000000000005
ABHD14A	6.4241e-06	NM_015407.5	1.3328e-05	6.9039e-06
ABHD14B	0.00014378	NM_001146314.2	7.686e-09	0.000143772314
ABHD15	3.5459e-08	NM_198147.3	2.9886e-13	3.545870114e-08
ABHD16A	0.47336	NM_021160.3	4.0184e-07	0.47335959816
ABHD16B	7.4371e-05	NM_080622.4	3.4725e-09	7.43675275e-05
ABHD17A	0.018945	NM_001130111.2	0.21099	0.19204500000000002
ABHD17B	0.25442	NM_001025780.3	0.85835	0.60393
ABHD17C	0.95762	NM_021214.2	0.012876	0.944744
ABHD18		NM_001358451.3	1.0028e-06	
ABI1	0.63911	NM_001012750.3	0.9998	0.36069000000000007
ABI2	0.43122	NM_001375670.1	0.44932	0.018100000000000005
ABI3	5.0089e-05	NM_016428.3	2.651e-07	4.98239e-05
ABI3BP	1.0074e-08	NM_001375547.2	9.7143e-43	1.0074e-08
ABITRAM		NM_017832.4	8.0601e-05	
ABL1	0.99998	NM_005157.6	1.0	2.0000000000020002e-05
ABL2	3.6365e-07	NM_007314.4	0.0010035	0.00100313635
ABLIM1	0.9301	NM_002313.7	0.69623	0.23387000000000002
ABLIM2	0.0045858	NM_001130083.2	7.759e-10	0.0045857992241000005
ABLIM3	1.0625e-07	NM_014945.5	7.7214e-10	1.0547786000000001e-07
ABR	0.62738	NM_021962.5	0.99996	0.3725799999999999
ABRA	6.1508e-06	NM_139166.5	9.4717e-07	5.203629999999999e-06
ABRACL	0.24171	NM_021243.3	0.11384	0.12787
ABRAXAS1		NM_139076.3	4.4645e-05	
ABRAXAS2		NM_032182.4	0.43358	
ABT1	0.020296	NM_013375.4	0.0001344	0.020161600000000002
ABTB1	2.1295e-05	NM_172027.3	1.4524e-12	2.12949985476e-05
ABTB2	0.0046627	NM_145804.3	3.5697e-10	0.00466269964303
ACAA1	3.5904e-09	NM_001607.4	1.4146e-14	3.5903858539999997e-09
ACAA2	3.7065e-10	NM_006111.3	1.964e-09	1.5933499999999999e-09
ACACA	1.0	NM_198834.3	1.0	0.0
ACACB	7.6499e-47	NM_001093.4	2.7387e-49	7.622513000000001e-47
ACAD8	5.6389e-14	NM_014384.3	6.951e-14	1.3121000000000002e-14
ACAD9	4.5256e-08	NM_014049.5	1.1413e-12	4.52548587e-08
ACAD10	1.0177000000000001e-30	NM_025247.6	6.9671e-34	1.01700329e-30
ACAD11	5.1833e-15	NM_032169.5	1.1192e-17	5.172108e-15
ACADL	1.743e-12	NM_001608.4	3.5387e-14	1.707613e-12
ACADM	2.0548e-12	NM_000016.6	6.8458e-12	4.790999999999999e-12
ACADS	2.8026e-06	NM_000017.4	3.5192e-06	7.166e-07
ACADSB	2.6565e-11	NM_001609.4	7.245e-07	7.24473435e-07
ACADVL	4.2385e-15	NM_000018.4	2.4249999999999997e-22	4.2384997574999994e-15
ACAN	1.0	NM_001369268.1	1.0	0.0
ACAP1	0.067617	NM_014716.4	0.0020255	0.0655915
ACAP2	0.92325	NM_012287.6	0.99673	0.07347999999999999
ACAP3	4.4135e-06	NM_030649.3	1.638e-12	4.413498362e-06
ACAT1	9.8525e-08	NM_000019.4	0.00031856	0.000318461475
ACAT2	5.5303e-07	NM_005891.3	1.9103e-06	1.3572700000000001e-06
ACBD3	0.010653	NM_022735.4	0.0059197	0.004733299999999999
ACBD4	1.0857e-06	NM_001135705.3	2.1826e-12	1.0856978174e-06
ACBD5	0.006148	NM_145698.5	2.2882e-06	0.0061457118
ACBD6	2.2569e-06	NM_032360.4	1.2278e-05	1.00211e-05
ACBD7	0.11605	NM_001039844.3	0.00019634	0.11585366
ACCS	8.9836e-07	NM_032592.4	7.8032e-11	8.98281968e-07
ACCSL	8.5206e-18	NM_001031854.2	4.2141e-15	4.2055794e-15
ACD	1.1148e-12	NM_001082486.2	4.3134e-10	4.302252e-10
ACE	1.0344e-37	NM_000789.4	6.2381e-32	6.238089656e-32
ACER1	0.0021705	NM_133492.3	1.3147e-11	0.002170499986853
ACER2	0.040225	NM_001010887.3	1.4586e-07	0.040224854139999995
ACER3	0.87464	NM_018367.7	0.30464	0.57
ACHE	0.99827	NM_000665.5	0.81412	0.18415000000000004
ACIN1	1.0	NM_001386863.1	1.0	0.0
ACKR1		NM_002036.4	0.01936	
ACKR2	0.001388	NM_001296.5	0.11759	0.116202
ACKR3	0.39134	NM_020311.3	0.98139	0.59005
ACKR4	2.9962e-09	NM_016557.4	0.12264	0.1226399970038
ACLY	0.083556	NM_001096.3	1.0	0.916444
ACMSD	1.392e-08	NM_138326.3	1.8164e-08	4.244e-09
ACO1	3.8322e-18	NM_002197.3	1.5512e-14	1.55081678e-14
ACO2	0.20791	NM_001098.3	0.98113	0.7732199999999999
ACOD1		NM_001258406.2	0.0022454	
ACOT1	6.4141e-05	NM_001037161.2	0.20157	0.201505859
ACOT2	9.3287e-06	NM_006821.6	6.9664e-05	6.0335300000000005e-05
ACOT4	1.0412e-08	NM_152331.4	9.9825e-06	9.972088e-06
ACOT6	0.0035327	NM_001365788.1	6.8e-08	0.003532632
ACOT7	0.75926	NM_007274.4	0.99457	0.2353099999999999
ACOT8	5.9662e-06	NM_005469.4	5.8302e-10	5.9656169799999994e-06
ACOT11	1.0844e-16	NM_147161.4	5.9288999999999995e-21	1.0843407110000001e-16
ACOT12	2.7282e-14	NM_130767.3	4.8476e-13	4.57478e-13
ACOT13	3.1271e-06	NM_018473.4	0.00061171	0.0006085829
ACOX1	0.062095	NM_004035.7	1.7103e-05	0.062077897
ACOX2	2.1841e-10	NM_003500.4	3.611e-16	2.184096389e-10
ACOX3	7.6016e-16	NM_003501.3	8.4687e-23	7.60159915313e-16
ACOXL	5.2479e-15	NM_001142807.4	1.718e-23	5.24789998282e-15
ACP1	1.7531e-08	NM_004300.4	1.4858e-07	1.31049e-07
ACP2	6.2383e-05	NM_001610.4	1.017e-06	6.136600000000001e-05
ACP3		NM_001099.5	4.4344e-07	
ACP4		NM_033068.3	3.0241e-19	
ACP5	0.078651	NM_001611.5	8.6434e-08	0.078650913566
ACP6	2.3344e-13	NM_016361.5	1.4193e-16	2.3329807000000003e-13
ACP7		NM_001004318.3	1.1195e-18	
ACR	0.012215	NM_001097.3	0.00030852	0.01190648
ACRBP	2.6954e-10	NM_032489.3	6.8612e-13	2.6885387999999997e-10
ACRV1	1.2111e-06	NM_001612.6	0.0023017	0.0023004888999999997
ACSBG1	3.959e-05	NM_015162.5	0.0031721	0.0031325100000000002
ACSBG2	1.0757e-10	NM_030924.5	3.6935e-16	1.0756963065e-10
ACSF2	1.4241e-05	NM_025149.6	6.4482e-12	1.42409935518e-05
ACSF3	2.3246e-26	NM_001243279.3	2.6576999999999998e-36	2.3245999997342301e-26
ACSL1	0.0015324	NM_001995.5	0.047811	0.046278599999999996
ACSL3	0.00034758	NM_004457.5	0.010744	0.01039642
ACSL5	2.8888e-09	NM_203379.2	1.4483e-07	1.419412e-07
ACSL6	0.0032201	NM_001009185.3	0.0007987	0.0024214
ACSM1	2.2841e-15	NM_001318890.3	2.6229e-26	2.2840999999737713e-15
ACSM2A	3.2754e-23	NM_001308172.2	3.0224000000000004e-25	3.245176e-23
ACSM2B	6.2689e-26	NM_001105069.2	1.3754e-15	1.375399999937311e-15
ACSM3	1.441e-14	NM_005622.4	5.1473e-16	1.3895269999999999e-14
ACSM4	4.0476000000000003e-19	NM_001080454.2	1.0931e-19	2.9545000000000003e-19
ACSM5	1.1745e-18	NM_017888.3	1.6829e-15	1.6817255e-15
ACSS1	3.0776e-07	NM_032501.4	7.0052e-07	3.9276000000000003e-07
ACSS2	1.1443e-13	NM_018677.4	5.553e-10	5.5518557e-10
ACSS3	5.0483e-13	NM_024560.4	2.5819e-14	4.79011e-13
ACTA1	1.1385e-06	NM_001100.4	3.1036e-06	1.9651e-06
ACTA2	0.93017	NM_001613.4	0.99431	0.06413999999999997
ACTB	0.98564	NM_001101.5	1.0	0.01436000000000004
ACTBL2	5.8166e-16	NM_001017992.4	1.9762e-12	1.97561834e-12
ACTC1	0.73668	NM_005159.5	0.97314	0.23646
ACTG1	0.0047837	NM_001614.5	0.45871	0.4539263
ACTG2	0.071036	NM_001615.4	0.28166	0.21062400000000003
ACTL6A	0.99665	NM_004301.5	1.0	0.003349999999999964
ACTL6B	0.00028347	NM_016188.5	9.6229e-13	0.00028346999903771004
ACTL7A	5.1316e-07	NM_006687.4	1.0553e-08	5.026069999999999e-07
ACTL7B	2.4547e-06	NM_006686.4	1.8885e-07	2.26585e-06
ACTL8	0.31835	NM_030812.3	0.60141	0.28306
ACTL9	0.0040543	NM_178525.5	0.18716	0.18310569999999998
ACTL10	0.08052	NM_001024675.2	0.0027436	0.0777764
ACTN1	0.99997	NM_001130004.2	1.0	2.999999999997449e-05
ACTN2	0.99968	NM_001103.4	0.99996	0.00027999999999994696
ACTN3		NM_001104.4	1.1649000000000001e-24	
ACTN4	1.0	NM_004924.6	1.0	0.0
ACTR1A	0.96621	NM_005736.4	0.99999	0.03378000000000003
ACTR1B	0.0010746	NM_005735.4	2.6759e-09	0.0010745973241
ACTR2	0.99896	NM_005722.4	1.0	0.001040000000000041
ACTR3	0.99986	NM_005721.5	0.99496	0.0049000000000000155
ACTR3B	0.99911	NM_020445.6	0.99999	0.0008799999999999919
ACTR3C	7.2147e-06	NM_001164458.2	0.00028858	0.0002813653
ACTR5	1.1352e-09	NM_024855.4	1.2267e-12	1.1339733e-09
ACTR6	5.4629e-09	NM_022496.5	2.2941e-06	2.2886371000000003e-06
ACTR8	5.4097e-15	NM_022899.5	7.1878e-17	5.337822e-15
ACTR10	0.0015053	NM_018477.3	5.1056e-05	0.001454244
ACTRT2	0.0004766	NM_080431.5	0.28829	0.2878134
ACTRT3	3.7565e-08	NM_032487.5	4.6633e-07	4.28765e-07
ACVR1	0.3254	NM_001111067.4	2.4131e-08	0.32539997586900005
ACVR1B	0.99969	NM_004302.5	0.99992	0.0002300000000000635
ACVR1C	0.00085157	NM_145259.3	0.17453	0.17367843
ACVR2A	0.99972	NM_001616.5	1.0	0.00027999999999994696
ACVR2B	0.83412	NM_001106.4	0.99995	0.16583000000000003
ACVRL1	0.00096719	NM_000020.3	0.51066	0.50969281
ACY1	6.9169e-09	NM_000666.3	1.516e-09	5.4009e-09
ACY3	5.4152e-06	NM_080658.2	1.6724e-06	3.7428e-06
ACYP1	0.070318	NM_001107.5	0.0058814	0.06443660000000001
ACYP2	6.5331e-05	NM_001320586.2	0.067045	0.06697966899999999
ADA	2.8825e-12	NM_000022.4	9.64e-15	2.87286e-12
ADA2		NM_001282225.2	5.39e-06	
ADAD1	0.038952	NM_139243.4	4.1725e-06	0.0389478275
ADAD2	2.3904e-12	NM_001145400.2	4.0954000000000005e-25	2.3903999999995904e-12
ADAM2	1.8889e-22	NM_001464.5	4.654e-11	4.6539999999811114e-11
ADAM7	1.1927000000000002e-19	NM_003817.4	2.2771999999999997e-22	1.1904228000000003e-19
ADAM8	2.1983e-14	NM_001109.5	2.8382999999999997e-40	2.1983e-14
ADAM9	0.029431	NM_003816.3	0.0018051	0.0276259
ADAM10	1.0	NM_001110.4	1.0	0.0
ADAM11	1.0387e-05	NM_002390.6	0.00045604	0.000445653
ADAM12	5.7284e-07	NM_001288973.2	9.8869e-15	5.728399901131e-07
ADAM15	2.4409e-16	NM_207197.3	1.2469e-17	2.3162099999999997e-16
ADAM17	0.99528	NM_003183.6	0.10138	0.8939
ADAM18	6.8847e-35	NM_014237.3	2.4743000000000002e-29	2.4742931153000002e-29
ADAM19	6.8e-05	NM_033274.5	2.7622e-13	6.799999972378e-05
ADAM20		NM_003814.5	0.11894	
ADAM21	3.5771e-12	NM_003813.4	0.1411	0.1410999999964229
ADAM22	0.25101	NM_001324418.2	0.55288	0.30187
ADAM23	0.99709	NM_003812.4	0.99999	0.0029000000000000137
ADAM28	2.9634e-24	NM_014265.6	1.434e-25	2.8199999999999997e-24
ADAM29		NM_014269.4	0.0081078	
ADAM30		NM_021794.4	0.15001	
ADAM32	2.1571e-15	NM_145004.7	5.8986e-14	5.68289e-14
ADAM33	2.1487e-15	NM_025220.5	6.2756e-39	2.1487e-15
ADAMDEC1	3.6295e-16	NM_014479.3	1.3303e-14	1.294005e-14
ADAMTS1	0.71601	NM_006988.5	1.0	0.28398999999999996
ADAMTS2	0.9661	NM_014244.5	0.0010101	0.9650899
ADAMTS3	1.0278e-10	NM_014243.3	1.2131e-09	1.1103200000000002e-09
ADAMTS4	1.9501e-06	NM_005099.6	9.9457e-07	9.555300000000002e-07
ADAMTS5	8.0325e-07	NM_007038.5	7.5384e-12	8.032424616e-07
ADAMTS6	0.99998	NM_197941.4	1.0	2.0000000000020002e-05
ADAMTS7	2.2517e-14	NM_014272.5	6.597800000000001e-19	2.2516340219999998e-14
ADAMTS8	1.1981e-10	NM_007037.6	1.1516e-15	1.198088484e-10
ADAMTS9	1.0004e-06	NM_182920.2	0.86871	0.8687089996
ADAMTS10	0.84288	NM_030957.4	0.99647	0.15359
ADAMTS12	2.4806e-17	NM_030955.4	2.9445e-26	2.4805999970554998e-17
ADAMTS13	5.1409e-15	NM_139027.6	9.996300000000001e-30	5.14089999999999e-15
ADAMTS14	4.7565e-14	NM_080722.4	2.8381e-27	4.756499999999716e-14
ADAMTS15	1.6672e-06	NM_139055.4	0.034184	0.0341823328
ADAMTS16	0.00044629	NM_139056.4	1.8384e-19	0.00044628999999999985
ADAMTS17	2.802e-15	NM_139057.4	2.2942e-31	2.8019999999999998e-15
ADAMTS18	1.0716e-29	NM_199355.4	1.0763e-48	1.0716e-29
ADAMTS19	5.9648e-08	NM_133638.6	5.2776e-18	5.964799999472241e-08
ADAMTS20	4.4533999999999996e-38	NM_025003.5	5.8816e-51	4.453399999999411e-38
ADAMTSL1	3.1241e-12	NM_001040272.6	1.5858000000000001e-24	3.1240999999984143e-12
ADAMTSL2	0.0016001	NM_014694.4	2.271e-08	0.00160007729
ADAMTSL3	1.3662000000000002e-19	NM_207517.3	2.8223e-20	1.0839700000000002e-19
ADAMTSL4	2.6008e-28	NM_019032.6	1.1088e-25	1.1061992e-25
ADAMTSL5	3.7025e-11	NM_213604.3	7.070499999999999e-23	3.70249999999293e-11
ADAP1	0.5333	NM_006869.4	5.3209e-08	0.533299946791
ADAP2	4.2394e-10	NM_018404.3	1.9318e-11	4.04622e-10
ADAR	0.026282	NM_001111.5	0.99972	0.973438
ADARB1	0.80347	NM_001112.4	1.0	0.19652999999999998
ADARB2	0.85603	NM_018702.4	0.0044744	0.8515556
ADAT1	2.5388e-13	NM_001324445.2	2.0916000000000002e-19	2.5387979084e-13
ADAT2	1.007e-07	NM_182503.3	3.754e-08	6.315999999999999e-08
ADAT3	0.0056059	NM_138422.4	0.00056981	0.00503609
ADCK1	9.4776e-15	NM_020421.4	5.801e-09	5.8009905224e-09
ADCK2	3.6479e-07	NM_052853.4	2.7368e-09	3.620532e-07
ADCK5	0.0043693	NM_174922.5	4.5106e-11	0.004369299954894
ADCY1	0.99747	NM_021116.4	1.0	0.0025300000000000322
ADCY2	0.99898	NM_020546.3	1.0	0.0010200000000000209
ADCY3	1.9545e-11	NM_004036.5	3.8965e-11	1.942e-11
ADCY4	1.0791e-18	NM_001198568.2	2.5047e-35	1.0791e-18
ADCY5	0.99928	NM_183357.3	1.0	0.0007200000000000539
ADCY6	0.0058268	NM_015270.5	1.356e-07	0.0058266644
ADCY7	9.4815e-07	NM_001114.5	2.9515e-13	9.4814970485e-07
ADCY8	1.7766e-06	NM_001115.3	0.00049635	0.0004945734
ADCY9	0.97943	NM_001116.4	6.106e-05	0.9793689400000001
ADCY10	7.383400000000001e-41	NM_018417.6	1.2558999999999999e-38	1.2485165999999999e-38
ADCYAP1	0.52424	NM_001099733.2	0.22329	0.30095000000000005
ADCYAP1R1	7.2275e-10	NM_001118.5	7.4456e-09	6.72285e-09
ADD1	0.9883	NM_001354761.2	1.0	0.011700000000000044
ADD2	0.9961	NM_001617.4	1.0	0.0039000000000000146
ADD3	0.9988	NM_016824.5	0.99998	0.0011799999999999589
ADGB	3.7201e-22	NM_024694.4	1.5097e-32	3.72009999984903e-22
ADGRA1		NM_001083909.3	0.0024377	
ADGRA2		NM_032777.10	1.2256e-15	
ADGRA3		NM_145290.4	4.5445e-05	
ADGRB1		NM_001702.3	1.0	
ADGRB2		NM_001364857.2	1.0	
ADGRB3		NM_001704.3	1.0	
ADGRD1		NM_198827.5	5.0406e-12	
ADGRE1		NM_001974.5	2.7265e-22	
ADGRE2		NM_013447.4	3.7208e-23	
ADGRE3		NM_032571.5	2.5264000000000002e-24	
ADGRE5		NM_078481.4	9.3388e-19	
ADGRF1		NM_153840.4	5.3118e-24	
ADGRF3		NM_001321971.2	4.7081e-26	
ADGRF4		NM_153838.5	1.1036e-16	
ADGRF5		NM_001098518.2	5.3761e-08	
ADGRG1		NM_201525.4	6.3056e-12	
ADGRG3		NM_170776.5	1.1337e-09	
ADGRG5		NM_001304376.3	9.8434e-10	
ADGRG6		NM_198569.3	0.16537	
ADGRG7		NM_032787.3	1.4692e-15	
ADGRL1		NM_014921.5	1.0	
ADGRL2		NM_001366006.2	1.0	
ADGRL3		NM_001387552.1	0.99956	
ADGRL4		NM_022159.4	1.7279e-27	
ADGRV1		NM_032119.4	6.4034e-36	
ADH1A	1.7118e-11	NM_000667.4	8.7674e-09	8.750282e-09
ADH1B	9.934e-07	NM_000668.6	1.2869e-06	2.934999999999998e-07
ADH1C		NM_000669.5	5.1629e-07	
ADH4	8.0684e-07	NM_000670.5	1.8113e-06	1.00446e-06
ADH5	2.5356e-11	NM_000671.4	9.2579e-09	9.232544000000001e-09
ADH6	1.6373e-06	NM_001102470.2	5.8588e-11	1.637241412e-06
ADH7	1.5123e-11	NM_000673.7	6.4586e-15	1.51165414e-11
ADHFE1	8.5168e-09	NM_144650.3	9.9156e-09	1.3988000000000006e-09
ADI1	3.1509e-05	NM_018269.4	1.0815e-10	3.1508891849999996e-05
ADIG		NM_001393816.1	1.2014e-05	
ADIPOQ	4.6434e-09	NM_004797.4	3.6258e-09	1.0175999999999999e-09
ADIPOR1	0.6584	NM_015999.6	0.7792	0.12080000000000002
ADIPOR2	0.36218	NM_024551.3	0.17629	0.18589
ADIRF	0.036481	NM_006829.3	0.00011975	0.03636125
ADK	0.00031276	NM_006721.4	0.00021733	9.542999999999997e-05
ADM	0.040831	NM_001124.3	0.90376	0.8629290000000001
ADM2	0.020009	NM_001253845.2	0.00012314	0.019885859999999998
ADM5	0.39555	NM_001101340.2	0.21076	0.18479
ADNP	1.0	NM_001282531.3	1.0	0.0
ADNP2	0.69573	NM_014913.4	0.18308	0.5126499999999999
ADO	0.48027	NM_032804.6	0.0012344	0.47903559999999995
ADORA1	0.015215	NM_000674.3	0.86185	0.846635
ADORA2A	0.5971	NM_000675.6	0.030226	0.566874
ADORA2B	1.7674e-05	NM_000676.4	3.4881e-08	1.7639119e-05
ADORA3	0.0001441	NM_000677.4	0.12765	0.1275059
ADPGK	0.0052215	NM_001365225.1	8.237e-07	0.005220676299999999
ADPRH	2.991e-06	NM_001125.4	6.5355e-09	2.9844645e-06
ADPRHL1	3.491e-11	NM_001394807.1	6.3996e-15	3.49036004e-11
ADPRM	0.00039545	NM_020233.5	0.00024482	0.00015063
ADPRS		NM_017825.3	3.3734e-08	
ADRA1A	3.3722e-07	NM_000680.4	3.6545e-11	3.37183455e-07
ADRA1B	0.13541	NM_000679.4	1.8158e-06	0.1354081842
ADRA1D	4.0117e-05	NM_000678.4	4.4147e-10	4.011655853e-05
ADRA2A	0.00081816	NM_000681.4	0.0045237	0.0037055400000000002
ADRA2B	4.4533e-06	NM_000682.7	8.3783e-07	3.61547e-06
ADRA2C	0.50159	NM_000683.4	0.16791	0.33368
ADRB1	2.8786e-06	NM_000684.3	0.11145	0.11144712139999999
ADRB2	0.52545	NM_000024.6	0.001018	0.524432
ADRB3	2.4637e-07	NM_000025.3	2.8276e-16	2.4636999971724e-07
ADRM1	0.99704	NM_007002.4	1.0	0.0029599999999999627
ADSL	8.9207e-12	NM_000026.4	2.8047e-10	2.715493e-10
ADSS1		NM_152328.5	9.893e-19	
ADSS2		NM_001126.5	0.13716	
ADTRP	4.0967e-07	NM_032744.4	1.4591e-05	1.418133e-05
AEBP1	7.3471e-11	NM_001129.5	6.2634e-13	7.284466e-11
AEBP2	0.99921	NM_153207.5	0.9868	0.012410000000000032
AEN	2.0092e-10	NM_022767.4	8.6278e-09	8.42688e-09
AFAP1	2.3828e-07	NM_001134647.2	1.2782e-17	2.38279999987218e-07
AFAP1L1	4.9556e-14	NM_152406.4	1.0845e-20	4.9555989155e-14
AFAP1L2	0.0021581	NM_001001936.3	0.00032142	0.00183668
AFDN		NM_001386888.1	1.0	
AFF1	0.71038	NM_001166693.3	0.94566	0.23527999999999993
AFF3	0.99996	NM_001386135.1	1.0	4.0000000000040004e-05
AFF4	1.0	NM_014423.4	1.0	0.0
AFG1L		NM_145315.5	5.7967e-05	
AFG3L2	5.2511e-09	NM_006796.3	1.0227e-08	4.9759e-09
AFM	4.2654e-19	NM_001133.2	2.2172000000000002e-25	4.2653977828e-19
AFMID	4.4977e-09	NM_001010982.5	5.3725e-11	4.443975e-09
AFP	1.1383e-11	NM_001134.3	5.2276e-14	1.1330724e-11
AGA	4.2802e-06	NM_000027.4	3.0493e-05	2.62128e-05
AGAP1	0.99984	NM_001037131.3	1.0	0.000160000000000049
AGAP2	0.99816	NM_001122772.3	0.99999	0.0018299999999999983
AGAP3	0.91091	NM_031946.7	1.0	0.08909
AGAP4		NM_001276343.3	0.19089	
AGAP5	0.0059176	NM_001144000.4	0.46601	0.46009239999999996
AGAP6	2.5867e-06	NM_001077665.3	5.9877e-05	5.72903e-05
AGAP9		NM_001190810.1	0.000495	
AGBL1	1.4377000000000002e-30	NM_001386094.1	2.6955999999999997e-46	1.4376999999999998e-30
AGBL2	3.9622e-16	NM_024783.4	1.2893e-17	3.83327e-16
AGBL3	4.1796e-16	NM_178563.4	9.5555e-11	9.555458204e-11
AGBL4	2.4767e-06	NM_032785.4	3.9504e-15	2.4766999960496e-06
AGBL5	2.3696e-08	NM_021831.6	1.6548e-08	7.147999999999999e-09
AGER	6.3528e-16	NM_001136.5	2.6621e-14	2.5985720000000002e-14
AGFG1	0.99276	NM_004504.5	1.0	0.007240000000000024
AGFG2	0.00025383	NM_006076.5	2.0088e-06	0.00025182119999999996
AGGF1	2.7334e-05	NM_018046.5	4.6139e-09	2.73293861e-05
AGK	5.9973e-09	NM_018238.4	7.3523e-06	7.3463026999999995e-06
AGL	2.7564e-27	NM_000642.3	1.0329999999999999e-22	1.0329724359999999e-22
AGMAT	1.2369e-07	NM_024758.5	4.9676e-16	1.2368999950324e-07
AGMO	6.7791e-26	NM_001004320.2	6.4021e-16	6.40209999932209e-16
AGO1	1.0	NM_012199.5	1.0	0.0
AGO2	1.0	NM_012154.5	1.0	0.0
AGO3	0.99997	NM_024852.4	1.0	2.999999999997449e-05
AGO4	0.9999	NM_017629.4	1.0	9.999999999998899e-05
AGPAT1	0.97215	NM_006411.4	0.99968	0.027530000000000054
AGPAT2	1.236e-07	NM_006412.4	7.177e-06	7.0534e-06
AGPAT3	0.99933	NM_020132.5	1.0	0.0006699999999999484
AGPAT4	0.1021	NM_020133.3	0.9973	0.8952
AGPAT5	7.0782e-06	NM_018361.5	3.3307e-14	7.078199966693e-06
AGPS	1.0	NM_003659.4	0.99977	0.00022999999999995246
AGR2	9.2381e-08	NM_006408.4	1.6551e-07	7.3129e-08
AGR3	2.2088e-19	NM_176813.5	2.711e-09	2.71099999977912e-09
AGRN	5.4727e-07	NM_198576.4	1.5815e-20	5.472699999999842e-07
AGRP	0.00069912	NM_001138.2	0.018192	0.01749288
AGT	4.9706e-08	NM_001384479.1	1.6897e-08	3.2809e-08
AGTPBP1	0.42151	NM_001330701.2	0.0066485	0.4148615
AGTR1	0.00053161	NM_000685.5	7.219e-05	0.00045942
AGTRAP	0.18842	NM_020350.5	0.12563	0.06279000000000001
AGXT	1.2332e-07	NM_000030.3	2.0059e-14	1.23319979941e-07
AGXT2	3.7107999999999997e-28	NM_031900.4	1.3802e-18	1.3801999996289199e-18
AHCTF1	1.0	NM_001323342.2	1.0	0.0
AHCY	0.035922	NM_000687.4	0.00093098	0.034991020000000005
AHCYL1	0.99429	NM_006621.7	1.0	0.005709999999999993
AHCYL2	0.99127	NM_015328.4	0.91149	0.07977999999999996
AHDC1	1.0	NM_001371928.1	1.0	0.0
AHI1	1.0773e-25	NM_001134831.2	2.6598000000000003e-30	1.077273402e-25
AHNAK	0.89827	NM_001620.3	0.0002226	0.8980474
AHNAK2	0.00064799	NM_138420.4	0.00025356	0.00039443
AHR	0.99999	NM_001621.5	0.007994	0.9919960000000001
AHRR	0.00018111	NM_001377236.1	1.1095e-06	0.00018000050000000002
AHSA1	0.99896	NM_012111.3	0.97802	0.02093999999999996
AHSG	3.209e-10	NM_001622.4	1.136e-05	1.13596791e-05
AHSP	0.0003287	NM_016633.4	0.0027368	0.0024081000000000003
AICDA	9.2098e-06	NM_020661.4	1.2839e-05	3.6292000000000008e-06
AIDA	0.00015469	NM_022831.4	0.93307	0.9329153099999999
AIF1	1.8793e-06	NM_001623.5	1.9979e-07	1.67951e-06
AIF1L	0.0063739	NM_031426.4	0.0012316	0.0051423
AIFM2	1.1064e-05	NM_032797.6	1.6036e-13	1.106399983964e-05
AIFM3	1.9474e-14	NM_001386814.1	2.2617e-22	1.947399977383e-14
AIG1	3.6161e-07	NM_016108.4	6.8925e-07	3.2764e-07
AIM2	2.1942e-09	NM_004833.3	1.1254e-11	2.182946e-09
AIMP1	3.0411e-07	NM_001142416.2	6.2809e-05	6.250489e-05
AIMP2	0.008024	NM_006303.4	2.3887e-06	0.0080216113
AIP	0.36163	NM_003977.4	0.28135	0.08028000000000002
AIPL1	1.222e-05	NM_014336.5	7.0113e-07	1.151887e-05
AIRE	4.0468e-12	NM_000383.4	2.864e-16	4.0465136e-12
AJAP1	0.99469	NM_018836.4	0.99921	0.0045200000000000795
AJM1		NM_001080482.5	2.4787e-06	
AJUBA	0.79717	NM_032876.6	0.4294	0.36777000000000004
AK1	0.027319	NM_000476.3	0.0078122	0.019506799999999998
AK2	6.2706e-05	NM_001625.4	0.00086478	0.000802074
AK3	0.0001135	NM_016282.4	3.3565e-10	0.00011349966435
AK4	0.13353	NM_013410.4	0.010184	0.12334600000000001
AK5	0.0033057	NM_174858.3	0.97996	0.9766543000000001
AK6		NM_016283.5	9.1273e-09	
AK7	3.0553e-13	NM_152327.5	1.1629e-15	3.043671e-13
AK8	2.0053e-11	NM_152572.3	1.1284e-13	1.994016e-11
AK9	3.6869999999999997e-26	NM_001145128.3	2.6186e-37	3.686999999973814e-26
AKAIN1		NM_001145194.2	0.11342	
AKAP1	0.74238	NM_003488.4	0.67115	0.07123000000000002
AKAP3	0.056438	NM_001278309.2	0.021293	0.035145
AKAP5	0.65191	NM_004857.3	0.66209	0.010179999999999967
AKAP6	0.99983	NM_004274.5	1.0	0.00017000000000000348
AKAP7	2.8942e-07	NM_016377.4	6.8781e-09	2.825419e-07
AKAP8	0.66425	NM_005858.4	0.99314	0.32889
AKAP8L	0.028839	NM_014371.4	0.018734	0.010105
AKAP9	4.5249e-17	NM_005751.5	1.5523999999999999e-43	4.5249e-17
AKAP10	0.10782	NM_007202.4	0.99999	0.89217
AKAP11	0.97878	NM_016248.4	1.0	0.021220000000000017
AKAP12	0.035666	NM_005100.4	0.97372	0.938054
AKAP13	0.92909	NM_007200.5	1.0	0.07091000000000003
AKIP1	1.1363e-05	NM_020642.4	1.0825e-05	5.379999999999989e-07
AKIRIN1	0.79347	NM_024595.3	0.99261	0.19913999999999998
AKIRIN2	0.92355	NM_018064.4	0.99192	0.06837000000000004
AKNA	0.00012945	NM_001317950.2	2.1934e-08	0.00012942806600000002
AKNAD1	3.6153e-23	NM_152763.5	2.093e-16	2.09299963847e-16
AKR1A1	6.6621e-07	NM_153326.3	6.6523e-06	5.9860899999999995e-06
AKR1B1	2.0216e-05	NM_001628.4	0.00073369	0.000713474
AKR1B10	7.5723e-09	NM_020299.5	1.2141e-13	7.572178589999999e-09
AKR1B15	3.6787e-22	NM_001080538.3	8.3094e-18	8.30903213e-18
AKR1C1	3.524e-15	NM_001353.6	3.345e-10	3.34496476e-10
AKR1C2	6.8956e-11	NM_001393392.1	8.8515e-07	8.85081044e-07
AKR1C3	7.581200000000001e-24	NM_003739.6	8.9689e-11	8.968899999999241e-11
AKR1C4	2.2341e-17	NM_001818.5	5.3623e-13	5.362076590000001e-13
AKR1D1	1.7175e-07	NM_005989.4	7.4662e-09	1.642838e-07
AKR1E2	2.0973e-11	NM_001040177.3	2.5795e-15	2.09704205e-11
AKR7A2	1.9938e-10	NM_003689.4	9.4203e-09	9.220920000000001e-09
AKR7A3	1.0209e-19	NM_012067.3	5.944e-14	5.943989791e-14
AKT1	0.9759	NM_001382430.1	0.99545	0.019549999999999956
AKT1S1	0.111	NM_001098633.4	1.3423e-06	0.1109986577
AKT2	0.64432	NM_001626.6	0.99996	0.35563999999999996
AKT3	0.99958	NM_005465.7	0.99015	0.00943000000000005
AKTIP	0.40379	NM_022476.4	0.37378	0.03000999999999998
ALAD	5.6185e-05	NM_000031.6	0.097632	0.097575815
ALAS1	0.10979	NM_000688.6	0.0028188	0.1069712
ALB	0.64329	NM_000477.7	0.1093	0.5339900000000001
ALCAM	0.73267	NM_001627.4	0.99519	0.26252
ALDH1A1	0.95448	NM_000689.5	0.87463	0.07984999999999998
ALDH1A2	0.36331	NM_003888.4	0.16502	0.19829000000000002
ALDH1A3	0.14128	NM_000693.4	0.0037408	0.1375392
ALDH1B1	2.6981e-06	NM_000692.5	3.6419e-06	9.437999999999998e-07
ALDH1L1	1.4114e-11	NM_012190.4	2.5911e-15	1.4111408900000001e-11
ALDH1L2	1.7337e-17	NM_001034173.4	3.7563000000000003e-25	1.733699962437e-17
ALDH2	3.3959e-10	NM_000690.4	5.9378e-11	2.80212e-10
ALDH3A1	3.9013e-17	NM_000691.5	3.5553e-16	3.1651699999999996e-16
ALDH3A2	9.4055e-06	NM_000382.3	8.6514e-09	9.3968486e-06
ALDH3B1	6.2437e-06	NM_000694.4	5.5371e-12	6.2436944629e-06
ALDH4A1	1.3725e-05	NM_003748.4	2.0602e-11	1.3724979398e-05
ALDH5A1	3.0504e-07	NM_001080.3	2.1451e-07	9.052999999999998e-08
ALDH6A1	7.5619e-10	NM_005589.4	4.5152e-09	3.759010000000001e-09
ALDH7A1	1.3923e-22	NM_001182.5	1.2571e-16	1.2570986077e-16
ALDH8A1	2.4846e-12	NM_022568.4	5.3411e-12	2.8565e-12
ALDH9A1	1.0995e-11	NM_000696.4	4.3291e-08	4.3280005e-08
ALDH16A1	2.3658e-20	NM_153329.4	4.4086e-30	2.36579999955914e-20
ALDH18A1	0.00081212	NM_002860.4	0.00013089	0.0006812300000000001
ALDOA	0.0013228	NM_001243177.4	2.3604e-05	0.001299196
ALDOB	7.8786e-07	NM_000035.4	2.3588e-11	7.87836412e-07
ALDOC	0.092245	NM_005165.3	0.00027555	0.09196945
ALG1	3.6220000000000004e-19	NM_019109.5	1.6267e-25	3.6219983733000003e-19
ALG1L2		NM_001136152.1	3.3746e-13	
ALG2	8.0497e-05	NM_033087.4	5.5991e-12	8.04969944009e-05
ALG3	3.6777e-10	NM_005787.6	1.7952e-10	1.8825000000000002e-10
ALG5	0.46347	NM_013338.5	0.015945	0.447525
ALG6	0.00030541	NM_013339.4	2.2406e-05	0.000283004
ALG8	1.1804e-08	NM_024079.5	1.8738e-10	1.1616619999999999e-08
ALG9	0.00064044	NM_024740.2	1.3976e-12	0.0006404399986024
ALG10	1.3151e-06	NM_032834.4	5.8848e-06	4.5697e-06
ALG10B	2.0263e-08	NM_001013620.4	1.6377e-07	1.43507e-07
ALG11	6.1729e-09	NM_001004127.3	1.5591e-06	1.5529271e-06
ALG12	1.1758e-07	NM_024105.4	1.4977e-09	1.160823e-07
ALG14	0.00093727	NM_144988.4	7.0391e-05	0.0008668790000000001
ALK	3.2299e-06	NM_004304.5	3.8217e-06	5.918e-07
ALKAL1		NM_207413.4	7.9389e-06	
ALKAL2		NM_001002919.3	0.025534	
ALKBH1	4.8961e-06	NM_006020.3	2.4628e-08	4.871472e-06
ALKBH2	0.0032745	NM_001145374.2	5.3215e-07	0.00327396785
ALKBH3	2.7442e-12	NM_139178.4	3.5288e-16	2.74384712e-12
ALKBH4	0.12598	NM_017621.4	0.0041694	0.1218106
ALKBH5	0.94974	NM_017758.4	1.0	0.05025999999999997
ALKBH6	0.10641	NM_032878.5	6.5151e-07	0.10640934849
ALKBH7	1.7207e-06	NM_032306.4	1.1462e-09	1.7195538000000001e-06
ALKBH8	0.00020414	NM_138775.3	2.7075e-05	0.000177065
ALLC	4.2324e-16	NM_018436.4	5.2281e-11	5.2280576760000004e-11
ALMS1	4.4999e-60	NM_001378454.1	2.1295e-65	4.4998787050000004e-60
ALOX5	1.2059e-06	NM_000698.5	7.7684e-17	1.205899999922316e-06
ALOX5AP	0.070729	NM_001629.4	0.13095	0.06022100000000001
ALOX12	1.4397e-15	NM_000697.3	8.9707e-16	5.426299999999999e-16
ALOX12B	0.00075626	NM_001139.3	3.6631e-10	0.00075625963369
ALOX15	1.1397e-23	NM_001140.5	7.4766e-21	7.465203e-21
ALOX15B	1.4819e-18	NM_001141.3	2.2638e-27	1.4818999977362e-18
ALOXE3	5.1284e-20	NM_021628.3	5.0055e-23	5.1233945e-20
ALPG		NM_031313.3	1.0455e-09	
ALPI	2.4527e-18	NM_001631.5	3.4185e-16	3.3939730000000005e-16
ALPK1	1.0188e-19	NM_025144.4	1.3166e-32	1.0187999999998683e-19
ALPK2	1.0375999999999998e-21	NM_052947.4	3.4526000000000003e-31	1.0375999996547398e-21
ALPK3	8.415800000000001e-25	NM_020778.5	2.279e-26	8.187900000000001e-25
ALPL	0.0003636	NM_000478.6	1.7059e-11	0.000363599982941
ALPP	1.8144e-13	NM_001632.5	4.845e-12	4.66356e-12
ALS2	8.7204e-12	NM_020919.4	2.816e-17	8.72037184e-12
ALS2CL	4.297000000000001e-28	NM_147129.5	5.2250999999999996e-37	4.296999994774901e-28
ALX1	0.17618	NM_006982.3	0.00060691	0.17557309000000001
ALX3	0.019117	NM_006492.3	7.4098e-05	0.019042901999999997
ALX4	0.35736	NM_021926.4	3.2775e-05	0.357327225
ALYREF	0.92567	NM_005782.4	0.99971	0.07404
AMACR	0.027363	NM_014324.6	1.0248e-05	0.027352751999999998
AMBN	1.0497e-09	NM_016519.6	2.6606e-12	1.0470394e-09
AMBP	2.7886e-13	NM_001633.4	5.4457e-11	5.417814e-11
AMBRA1	1.0	NM_001387011.1	0.93732	0.06267999999999996
AMD1	0.98227	NM_001634.6	0.99693	0.014660000000000006
AMDHD1	3.1269e-08	NM_152435.3	2.3957e-13	3.126876043e-08
AMDHD2	0.002313	NM_001330449.2	2.1624e-05	0.002291376
AMER2	0.083487	NM_152704.4	0.83912	0.755633
AMER3	0.61869	NM_152698.3		
AMFR	5.8368e-05	NM_001144.6	0.00062362	0.0005652519999999999
AMH	3.3974e-12	NM_000479.5	1.0623000000000001e-19	3.39739989377e-12
AMHR2	2.7013e-10	NM_020547.3	2.7267e-07	2.7239987000000004e-07
AMIGO1	0.98411	NM_020703.4	1.0	0.01588999999999996
AMIGO2	0.59743	NM_001370299.1	0.00011286	0.59731714
AMIGO3	0.00020785	NM_198722.3	0.00020745	4.000000000000097e-07
AMMECR1L	0.9913	NM_001199140.2	0.99999	0.008690000000000087
AMN	0.00026529	NM_030943.4	1.8277e-15	0.0002652899999981723
AMN1	0.32526	NM_001113402.2	0.0078309	0.3174291
AMOTL1	0.0018316	NM_130847.3	0.0029055	0.0010739
AMOTL2	0.15515	NM_016201.4	0.056222	0.09892800000000002
AMPD1	1.9099e-21	NM_000036.3	7.158799999999999e-21	5.2488999999999986e-21
AMPD2	4.5084e-07	NM_001368809.2	1.3901e-08	4.3693899999999997e-07
AMPD3	1.1323e-12	NM_001025389.2	1.5297e-12	3.974000000000001e-13
AMPH	1.7006e-05	NM_001635.4	1.6051e-06	1.54009e-05
AMT	0.0027214	NM_000481.4	0.00010023	0.00262117
AMTN	8.1348e-11	NM_212557.4	5.1559e-10	4.3424199999999996e-10
AMY1A	0.00032325	NM_004038.4	0.070662	0.07033875
AMY1C	0.0033974	NM_001008219.3	0.87039	0.8669926
AMY2A	8.5411e-12	NM_000699.4	0.01822	0.0182199999914589
AMY2B	5.884400000000001e-30	NM_001387437.1	1.9898999999999998e-26	1.98931156e-26
AMZ1	3.7114e-23	NM_001384743.1	4.1978e-19	4.19742886e-19
AMZ2	2.0652e-09	NM_016627.5	1.5011e-06	1.4990348e-06
ANAPC1	0.94532	NM_022662.4	1.0	0.05467999999999995
ANAPC2	0.99993	NM_013366.4	0.99028	0.009649999999999936
ANAPC4	0.00069453	NM_013367.3	2.8288e-08	0.0006945017119999999
ANAPC5	1.6499e-09	NM_016237.5	1.6677e-12	1.6482323000000001e-09
ANAPC7	0.8485	NM_016238.3	0.99414	0.14564
ANAPC10	0.0055077	NM_001256706.2	0.51575	0.5102423
ANAPC11	0.33285	NM_001002248.3	0.54592	0.21306999999999998
ANAPC13	0.0013703	NM_015391.4	0.00073928	0.00063102
ANAPC15	0.29581	NM_014042.3	0.018212	0.277598
ANAPC16	0.022882	NM_173473.4	0.33811	0.315228
ANG	0.28738	NM_001097577.3	0.41982	0.13244
ANGEL1	9.2452e-09	NM_015305.4	3.7645e-17	9.245199962355e-09
ANGEL2	5.565e-06	NM_144567.5	3.0779e-08	5.534221e-06
ANGPT1	0.95208	NM_001146.5	0.99987	0.04779
ANGPT2	0.83208	NM_001118887.2	0.031906	0.800174
ANGPT4	4.5492e-15	NM_015985.4	1.5442e-16	4.39478e-15
ANGPTL1	1.2103e-10	NM_004673.4	1.0041e-09	8.830700000000001e-10
ANGPTL2	0.0014712	NM_012098.3	0.014026	0.0125548
ANGPTL3	1.6455e-13	NM_014495.4	1.4168e-11	1.400345e-11
ANGPTL4	2.3089e-11	NM_139314.3	3.696e-16	2.30886304e-11
ANGPTL5	4.1332e-10	NM_178127.5	2.5851e-06	2.58468668e-06
ANGPTL6	2.3705e-08	NM_031917.3	1.8601e-16	2.370499981399e-08
ANGPTL7	9.168e-17	NM_021146.4	1.8591e-12	1.85900832e-12
ANGPTL8		NM_018687.7	2.0296e-10	
ANHX	0.22619	NM_001372060.1	0.00088956	0.22530044
ANK1	1.0	NM_000037.4	1.0	0.0
ANK2	1.0	NM_001148.6	1.0	0.0
ANK3	1.0	NM_020987.5	1.0	0.0
ANKAR	1.02e-31	NM_001378068.1	5.6721000000000004e-33	9.63279e-32
ANKDD1A	7.7415e-17	NM_182703.6	7.6013e-16	6.82715e-16
ANKDD1B	1.4401e-06	NM_001276713.2	1.1295e-07	1.32715e-06
ANKEF1	8.5371e-10	NM_022096.6	2.0997e-06	2.09884629e-06
ANKFN1	2.0906e-10	NM_001370326.1	5.0599e-11	1.58461e-10
ANKFY1	0.95629	NM_001330063.2	0.99797	0.04168000000000005
ANKH	0.27856	NM_054027.6	0.99706	0.7184999999999999
ANKHD1	1.0	NM_017747.3	1.0	0.0
ANKIB1	0.99996	NM_019004.2	0.34002	0.65994
ANKK1	7.4008e-12	NM_178510.2	9.643e-14	7.304369999999999e-12
ANKLE1	5.2059e-18	NM_152363.6	2.305e-22	5.2056695e-18
ANKLE2	1.0099e-10	NM_015114.3	2.9547e-12	9.80353e-11
ANKMY1	2.6293e-24	NM_001282771.3	3.1232e-33	2.6292999968768e-24
ANKMY2	3.5166e-06	NM_020319.3	2.0856e-08	3.4957439999999998e-06
ANKRA2	3.5443e-06	NM_023039.5	3.8479e-10	3.54391521e-06
ANKRD1	2.6259e-10	NM_014391.3	7.6168e-09	7.35421e-09
ANKRD2	1.4714e-08	NM_001346793.2	1.0919e-13	1.471389081e-08
ANKRD6	1.1728e-11	NM_001242809.2	6.9313e-12	4.7967e-12
ANKRD7	4.2975e-06	NM_019644.4	2.7634e-06	1.5340999999999998e-06
ANKRD9	0.29363	NM_152326.4	4.1694e-07	0.29362958306
ANKRD10	0.1645	NM_017664.4	0.00017098	0.16432902000000002
ANKRD11	1.0	NM_013275.6	1.0	0.0
ANKRD12	1.0	NM_015208.5	1.0194e-07	0.99999989806
ANKRD13A	0.00020646	NM_033121.2	4.7242e-07	0.00020598758
ANKRD13B	0.36217	NM_152345.5	0.00033214	0.36183786
ANKRD13C	0.99793	NM_030816.5	0.99669	0.0012400000000000189
ANKRD13D	0.34912	NM_207354.3	0.54585	0.19672999999999996
ANKRD16	7.4267e-10	NM_019046.3	1.6814e-10	5.7453e-10
ANKRD17	1.0	NM_032217.5	1.0	0.0
ANKRD18A	8.7789e-11	NM_147195.4	2.9181e-14	8.775981900000001e-11
ANKRD18B	1.492e-10	NM_001393611.1	2.0378e-15	1.491979622e-10
ANKRD20A1	3.3618e-06	NM_032250.5	0.93628	0.9362766382
ANKRD22	1.1192e-09	NM_144590.3	1.3142e-08	1.20228e-08
ANKRD23	3.5366e-19	NM_144994.8	1.9405e-23	3.5364059500000004e-19
ANKRD24	3.2559e-16	NM_001393985.1	6.131899999999999e-40	3.2559e-16
ANKRD26	3.5745e-24	NM_014915.3	1.9855e-20	1.98514255e-20
ANKRD27	3.8647e-31	NM_032139.3	5.9527e-27	5.95231353e-27
ANKRD28	1.0	NM_001349278.2	0.99917	0.0008299999999999974
ANKRD29	6.3522e-09	NM_173505.4	9.8159e-09	3.4637e-09
ANKRD30A	2.6849999999999998e-45	NM_052997.3	1.3948999999999999e-46	2.5455099999999998e-45
ANKRD30B	1.5987999999999998e-21	NM_001367607.2	1.4115e-23	1.5846849999999999e-21
ANKRD30BL		NM_001358416.1	0.00057109	
ANKRD31	1.8697e-21	NM_001372053.1	3.0539e-24	1.8666461e-21
ANKRD33	1.4957e-17	NM_182608.4	5.3205e-09	5.320499985043001e-09
ANKRD33B	0.43225	NM_001164440.2	0.70044	0.26818999999999993
ANKRD34A	0.98103	NM_001039888.4	0.9914	0.01036999999999999
ANKRD34B	1.8309e-14	NM_001004441.3		
ANKRD34C	0.21455	NM_001146341.2	0.24036	0.02581
ANKRD35	1.6568e-25	NM_144698.5	1.1716e-31	1.6567988284e-25
ANKRD36	8.3217e-86	NM_001354587.1	3.9648000000000004e-55	3.9648000000000004e-55
ANKRD36B		NM_001393939.1	0.14331	
ANKRD37	0.00053673	NM_181726.4	8.1343e-06	0.0005285957
ANKRD39	0.00090169	NM_016466.6	1.4079e-06	0.0009002821
ANKRD40	0.25435	NM_052855.4	5.1839e-06	0.25434481610000004
ANKRD42	2.1439e-10	NM_001300975.2	2.7598e-12	2.1163019999999998e-10
ANKRD44	0.33657	NM_001195144.2	1.0	0.66343
ANKRD45	0.00058172	NM_198493.3	2.0456e-06	0.0005796744
ANKRD46	0.51507	NM_001270377.2	0.0044588	0.5106112
ANKRD49	0.00053732	NM_017704.3	5.4088e-05	0.000483232
ANKRD50	0.9792	NM_020337.3	0.99992	0.02072000000000007
ANKRD52	1.0	NM_173595.4	1.0	0.0
ANKRD53	4.0883e-07	NM_001115116.2	2.8779e-10	4.0854221e-07
ANKRD54	0.002006	NM_138797.4	5.2004e-08	0.002005947996
ANKRD55	6.7577e-08	NM_024669.3	1.8e-08	4.9576999999999995e-08
ANKRD61	0.0039262	NM_001271700.2	0.0025461	0.0013801000000000004
ANKRD62	0.301	NM_001277333.2	1.7927e-11	0.300999999982073
ANKRD63	0.37559	NM_001190479.3	9.7371e-08	0.375589902629
ANKRD65	5.0619e-09	NM_001145210.3	7.1256e-12	5.0547744e-09
ANKRD66	1.6946e-05	NM_001162435.3	0.00014355	0.000126604
ANKS1A	0.80916	NM_015245.3	0.0091996	0.7999604
ANKS1B	0.99998	NM_001352186.2	1.0	2.0000000000020002e-05
ANKS3	1.8852e-07	NM_133450.4	1.3297e-18	1.885199999986703e-07
ANKS4B	1.4867e-05	NM_145865.3	2.5912e-10	1.486674088e-05
ANKS6	6.9447e-06	NM_173551.5	4.1775e-10	6.9442822499999995e-06
ANKUB1	1.1953e-08	NM_001144960.3	1.2505e-12	1.19517495e-08
ANKZF1	5.824499999999999e-26	NM_018089.3	1.6314e-27	5.661359999999999e-26
ANLN	0.14261	NM_018685.5	0.078672	0.06393799999999998
ANO1	0.87426	NM_018043.7	8.8688e-07	0.87425911312
ANO2	1.7082e-22	NM_001364791.2	1.0319e-30	1.708199989681e-22
ANO3	1.2489e-17	NM_031418.4	5.0884e-18	7.4006e-18
ANO4	0.00032204	NM_001286615.2	6.4935e-05	0.000257105
ANO5	2.8542e-22	NM_213599.3	2.1745e-26	2.85398255e-22
ANO6	7.3158e-32	NM_001025356.3	2.4628e-30	2.389642e-30
ANO7	3.4578e-42	NM_001370694.2	7.0983e-35	7.09829965422e-35
ANO8	0.95634	NM_020959.3	2.4434e-14	0.9563399999999755
ANO9	8.4487e-16	NM_001012302.3	2.4483e-23	8.44869975517e-16
ANO10	1.0162e-14	NM_018075.5	3.7519e-26	1.0161999999962482e-14
ANP32A	0.98961	NM_006305.4	1.0	0.01039000000000001
ANP32B	0.95827	NM_006401.3	0.9995	0.0412300000000001
ANP32D		NM_012404.3	0.015664	
ANP32E	0.84376	NM_030920.5	0.063372	0.780388
ANPEP	3.7492e-09	NM_001150.3	4.5127e-12	3.7446873e-09
ANTKMT		NM_023933.3	2.3679e-12	
ANTXR1	0.98631	NM_032208.3	1.0	0.01368999999999998
ANTXR2	0.086921	NM_058172.6	3.705e-09	0.086920996295
ANTXRL	3.1476e-08	NM_001278688.3	2.1718e-16	3.1475999782819995e-08
ANXA1	1.2009e-07	NM_000700.3	4.7906e-08	7.2184e-08
ANXA2	9.7728e-05	NM_004039.3	3.9002e-06	9.38278e-05
ANXA2R		NM_001014279.3		
ANXA3	6.5152e-12	NM_005139.3	2.0991e-05	2.09909934848e-05
ANXA4	1.1858e-08	NM_001153.5	2.8306e-08	1.6448e-08
ANXA5	3.7978e-15	NM_001154.4	3.5025e-09	3.5024962022e-09
ANXA6	1.0804e-08	NM_001155.5	9.2678e-15	1.08039907322e-08
ANXA7	8.5846e-10	NM_001156.5	8.4541e-11	7.739189999999999e-10
ANXA8		NM_001040084.3	0.59384	
ANXA8L1	0.33439	NM_001098845.3	0.00064852	0.33374148000000003
ANXA9	2.9752e-17	NM_003568.3	2.7725e-14	2.7695248e-14
ANXA10	9.5506e-14	NM_007193.5	1.646e-07	1.64599904494e-07
ANXA11	4.7001e-10	NM_145868.2	1.5348e-14	4.69994652e-10
ANXA13	4.2441e-10	NM_004306.4	2.1774e-08	2.134959e-08
AOAH	4.3783e-14	NM_001637.4	9.4434e-12	9.399617e-12
AOC1	6.7236e-08	NM_001091.4	2.4456e-20	6.723599999997554e-08
AOC2	3.2599e-15	NM_009590.4	1.8085e-22	3.25989981915e-15
AOC3	6.267e-11	NM_003734.4	4.465e-15	6.2665535e-11
AOPEP		NM_001193329.3	4.1523e-15	
AOX1	1.171e-31	NM_001159.4	6.5603e-31	5.3893e-31
AP1AR	0.14205	NM_018569.6	0.00028404	0.14176596
AP1B1	0.99828	NM_001127.4	0.99357	0.004709999999999992
AP1G1	0.99998	NM_001128.6	1.0	2.0000000000020002e-05
AP1G2	5.097799999999999e-28	NM_003917.5	1.5854e-23	1.585349022e-23
AP1M1	0.71251	NM_032493.4	0.99509	0.28258000000000005
AP1M2	2.1436e-08	NM_005498.5	3.34e-12	2.143266e-08
AP1S1	0.099959	NM_001283.5	0.00077664	0.09918236000000001
AP1S3	0.016298	NM_001039569.2	0.068273	0.051975
AP2A1	1.0	NM_130787.3	1.0	0.0
AP2A2	1.0	NM_012305.4	0.99985	0.00014999999999998348
AP2B1	0.9983	NM_001030006.2	1.0	0.0017000000000000348
AP2M1	0.99919	NM_004068.4	1.0	0.0008099999999999774
AP2S1	0.78518	NM_004069.6	0.98109	0.19591000000000003
AP3B1	0.61532	NM_003664.5	0.0032623	0.6120576999999999
AP3B2	0.77198	NM_001278512.2	0.21689	0.55509
AP3D1	0.98648	NM_001261826.3	0.99989	0.013409999999999922
AP3M1	0.026524	NM_012095.6	0.00017508	0.026348919999999998
AP3M2	1.972e-07	NM_006803.4	8.9123e-06	8.715099999999999e-06
AP3S1	1.0159e-05	NM_001284.4	0.0072646	0.007254441
AP3S2	2.3273e-05	NM_005829.5	1.0733e-07	2.316567e-05
AP4B1	1.335e-09	NM_001253852.3	8.6664e-10	4.6836e-10
AP4E1	0.0027529	NM_007347.5	0.00043414	0.00231876
AP4M1	4.4873e-17	NM_004722.4	5.0074e-18	3.98656e-17
AP4S1	1.7275e-06	NM_001128126.3	3.0245e-09	1.7244755e-06
AP5B1	4.2746e-11	NM_138368.5	0.007513	0.007512999957253999
AP5M1	1.3325e-09	NM_018229.4	5.8546e-07	5.841275e-07
AP5S1	9.0339e-05	NM_018347.3	3.3391e-05	5.6948000000000004e-05
AP5Z1	7.2894e-31	NM_014855.3	1.001e-47	7.2894e-31
APAF1	9.6242e-06	NM_181861.2	2.2839e-12	9.6241977161e-06
APBA1	0.53701	NM_001163.4	1.1515e-13	0.5370099999998849
APBA2	0.74272	NM_001353788.2	0.78163	0.03891
APBA3	2.0716e-12	NM_004886.4	2.3681e-15	2.0692319000000003e-12
APBB1	0.96811	NM_001164.5	0.99999	0.03188000000000002
APBB1IP	0.85443	NM_019043.4	0.3448	0.50963
APBB2	0.065197	NM_004307.2	0.60619	0.5409930000000001
APBB3	5.0783e-10	NM_133173.3	1.3447e-13	5.0769553e-10
APC	1.0	NM_000038.6	1.0	0.0
APC2	0.99994	NM_005883.3	3.6028e-11	0.9999399999639721
APCDD1	0.0073159	NM_153000.5	0.59395	0.5866340999999999
APCDD1L	0.058959	NM_153360.3	1.2324e-09	0.058958998767599996
APCS	0.031714	NM_001639.4	0.020836	0.010877999999999999
APEH	5.0018e-13	NM_001640.4	2.3187e-18	5.001776813e-13
APEX1	1.9191e-07	NM_001641.4	1.1096e-10	1.9179904e-07
APH1A	0.79479	NM_001077628.3	0.0050779	0.7897121
APH1B	2.8377e-11	NM_031301.4	2.5362e-10	2.25243e-10
API5	0.99996	NM_001142930.2	1.0	4.0000000000040004e-05
APIP	2.6927e-11	NM_015957.4	2.2729e-09	2.245973e-09
APLF	1.3266e-18	NM_173545.3	2.5444999999999997e-21	1.3240555e-18
APLNR	0.78907	NM_005161.6	0.030856	0.758214
APLP1	0.12235	NM_001024807.3	1.1458e-07	0.12234988542
APLP2	0.37966	NM_001142276.2	2.6598e-08	0.379659973402
APMAP	9.3261e-11	NM_020531.3	2.4673e-10	1.5346899999999998e-10
APOA1	0.00054909	NM_000039.3	5.3313e-07	0.0005485568700000001
APOA2	0.0448	NM_001643.2	0.349	0.30419999999999997
APOA4	5.4536e-06	NM_000482.4	5.836e-07	4.87e-06
APOA5	5.5765e-10	NM_001371904.1	3.8516e-08	3.795835e-08
APOB	1.9234e-16	NM_000384.3	1.3512e-11	1.351180766e-11
APOBEC1	1.6791e-08	NM_001644.5	2.4654e-05	2.4637209e-05
APOBEC2	0.01707	NM_006789.4	0.0003754	0.016694599999999997
APOBEC3A	0.0010454	NM_145699.4	0.027051	0.0260056
APOBEC3B	5.2144e-16	NM_004900.5	6.3002e-07	6.3001999947856e-07
APOBEC3C	0.026691	NM_014508.3	0.00026063	0.026430369999999998
APOBEC3D	1.3595e-18	NM_152426.4	1.5797e-10	1.579699986405e-10
APOBEC3F	1.346e-07	NM_145298.6	4.4662e-10	1.3415338e-07
APOBEC3G	5.6719999999999986e-21	NM_021822.4	1.77e-13	1.76999994328e-13
APOBEC3H	0.00202	NM_181773.5	0.63457	0.63255
APOBEC4	8.1741e-05	NM_203454.3	0.52239	0.522308259
APOBR	9.3975e-08	NM_018690.4	7.1274e-16	9.397499928726e-08
APOC1	0.21685	NM_001645.5	0.11906	0.09778999999999999
APOC2	0.40164	NM_000483.5	0.074299	0.327341
APOC3	0.010024	NM_000040.3	0.0012283	0.0087957
APOC4	8.893e-08	NM_001646.3	9.8851e-05	9.876207e-05
APOD	0.00054449	NM_001647.4	2.7343e-08	0.000544462657
APOE	0.0018685	NM_000041.4	0.00025668	0.00161182
APOF	0.010295	NM_001638.4	0.035106	0.024811
APOH	1.5614e-15	NM_000042.3	3.1416e-19	1.56108584e-15
APOL1	5.1357e-06	NM_003661.4	5.2365e-08	5.083335e-06
APOL2	0.0073139	NM_030882.4	0.0011069	0.006207
APOL4	0.0010662	NM_001386885.1	3.8236e-06	0.0010623764
APOL5	6.0075e-07	NM_030642.1	4.3203e-08	5.57547e-07
APOL6	0.096029	NM_030641.4	0.16117	0.065141
APOLD1	0.00011689	NM_030817.3	4.0691e-12	0.0001168899959309
APOM	0.00095567	NM_019101.3	4.7004e-09	0.0009556652996
APP	0.046544	NM_000484.4	0.99999	0.953446
APPBP2	0.99567	NM_006380.5	1.0	0.004329999999999945
APPL1	0.7952	NM_012096.3	0.88093	0.08572999999999997
APPL2	1.1641e-18	NM_018171.5	1.3554e-23	1.164086446e-18
APRT	5.4539e-13	NM_000485.3	4.7393e-11	4.6847609999999995e-11
APTX	3.9924e-10	NM_001195248.2	2.0655e-07	2.0615076e-07
AQP1	2.5697e-07	NM_198098.4	0.013569	0.01356874303
AQP2	2.4855e-06	NM_000486.6	2.6952e-07	2.2159800000000003e-06
AQP3	0.13398	NM_004925.5	0.0047403	0.12923969999999999
AQP4	0.0022919	NM_001650.7	0.00031791	0.00197399
AQP5	0.053249	NM_001651.4	0.00026203	0.052986969999999994
AQP6	0.015875	NM_001652.4	1.4203e-05	0.015860797
AQP7	4.0504e-16	NM_001170.3	2.2156e-07	2.2155999959496e-07
AQP8	0.00036707	NM_001169.3	0.010511	0.010143929999999999
AQP9	0.24027	NM_020980.5	2.5342e-06	0.24026746580000002
AQP10	0.0013339	NM_080429.3	0.00054655	0.00078735
AQP11	0.00053022	NM_173039.3	1.4795e-06	0.0005287404999999999
AQP12A	0.017909	NM_198998.3	3.5704e-05	0.017873296
AQP12B	0.0020112	NM_001102467.2	0.000412	0.0015991999999999998
AQR	1.0	NM_014691.3	1.0	0.0
ARAP1	0.12294	NM_001040118.3	1.1045e-06	0.12293889549999999
ARAP2	8.7668e-14	NM_015230.4	5.7363e-27	8.766799999999427e-14
ARAP3	1.647e-05	NM_022481.6	1.0218e-09	1.64689782e-05
ARC	0.59433	NM_015193.5	0.00081608	0.59351392
ARCN1	0.99997	NM_001655.5	1.0	2.999999999997449e-05
AREG	0.47061	NM_001657.4	0.0037006	0.4669094
AREL1	4.9149e-07	NM_001039479.2	3.5344e-11	4.91454656e-07
ARF1	0.89967	NM_001658.4	0.99953	0.09986000000000006
ARF3	0.35273	NM_001659.3	0.97853	0.6258
ARF4	0.95992	NM_001660.4	0.98754	0.027619999999999978
ARF5	0.94298	NM_001662.4	0.35162	0.5913600000000001
ARF6	0.71536	NM_001663.4	0.99477	0.27941000000000005
ARFGAP1	0.0015429	NM_018209.4	0.021957	0.0204141
ARFGAP2	0.0048866	NM_032389.6	6.3036e-09	0.0048865936964
ARFGAP3	7.0246e-11	NM_014570.5	1.4979e-16	7.024585021e-11
ARFGEF1	1.0	NM_006421.5	1.0	0.0
ARFGEF2	0.99993	NM_006420.3	1.0	7.00000000000145e-05
ARFGEF3		NM_020340.5	7.8929e-10	
ARFIP1	3.079e-05	NM_001025595.3	0.0016921	0.00166131
ARFIP2	0.77422	NM_001376558.2	0.90415	0.12993
ARFRP1	0.13743	NM_001267547.3	0.00010621	0.13732379
ARG1	0.00035944	NM_000045.4	0.00023675	0.00012268999999999998
ARG2	0.00018207	NM_001172.4	0.0020946	0.00191253
ARGFX	0.00029585	NM_001012659.2	0.00021015	8.57e-05
ARGLU1	0.86183	NM_018011.4	0.99954	0.13771
ARHGAP1	0.76774	NM_004308.5	0.1355	0.6322399999999999
ARHGAP5	0.99862	NM_001030055.2	1.0	0.0013800000000000479
ARHGAP8	8.5171e-28	NM_181335.3	5.8776e-26	5.792428999999999e-26
ARHGAP9	3.9385e-11	NM_032496.4	1.8746999999999998e-22	3.938499999981253e-11
ARHGAP10	1.3092e-17	NM_024605.4	4.2253e-17	2.9161e-17
ARHGAP11A	2.1115e-09	NM_014783.6	1.1732e-06	1.1710885e-06
ARHGAP12	5.513e-07	NM_018287.7	1.853e-06	1.3017000000000002e-06
ARHGAP15	1.372e-08	NM_018460.4	1.3199e-10	1.358801e-08
ARHGAP17	0.019749	NM_001006634.3	1.9007e-09	0.0197489980993
ARHGAP18	8.4436e-12	NM_033515.3	5.7861e-16	8.44302139e-12
ARHGAP19	1.4213e-12	NM_032900.6	9.2321e-11	9.089970000000001e-11
ARHGAP20	0.029187	NM_001384657.1	0.065488	0.036301
ARHGAP21	1.0	NM_020824.4	1.0	0.0
ARHGAP22	3.4043e-09	NM_021226.4	6.648e-16	3.4042993352e-09
ARHGAP23	0.99988	NM_001199417.2	0.99999	0.0001100000000000545
ARHGAP24	3.9495e-10	NM_001025616.3	3.1621e-10	7.874000000000003e-11
ARHGAP25	0.94635	NM_001007231.3	0.0017123	0.9446377
ARHGAP26	0.99661	NM_001135608.3	0.97508	0.02153000000000005
ARHGAP27	0.0012114	NM_001282290.2	3.8325e-08	0.0012113616750000001
ARHGAP28	2.629e-09	NM_001366230.1	5.5899e-10	2.07001e-09
ARHGAP29	0.99964	NM_004815.4	0.9997	6.0000000000060005e-05
ARHGAP30	0.9999	NM_001025598.2	0.99987	2.999999999997449e-05
ARHGAP31	0.99999	NM_020754.4	1.0	9.99999999995449e-06
ARHGAP32	0.99978	NM_001378024.1	1.0	0.00021999999999999797
ARHGAP33	0.028562	NM_001366178.1	2.8164e-05	0.028533836
ARHGAP35	1.0	NM_004491.5	1.0	0.0
ARHGAP39	0.0081913	NM_025251.3	7.9531e-06	0.008183346900000001
ARHGAP42	1.0	NM_152432.4	9.8509e-06	0.9999901491
ARHGAP44	0.99988	NM_014859.6	0.0011289	0.9987511
ARHGAP45		NM_012292.5	4.5814e-11	
ARHGDIA	0.03642	NM_004309.6	0.76779	0.73137
ARHGDIB	0.0006377	NM_001175.7	0.05396	0.0533223
ARHGDIG	0.92154	NM_001176.4	2.8009e-06	0.9215371991
ARHGEF1	0.76754	NM_004706.4	0.99897	0.23143000000000002
ARHGEF2	1.0	NM_001162383.2	1.0	0.0
ARHGEF3	0.0040454	NM_019555.3	0.084693	0.0806476
ARHGEF4	0.0007357	NM_001367493.1	1.7577000000000002e-30	0.0007357
ARHGEF5	7.5872e-14	NM_005435.4	0.99957	0.9995699999999241
ARHGEF7	0.99995	NM_001354046.2	0.77607	0.22387999999999997
ARHGEF10	6.7739e-30	NM_014629.4	1.0958e-43	6.773899999999891e-30
ARHGEF10L	0.00047308	NM_018125.4	7.2835e-10	0.00047307927165
ARHGEF11	1.0	NM_198236.3	1.0	0.0
ARHGEF12	1.0	NM_015313.3	1.0	0.0
ARHGEF15	1.66e-06	NM_173728.4	7.1445e-15	1.6599999928555e-06
ARHGEF16	4.7056e-13	NM_014448.4	1.271e-16	4.704329e-13
ARHGEF17	0.98445	NM_014786.4	4.8018e-07	0.9844495198200001
ARHGEF18	0.0017747	NM_001367823.1	7.897000000000001e-20	0.0017747
ARHGEF19	3.9492e-20	NM_153213.5	3.498e-36	3.949199999999999e-20
ARHGEF25	2.9481e-10	NM_182947.4	1.3478e-08	1.318319e-08
ARHGEF26	1.8567e-14	NM_015595.4	1.658e-13	1.47233e-13
ARHGEF28	8.1044e-21	NM_001177693.2	1.0554e-34	8.104399999999895e-21
ARHGEF33	7.7621e-06	NM_001145451.5	2.6366e-14	7.762099973634e-06
ARHGEF35		NM_001003702.3	0.16454	
ARHGEF37	6.1367e-13	NM_001001669.3	1.4596e-14	5.990740000000001e-13
ARHGEF38	1.1352e-09	NM_001242729.2	6.4479e-26	1.1352e-09
ARHGEF39	1.1334e-10	NM_032818.3	1.1751e-15	1.1333882490000001e-10
ARHGEF40	6.6277e-09	NM_018071.5	1.932e-18	6.627699998068e-09
ARID1A	1.0	NM_006015.6	1.0	0.0
ARID1B	1.0	NM_001374828.1	1.0	0.0
ARID2	1.0	NM_152641.4	1.0	0.0
ARID3A	0.99065	NM_005224.3	0.99829	0.00763999999999998
ARID3B	0.38022	NM_006465.4	1.0	0.61978
ARID4A	1.0	NM_002892.4	1.0	0.0
ARID4B	1.0	NM_016374.6	1.0	0.0
ARID5A	0.94518	NM_212481.3	0.013892	0.931288
ARID5B	1.0	NM_032199.3	1.0	0.0
ARIH1	0.99997	NM_005744.5	1.0	2.999999999997449e-05
ARIH2	0.99374	NM_006321.4	1.0	0.006260000000000043
ARL1	0.093716	NM_001177.6	0.069841	0.023874999999999993
ARL2	0.021417	NM_001667.4	0.019003	0.0024139999999999995
ARL2BP	3.3482e-05	NM_012106.4	0.008081	0.008047518
ARL3	0.0014071	NM_004311.4	0.93	0.9285929
ARL4A	0.80528	NM_005738.5	0.49105	0.31423
ARL4C	0.76081	NM_001282431.2	0.3422	0.41861
ARL4D	0.03757	NM_001661.4	0.2203	0.18273
ARL5A	0.1281	NM_012097.4	0.22955	0.10145000000000001
ARL5B	0.0017521	NM_178815.5	0.91164	0.9098879
ARL5C	0.30967	NM_001143968.1	1.9371e-08	0.309669980629
ARL6	0.01013	NM_001278293.3	0.0088078	0.0013222000000000008
ARL6IP1	0.022339	NM_015161.3	0.51353	0.49119100000000004
ARL6IP4	0.00090784	NM_018694.4	2.9494e-08	0.000907810506
ARL6IP5	0.10381	NM_006407.4	0.23405	0.13024000000000002
ARL6IP6	0.018099	NM_152522.7	2.9106e-08	0.018098970894
ARL8A	0.94173	NM_138795.4	0.83794	0.10378999999999994
ARL8B	0.12959	NM_018184.3	0.6636	0.53401
ARL9	0.44485	NM_001363794.2	0.0043406	0.44050940000000005
ARL10	0.00082222	NM_173664.6	7.8184e-10	0.0008222192181600001
ARL11	0.0052678	NM_138450.6	0.33687	0.3316022
ARL13B	2.6559e-09	NM_001174150.2	1.9828e-08	1.7172100000000002e-08
ARL14	1.2351e-06	NM_025047.3	0.0012203	0.0012190648999999998
ARL14EP	0.37864	NM_152316.3	0.025421	0.35321899999999995
ARL14EPL	0.034771	NM_001195581.2	1.363e-05	0.03475737
ARL15	0.00093584	NM_019087.3	6.0261e-05	0.0008755789999999999
ARL16	1.6932e-06	NM_001040025.3	5.3501e-13	1.69319946499e-06
ARMC1	0.76284	NM_018120.6	0.011223	0.751617
ARMC2	2.4785e-09	NM_032131.6	1.6643e-15	2.4784983357e-09
ARMC3	3.5404e-13	NM_173081.5	1.7854e-14	3.36186e-13
ARMC5	0.1075	NM_001105247.2	2.2461e-05	0.107477539
ARMC6	1.8352e-10	NM_001199196.2	2.8967e-13	1.8323033e-10
ARMC7	0.036089	NM_024585.4	0.018048	0.018041
ARMC8	0.99999	NM_001363941.2	1.0	9.99999999995449e-06
ARMC9	6.2032e-17	NM_001352754.2	5.5271e-22	6.203144729e-17
ARMC10	0.00012123	NM_031905.5	3.177e-08	0.00012119823
ARMC12	1.1597e-06	NM_001286574.2	9.435e-06	8.2753e-06
ARMH1		NM_001145636.2	1.209e-08	
ARMH2		NM_001282492.2	0.023945	
ARMH3		NM_024541.3	1.3387e-10	
ARMH4		NM_001001872.4	6.6673e-12	
ARMS2	0.00051801	NM_001099667.3	0.021973	0.02145499
ARMT1		NM_024573.3	0.00074456	
ARNT	0.99581	NM_001668.4	1.0	0.004190000000000027
ARNT2	0.99142	NM_014862.4	0.94024	0.05118
ARPC1A	0.73997	NM_006409.4	1.0	0.26003
ARPC1B	0.010999	NM_005720.4	1.063e-06	0.010997937
ARPC2	0.99769	NM_152862.3	0.99984	0.0021499999999999853
ARPC3	0.21578	NM_001278556.2	0.71113	0.49535000000000007
ARPC4	0.97453	NM_005718.5	0.9982	0.02366999999999997
ARPC5	0.8215	NM_005717.4	0.71808	0.10341999999999996
ARPC5L	0.55377	NM_030978.3	0.86995	0.31618
ARPIN		NM_182616.4	5.3992e-08	
ARPP19	0.77371	NM_006628.6	0.012469	0.7612410000000001
ARPP21	0.012016	NM_001385562.1	2.0325e-07	0.01201579675
ARRB1	0.99394	NM_004041.5	0.14829	0.84565
ARRB2	0.50658	NM_004313.4	0.59516	0.08857999999999999
ARRDC1	1.3606e-06	NM_152285.4	9.3662e-12	1.3605906338e-06
ARRDC2	2.1977e-09	NM_015683.2	8.8721e-14	2.197611279e-09
ARRDC3	0.98715	NM_020801.4	0.99998	0.012830000000000008
ARRDC4	1.7064e-07	NM_183376.3	2.1463e-12	1.706378537e-07
ARRDC5	0.0056909	NM_001080523.3	0.00022357	0.005467329999999999
ARSA	1.0893e-11	NM_000487.6	1.511e-10	1.40207e-10
ARSB	7.0009e-09	NM_000046.5	6.1124e-13	7.00028876e-09
ARSG	6.3682e-10	NM_001267727.2	2.5679e-09	1.9310800000000003e-09
ARSI	5.958e-15	NM_001012301.4	4.8294e-07	4.82939994042e-07
ARSJ	1.1319e-07	NM_024590.4	2.7209e-08	8.5981e-08
ARSK	3.9395e-10	NM_198150.3	5.7322e-10	1.7927e-10
ART1	5.1026e-12	NM_004314.3	1.2948e-11	7.845400000000001e-12
ART3	5.1018e-15	NM_001130016.3	1.8702e-16	4.9147800000000006e-15
ART4	0.0015662	NM_021071.4	0.0099907	0.0084245
ART5	0.00045797	NM_053017.5	3.4903e-08	0.00045793509699999996
ARTN	0.35793	NM_057091.3	0.06962	0.28831
ARV1	3.5867e-06	NM_022786.3	2.0524e-07	3.38146e-06
ARVCF	5.0422e-11	NM_001670.3	2.8287e-19	5.0421999717130005e-11
AS3MT	7.9768e-11	NM_020682.4	3.738e-14	7.973062e-11
ASAH1	1.2588e-12	NM_177924.5	2.6013e-20	1.258799973987e-12
ASAH2	0.0042718	NM_019893.4	1.4425e-10	0.00427179985575
ASAH2B	0.1596	NM_001321958.2		
ASAP1	1.0	NM_018482.4	0.99991	9.00000000000345e-05
ASAP2	0.99996	NM_003887.3	0.99788	0.0020799999999999708
ASAP3	8.33e-12	NM_017707.4	1.5967e-20	8.329999984033e-12
ASB1	0.0029925	NM_001040445.3	0.0001511	0.0028414
ASB2	6.774e-15	NM_001202429.2	4.421400000000001e-19	6.77355786e-15
ASB3	1.4399e-07	NM_016115.5	3.2574e-12	1.4398674260000002e-07
ASB4	1.118e-10	NM_016116.3	5.3145e-10	4.1964999999999994e-10
ASB5	3.0711e-13	NM_080874.4	2.4557e-14	2.82553e-13
ASB6	0.00080472	NM_017873.4	2.6544e-07	0.00080445456
ASB7	0.98395	NM_198243.3	0.99998	0.01602999999999999
ASB8	3.767e-05	NM_024095.5	0.00046794	0.00043027
ASB10	2.6403e-12	NM_001142459.2	1.2199e-18	2.6402987801e-12
ASB13	6.5212e-10	NM_024701.4	4.4348e-14	6.52075652e-10
ASB14	1.1235999999999998e-22	NM_001142733.3	1.5874e-22	4.6380000000000006e-23
ASB15	1.84e-15	NM_001290258.2	4.6107e-13	4.5923e-13
ASB16	1.0959e-16	NM_080863.5	4.836e-18	1.04754e-16
ASB17	3.4115e-06	NM_080868.3	1.9757e-09	3.4095242999999998e-06
ASB18	6.1879e-08	NM_212556.4	1.2679e-13	6.187887320999999e-08
ASCC1	2.6051e-14	NM_001198800.3	8.3188e-09	8.318773949000001e-09
ASCC2	0.031027	NM_032204.5	0.0019576	0.0290694
ASCC3	1.1501e-20	NM_006828.4	5.2923000000000005e-25	1.150047077e-20
ASCL1	0.67692	NM_004316.4	0.95264	0.2757200000000001
ASCL2	0.34557	NM_005170.3	0.00066116	0.34490884
ASCL3	0.013684	NM_020646.3	0.056662	0.042977999999999995
ASCL4	0.0016311	NM_203436.3	0.13283	0.1311989
ASCL5		NM_001270601.2	0.4169	
ASDURF		NM_001353493.2	0.31957	
ASF1A	0.80542	NM_014034.3	0.91622	0.11080000000000001
ASF1B	6.3325e-05	NM_018154.3	0.02426	0.024196675
ASGR1	3.8718e-15	NM_001671.5	1.6518e-12	1.6479282e-12
ASGR2	9.8145e-10	NM_001201352.2	7.7808e-13	9.8067192e-10
ASH1L	1.0	NM_018489.3	1.0	0.0
ASH2L	0.99968	NM_004674.5	0.87532	0.12436000000000003
ASIC1	0.93017	NM_001095.4	0.99704	0.06686999999999999
ASIC2	0.99912	NM_183377.2	0.19634	0.80278
ASIC3	3.4071e-07	NM_004769.4	4.6521e-13	3.4070953479e-07
ASIC4	0.0028675	NM_018674.6	0.00069603	0.00217147
ASIC5	6.0266e-14	NM_017419.3	7.5418e-12	7.481534e-12
ASIP	0.016298	NM_001672.3	1.7733e-05	0.016280267
ASL	8.5727e-10	NM_000048.4	2.6098e-13	8.5700902e-10
ASNS	9.3611e-06	NM_001673.5	9.1235e-06	2.3759999999999922e-07
ASNSD1	9.2537e-17	NM_019048.4	1.6025e-09	1.602499907463e-09
ASPA	0.00041128	NM_000049.4	4.2807e-05	0.00036847299999999997
ASPDH	1.3545e-06	NM_001114598.2	2.9942e-08	1.3245579999999999e-06
ASPG	6.1787e-13	NM_001080464.3	9.7372e-18	6.178602628e-13
ASPH	6.6268e-15	NM_004318.4	2.7445e-21	6.6267972555000006e-15
ASPHD1	0.0022416	NM_181718.4	4.1037e-05	0.002200563
ASPHD2	0.45902	NM_020437.5	0.91905	0.46003000000000005
ASPM	3.3502e-49	NM_018136.5	3.3385000000000004e-55	3.3501966615e-49
ASPRV1	0.0087846	NM_152792.4	0.001741	0.0070436000000000006
ASPSCR1	4.4156e-12	NM_024083.4	3.1427e-16	4.41528573e-12
ASRGL1	2.7632e-05	NM_001083926.2	6.6492e-05	3.8860000000000004e-05
ASS1	1.5095e-09	NM_054012.4	1.4303e-18	1.5094999985697e-09
ASTE1	7.2103e-10	NM_014065.4	1.8566e-17	7.210299814340001e-10
ASTL	6.048e-07	NM_001002036.4	2.8296e-07	3.2184000000000003e-07
ASTN1	0.99998	NM_004319.3	1.0	2.0000000000020002e-05
ASTN2	0.99971	NM_001365068.1	0.99149	0.008220000000000005
ASXL1	1.2511e-14	NM_015338.6	1.5801e-16	1.235299e-14
ASXL2	1.0	NM_018263.6	1.0	0.0
ASXL3	1.0	NM_030632.3	1.0	0.0
ASZ1	6.6692e-09	NM_130768.3	1.2539e-11	6.656661e-09
ATAD1	0.0013367	NM_001321967.2	0.97793	0.9765933
ATAD2	0.9982	NM_014109.4	0.99973	0.0015300000000000313
ATAD2B	1.0	NM_017552.4	1.0	0.0
ATAD3A	4.0861e-09	NM_001170535.3	5.6203e-10	3.52407e-09
ATAD3B	1.0032e-22	NM_031921.6	2.012e-18	2.0118996800000002e-18
ATAD3C	7.2718e-09	NM_001039211.3	4.7998e-12	7.2670002e-09
ATAD5	1.0	NM_024857.5	1.0	0.0
ATAT1	1.3216e-07	NM_001031722.4	1.2553e-11	1.3214744699999998e-07
ATCAY	0.62076	NM_033064.5	0.0023577	0.6184023
ATE1	0.040639	NM_001001976.3	0.00053517	0.04010383
ATF1	0.63426	NM_005171.5	0.096976	0.5372840000000001
ATF2	0.99131	NM_001880.4	0.85889	0.13241999999999998
ATF3	0.089296	NM_001674.4	0.033738	0.055558
ATF4	0.015659	NM_182810.3	0.3821	0.366441
ATF5	0.29163	NM_001193646.2	0.0001318	0.2914982
ATF6	3.2333e-07	NM_007348.4	1.6011e-07	1.6322000000000003e-07
ATF6B	3.1036e-07	NM_004381.5	1.9852e-09	3.083748e-07
ATF7	0.9984	NM_006856.3	0.99983	0.0014300000000000423
ATF7IP	0.99993	NM_018179.5	1.0	7.00000000000145e-05
ATF7IP2	0.15781	NM_001393719.1	8.9062e-06	0.15780109380000001
ATG2A	0.053526	NM_015104.3	3.2251e-13	0.053525999999677484
ATG2B	1.0208e-08	NM_018036.7	4.8066e-09	5.401399999999999e-09
ATG3	0.00071299	NM_022488.5	0.0064911	0.0057781099999999995
ATG4B	0.95648	NM_013325.5	2.0819e-06	0.9564779181
ATG4C	4.674e-17	NM_032852.4	8.8066e-12	8.80655326e-12
ATG4D	0.00026752	NM_032885.6	5.6376e-17	0.0002675199999999436
ATG5	0.97758	NM_004849.4	0.31691	0.66067
ATG7	7.3758e-12	NM_001349232.2	1.5974e-17	7.375784026e-12
ATG9A	0.97081	NM_001077198.3	1.0	0.02919000000000005
ATG9B	1.2544e-17	NM_001317056.2	1.949e-36	1.2544e-17
ATG10	2.1789e-08	NM_031482.5	0.00037918	0.000379158211
ATG12	4.6926e-06	NM_004707.4	5.6283e-08	4.636317e-06
ATG13	0.96359	NM_001346311.2	0.99558	0.031990000000000074
ATG14	0.17435	NM_014924.5	0.00022958	0.17412042
ATG16L1	0.96452	NM_030803.7	0.27327	0.69125
ATG16L2	4.6874e-16	NM_033388.2	8.0591e-25	4.6873999919409e-16
ATG101		NM_021934.5	0.64871	
ATIC	3.0109000000000005e-19	NM_004044.7	4.8854e-17	4.855291e-17
ATL1	0.98109	NM_015915.5	0.35895	0.62214
ATL2	0.011822	NM_001135673.4	0.0043631	0.007458899999999999
ATL3	1.3349e-09	NM_015459.5	1.991e-09	6.560999999999998e-10
ATM	5.5884e-47	NM_000051.4	1.4847e-69	5.5884e-47
ATMIN	5.031e-05	NM_015251.3	0.0040046	0.00395429
ATN1	0.99992	NM_001940.4	1.0	7.999999999996898e-05
ATOH1	0.017833	NM_005172.2	0.17853	0.16069699999999998
ATOH7	0.050896	NM_145178.4	0.00014175	0.050754249999999994
ATOH8	0.91391	NM_032827.7	0.13183	0.78208
ATOX1	0.58645	NM_004045.4	0.082226	0.504224
ATP1A1	1.0	NM_000701.8	1.0	0.0
ATP1A2	0.00018093	NM_000702.4	1.6587e-05	0.00016434299999999998
ATP1A3	1.0	NM_152296.5	1.0	0.0
ATP1A4	2.1395e-20	NM_144699.4	1.1113e-20	1.0282e-20
ATP1B1	0.99881	NM_001677.4	1.0	0.0011900000000000244
ATP1B2	0.073684	NM_001678.5	0.954	0.880316
ATP1B3	0.10244	NM_001679.4	0.78848	0.68604
ATP2A1	1.5354e-14	NM_004320.6	9.595399999999999e-21	1.5353990404600003e-14
ATP2A2	0.99945	NM_170665.4	1.0	0.0005500000000000504
ATP2A3	2.247e-09	NM_005173.4	5.7777e-12	2.2412223e-09
ATP2B1	1.0	NM_001366521.1	1.0	0.0
ATP2B2	1.0	NM_001001331.4	1.0	0.0
ATP2B4	0.0015112	NM_001684.5	0.9999	0.9983888
ATP2C1	1.0	NM_001378687.1	0.99999	9.99999999995449e-06
ATP2C2	5.024599999999999e-60	NM_014861.4	2.8962e-72	5.024599999997103e-60
ATP4A	9.4424e-12	NM_000704.3	3.8577e-16	9.442014229999999e-12
ATP4B	4.6372e-05	NM_000705.4	1.0966e-07	4.626234e-05
ATP5F1A		NM_004046.6	0.28545	
ATP5F1B		NM_001686.4	0.91752	
ATP5F1C		NM_001001973.3	0.0049618	
ATP5F1D		NM_001687.5	2.429e-08	
ATP5F1E		NM_006886.4	0.017126	
ATP5IF1		NM_016311.5	1.892e-07	
ATP5MC1		NM_005175.3	0.6673	
ATP5MC2		NM_005176.7	0.00055957	
ATP5MC3		NM_001689.5	0.33191	
ATP5ME		NM_007100.4	0.00029888	
ATP5MF		NM_004889.5	0.0086995	
ATP5MG		NM_006476.5	0.028423	
ATP5MGL		NM_001165877.1	0.00055093	
ATP5MJ		NM_004894.3	0.32484	
ATP5MK		NM_001206427.2	0.08924	
ATP5PB		NM_001688.5	0.00014209	
ATP5PD		NM_006356.3	0.0077491	
ATP5PF		NM_001003703.2	0.029337	
ATP5PO		NM_001697.3	0.0080616	
ATP6V1A	0.86801	NM_001690.4	0.99998	0.13197000000000003
ATP6V1B1	2.3997e-09	NM_001692.4	6.0984e-09	3.6987000000000005e-09
ATP6V1B2	0.99154	NM_001693.4	0.99842	0.006879999999999997
ATP6V1C1	0.00015353	NM_001695.5	7.6427e-11	0.000153529923573
ATP6V1C2	2.8499e-08	NM_001039362.2	3.1654e-11	2.8467346e-08
ATP6V1D	4.5061e-05	NM_015994.4	0.00073317	0.000688109
ATP6V1E1	0.528	NM_001696.4	0.0013179	0.5266821
ATP6V1E2	0.0029486	NM_001318063.2	0.0005143	0.0024343
ATP6V1F	0.014736	NM_004231.4	0.099659	0.084923
ATP6V1G1	0.10407	NM_004888.4	6.3758e-07	0.10406936241999999
ATP6V1G2	0.0028604	NM_130463.4	0.00020444	0.0026559599999999997
ATP6V1G3	0.10745	NM_001376861.1	0.0039605	0.1034895
ATP6V1H	0.00014523	NM_015941.4	1.4577e-05	0.000130653
ATP6V0A1	0.99797	NM_001130021.3	0.99284	0.005130000000000079
ATP6V0A2	2.6314e-11	NM_012463.4	0.0017427	0.001742699973686
ATP6V0A4	2.1504e-20	NM_020632.3	3.1335999999999996e-22	2.1190640000000002e-20
ATP6V0B	0.96895	NM_004047.5	0.99876	0.029810000000000003
ATP6V0C	0.74232	NM_001694.4	0.74407	0.0017500000000000293
ATP6V0D1	0.98763	NM_004691.5	0.96921	0.018419999999999992
ATP6V0D2	2.4683e-11	NM_152565.1	5.7327e-11	3.2644e-11
ATP6V0E1	0.39774	NM_003945.4	0.41923	0.02149000000000001
ATP6V0E2	0.29517	NM_145230.4	0.27543	0.01973999999999998
ATP7B	4.8001e-30	NM_000053.4	1.0828e-35	4.800089172e-30
ATP8A1	0.1999	NM_006095.2	2.8652e-08	0.199899971348
ATP8A2	1.2026e-12	NM_016529.6	7.9069e-09	7.905697400000001e-09
ATP8B1	2.7666e-10	NM_001374385.1	1.6702e-09	1.3935400000000001e-09
ATP8B2	0.0056318	NM_001370597.1	1.215e-08	0.00563178785
ATP8B3	1.4666e-26	NM_138813.4	4.4452e-54	1.4666e-26
ATP8B4	3.6708e-34	NM_024837.4	4.4683e-27	4.46829963292e-27
ATP9A	0.99999	NM_006045.3	0.99933	0.0006599999999999939
ATP9B	1.1822e-14	NM_198531.5	2.7743e-19	1.182172257e-14
ATP10A	0.0018269	NM_024490.4	2.9818e-27	0.0018269
ATP10B	1.4073e-30	NM_025153.3	7.180999999999999e-32	1.33549e-30
ATP10D	7.561000000000001e-20	NM_020453.4	2.5871e-14	2.587092439e-14
ATP11A	4.0487e-06	NM_015205.3	2.4157e-06	1.6329999999999999e-06
ATP11B	0.0020092	NM_014616.3	0.75484	0.7528307999999999
ATP12A	7.1254e-14	NM_001676.7	1.5293e-19	7.125384707e-14
ATP13A1	0.98939	NM_020410.3	4.1213e-05	0.989348787
ATP13A2	8.9582e-09	NM_022089.4	5.5573e-15	8.9581944427e-09
ATP13A3	0.99998	NM_001367549.1	0.99999	1.0000000000065512e-05
ATP13A4	3.3305999999999997e-26	NM_032279.4	2.2521e-27	3.1053899999999994e-26
ATP13A5	2.4077000000000002e-49	NM_198505.4	2.1042e-39	2.10419999975923e-39
ATP23		NM_033276.4	2.5351e-06	
ATPAF2	2.2116e-09	NM_145691.4	4.6208e-09	2.4091999999999995e-09
ATPSCKMT		NM_199133.4	6.5336e-08	
ATR	3.5177e-09	NM_001184.4	1.1669e-07	1.1317229999999999e-07
ATRAID	0.00010516	NM_001170795.4	1.0538e-08	0.000105149462
ATRIP	1.9918e-05	NM_130384.3	1.4374e-06	1.84806e-05
ATRN	1.0	NM_139321.3	1.0	0.0
ATRNL1	0.99915	NM_207303.4	0.28257	0.71658
ATXN1	0.97498	NM_001128164.2	1.0	0.025020000000000042
ATXN1L	0.97897	NM_001137675.4	0.99997	0.02100000000000002
ATXN2	0.85289	NM_001372574.1	1.0	0.14710999999999996
ATXN2L	1.0	NM_007245.4	1.0	0.0
ATXN3	0.10575	NM_004993.6	0.63278	0.52703
ATXN7	0.9595	NM_001377405.1	1.0	0.04049999999999998
ATXN7L1	0.99884	NM_020725.2	1.0	0.0011600000000000499
ATXN7L2	0.87066	NM_001350175.2	0.99855	0.12789000000000006
ATXN7L3	0.99892	NM_001382309.1	1.0	0.0010799999999999699
ATXN7L3B	0.14683	NM_001136262.2	0.037095	0.10973499999999999
ATXN10	0.00034514	NM_013236.4	0.00051804	0.00017289999999999997
AUH	8.024e-06	NM_001698.3	2.5649e-07	7.76751e-06
AUNIP	3.4534e-09	NM_024037.3	6.9356e-09	3.4822e-09
AUP1	0.00016038	NM_181575.5	2.2319e-05	0.000138061
AURKA	0.8676	NM_198437.3	0.93256	0.0649599999999999
AURKAIP1	9.9678e-05	NM_017900.3	1.217e-09	9.9676783e-05
AURKB	0.0044521	NM_004217.4	1.5331e-07	0.00445194669
AURKC	0.077907	NM_001015878.2	0.0030941	0.0748129
AUTS2	0.99934	NM_015570.4	1.0	0.0006599999999999939
AVEN	2.7422e-09	NM_020371.3	5.8399e-09	3.0977e-09
AVIL	1.6972e-13	NM_006576.4	6.5982e-17	1.69654018e-13
AVL9	0.0026324	NM_015060.3	1.8368e-05	0.002614032
AVP	0.074413	NM_000490.5	3.3972e-05	0.07437902800000001
AVPI1	3.8026e-05	NM_021732.3	0.0057483	0.0057102739999999996
AVPR1A	6.8987e-07	NM_000706.5	1.2772e-10	6.8974228e-07
AVPR1B	0.00037047	NM_000707.5	4.0275e-08	0.000370429725
AXDND1	4.3136999999999997e-26	NM_144696.6	1.1947e-20	1.1946956863e-20
AXIN1	0.40765	NM_003502.4	0.1643	0.24335
AXIN2	0.57015	NM_004655.4	0.99999	0.42984
AXL	0.012951	NM_021913.5	2.5337e-06	0.012948466300000001
AZGP1	4.1545e-06	NM_001185.4	4.6087e-09	4.1498913e-06
AZI2	0.0069113	NM_022461.5	0.09368	0.0867687
AZIN1	0.99485	NM_148174.4	0.99977	0.0049200000000000355
AZIN2		NM_052998.4	1.6515e-05	
AZU1	3.9068e-05	NM_001700.5	4.9165e-09	3.90630835e-05
B2M	0.56167	NM_004048.4	0.96577	0.4041
B3GALNT1	0.002209	NM_003781.4	0.00059608	0.00161292
B3GALNT2	2.8116e-07	NM_152490.5	9.1473e-16	2.8115999908527e-07
B3GALT1	0.01019	NM_020981.4	0.26175	0.25156
B3GALT2	0.89645	NM_003783.3	0.71426	0.18218999999999996
B3GALT4	0.029753	NM_003782.4	0.057181	0.027428
B3GALT5	2.1595e-05	NM_001356336.2	0.3165	0.316478405
B3GALT6	0.022667	NM_080605.4	1.0328e-14	0.02266699999998967
B3GAT1	0.13521	NM_054025.3	0.11224	0.02296999999999999
B3GAT2	3.3253e-05	NM_080742.3	2.0344e-09	3.3250965600000005e-05
B3GAT3	2.7099e-08	NM_012200.4	0.00079178	0.0007917529009999999
B3GLCT		NM_194318.4	3.9184e-09	
B3GNT2	0.88722	NM_006577.6	0.26841	0.6188100000000001
B3GNT3	0.73888	NM_014256.4	0.048587	0.6902929999999999
B3GNT4	7.6758e-07	NM_030765.4	0.027202	0.02720123242
B3GNT5	0.72579	NM_032047.5	0.85984	0.13405
B3GNT6	1.093e-09	NM_138706.5		
B3GNT7	0.70639	NM_145236.3	2.4755e-05	0.706365245
B3GNT8	4.8063e-09	NM_001385648.2	0.041803	0.0418029951937
B3GNT9	1.7363e-05	NM_033309.3	0.020059	0.020041637
B3GNTL1	4.0733e-28	NM_001009905.3	7.932199999999999e-21	7.932199592669998e-21
B4GALNT1	3.9259e-05	NM_001478.5	2.7296e-13	3.925899972704e-05
B4GALNT2	1.7413e-17	NM_001159387.2	6.0684e-13	6.068225869999999e-13
B4GALNT3	6.7902e-15	NM_173593.4	2.2009e-20	6.790177991e-15
B4GALNT4	2.2451e-06	NM_178537.5	3.0435e-23	2.2451e-06
B4GALT1	0.037435	NM_001497.4	0.019457	0.017978000000000004
B4GALT2	0.19829	NM_003780.5	0.0028421	0.1954479
B4GALT3	0.011393	NM_003779.4	3.1781e-07	0.01139268219
B4GALT4	5.8287e-07	NM_003778.4	1.9295e-06	1.34663e-06
B4GALT5	0.99889	NM_004776.4	0.99921	0.000320000000000098
B4GALT6	0.90783	NM_004775.5	0.95532	0.04748999999999992
B4GALT7	0.00011304	NM_007255.3	5.1437e-10	0.00011303948563
B4GAT1		NM_006876.3	0.00034743	
B9D1	0.0028034	NM_015681.6	0.00010346	0.00269994
B9D2	5.2557e-05	NM_030578.4	3.095e-08	5.252605e-05
BAALC	0.0044356	NM_024812.3	0.0032282	0.0012073999999999995
BAAT	7.8651e-08	NM_001701.4	0.00028051	0.000280431349
BABAM1	0.96269	NM_014173.4	0.12552	0.8371700000000001
BABAM2		NM_199191.3	6.7425e-05	
BACE1	0.87888	NM_012104.6	0.7616	0.11727999999999994
BACE2	0.0067632	NM_012105.5	0.72888	0.7221168
BACH1	0.57072	NM_001186.4	3.5645e-07	0.57071964355
BACH2	0.99803	NM_021813.4	1.0	0.0019700000000000273
BAD	0.0046237	NM_032989.3	1.8032e-08	0.004623681968
BAG1	6.5264e-06	NM_004323.6	1.2847e-11	6.526387153e-06
BAG2	0.042	NM_004282.4	0.032943	0.009057000000000003
BAG3	0.61738	NM_004281.4	0.92034	0.30296
BAG4	0.00018708	NM_004874.4	0.0013182	0.00113112
BAG5	1.81e-06	NM_001015048.3	4.1786e-07	1.39214e-06
BAG6	1.0	NM_001387994.1	1.0	0.0
BAHCC1		NM_001377448.1	0.013405	
BAHD1	0.98547	NM_014952.5	0.99925	0.013780000000000014
BAIAP2	0.46155	NM_001144888.2	0.9991	0.53755
BAIAP2L1	0.00010429	NM_018842.5	0.0011208	0.00101651
BAIAP2L2	1.2298e-09	NM_025045.6	9.6186e-26	1.2298e-09
BAIAP3	4.3826e-32	NM_001199097.2	4.324e-74	4.3826e-32
BAK1	7.4028e-06	NM_001188.4	3.4942e-06	3.9086e-06
BAMBI	0.00021381	NM_012342.3	2.4516e-07	0.00021356484
BANF1	0.6518	NM_003860.4	0.98926	0.33746
BANF2	0.014314	NM_178477.5	0.04088	0.026566
BANK1	4.7905e-12	NM_017935.5	3.4042e-20	4.790499965958e-12
BANP	0.99388	NM_001386991.1	1.0	0.006120000000000014
BAP1	0.99443	NM_004656.4	1.0	0.005569999999999964
BARD1	1.3777e-24	NM_000465.4	1.1813e-19	1.1812862230000001e-19
BARHL1	0.14582	NM_020064.4	0.99503	0.84921
BARHL2	0.61149	NM_020063.2	0.61963	0.008140000000000036
BARX1	0.58571	NM_021570.4	0.00036317	0.58534683
BARX2	0.21157	NM_003658.5	0.10776	0.10381000000000001
BASP1	0.69168	NM_006317.5	0.28231	0.40936999999999996
BATF	0.85462	NM_006399.5	0.56324	0.2913800000000001
BATF2	0.58536	NM_138456.4	0.025529	0.559831
BATF3	0.03171	NM_018664.3	0.060986	0.029275999999999996
BAX	0.31746	NM_138761.4	4.5107e-07	0.31745954893
BAZ1A	1.0	NM_013448.3	1.0	0.0
BAZ1B	1.0	NM_032408.4	1.0	0.0
BAZ2A	1.0	NM_001300905.2	1.0	0.0
BAZ2B	0.98162	NM_013450.4	1.0	0.018379999999999952
BBC3	0.0039762	NM_014417.5	0.051536	0.0475598
BBIP1	0.004174	NM_001195305.3	0.073605	0.069431
BBLN		NM_024112.4	0.0083063	
BBOF1		NM_025057.3	3.319e-08	
BBOX1	2.094e-12	NM_003986.3	3.1709e-07	3.1708790599999996e-07
BBS1	3.4063e-12	NM_024649.5	5.6877e-17	3.406243123e-12
BBS2	1.0328e-17	NM_031885.5	6.2071e-15	6.196772e-15
BBS4	1.4549e-16	NM_033028.5	6.813e-12	6.81285451e-12
BBS5	4.8446e-06	NM_152384.3	0.00025273	0.0002478854
BBS7	7.0515e-09	NM_176824.3	8.5502e-07	8.479685e-07
BBS9	4.2117e-17	NM_198428.3	6.721399999999999e-22	4.211632786e-17
BBS10	1.7467e-12	NM_024685.4	1.219e-05	1.21899982533e-05
BBS12	2.3352e-07	NM_152618.3	0.0035062	0.00350596648
BBX	0.51752	NM_001142568.3	1.0	0.48248
BCAM	1.1032e-08	NM_005581.5	6.218100000000001e-19	1.1031999999378191e-08
BCAN	1.7582e-06	NM_021948.5	4.1599e-08	1.716601e-06
BCAP29	0.25556	NM_018844.4	1.5904e-06	0.25555840960000004
BCAR1	0.99808	NM_014567.5	2.5541e-06	0.9980774458999999
BCAR3	0.58213	NM_003567.4	0.010862	0.571268
BCAS1	6.9521e-07	NM_001366298.2	6.836e-10	6.945264e-07
BCAS2	2.7764e-08	NM_005872.3	6.7829e-09	2.09811e-08
BCAS3	0.00013819	NM_017679.5	0.0088253	0.00868711
BCAS4	5.6789e-05	NM_198799.4	0.010326	0.010269211
BCAT1	3.7984e-08	NM_005504.7	1.6912e-15	3.79839983088e-08
BCAT2	2.826e-12	NM_001190.4	5.2297e-13	2.3030299999999997e-12
BCCIP	0.0078502	NM_078468.3	2.5422e-06	0.0078476578
BCDIN3D	3.8663e-05	NM_181708.3	3.0585e-05	8.078e-06
BCHE	1.0643e-13	NM_000055.4	6.4275e-16	1.0578725e-13
BCKDHA	9.8243e-09	NM_000709.4	5.6705e-13	9.823732950000001e-09
BCKDHB	4.3112e-09	NM_183050.4	1.5154e-11	4.296046e-09
BCKDK	5.6598e-05	NM_005881.4	3.1983e-06	5.33997e-05
BCL2	0.55903	NM_000633.3	0.98904	0.43001
BCL2A1	0.20785	NM_004049.4	0.0013133	0.20653670000000002
BCL2L1	0.93667	NM_138578.3	0.99922	0.06255
BCL2L2	0.46908	NM_004050.5	0.19828	0.2708
BCL2L10	0.01076	NM_020396.4	1.4193e-07	0.010759858070000001
BCL2L11	0.88857	NM_138621.5	0.00022187	0.88834813
BCL2L12	3.8273e-09	NM_138639.2	6.846e-11	3.758839999999999e-09
BCL2L13	0.0024411	NM_015367.4	0.2462	0.2437589
BCL2L14	3.3304e-05	NM_138723.2	7.1763e-05	3.8459e-05
BCL2L15	0.048246	NM_001010922.3	4.8529e-05	0.048197471
BCL3	0.98871	NM_005178.5	0.22288	0.76583
BCL6	0.96038	NM_001706.5	1.0	0.03961999999999999
BCL6B	0.046898	NM_181844.4	7.8137e-06	0.046890186300000004
BCL7A	0.07823	NM_001024808.3	0.28322	0.20499000000000003
BCL7B	0.18519	NM_001707.4	0.023274	0.161916
BCL7C	0.079509	NM_004765.4	0.93614	0.8566309999999999
BCL9	0.49607	NM_004326.4	1.0	0.50393
BCL9L	0.99939	NM_001378213.1	1.0	0.0006099999999999994
BCL10	0.33709	NM_003921.5	0.73351	0.39642
BCL11A	0.96998	NM_022893.4	1.0	0.030020000000000047
BCL11B	0.98881	NM_138576.4	0.99537	0.00656000000000001
BCLAF1	2.0629e-14	NM_014739.3	1.0	0.9999999999999793
BCO1		NM_017429.3	1.2604e-16	
BCO2	3.7829e-18	NM_031938.7	8.0386e-13	8.038562171e-13
BCR	0.98761	NM_004327.4	6.2898e-06	0.9876037102
BCS1L	4.6972e-13	NM_001079866.2	2.6741e-10	2.6694028e-10
BDH1	7.5703e-08	NM_203314.3	9.8618e-10	7.471682e-08
BDH2	8.5318e-08	NM_020139.4	4.143e-07	3.28982e-07
BDKRB1	0.0046897	NM_000710.4	0.19011	0.1854203
BDKRB2	0.11863	NM_001379692.1	8.0728e-05	0.118549272
BDNF	0.65626	NM_001709.5	0.99974	0.34348
BDP1	1.3294e-21	NM_018429.3	7.360999999999999e-21	6.031599999999999e-21
BEAN1	6.7615e-06	NM_001178020.3	1.8014e-06	4.9601e-06
BECN1	0.93717	NM_001313998.2	1.0	0.06283000000000005
BECN2		NM_001290693.1	0.48418	
BEGAIN	0.97002	NM_001385089.1	1.1119e-05	0.970008881
BEND3	0.93555	NM_001367314.1	1.0	0.06445000000000001
BEND4	0.98484	NM_207406.4	0.00038482	0.9844551800000001
BEND5	0.054336	NM_024603.4	0.00099493	0.053341070000000004
BEND6	0.00076917	NM_152731.3	8.017e-07	0.0007683683000000001
BEND7	0.0060711	NM_001369863.1	1.3432e-05	0.006057668
BEST1	1.8214e-12	NM_004183.4	3.209e-19	1.8213996791e-12
BEST2	1.5229e-13	NM_017682.3	1.4612e-09	1.4610477100000002e-09
BEST3	2.0104e-19	NM_032735.3	1.7474e-12	1.74739979896e-12
BEST4	4.6984e-06	NM_153274.3	8.4772e-11	4.698315228e-06
BET1	0.0038328	NM_005868.6	0.0020777	0.0017550999999999999
BET1L	0.0044178	NM_001098787.2	1.5816e-05	0.004401984
BFAR	1.5442e-08	NM_016561.3	8.1083e-17	1.5441999918917e-08
BFSP1	1.8463e-07	NM_001195.5	7.9397e-15	1.8462999206030001e-07
BFSP2	3.2152e-08	NM_003571.4	1.5672e-11	3.2136328e-08
BGLAP	4.6155e-08	NM_199173.6	1.0032e-06	9.57045e-07
BHLHA9	0.2959	NM_001164405.2	0.12142	0.17448
BHLHA15	0.0065801	NM_177455.4	0.0033784	0.0032017
BHLHE22	0.79994	NM_152414.5	0.0056502	0.7942897999999999
BHLHE23	0.19596	NM_080606.4	0.29297	0.09701000000000001
BHLHE40	0.99444	NM_003670.3	1.0	0.005560000000000009
BHLHE41	0.99212	NM_030762.3	5.5104e-05	0.992064896
BHMT	3.739e-14	NM_001713.3	1.5277e-07	1.5276996261000002e-07
BHMT2	1.9621e-15	NM_017614.5	1.2818e-08	1.28179980379e-08
BICC1	0.83685	NM_001080512.3	0.29986	0.53699
BICD1	1.5724e-05	NM_001714.4	0.98013	0.9801142759999999
BICD2	0.98272	NM_001003800.2	0.9526	0.030120000000000036
BICDL1		NM_001367886.1	0.99942	
BICDL2		NM_001369667.1	1.1527e-29	
BICRA		NM_001394372.1	0.027767	
BICRAL		NM_001393499.1	1.0	
BID	1.5646e-11	NM_001196.4	1.4101e-07	1.4099435399999999e-07
BIK	5.0334e-06	NM_001197.5	1.8428e-06	3.1906e-06
BIN1	0.77822	NM_139343.3	1.3843e-11	0.778219999986157
BIN2	4.5252e-11	NM_016293.4	6.5356e-06	6.5355547479999995e-06
BIN3	5.8224e-13	NM_018688.6	6.6299e-16	5.815770099999999e-13
BIRC2	0.42708	NM_001166.5	0.99997	0.57289
BIRC3	0.065597	NM_001165.5	0.81449	0.748893
BIRC5	0.055854	NM_001168.3	0.057142	0.0012879999999999975
BIRC6	1.0	NM_016252.4	1.0	0.0
BIRC7	1.1004e-07	NM_139317.3	2.3321e-08	8.6719e-08
BIVM	0.00018694	NM_017693.4	0.00054165	0.00035470999999999994
BLCAP	0.50953	NM_006698.4	0.71882	0.20928999999999998
BLID		NM_001001786.3	0.16561	
BLK	8.348e-14	NM_001715.3	6.5972e-23	8.3479999934028e-14
BLM	1.5376e-15	NM_000057.4	8.7183e-22	1.53759912817e-15
BLMH	0.12878	NM_000386.4	0.0015741	0.1272059
BLNK	0.61083	NM_013314.4	0.90436	0.29353000000000007
BLOC1S1	0.070821	NM_001487.4	0.0074768	0.06334419999999999
BLOC1S2	0.011948	NM_173809.5	0.0014183	0.0105297
BLOC1S3	0.004077	NM_212550.5	0.0013877	0.0026893
BLOC1S4	0.10151	NM_018366.3	0.0073163	0.0941937
BLOC1S5	2.8546e-09	NM_201280.3	6.9658e-10	2.15802e-09
BLOC1S6	8.0385e-09	NM_012388.4	5.1903e-07	5.109915e-07
BLVRA	0.00034786	NM_000712.4	8.3026e-05	0.00026483400000000003
BLVRB	4.1869e-06	NM_000713.3	1.3668e-11	4.186886332e-06
BLZF1	5.0879e-07	NM_001320973.2	1.1445e-11	5.08778555e-07
BMERB1		NM_033201.3	0.026385	
BMF	0.006758	NM_001003940.2	0.096968	0.09021
BMI1	0.94286	NM_005180.9	0.9993	0.056439999999999935
BMP1	0.00088564	NM_006129.5	1.3726e-08	0.000885626274
BMP2	0.98799	NM_001200.4	0.99999	0.01200000000000001
BMP2K	0.21901	NM_198892.2	3.0745e-10	0.21900999969255
BMP3	0.056398	NM_001201.5	0.00022602	0.056171979999999996
BMP4	0.9564	NM_001202.6	0.99998	0.04357999999999995
BMP5	0.00090084	NM_021073.4	0.0035467	0.00264586
BMP6	0.75947	NM_001718.6	0.94295	0.18347999999999998
BMP7	0.12727	NM_001719.3	0.95879	0.83152
BMP8A	1.9786e-06	NM_181809.4	0.00050193	0.0004999514
BMP8B	0.0001897	NM_001720.5	2.9251e-05	0.000160449
BMP10	0.90838	NM_014482.3	0.97936	0.07098000000000004
BMPER	6.5881e-07	NM_001365308.1	8.1808e-06	7.5219899999999994e-06
BMPR1A	0.90333	NM_004329.3	1.0	0.09667000000000003
BMPR1B	0.99863	NM_001203.3	1.0	0.0013699999999999823
BMPR2	0.99998	NM_001204.7	1.0	2.0000000000020002e-05
BMS1	0.0001753	NM_014753.4	0.50175	0.5015747
BNC1	0.96479	NM_001717.4	1.0	0.035209999999999964
BNC2	0.92762	NM_017637.6	1.0	0.07238
BNIP1	9.678e-07	NM_001205.3	1.138e-07	8.540000000000001e-07
BNIP2	6.4641e-05	NM_004330.4	9.4673e-08	6.454632700000001e-05
BNIP3	1.9687e-05	NM_004052.4	0.00066715	0.000647463
BNIP3L	0.15274	NM_004331.3	0.46993	0.31719
BNIP5		NM_001010903.5	1.8447e-17	
BNIPL	3.0268e-10	NM_138278.4	7.4222e-08	7.391932e-08
BOC	1.7426e-07	NM_001378074.1	8.5065e-16	1.7425999914935e-07
BOD1	0.24853	NM_138369.3	0.00050805	0.24802195
BOD1L1	0.99985	NM_148894.3	1.0	0.00014999999999998348
BOD1L2	0.075648	NM_001257964.2	0.00028321	0.07536479
BOK	0.16279	NM_032515.5	5.3457e-09	0.1627899946543
BOLA1	0.03816	NM_016074.5	0.0076178	0.0305422
BOLA3	0.14911	NM_212552.3	0.0025646	0.1465454
BOLL	0.058307	NM_033030.6	0.31354	0.255233
BOP1	0.092793	NM_015201.5	9.8633e-14	0.09279299999990137
BORA	0.00032563	NM_024808.5	0.0082089	0.00788327
BORCS5		NM_058169.6	3.9484e-05	
BORCS6		NM_017622.3	0.00020902	
BORCS7		NM_001136200.2	0.00052539	
BORCS8		NM_001145784.2	0.00061325	
BPGM	0.021313	NM_001724.5	0.00057152	0.02074148
BPHL	4.5804e-07	NM_004332.4	3.2856e-09	4.547544e-07
BPI	1.6514e-14	NM_001725.3	1.4953e-13	1.3301599999999999e-13
BPIFA1	1.1971e-08	NM_130852.3	1.1702e-08	2.690000000000006e-10
BPIFA2	8.0124e-07	NM_080574.4	1.6393e-05	1.559176e-05
BPIFA3	5.9419e-13	NM_178466.5	4.7317e-13	1.2102000000000002e-13
BPIFB1	2.3224e-08	NM_033197.3	2.3474e-06	2.3241760000000003e-06
BPIFB2	4.7491e-12	NM_025227.3	4.9289e-10	4.881409e-10
BPIFB4	4.6975999999999994e-21	NM_182519.3	6.438600000000001e-19	6.391624000000001e-19
BPIFB6	2.8058e-13	NM_174897.2	5.2856e-14	2.27724e-13
BPIFC	1.589e-07	NM_174932.3	5.3518e-17	1.58899999946482e-07
BPNT1	2.2279e-05	NM_006085.6	3.8255e-06	1.8453500000000002e-05
BPNT2		NM_017813.5	0.78838	
BPTF	1.0	NM_182641.4	1.0	0.0
BRAF	0.99995	NM_001374258.1	1.0	4.999999999999449e-05
BRAP	3.7512e-06	NM_006768.5	4.0417e-06	2.904999999999996e-07
BRAT1	7.4316e-13	NM_152743.4	3.0623e-29	7.4316e-13
BRCA1	9.2157e-29	NM_007294.4	1.5474000000000001e-34	9.215684526000001e-29
BRCA2	2.3581e-25	NM_000059.4	6.5274e-44	2.3581e-25
BRD1	0.99949	NM_001304808.3	1.0	0.0005100000000000104
BRD2	0.99957	NM_005104.4	1.0	0.00043000000000004146
BRD3	0.97468	NM_007371.4	0.99997	0.025290000000000035
BRD4	1.0	NM_001379291.1	1.0	0.0
BRD7	0.99774	NM_013263.5	1.0	0.0022600000000000398
BRD8	1.5564e-07	NM_139199.2	0.0013736	0.00137344436
BRD9	0.015373	NM_023924.5	5.4569e-11	0.015372999945431
BRDT	5.7616e-09	NM_207189.4	4.267e-13	5.761173299999999e-09
BRF1	0.00010409	NM_001519.4	3.1018e-15	0.00010408999999689821
BRF2	3.7481e-12	NM_018310.4	0.0020703	0.0020702999962519003
BRI3	0.033766	NM_015379.5	0.022877	0.010888999999999996
BRI3BP	0.064384	NM_080626.6	0.032503	0.031881
BRICD5	1.1472e-17	NM_182563.4	6.0721e-26	1.1471999939279e-17
BRINP1	0.99251	NM_014618.3	1.0	0.007489999999999997
BRINP2	0.99936	NM_021165.4	0.99995	0.0005899999999999794
BRINP3	0.14554	NM_199051.3	1.0	0.85446
BRIP1	6.206e-17	NM_032043.3	8.7115e-19	6.118885e-17
BRIX1	0.72803	NM_018321.4	0.79821	0.07018000000000002
BRK1	0.68706	NM_018462.5	0.011536	0.675524
BRME1		NM_001345843.2	1.2487e-06	
BRMS1	1.579e-07	NM_015399.4	6.0727e-06	5.9148000000000005e-06
BRMS1L	0.057843	NM_032352.4	0.020171	0.037672
BROX	4.2023e-11	NM_144695.4	7.9656e-06	7.965557977e-06
BRPF1	1.0	NM_001003694.2	1.0	0.0
BRPF3	0.99998	NM_015695.3	1.0	2.0000000000020002e-05
BRSK1	0.99982	NM_032430.2	1.0	0.00017999999999995797
BRSK2	0.95141	NM_001256627.2	1.0	0.04859000000000002
BRWD1	1.0	NM_033656.4	0.99985	0.00014999999999998348
BSCL2	1.0981e-09	NM_001122955.4	7.4505e-10	3.5304999999999993e-10
BSDC1	0.02408	NM_018045.8	7.6485e-05	0.024003515
BSG	2.5873e-05	NM_001728.4	1.1595e-12	2.58729988405e-05
BSN	1.0	NM_003458.4	1.0	0.0
BSND	1.0949e-10	NM_057176.3	0.00065519	0.0006551898905100001
BSPH1	0.016492	NM_001128326.2	1.084e-05	0.016481159999999998
BSPRY	1.3336e-06	NM_017688.3	2.7221e-11	1.333572779e-06
BST1	4.2099e-11	NM_004334.3	3.1674e-18	4.20989968326e-11
BST2	0.00042516	NM_004335.4	0.013708	0.013282839999999999
BSX	0.0079075	NM_001098169.2	0.00070538	0.007202119999999999
BTAF1	1.0	NM_003972.3	1.0	0.0
BTBD1	0.00011935	NM_025238.4	3.5801e-08	0.000119314199
BTBD2	0.87534	NM_017797.4	0.27925	0.59609
BTBD3	0.12831	NM_014962.4	0.94584	0.81753
BTBD6	3.7117e-06	NM_001387567.1	1.0192e-08	3.701508e-06
BTBD7	0.0001076	NM_001002860.4	0.1407	0.14059239999999998
BTBD8	6.077e-07	NM_001376131.1	8.5868e-17	6.076999999141321e-07
BTBD9	7.0655e-09	NM_001099272.2	1.0457e-11	7.055043e-09
BTBD10	0.0029452	NM_032320.7	0.63105	0.6281048
BTBD16	3.5604e-17	NM_144587.5	3.0416e-20	3.5573584000000005e-17
BTBD17	0.021462	NM_001080466.2	4.4003e-10	0.02146199955997
BTBD18	0.99782	NM_001145101.3	0.93555	0.06227000000000005
BTC	0.062276	NM_001729.4	0.0093095	0.0529665
BTD	1.4972e-07	NM_001370658.1	5.4385e-05	5.4235280000000004e-05
BTF3	0.75624	NM_001037637.2	0.0069551	0.7492849
BTF3L4	0.57136	NM_152265.5	0.26028	0.31107999999999997
BTG1	0.53641	NM_001731.3	0.97591	0.4395
BTG2	0.019033	NM_006763.3	0.0050644	0.013968600000000001
BTG3	0.91582	NM_006806.5	0.99961	0.08379000000000003
BTG4	0.16682	NM_001367975.1	0.0008247	0.16599529999999998
BTLA	0.020987	NM_181780.4	0.17589	0.15490299999999999
BTN1A1	1.9496e-08	NM_001732.3	5.7837e-08	3.8341e-08
BTN2A1	3.3958999999999994e-21	NM_007049.5	5.3856e-16	5.385566041e-16
BTN2A2	1.3821e-11	NM_006995.5	1.0613e-08	1.0599179e-08
BTN3A1	5.8712e-09	NM_007048.6	8.0672e-05	8.06661288e-05
BTN3A2	1.1002e-10	NM_007047.5	3.9501e-07	3.9489998e-07
BTN3A3	1.1892e-18	NM_006994.5	1.6026e-12	1.6025988108e-12
BTNL2	8.5607e-11	NM_001304561.2	5.562e-16	8.56064438e-11
BTNL3	0.00059654	NM_197975.3	9.5283e-05	0.000501257
BTNL8	1.4502e-05	NM_001040462.3	5.1e-05	3.6498e-05
BTNL9	7.8754e-14	NM_152547.5	2.5528e-16	7.849872000000001e-14
BTRC	0.011942	NM_033637.4	0.001872	0.010069999999999999
BUB1	4.8813e-09	NM_004336.5	7.3293e-13	4.88056707e-09
BUB1B	6.998e-10	NM_001211.6	2.5766e-14	6.99774234e-10
BUB3	0.80927	NM_004725.4	0.00065367	0.80861633
BUD13	2.0613e-06	NM_032725.4	5.4765e-11	2.061245235e-06
BUD23		NM_017528.5	1.9186e-08	
BUD31	0.23109	NM_003910.4	0.064467	0.166623
BYSL	9.9642e-05	NM_004053.4	0.071366	0.071266358
BZW1	0.94418	NM_001207067.2	1.0	0.05581999999999998
BZW2	0.1048	NM_014038.3	0.3334	0.22859999999999997
C1D	0.03411	NM_173177.3	0.64662	0.61251
C1GALT1	0.76313	NM_020156.5	0.74102	0.022109999999999963
C1GALT1C1L		NM_001101330.3	0.095107	
C1QA	0.0038204	NM_015991.4	0.059746	0.0559256
C1QB	0.15392	NM_001378156.1	0.24893	0.09501000000000001
C1QBP	2.0164e-07	NM_001212.4	1.4508e-07	5.656e-08
C1QC	0.048591	NM_172369.5	0.017715	0.030876
C1QL1	5.6243e-06	NM_006688.5	1.7075e-06	3.9167999999999995e-06
C1QL2	0.035707	NM_182528.4	6.2208e-05	0.035644792
C1QL3	0.51567	NM_001010908.2	0.54038	0.02471000000000001
C1QL4	0.4244	NM_001008223.2	0.26968	0.15472000000000002
C1QTNF1	0.00042421	NM_030968.5	5.5769e-07	0.00042365231
C1QTNF2	0.00083478	NM_031908.6	6.8409e-06	0.0008279391
C1QTNF3	1.8089e-07	NM_181435.6	7.0584e-06	6.87751e-06
C1QTNF4	0.17229	NM_031909.3	2.8613e-06	0.1722871387
C1QTNF5	0.83565	NM_001278431.2	0.13707	0.69858
C1QTNF6	9.0082e-06	NM_031910.4	8.8104e-06	1.9780000000000004e-07
C1QTNF7	8.9772e-05	NM_031911.5	0.00013535	4.557800000000002e-05
C1QTNF8	1.2959e-12	NM_207419.3	6.0984e-13	6.8606e-13
C1QTNF12		NM_001014980.3	1.9375e-17	
C1R	0.77888	NM_001733.7	0.8552	0.07631999999999994
C1RL	3.4642e-08	NM_016546.4	7.506e-10	3.38914e-08
C1S	0.00067654	NM_001734.5	0.00018058	0.0004959599999999999
C1orf21	0.89204	NM_030806.4	0.99716	0.10511999999999999
C1orf35	7.568e-05	NM_024319.4	1.2802e-15	7.56799999987198e-05
C1orf43	0.0018462	NM_001098616.3	0.00028552	0.00156068
C1orf50	0.026595	NM_024097.4	1.1784e-06	0.0265938216
C1orf52	0.047382	NM_198077.4	0.86038	0.812998
C1orf53	5.6149e-05	NM_001024594.3	2.6768e-09	5.61463232e-05
C1orf54	0.0002318	NM_024579.4	0.047802	0.0475702
C1orf56	9.6918e-06	NM_017860.5	0.00085893	0.0008492382000000001
C1orf74	0.015314	NM_152485.4	0.043842	0.028527999999999998
C1orf87	6.1824e-25	NM_152377.3	9.6227e-14	9.622699999938176e-14
C1orf94	0.0093207	NM_001134734.2	8.255e-13	0.0093206999991745
C1orf105	1.1007e-05	NM_139240.4	0.34072	0.340708993
C1orf115	0.040906	NM_024709.5	3.522e-09	0.040905996478
C1orf116	0.0017075	NM_023938.6	0.0048482	0.0031407000000000006
C1orf122	0.14325	NM_198446.3	5.4764e-06	0.14324452359999998
C1orf141	0.0032311	NM_001276351.2	0.0022172	0.0010139000000000003
C1orf146	0.00020595	NM_001012425.2	0.095655	0.09544905000000001
C1orf159	0.0001645	NM_017891.5	7.5003e-06	0.00015699969999999997
C1orf162	1.4202e-05	NM_001300834.2	0.00029456	0.00028035800000000003
C1orf167	9.1452e-34	NM_001010881.2	2.2933e-39	9.145177066999999e-34
C1orf174	0.0001068	NM_207356.3	0.00032692	0.00022012000000000003
C1orf185	5.0044e-07	NM_001136508.2	0.0012591	0.00125859956
C1orf198	0.00062943	NM_032800.3	0.0002744	0.00035503000000000005
C1orf210	0.00017017	NM_182517.3	3.0362e-05	0.000139808
C1orf216	0.0013436	NM_152374.2	4.1403e-07	0.00134318597
C1orf226	0.939	NM_001085375.2	0.018348	0.9206519999999999
C1orf232		NM_001364669.2	0.00017384	
C2	1.3494e-16	NM_000063.6	2.4382e-16	1.0887999999999998e-16
C2CD2	9.0642e-06	NM_015500.2	2.4855e-09	9.0617145e-06
C2CD2L	0.98718	NM_001290474.2	0.98316	0.0040199999999999125
C2CD3	4.4437e-19	NM_001286577.2	1.8824e-14	1.882355563e-14
C2CD4A	0.017468	NM_207322.3	0.011906	0.005562000000000001
C2CD4B	8.8732e-05	NM_001007595.3		
C2CD4C	0.46612	NM_001136263.2	0.0098306	0.45628939999999996
C2CD5	9.7333e-12	NM_001286176.2	0.0090737	0.009073699990266701
C2CD6		NM_001168221.2	1.1336e-26	
C2orf15	0.052798	NM_144706.4	0.21625	0.163452
C2orf42	0.005143	NM_017880.3	5.6528e-05	0.005086472
C2orf49	0.017223	NM_024093.3	0.021076	0.0038530000000000023
C2orf66	0.0073036	NM_213608.3	0.0096447	0.0023411000000000005
C2orf68	5.7612e-06	NM_001013649.4	7.8595e-05	7.28338e-05
C2orf69	0.018679	NM_153689.6	0.00047159	0.01820741
C2orf72	0.16112	NM_001144994.2	7.1629e-08	0.161119928371
C2orf74	0.13499	NM_001143959.4	0.0018738	0.1331162
C2orf76	0.0054177	NM_001322331.2	0.00014078	0.00527692
C2orf80	7.5e-11	NM_001099334.3	1.1937e-06	1.193625e-06
C2orf81	0.12641	NM_001316764.3	0.033749	0.092661
C2orf88	0.0027643	NM_001042519.2	0.46368	0.4609157
C3	0.90421	NM_000064.4	1.2692e-06	0.9042087308
C3AR1	3.3053e-09	NM_004054.4	0.31782	0.3178199966947
C3orf18	0.00066265	NM_016210.5	0.00014143	0.00052122
C3orf20	2.381e-21	NM_032137.5	7.748899999999999e-22	1.6061099999999998e-21
C3orf22	0.1001	NM_152533.3	0.022818	0.07728199999999999
C3orf33	5.8421e-06	NM_001308229.2	3.0375e-06	2.8046000000000002e-06
C3orf38	0.00061331	NM_173824.4	7.5696e-05	0.0005376140000000001
C3orf52	8.6244e-05	NM_024616.3	4.4267e-06	8.18173e-05
C3orf62	0.00012633	NM_198562.3	4.0416e-05	8.591399999999999e-05
C3orf70	4.8695e-05	NM_001025266.3	3.6997e-05	1.1698000000000002e-05
C3orf80	0.18963	NM_001168214.2	0.000148	0.18948199999999998
C4A	1.5416e-11	NM_007293.3	0.10773	0.107729999984584
C4B	0.83464	NM_001002029.4	0.9981	0.16345999999999994
C4BPA	0.45739	NM_000715.4	0.0044764	0.4529136
C4BPB	4.3958e-05	NM_001017365.3	0.00010434	6.038199999999999e-05
C4orf17	1.2018e-08	NM_032149.3	1.4742e-05	1.4729982e-05
C4orf33	3.5241e-05	NM_001099783.2	0.00024712	0.000211879
C4orf36	0.00018365	NM_144645.4	0.0002804	9.675e-05
C4orf46	0.039595	NM_001008393.4	0.0003688	0.039226199999999996
C4orf51	6.0318e-06	NM_001080531.3	9.9014e-05	9.29822e-05
C4orf54		NM_001354435.2	6.1868e-18	
C5	8.079e-24	NM_001735.3	7.7641e-17	7.764099192099999e-17
C5AR1	0.40249	NM_001736.4	0.37956	0.022930000000000006
C5AR2	0.24585	NM_001271749.2	0.37415	0.12829999999999997
C5orf15	0.050281	NM_020199.3	0.013042	0.037239
C5orf22	0.00014623	NM_018356.3	1.0824e-06	0.0001451476
C5orf24	0.73025	NM_001135586.1	0.35937	0.37087999999999993
C5orf34	8.9961e-15	NM_198566.4	0.00015792	0.0001579199999910039
C5orf46	0.072027	NM_206966.3	0.02649	0.045536999999999994
C5orf47	1.0442e-07	NM_001144954.2	1.1652e-06	1.0607800000000002e-06
C5orf52	0.064408	NM_001145132.2	0.012882	0.05152600000000001
C5orf58	0.046419	NM_001102609.3	0.22887	0.18245099999999997
C5orf63	0.0044611	NM_001164478.2	1.8966e-06	0.0044592034
C6	5.8646e-22	NM_000065.5	6.1993e-27	5.864538007e-22
C6orf15	0.010531	NM_014070.3	0.0011695	0.0093615
C6orf47	0.066412	NM_021184.4	0.87887	0.812458
C6orf52	3.6111e-05	NM_001145020.3	1.8743e-05	1.7368e-05
C6orf58	7.0978e-09	NM_001010905.3	0.0019615	0.0019614929022
C6orf62	0.98336	NM_030939.5	0.087872	0.8954880000000001
C6orf89	8.7766e-07	NM_001286635.2	2.2003e-06	1.3226399999999999e-06
C6orf118	3.2403e-20	NM_144980.4	4.5994e-14	4.5993967597e-14
C6orf132	8.6145e-07	NM_001164446.3	8.5484e-09	8.529016e-07
C6orf136	0.94895	NM_001161376.2	3.7782e-07	0.94894962218
C6orf141		NM_001145652.2	0.31618	
C6orf163	0.00072068	NM_001010868.3	1.2762e-05	0.000707918
C7	1.0747e-14	NM_000587.4	3.8847e-13	3.77723e-13
C7orf25	0.35388	NM_001099858.2	0.015867	0.33801299999999995
C7orf33	1.6048e-05	NM_145304.4	2.1967e-06	1.3851299999999999e-05
C7orf57	4.0355e-12	NM_001100159.3	9.8758e-09	9.8717645e-09
C8A	6.5536e-16	NM_000562.3	1.4084e-23	6.55359985916e-16
C8B	2.3057e-19	NM_000066.4	1.1000999999999998e-21	2.294699e-19
C8G	2.6521e-17	NM_000606.3	4.728e-18	2.1793e-17
C8orf33	2.0873e-09	NM_023080.3	1.1504e-10	1.97226e-09
C8orf34	1.4855e-12	NM_052958.4	2.8033e-11	2.65475e-11
C8orf48	0.00017347	NM_001007090.3		
C8orf58	4.5689e-05	NM_001013842.3	5.6757e-08	4.5632243000000004e-05
C8orf74	7.0341e-12	NM_001040032.2	2.7842e-13	6.755679999999999e-12
C8orf76	1.5606e-14	NM_032847.3	3.5849000000000003e-19	1.560564151e-14
C8orf82	3.6066e-05	NM_001001795.2	1.0781e-12	3.6065998921900005e-05
C8orf88	0.43502	NM_001190972.2	0.14445	0.29057
C8orf89		NM_001243237.3	0.00017715	
C9	1.6323e-24	NM_001737.5	4.8359e-12	4.835899999998367e-12
C9orf40	0.069726	NM_017998.3	0.24212	0.172394
C9orf43	4.3555e-11	NM_001278629.2	1.0128e-11	3.3426999999999995e-11
C9orf57	0.00011153	NM_001128618.2	0.00032938	0.00021785
C9orf72	1.0647e-06	NM_018325.5	0.0019027	0.0019016353
C9orf78	1.9212e-05	NM_016520.3	0.18334	0.183320788
C9orf85	3.2225e-05	NM_182505.5	0.0054127	0.005380475
C9orf152	0.017887	NM_001012993.3	0.0053652	0.0125218
C9orf153	0.0076085	NM_001276366.4	5.0641e-05	0.007557859
C10orf53	0.58427	NM_001042427.3	0.0019082	0.5823617999999999
C10orf62	4.499e-06	NM_001009997.3	0.12106	0.121055501
C10orf67	1.7976e-08	NM_001371909.1	8.2182e-10	1.715418e-08
C10orf71	1.9625e-09	NM_001135196.2	0.40046	0.4004599980375
C10orf88	0.012888	NM_024942.4	1.7578e-06	0.0128862422
C10orf90	8.315e-15	NM_001350921.2	3.9185e-14	3.087e-14
C10orf95	0.0047379	NM_001363580.1		
C10orf105	0.084246	NM_001164375.3	0.0036435	0.08060250000000001
C10orf120	3.5549e-05	NM_001010912.4	2.612e-05	9.429e-06
C11orf16	4.3154e-14	NM_020643.3	3.8271e-10	3.8266684600000004e-10
C11orf21	0.016355	NM_001329958.2	1.4039e-08	0.016354985961
C11orf24	0.0023262	NM_022338.4	0.079659	0.0773328
C11orf42	4.044e-08	NM_173525.3	5.9418e-08	1.8978000000000006e-08
C11orf52	3.0999e-05	NM_080659.3	0.15231	0.152279001
C11orf54	2.8718e-08	NM_001286069.2	4.7324e-06	4.7036819999999995e-06
C11orf58	0.1654	NM_014267.6	0.98034	0.81494
C11orf65	2.0163e-14	NM_152587.5	4.5263e-10	4.5260983700000003e-10
C11orf68	0.24562	NM_001135635.2	0.040618	0.20500200000000002
C11orf71	0.20849	NM_001271562.2	0.17211	0.036379999999999996
C11orf86	6.5689e-06	NM_001353554.2	5.149e-07	6.054e-06
C11orf87	0.27816	NM_207645.4	0.55695	0.2787899999999999
C11orf91	0.010029	NM_001166692.2	0.0055608	0.004468199999999999
C11orf96	0.0096256	NM_001145033.2	0.00097489	0.008650709999999999
C11orf97		NM_001190462.2	0.015732	
C11orf98		NM_001286086.2	0.017007	
C12orf42	2.7519e-10	NM_198521.5	1.1055e-09	8.3031e-10
C12orf43	0.00010484	NM_022895.3	0.00015511	5.026999999999999e-05
C12orf50	4.7252e-07	NM_152589.3	0.0023235	0.00232302748
C12orf54	1.1347e-07	NM_152319.4	5.7621e-07	4.627400000000001e-07
C12orf56	6.8904e-16	NM_001170633.2	3.4681e-18	6.855719e-16
C12orf57	5.2408e-05	NM_138425.4	4.093e-06	4.8315e-05
C12orf60	0.048314	NM_175874.4	0.3157	0.26738599999999996
C12orf71	0.002621	NM_001080406.2	0.00068269	0.00193831
C12orf75	0.63977	NM_001145199.2	0.32564	0.31412999999999996
C12orf76	9.8749e-07	NM_001389625.1	0.031427	0.03142601251
C14orf39	2.7282e-06	NM_174978.3	1.1618e-06	1.5664e-06
C14orf93	0.01085	NM_021944.4	0.001179	0.009671
C14orf119	0.0062891	NM_017924.4	2.2967e-07	0.00628887033
C14orf132		NM_001252507.3	0.0022192	
C14orf180	0.0043821	NM_001008404.3	1.884e-05	0.00436326
C15orf39	0.0054058	NM_015492.5	0.0076645	0.0022587000000000006
C15orf40	0.18627	NM_144597.3	0.038321	0.147949
C15orf48	5.5498e-05	NM_197955.3	0.00045931	0.000403812
C15orf61	0.092485	NM_001143936.2	0.00035289	0.09213211
C15orf62	0.034814	NM_001130448.3	0.00041796	0.034396039999999996
C16orf46	6.8068e-08	NM_152337.3	0.00049239	0.000492321932
C16orf54	0.36686	NM_175900.4	0.37676	0.009899999999999964
C16orf74	0.49655	NM_206967.3	2.4895e-06	0.4965475105
C16orf78	5.9448e-06	NM_144602.4	2.903e-05	2.30852e-05
C16orf82		NM_001145545.2	0.30171	
C16orf86	0.0058052	NM_001012984.3	3.7998e-07	0.0058048200199999995
C16orf87	0.0044861	NM_001001436.4	0.12	0.1155139
C16orf89	1.6287e-16	NM_001098514.3	4.6047e-23	1.62869953953e-16
C16orf90	0.0013458	NM_001080524.2	6.4648e-07	0.00134515352
C16orf92	0.03237	NM_001109659.2	8.6567e-06	0.032361343300000005
C16orf95	8.4064e-11	NM_001195124.3	1.0183e-17	8.4063989817e-11
C16orf96	5.5816e-21	NM_001145011.2	8.8062e-39	5.5816e-21
C17orf50	1.1002e-06	NM_145272.4	3.5509e-07	7.451100000000001e-07
C17orf58	0.19122	NM_001382359.1	0.0059217	0.1852983
C17orf67	6.5469e-06	NM_001085430.4	3.5696e-05	2.91491e-05
C17orf75	0.33668	NM_022344.4	2.8292e-08	0.33667997170799996
C17orf78	2.0653e-09	NM_173625.5	4.3715e-10	1.62815e-09
C17orf99	0.13177	NM_001163075.2	1.2014e-05	0.131757986
C17orf100	0.1311	NM_001105520.2	0.067283	0.063817
C17orf107	0.06927	NM_001145536.2	0.00046247	0.06880752999999999
C17orf113		NM_001358661.2	0.17589	
C18orf32	0.20064	NM_001035005.4	0.049061	0.15157900000000002
C18orf54	1.8657e-06	NM_001288980.2	7.7264e-15	1.8656999922736e-06
C18orf63	6.8227e-06	NM_001174123.2	0.00017502	0.0001681973
C19orf12	0.34416	NM_031448.6	0.91468	0.57052
C19orf18	4.3311e-07	NM_152474.5	0.00010139	0.00010095689000000001
C19orf25	0.40313	NM_152482.3	0.02155	0.38158
C19orf33	0.70447	NM_033520.3	0.00024011	0.70422989
C19orf38	0.010044	NM_001136482.3	0.026198	0.016153999999999998
C19orf44	3.8831e-09	NM_032207.4	1.2561e-12	3.8818439e-09
C19orf47	0.17091	NM_001256441.2	0.00058045	0.17032955
C19orf53	0.056204	NM_014047.3	0.0001373	0.0560667
C19orf67	0.00027363	NM_001277378.2	2.1763e-08	0.00027360823700000003
C19orf73	0.083294	NM_018111.3	0.13508	0.051786
C19orf81	1.233e-05	NM_001195076.2	8.7046e-07	1.145954e-05
C19orf84	0.34514	NM_001193623.2	0.52501	0.17986999999999997
C20orf96	1.178e-14	NM_153269.3	3.926e-18	1.1776074e-14
C20orf141	0.043255	NM_001256538.2	3.8243e-05	0.043216757
C20orf144	0.0022238	NM_080825.4	1.807e-05	0.0022057300000000004
C20orf173	1.0938e-06	NM_001145350.2	6.905e-07	4.033e-07
C20orf202	0.034298	NM_001394958.1	0.0065859	0.027712100000000003
C20orf203		NM_182584.4	7.1043e-07	
C21orf58	1.2579e-12	NM_058180.5	2.3801e-10	2.367521e-10
C21orf91	0.00087035	NM_001100420.2	2.8137e-05	0.000842213
C22orf15	0.0027949	NM_182520.3	5.1211e-08	0.002794848789
C22orf23	4.6831e-14	NM_032561.5	2.358e-07	2.35799953169e-07
C22orf31	1.7066e-07	NM_015370.2	1.0282e-05	1.011134e-05
C22orf39	1.9976e-05	NM_173793.5	2.8794e-10	1.997571206e-05
C22orf42	8.1231e-14	NM_001010859.3	1.2217e-06	1.221699918769e-06
CA1	4.7481e-11	NM_001128831.4	4.3577e-05	4.3576952519e-05
CA2	1.6946e-06	NM_000067.3	3.9499e-08	1.655101e-06
CA3	0.0017251	NM_005181.4	1.2901e-05	0.001712199
CA4	7.1318e-06	NM_000717.5	1.3264e-06	5.8054e-06
CA5A	7.9051e-05	NM_001739.2	1.8303e-07	7.886797e-05
CA6	0.00035958	NM_001215.4	6.1179e-07	0.00035896821
CA7	0.10796	NM_005182.3	0.87904	0.77108
CA8	0.0082516	NM_004056.6	0.23629	0.2280384
CA9	1.3027e-09	NM_001216.3	1.646e-12	1.301054e-09
CA10	0.56746	NM_020178.5	0.29464	0.27281999999999995
CA11	0.00095695	NM_001217.5	0.057444	0.056487050000000004
CA12	1.2849e-11	NM_001218.5	3.3815e-08	3.3802151e-08
CA13	1.7599e-06	NM_198584.3	0.0059562	0.0059544401
CA14	5.9231e-16	NM_012113.3	3.2405e-14	3.181269e-14
CAAP1	0.78449	NM_024828.4	0.0036487	0.7808413000000001
CAB39	0.068013	NM_016289.4	0.6746	0.606587
CAB39L	6.3887e-05	NM_001079670.3	0.0017882	0.0017243129999999999
CABCOCO1		NM_001366906.2	0.0033265	
CABIN1	3.2844e-17	NM_012295.4	5.7559999999999994e-21	3.2838244e-17
CABLES1	0.0054966	NM_001100619.3	7.9853e-07	0.00549580147
CABLES2	0.00020975	NM_031215.3	2.3415e-09	0.0002097476585
CABP1	0.88789	NM_001033677.2	0.0008196	0.8870703999999999
CABP2	0.0025355	NM_016366.3	1.0077e-08	0.002535489923
CABP4	1.6786e-10	NM_145200.5	8.2977e-11	8.488300000000001e-11
CABP5	0.0047939	NM_019855.5	3.8636e-06	0.0047900364
CABP7	0.14741	NM_182527.3	0.10299	0.044420000000000015
CABS1	0.0076333	NM_033122.4	0.18187	0.1742367
CABYR	2.258e-06	NM_153769.3	2.4816e-08	2.2331839999999996e-06
CACFD1	0.00080583	NM_017586.5	6.8214e-12	0.0008058299931786
CACHD1	5.8276e-09	NM_020925.4	1.3473e-06	1.3414724e-06
CACNA1A	1.0	NM_001127222.2	1.0	0.0
CACNA1B	0.99998	NM_000718.4	1.0	2.0000000000020002e-05
CACNA1C	1.0	NM_000719.7	1.0	0.0
CACNA1D	1.0	NM_001128840.3	1.0	0.0
CACNA1E	1.0	NM_001205293.3	1.0	0.0
CACNA1G	1.0	NM_018896.5	1.0	0.0
CACNA1H	4.7778e-10	NM_021098.3	6.7955e-47	4.7778e-10
CACNA1I	1.0	NM_021096.4	0.0053623	0.9946377
CACNA1S	6.2588e-12	NM_000069.3	6.2927e-18	6.2587937073e-12
CACNA2D1	0.99989	NM_000722.4	0.99947	0.00041999999999997595
CACNA2D2	0.99997	NM_006030.4	1.0	2.999999999997449e-05
CACNA2D3	0.57778	NM_018398.3	0.99937	0.42159
CACNA2D4	1.4894e-34	NM_172364.5	9.552e-50	1.4893999999999992e-34
CACNB1	0.78689	NM_000723.5	0.58222	0.20467000000000002
CACNB2	2.6719e-06	NM_201596.3	9.0033e-06	6.3314e-06
CACNB3	0.00028915	NM_000725.4	6.1222e-06	0.0002830278
CACNB4	0.030679	NM_000726.5	0.0013747	0.029304300000000002
CACNG1	1.4908e-08	NM_000727.4	4.6588e-07	4.5097199999999997e-07
CACNG2	0.92315	NM_006078.5	0.99979	0.07663999999999993
CACNG3	0.99417	NM_006539.4	0.99983	0.005659999999999998
CACNG4	0.016603	NM_014405.4	0.86171	0.8451069999999999
CACNG5	0.0061164	NM_145811.3	4.6216e-05	0.006070184
CACNG6	3.097e-05	NM_145814.2	1.5053e-08	3.0954947000000006e-05
CACNG7	0.88714	NM_031896.5	0.86765	0.019490000000000007
CACNG8	0.9638	NM_031895.6	0.99618	0.032379999999999964
CACTIN	0.99998	NM_001080543.2	0.99735	0.002630000000000021
CACUL1	0.96315	NM_153810.5	0.7904	0.17274999999999996
CACYBP	0.91984	NM_014412.3	0.0070348	0.9128052
CAD	0.99993	NM_004341.5	1.0	7.00000000000145e-05
CADM1	0.66216	NM_001301043.2	0.99959	0.33743
CADM2	0.89097	NM_001167675.2	0.96797	0.07699999999999996
CADM3	0.93386	NM_001127173.3	0.99991	0.06604999999999994
CADM4	0.99762	NM_145296.2	0.98478	0.012839999999999963
CADPS	1.4707e-05	NM_003716.4	0.99979	0.999775293
CADPS2	0.36785	NM_017954.11	5.5356e-09	0.36784999446440003
CAGE1	8.7071e-14	NM_001170692.2	1.9835e-07	1.98349912929e-07
CALB1	0.24308	NM_004929.4	0.84999	0.6069100000000001
CALB2	4.5423e-07	NM_001740.5	5.3217e-07	7.793999999999997e-08
CALCA	0.015562	NM_001741.3	0.13467	0.11910800000000002
CALCB	0.097127	NM_000728.4	0.003933	0.093194
CALCOCO1	1.202e-06	NM_020898.3	0.00015007	0.000148868
CALCOCO2	0.0001027	NM_005831.5	0.00019635	9.365e-05
CALCR	3.1176e-09	NM_001742.4	1.6157e-06	1.6125824000000001e-06
CALCRL	0.9853	NM_005795.6	0.015549	0.9697509999999999
CALD1	0.99879	NM_033138.4	0.96477	0.03401999999999994
CALHM1	1.7556e-05	NM_001001412.4	6.5281e-05	4.7725e-05
CALHM2	8.3082e-06	NM_015916.5	6.2749e-06	2.0332999999999997e-06
CALHM3	0.003306	NM_001129742.2	0.0091005	0.005794499999999999
CALHM4		NM_001366078.2	3.6593e-09	
CALHM5		NM_153711.5	1.4916e-05	
CALHM6		NM_001010919.3	5.0554e-08	
CALM1	0.94473	NM_006888.6	0.991	0.04627000000000003
CALM2	0.92086	NM_001743.6	0.99327	0.07240999999999997
CALM3	0.92749	NM_005184.4	0.93101	0.0035199999999999676
CALML3	0.00090968	NM_005185.4	0.26514	0.26423031999999996
CALML4	5.9205e-05	NM_033429.3	1.6503e-05	4.2702e-05
CALML5		NM_017422.5	0.30218	
CALML6	2.6089e-08	NM_138705.4	2.9234e-11	2.6059765999999998e-08
CALN1	0.031937	NM_031468.4	0.0010696	0.0308674
CALR	0.89133	NM_004343.4	0.99965	0.10832000000000008
CALR3	6.9788e-10	NM_145046.5	6.2862e-10	6.925999999999992e-11
CALU	0.014005	NM_001219.5	0.91348	0.8994749999999999
CALY	0.038696	NM_015722.4	0.00038951	0.03830649
CAMK1	3.0134e-05	NM_003656.5	9.343e-11	3.013390657e-05
CAMK1D	0.9962	NM_153498.4	0.99983	0.003630000000000022
CAMK1G	0.00039801	NM_020439.3	0.054754	0.05435599
CAMK2A	0.99845	NM_015981.4	1.0	0.0015500000000000513
CAMK2B	0.73914	NM_001220.5	0.99933	0.26019000000000003
CAMK2D	0.002287	NM_001321571.2	0.96672	0.964433
CAMK2G	0.9991	NM_001367534.1	0.99982	0.0007200000000000539
CAMK2N1	0.16681	NM_018584.6	0.1882	0.021389999999999992
CAMK2N2	0.22046	NM_033259.3	0.27691	0.05645
CAMK4	0.50957	NM_001744.6	0.059688	0.44988199999999995
CAMKK1	0.00033981	NM_032294.3	0.99628	0.99594019
CAMKK2	0.091625	NM_001270485.2	0.0039267	0.08769829999999999
CAMKMT	1.3806e-15	NM_024766.5	1.1508e-11	1.15066194e-11
CAMKV	0.99696	NM_024046.5	1.0	0.0030400000000000427
CAMLG	0.00061836	NM_001745.4	1.1508e-05	0.000606852
CAMP	0.0043897	NM_004345.5	0.009515	0.005125299999999999
CAMSAP1	0.99985	NM_015447.4	0.0099751	0.9898749
CAMSAP2	0.99999	NM_203459.4	1.0	9.99999999995449e-06
CAMSAP3	1.0	NM_020902.2	0.87872	0.12128000000000005
CAMTA1	1.0	NM_015215.4	1.0	0.0
CAMTA2	0.99918	NM_015099.4	0.28444	0.7147399999999999
CAND1	1.0	NM_018448.5	1.0	0.0
CAND2	4.326e-16	NM_001162499.2	3.198e-13	3.193674e-13
CANT1	2.5437e-06	NM_001159773.2	2.0744e-09	2.5416256e-06
CANX	0.86635	NM_001746.4	0.99999	0.1336400000000001
CAP1	0.019817	NM_006367.4	0.99992	0.9801030000000001
CAP2	0.69899	NM_006366.3	0.0030872	0.6959028
CAPG	9.357e-14	NM_001747.4	5.535e-08	5.534990643e-08
CAPN1	5.8554e-10	NM_005186.4	2.8441e-20	5.855399999715591e-10
CAPN2	3.519e-22	NM_001748.5	2.3939e-17	2.39386481e-17
CAPN3	3.5865e-19	NM_000070.3	5.226200000000001e-19	1.6397000000000006e-19
CAPN5	2.5197e-08	NM_004055.5	5.467e-14	2.519694533e-08
CAPN7	1.2865e-13	NM_014296.3	9.1158e-07	9.1157987135e-07
CAPN8	1.2513e-13	NM_001143962.2	1.221e-24	1.25129999998779e-13
CAPN9	1.3256e-22	NM_006615.3	4.770800000000001e-19	4.769474400000001e-19
CAPN10	6.9206e-13	NM_023083.4	1.2652e-22	6.9205999987348e-13
CAPN11	4.4077e-24	NM_007058.4	1.5701e-35	4.407699999984299e-24
CAPN12	1.226e-33	NM_144691.4	1.1118e-42	1.2259999988882e-33
CAPN13	2.1544e-22	NM_144575.3	5.0738e-26	2.15389262e-22
CAPN14	1.5663999999999998e-21	NM_001145122.2	4.7067999999999997e-26	1.566352932e-21
CAPN15	0.96857	NM_005632.3	1.819e-14	0.9685699999999818
CAPNS1	7.11e-07	NM_001749.4	4.5159e-08	6.658409999999999e-07
CAPNS2	0.0019337	NM_032330.3	0.00056624	0.00136746
CAPRIN1	0.97247	NM_005898.5	1.0	0.027530000000000054
CAPS	1.7206e-05	NM_004058.5	1.6965e-06	1.55095e-05
CAPSL	2.8442e-07	NM_001042625.2	4.1116e-05	4.0831579999999996e-05
CAPZA1	0.93292	NM_006135.3	0.99489	0.06197000000000008
CAPZA2	0.99828	NM_006136.3	0.98062	0.017659999999999898
CAPZA3	0.00097097	NM_033328.3	1.0103e-07	0.0009708689700000001
CAPZB	0.91165	NM_004930.5	0.99985	0.08820000000000006
CARD6	3.3903e-13	NM_032587.4	6.854e-09	6.85366097e-09
CARD8	1.7672e-06	NM_001184900.3	1.5184e-08	1.752016e-06
CARD9	8.1491e-13	NM_052813.5	6.2657e-17	8.14847343e-13
CARD10	0.0022648	NM_014550.4	1.3323e-07	0.0022646667699999998
CARD11	0.99995	NM_032415.7	1.0	4.999999999999449e-05
CARD14	1.2051e-19	NM_001366385.1	3.0278e-38	1.2051e-19
CARD16	0.38275	NM_052889.4	0.023463	0.35928699999999997
CARD18	0.001415	NM_021571.4	0.0048159	0.0034008999999999997
CARD19		NM_032310.5	4.9157e-10	
CARF	8.0424e-07	NM_024744.17	5.994e-06	5.18976e-06
CARHSP1	5.0284e-05	NM_014316.4	6.4745e-05	1.4461000000000003e-05
CARM1	0.99998	NM_199141.2	1.0	2.0000000000020002e-05
CARMIL1		NM_017640.6	1.9925e-05	
CARMIL2		NM_001013838.3	2.0165e-16	
CARMIL3		NM_138360.4	3.1959e-08	
CARNMT1		NM_152420.3	1.2644e-06	
CARNS1	2.0274e-06	NM_001166222.2	2.1364e-23	2.0274e-06
CARS1		NM_001014437.3	0.013447	
CARS2	9.5929e-08	NM_024537.4	1.8986e-13	9.592881014e-08
CARTPT	0.093729	NM_004291.4	0.12718	0.03345099999999998
CASC3	0.61338	NM_007359.5	0.99755	0.38417
CASD1	0.044844	NM_022900.5	0.33699	0.292146
CASKIN1	1.0	NM_020764.4	0.00031628	0.99968372
CASKIN2	0.99971	NM_020753.5	0.4132	0.58651
CASP1	3.5183e-05	NM_001257118.3	0.017654	0.017618817
CASP2	0.0015026	NM_032982.4	1.7417e-09	0.0015025982583
CASP3	0.10017	NM_004346.4	0.066906	0.033264
CASP4	3.0474e-08	NM_001225.4	0.0003347	0.000334669526
CASP5	1.752e-16	NM_004347.5	1.5001e-06	1.5000999998248e-06
CASP6	0.00012665	NM_001226.4	7.9741e-05	4.6908999999999994e-05
CASP7	5.3589e-05	NM_001227.5	6.449e-06	4.714e-05
CASP8	3.7236e-06	NM_001372051.1	0.012509	0.0125052764
CASP9	7.3826e-06	NM_001229.5	7.0015e-08	7.312585e-06
CASP10	4.6392e-12	NM_032977.4	6.3858e-09	6.3811608e-09
CASP14	2.8684e-06	NM_012114.3	6.3158e-09	2.8620842e-06
CASQ1	3.857e-18	NM_001231.5	1.0316e-05	1.0315999999996143e-05
CASQ2	1.3885e-12	NM_001232.4	1.1783e-10	1.164415e-10
CASR	0.046698	NM_000388.4	0.99692	0.950222
CASS4	0.36682	NM_020356.4	0.88251	0.51569
CAST	4.1218e-12	NM_001750.7	6.0475e-05	6.04749958782e-05
CASTOR1		NM_001037666.3	0.00053665	
CASTOR2		NM_001145064.3	0.99517	
CASZ1	1.0	NM_001079843.3	1.0	0.0
CAT	1.6263e-10	NM_001752.4	1.644e-08	1.627737e-08
CATIP		NM_198559.2	2.4316e-11	
CATSPER1	1.008e-11	NM_053054.4	6.9905e-14	1.0010095000000001e-11
CATSPER2	5.8613e-17	NM_172095.4	1.4708e-15	1.412187e-15
CATSPER3	7.5245e-05	NM_178019.3	1.5299e-05	5.9946e-05
CATSPER4	5.7136e-11	NM_198137.2	1.1773e-12	5.59587e-11
CATSPERB	6.8843e-18	NM_024764.4	6.2938e-15	6.2869157e-15
CATSPERD	7.5066e-15	NM_152784.4	5.2811e-16	6.9784899999999995e-15
CATSPERE		NM_001130957.2	1.0138e-09	
CATSPERG	8.5007e-21	NM_021185.5	1.1583e-27	8.5006988417e-21
CATSPERZ		NM_001039496.2	1.2442e-08	
CAV1	0.008274	NM_001753.5	0.014002	0.0057280000000000005
CAV2	0.026973	NM_001233.5	0.088711	0.061738
CAV3	0.0054565	NM_033337.3	0.039666	0.0342095
CAVIN1		NM_012232.6	9.0236e-05	
CAVIN2		NM_004657.6	9.5931e-06	
CAVIN3		NM_145040.3	1.7539e-06	
CAVIN4		NM_001018116.2	0.02139	
CBARP		NM_001393918.1	5.8826e-07	
CBFA2T2	0.99585	NM_001032999.3	1.0	0.004149999999999987
CBFA2T3	0.048373	NM_005187.6	1.5278e-07	0.04837284722
CBFB	0.9589	NM_022845.3	0.19912	0.75978
CBL	0.00060921	NM_005188.4	0.00033116	0.00027805
CBLB	0.99825	NM_170662.5	0.99998	0.0017300000000000093
CBLC	4.2394e-11	NM_012116.4	2.9764e-13	4.2096359999999995e-11
CBLIF		NM_005142.3	0.0051339	
CBLL1	0.99918	NM_024814.4	0.99998	0.0008000000000000229
CBLN1	0.17628	NM_004352.4	0.66907	0.49279000000000006
CBLN2	0.12162	NM_182511.4	0.029319	0.09230100000000001
CBLN3	0.00066248	NM_001039771.3	7.694e-05	0.0005855400000000001
CBLN4	0.16726	NM_080617.6	0.29875	0.13149000000000002
CBR1	6.2783e-05	NM_001757.4	6.271e-05	7.299999999999744e-08
CBR3	3.0158e-06	NM_001236.4	4.5331e-06	1.5172999999999999e-06
CBR4	6.0745e-06	NM_032783.5	5.525e-08	6.01925e-06
CBX1	0.97622	NM_001127228.2	0.29399	0.68223
CBX2	0.99503	NM_005189.3	0.0097406	0.9852894
CBX3	0.40951	NM_016587.4	0.922	0.5124900000000001
CBX4	0.98196	NM_003655.3	0.98767	0.005709999999999993
CBX5	0.93174	NM_012117.3	0.51778	0.41396
CBX6	0.97568	NM_014292.5	0.8769	0.09877999999999998
CBX7	0.68534	NM_175709.5	0.039391	0.645949
CBX8	0.9927	NM_020649.3	0.99818	0.005479999999999929
CBY1	0.0012587	NM_015373.4	0.049137	0.0478783
CBY2		NM_152719.3	5.721e-10	
CBY3	0.00027768	NM_001164444.2	0.0021429	0.0018652200000000001
CC2D1A	0.0084599	NM_017721.5	2.7205e-09	0.008459897279499999
CC2D1B	1.748e-18	NM_001330585.2	5.718200000000001e-25	1.7479994281799998e-18
CC2D2A	1.6721e-27	NM_001378615.1	6.8922e-26	6.724990000000001e-26
CC2D2B	6.9071e-08	NM_001349008.3	2.98e-05	2.9730929e-05
CCAR1	0.99999	NM_018237.4	4.0077e-06	0.9999859923000001
CCAR2	0.94099	NM_001393997.1	1.0	0.05901000000000001
CCBE1	1.5315e-07	NM_133459.4	2.2995e-08	1.30155e-07
CCDC3	0.0048709	NM_031455.4	7.3124e-13	0.00487089999926876
CCDC6	0.57714	NM_005436.5	0.89095	0.31381000000000003
CCDC8	0.25395	NM_032040.5	0.0017454	0.2522046
CCDC9	2.9036e-05	NM_015603.3	2.8837e-16	2.903599999971163e-05
CCDC9B		NM_207380.3	7.6956e-14	
CCDC12	0.040132	NM_001277074.2	2.7248e-11	0.040131999972752
CCDC13	9.0281e-09	NM_144719.4	2.852e-16	9.0280997148e-09
CCDC14	7.7963e-15	NM_001366335.1	1.597e-13	1.519037e-13
CCDC15	4.6882e-20	NM_025004.3	1.0432e-24	4.68809568e-20
CCDC17	3.9155e-22	NM_001114938.3	6.8295e-33	3.915499999931705e-22
CCDC18	1.9627e-37	NM_001378204.1	1.6425e-13	1.6425e-13
CCDC24	4.3856e-08	NM_152499.4	9.9203e-14	4.3855900797e-08
CCDC25	0.0091245	NM_018246.3	0.036205	0.0270805
CCDC27	2.8656999999999992e-28	NM_152492.3	8.9604e-27	8.67383e-27
CCDC28A	3.6463e-10	NM_015439.3	0.00027102	0.00027101963537
CCDC28B	3.2253e-09	NM_024296.5	3.7097e-06	3.7064746999999997e-06
CCDC32		NM_001080792.4	0.19314	
CCDC33	4.9566e-20	NM_025055.5	7.9723e-31	4.956599999920277e-20
CCDC34	5.013e-06	NM_030771.2	1.0863e-07	4.9043700000000004e-06
CCDC38	1.8346e-13	NM_182496.3	2.4687e-08	2.468681654e-08
CCDC39	7.9127e-12	NM_181426.2	6.1729e-20	7.912699938271e-12
CCDC40	3.8155e-17	NM_017950.4	2.6347e-28	3.8154999999736534e-17
CCDC42	3.6229e-06	NM_144681.3	2.2324e-12	3.6228977676e-06
CCDC43	0.00028825	NM_144609.3	2.0416e-05	0.000267834
CCDC47	6.1333e-08	NM_020198.3	5.4337e-09	5.58993e-08
CCDC50	3.9152e-07	NM_178335.3	4.6044e-11	3.91473956e-07
CCDC51	3.1061e-08	NM_001256964.2	1.3373e-10	3.092727e-08
CCDC54	1.1084e-10	NM_032600.3	0.00014789	0.00014788988916
CCDC59	4.0319e-11	NM_014167.5	3.9638e-06	3.963759681e-06
CCDC60	7.7084e-10	NM_178499.5	8.6271e-12	7.622129e-10
CCDC61	2.2578e-14	NM_001267723.2	1.0157000000000001e-19	2.257789843e-14
CCDC62	4.3887e-16	NM_201435.5	1.0946e-12	1.09416113e-12
CCDC63	5.2679e-19	NM_152591.3	3.1327e-16	3.1274321e-16
CCDC66	5.6053e-36	NM_001141947.3	3.2942e-30	3.2941943947e-30
CCDC68	8.7053e-13	NM_025214.3	0.060264	0.060263999999129465
CCDC69	4.9125e-12	NM_015621.3	2.4625e-10	2.413375e-10
CCDC70	0.0092427	NM_031290.4	0.0020188	0.0072239
CCDC71	0.025775	NM_022903.4	0.25629	0.23051500000000003
CCDC71L	0.57806	NM_175884.6	0.0052568	0.5728032000000001
CCDC73	4.7746e-19	NM_001008391.4	4.8403e-16	4.8355254e-16
CCDC74A	4.718400000000001e-19	NM_001258306.3	5.3538e-14	5.353752816e-14
CCDC74B	1.242e-10	NM_001258307.2	9.3314e-12	1.1486859999999999e-10
CCDC77	8.0291e-20	NM_032358.4	6.0962e-12	6.0961999197089996e-12
CCDC78	2.969e-31	NM_001378030.1	1.0158e-33	2.9588420000000003e-31
CCDC80	6.0008e-06	NM_199511.3	1.6537e-08	5.984263e-06
CCDC81	5.0855e-23	NM_001156474.2	1.184e-19	1.1834914500000001e-19
CCDC82	2.383e-07	NM_024725.4	3.8279e-08	2.0002100000000001e-07
CCDC83	1.1628e-09	NM_001286159.2	7.7395e-08	7.62322e-08
CCDC85A	1.5427e-05	NM_001080433.2	3.1704e-10	1.542668296e-05
CCDC85B	0.31331	NM_006848.3	0.00018838	0.31312162
CCDC85C	0.7501	NM_001144995.2	0.00016	0.7499399999999999
CCDC86	1.6652e-05	NM_024098.4	2.76e-08	1.66244e-05
CCDC87	3.5141e-14	NM_018219.3		
CCDC88A	1.0	NM_001365480.1	1.0	0.0
CCDC88B	1.399e-09	NM_032251.6	8.228600000000001e-41	1.399e-09
CCDC88C	3.3027e-08	NM_001080414.4	1.3467e-22	3.302699999999987e-08
CCDC89	7.8532e-05	NM_152723.3	1.0313e-09	7.85309687e-05
CCDC90B	9.9297e-06	NM_021825.5	0.00028879	0.00027886029999999996
CCDC91	3.8084e-06	NM_018318.5	0.063935	0.0639311916
CCDC92	0.29985	NM_025140.3	0.24561	0.05424000000000001
CCDC92B		NM_001355573.2	0.24491	
CCDC93	6.7876e-08	NM_019044.5	9.0445e-05	9.037712400000001e-05
CCDC97	1.6817e-09	NM_052848.3	7.6416e-08	7.47343e-08
CCDC102A	6.8219e-05	NM_033212.4	1.1498e-08	6.8207502e-05
CCDC102B	3.2182e-16	NM_024781.3	9.2e-26	3.21819999908e-16
CCDC106	0.027151	NM_001370470.1	8.4424e-05	0.027066576000000002
CCDC107	6.3474e-09	NM_174923.3	7.5712e-06	7.564852599999999e-06
CCDC110	4.104200000000001e-19	NM_152775.4	3.7609000000000003e-19	3.433000000000007e-20
CCDC112	0.84869	NM_001040440.3	0.00029661	0.84839339
CCDC116	3.9339e-06	NM_152612.3	1.3984e-07	3.7940599999999996e-06
CCDC117	0.78769	NM_173510.4	0.9994	0.21170999999999995
CCDC121	0.72977	NM_024584.5	0.33409	0.39568000000000003
CCDC122	3.7759e-06	NM_144974.5	6.6768e-10	3.7752323200000002e-06
CCDC124	0.27576	NM_001136203.2	0.020176	0.25558400000000003
CCDC125	8.5885e-10	NM_176816.5	9.5005e-06	9.49964115e-06
CCDC126	0.11918	NM_138771.4	0.39094	0.27176
CCDC127	0.00047328	NM_145265.3	0.033546	0.03307272
CCDC134	6.0044e-07	NM_024821.5	1.2344e-09	5.992056e-07
CCDC136	9.1226e-14	NM_022742.5	6.1011e-25	9.122599999938988e-14
CCDC137	5.9139e-07	NM_199287.3	1.0316e-07	4.8823e-07
CCDC138	3.4656e-11	NM_144978.3	2.0055e-08	2.0020344e-08
CCDC141	1.5924e-33	NM_173648.4	7.504700000000001e-41	1.592399924953e-33
CCDC142	5.3295e-13	NM_001365575.2	1.6e-18	5.329484e-13
CCDC144A	4.7554e-14	NM_001382000.1	0.031097	0.031096999999952444
CCDC146	1.3126e-26	NM_020879.3	7.0944e-16	7.094399999868741e-16
CCDC148	1.5603e-30	NM_138803.4	3.2845e-22	3.284499984397e-22
CCDC149	1.9023e-05	NM_001330643.2	9.0202e-10	1.902209798e-05
CCDC150	7.9451e-37	NM_001080539.2	2.6718e-31	2.6717920549000002e-31
CCDC152	3.8214e-05	NM_001134848.2	0.00042658	0.000388366
CCDC154	7.2485e-17	NM_001143980.3	2.2034000000000002e-35	7.2485e-17
CCDC157	7.1565e-22	NM_001017437.5	1.1441e-19	1.1369435e-19
CCDC158	1.5547e-25	NM_001394954.1	2.7187e-17	2.7186999844529997e-17
CCDC159	4.5404e-06	NM_001080503.3	1.1724e-11	4.540388276e-06
CCDC166	0.00329	NM_001162914.1	1.8013e-08	0.003289981987
CCDC167	4.6515e-07	NM_138493.3	1.9641e-06	1.4989499999999999e-06
CCDC168	1.2813e-06	NM_001146197.3	0.016762	0.0167607187
CCDC169	3.7927e-06	NM_001144981.3	6.3141e-08	3.729559e-06
CCDC170	8.6099e-24	NM_025059.4	5.0253e-23	4.16431e-23
CCDC171	3.035e-47	NM_173550.4	4.3564e-37	4.3563999996965e-37
CCDC172	3.7344e-05	NM_198515.3	0.011141	0.011103656
CCDC174	7.142e-08	NM_016474.5	1.049e-06	9.7758e-07
CCDC175	4.9246e-09	NM_001164399.2	4.588e-10	4.4658e-09
CCDC177		NM_001271507.2	0.38912	
CCDC178	1.4511e-23	NM_001105528.4	1.3139e-14	1.3138999985489e-14
CCDC179	0.009089	NM_001195637.2	0.12424	0.115151
CCDC180	1.5309999999999999e-40	NM_020893.6	7.778700000000001e-33	7.778699846900001e-33
CCDC181	1.9512e-10	NM_001300969.2	1.2161e-06	1.21590488e-06
CCDC182	0.70075	NM_001282544.2	0.095841	0.604909
CCDC183	1.493e-09	NM_001039374.5	7.1871e-23	1.492999999999928e-09
CCDC184		NM_001013635.4	4.3734e-05	
CCDC185		NM_152610.3	0.42099	
CCDC186		NM_018017.4	0.020909	
CCDC187		NM_001378188.1	1.3214e-07	
CCDC188		NM_001365892.2	1.001e-11	
CCDC190		NM_001394065.1	0.0020614	
CCDC191		NM_020817.2	1.416e-22	
CCDC198		NM_018168.4	0.1998	
CCER1	4.1961e-05	NM_152638.4	0.21285	0.212808039
CCER2	0.0039706	NM_001243212.2	2.5499e-07	0.00397034501
CCHCR1	1.0122e-16	NM_001105564.2	2.422e-24	1.01219997578e-16
CCIN	0.12403	NM_005893.3	0.0983	0.025730000000000003
CCK	3.3034e-05	NM_000729.6	4.2207e-05	9.172999999999995e-06
CCKAR	0.0040329	NM_000730.3	4.8098e-06	0.0040280902
CCKBR	2.1404e-06	NM_176875.4	1.1598e-10	2.1402840199999997e-06
CCL1	0.0079669	NM_002981.2	0.00014393	0.00782297
CCL2	0.60786	NM_002982.4	0.098444	0.509416
CCL3	0.34981	NM_002983.3	0.0047934	0.3450166
CCL3L3	0.31517	NM_001001437.4	0.0042979	0.3108721
CCL4	0.24134	NM_002984.4	0.0031802	0.2381598
CCL4L2	0.088586	NM_001291475.2	0.23099	0.142404
CCL5	0.0017516	NM_001278736.2	0.14581	0.1440584
CCL7	0.00089294	NM_006273.4	0.0057208	0.00482786
CCL8	0.041412	NM_005623.3	0.22396	0.182548
CCL11	0.010211	NM_002986.3	0.012674	0.002463
CCL13	0.040987	NM_005408.3	0.084265	0.043278000000000004
CCL14	0.00010929	NM_032963.4	0.039377	0.039267710000000004
CCL15	0.3333	NM_032965.6	0.0023499	0.33095009999999997
CCL16	0.22498	NM_004590.4	0.0069398	0.21804020000000002
CCL17	0.00013932	NM_002987.3	0.010094	0.00995468
CCL18	0.0091743	NM_002988.4	0.0058396	0.0033346999999999995
CCL19	0.31691	NM_006274.3	0.15848	0.15843000000000002
CCL20	0.00024242	NM_004591.3	0.33313	0.33288757999999996
CCL21	0.036239	NM_002989.4	0.0010332	0.0352058
CCL22	0.0084014	NM_002990.5	0.0080347	0.0003666999999999993
CCL23	0.00059735	NM_005064.6	0.0036135	0.00301615
CCL24	0.0070888	NM_002991.3	0.087211	0.08012219999999999
CCL25	0.015241	NM_005624.4	1.9779e-06	0.0152390221
CCL26	0.010114	NM_001371938.1	0.0045374	0.0055766
CCL27	0.013511	NM_006664.4	1.5381e-05	0.013495619
CCL28	0.051599	NM_148672.3	0.062422	0.010823
CCM2	0.0092809	NM_031443.4	0.0010505	0.0082304
CCM2L	7.7785e-07	NM_001365692.1	8.1073e-08	6.96777e-07
CCN1		NM_001554.5	0.97496	
CCN2		NM_001901.4	2.6895e-06	
CCN3		NM_002514.4	5.4648e-06	
CCN4		NM_003882.4	1.8485e-09	
CCN5		NM_003881.4	1.5551e-06	
CCN6		NM_198239.2	5.3805e-09	
CCNA1	0.00043117	NM_003914.4	0.46206	0.46162883000000005
CCNA2	0.99962	NM_001237.5	1.0	0.00038000000000004697
CCNB1	0.15993	NM_031966.4	0.0035733	0.1563567
CCNB1IP1	0.00010395	NM_021178.5	0.069342	0.06923805
CCNB2	5.7407e-12	NM_004701.4	8.9144e-10	8.856992999999999e-10
CCNC	0.99914	NM_005190.4	0.74613	0.25301000000000007
CCND1	0.89057	NM_053056.3	0.7209	0.16967
CCND2	0.98658	NM_001759.4	0.99932	0.012739999999999974
CCND3	0.98347	NM_001760.5	0.92963	0.05384
CCNDBP1	0.00030213	NM_012142.5	4.6136e-10	0.00030212953864
CCNE1	0.97187	NM_001238.4	0.99996	0.02808999999999995
CCNE2	0.86983	NM_057749.3	0.94615	0.07632000000000005
CCNF	0.12679	NM_001761.3	0.70443	0.5776399999999999
CCNG1	0.00073222	NM_004060.4	0.64835	0.64761778
CCNG2	0.0096861	NM_004354.3	0.57343	0.5637439
CCNH	0.00081328	NM_001239.4	7.4251e-05	0.000739029
CCNI	0.82718	NM_006835.3	0.89597	0.06879000000000002
CCNI2	7.8377e-08	NM_001039780.4	4.6124e-13	7.837653876e-08
CCNJ	0.99796	NM_001134375.2	0.98387	0.014089999999999936
CCNJL	1.2662e-07	NM_001308173.3	2.5792e-11	1.2659420800000002e-07
CCNK	0.9998	NM_001099402.2	0.99998	0.00017999999999995797
CCNL1	0.99575	NM_020307.4	0.99997	0.0042200000000000015
CCNL2	0.16094	NM_030937.6	0.0019761	0.1589639
CCNO	0.003548	NM_021147.5	3.3991e-10	0.00354799966009
CCNP		NM_024877.4	1.1726e-06	
CCNT1	0.051092	NM_001240.4	1.0	0.948908
CCNT2	0.92681	NM_058241.3	0.99889	0.07207999999999992
CCNY	0.80672	NM_145012.6	0.028702	0.778018
CCNYL1	0.58564	NM_001330218.2	0.96885	0.38320999999999994
CCPG1	0.00056126	NM_001204450.2	4.2891e-06	0.0005569708999999999
CCR1	0.38775	NM_001295.3	0.12123	0.26652
CCR2	0.023412	NM_001123396.4	0.048055	0.024643
CCR3	0.00012636	NM_178329.3	0.12784	0.12771364000000002
CCR4	0.06863	NM_005508.5	0.04906	0.019569999999999997
CCR5	4.3094e-10	NM_001394783.1	0.18146	0.18145999956906
CCR6	0.0057867	NM_031409.4	0.19943	0.1936433
CCR7	0.057623	NM_001838.4	0.39665	0.339027
CCR8	0.0077492	NM_005201.4	0.016749	0.008999799999999999
CCR9	0.0041986	NM_031200.3	0.26154	0.2573414
CCR10	0.00050508	NM_016602.3	0.00010277	0.00040231
CCRL2	0.36861	NM_003965.5	0.11145	0.25716
CCS	8.6291e-08	NM_005125.2	8.9524e-09	7.733860000000001e-08
CCSAP	0.10496	NM_145257.5	3.6122e-06	0.1049563878
CCSER1	0.000789	NM_001145065.2	0.1404	0.13961099999999999
CCSER2	0.66698	NM_001284240.2	0.073697	0.593283
CCT2	0.99853	NM_006431.3	0.99766	0.0008700000000000374
CCT3	0.99998	NM_005998.5	1.0	2.0000000000020002e-05
CCT4	0.99903	NM_006430.4	0.70055	0.29847999999999997
CCT5	0.99928	NM_012073.5	1.0	0.0007200000000000539
CCT6A	0.99532	NM_001762.4	0.99997	0.004650000000000043
CCT6B	5.6679e-11	NM_006584.4	0.0079186	0.007918599943321
CCT7	0.98362	NM_006429.4	0.99818	0.014559999999999906
CCT8	0.96252	NM_006585.4	1.0	0.03747999999999996
CCT8L2	1.5923e-06	NM_014406.5	7.7963e-10	1.59152037e-06
CCZ1	3.5878e-06	NM_015622.6	0.20474	0.2047364122
CCZ1B	8.9699e-13	NM_198097.5	1.4856e-05	1.485599910301e-05
CD1A	4.1954e-24	NM_001763.3	7.4555e-22	7.413546e-22
CD1B	5.3558e-11	NM_001764.3	1.2319e-15	5.3556768100000006e-11
CD1C	1.5963e-08	NM_001765.3	5.1326e-18	1.59629999948674e-08
CD1D	1.8805e-06	NM_001371762.2	4.0953e-13	1.88049959047e-06
CD1E	3.2556e-18	NM_030893.4	1.3882999999999998e-21	3.2542117e-18
CD2	0.47108	NM_001767.5	2.6337e-05	0.471053663
CD2AP	0.22989	NM_012120.3	9.8434e-06	0.22988015660000002
CD2BP2	1.5195e-05	NM_006110.3	2.6363e-07	1.4931369999999999e-05
CD3D	8.5898e-05	NM_000732.6	1.9408e-07	8.570392e-05
CD3E	0.00034464	NM_000733.4	0.46931	0.46896536
CD3G	1.712e-05	NM_000073.3	8.383e-07	1.62817e-05
CD4	0.00078914	NM_000616.5	0.0060803	0.0052911600000000005
CD5	2.3074e-10	NM_014207.4	1.2515e-07	1.2491926e-07
CD5L	4.2297e-17	NM_005894.3	2.3834e-12	2.3833577030000002e-12
CD6	9.2695e-05	NM_006725.5	5.2168e-15	9.26949999947832e-05
CD7	0.05135	NM_006137.7	2.1348e-08	0.051349978652
CD8A	1.6806e-05	NM_001768.7	2.5309e-09	1.6803469100000003e-05
CD8B	0.00040103	NM_004931.5	0.41723	0.41682896999999997
CD8B2		NM_001349727.2	0.0017869	
CD9	0.0047221	NM_001769.4	0.93242	0.9276979000000001
CD14	4.8813e-05	NM_000591.4	0.0029381	0.002889287
CD19	0.90496	NM_001770.6	0.0059088	0.8990511999999999
CD22	0.8044	NM_001771.4	4.8504e-06	0.8043951496
CD24		NM_001359084.1	0.29411	
CD27	0.010011	NM_001242.5	0.00016116	0.00984984
CD28	0.35779	NM_006139.4	0.78043	0.42263999999999996
CD33	5.6888e-07	NM_001772.4	1.2367e-07	4.4521000000000005e-07
CD34	4.9881e-06	NM_001025109.2	1.0815e-10	4.987991849999999e-06
CD36	1.0857e-60	NM_001001548.3	8.8525e-17	8.8525e-17
CD37	4.3887e-06	NM_001774.3	2.5766e-12	4.3886974234e-06
CD38	2.3129e-06	NM_001775.4	1.3957e-05	1.1644100000000001e-05
CD40	0.84603	NM_001250.6	0.030797	0.815233
CD44	2.4476e-07	NM_000610.4	0.0016068	0.00160655524
CD46	4.7013e-07	NM_172351.3	0.041886	0.04188552987
CD47	0.91924	NM_001777.4	0.75934	0.15989999999999993
CD48	1.7302e-05	NM_001778.4	5.0268e-07	1.679932e-05
CD52	0.40282	NM_001803.3	0.11835	0.28447
CD53	0.0022961	NM_000560.4	0.04008	0.037783899999999995
CD55	5.6753e-12	NM_000574.5	1.1051e-06	1.1050943247e-06
CD58	0.25092	NM_001779.3	0.34981	0.09889000000000003
CD59	0.60568	NM_000611.6	0.56556	0.040120000000000045
CD63	0.017439	NM_001780.6	0.0055993	0.0118397
CD68	1.4063e-06	NM_001251.3	1.2863e-06	1.199999999999999e-07
CD69	0.029691	NM_001781.2	0.418	0.38830899999999996
CD70	0.010394	NM_001252.5	0.0036492	0.0067448000000000004
CD72	0.020272	NM_001782.3	0.00024444	0.02002756
CD74	0.24889	NM_001025159.3	0.00081854	0.24807146
CD79A	0.69226	NM_001783.4	0.0010109	0.6912491
CD79B	0.9163	NM_000626.4	0.99818	0.08187999999999995
CD80	0.010898	NM_005191.4	0.10245	0.091552
CD81	0.91844	NM_004356.4	0.35955	0.5588900000000001
CD82	1.2726e-08	NM_002231.4	1.2573e-09	1.1468699999999999e-08
CD83	0.0052136	NM_004233.4	3.5041e-05	0.005178558999999999
CD84	6.9102e-09	NM_003874.4	5.0059e-05	5.0052089800000004e-05
CD86	0.94879	NM_175862.5	0.92642	0.02237
CD93	1.9782e-10	NM_012072.4	1.2172e-14	1.97807828e-10
CD96	1.392e-11	NM_005816.5	0.00038083	0.00038082998608
CD101	3.2831e-13	NM_001256106.3	4.3095000000000005e-19	3.2830956905e-13
CD109	2.2706999999999997e-44	NM_133493.5	5.7787e-25	5.7787e-25
CD151	1.0841e-05	NM_004357.5	0.00056955	0.000558709
CD160	6.8425e-05	NM_007053.4	0.056488	0.056419575
CD163	0.0008338	NM_203416.4	0.00053022	0.00030358
CD163L1	5.791e-26	NM_174941.6	4.1717e-26	1.6193000000000004e-26
CD164	0.48906	NM_006016.6	0.032935	0.456125
CD164L2	1.1451e-05	NM_001330448.1	3.5267e-07	1.1098329999999999e-05
CD177		NM_020406.4	9.3562e-14	
CD180	6.842e-05	NM_005582.3	5.5468e-05	1.2952e-05
CD200	0.41359	NM_005944.7	0.017635	0.395955
CD200R1	4.3137e-09	NM_138806.4	0.00051619	0.0005161856863000001
CD200R1L	0.0030387	NM_001199215.3	0.10353	0.10049129999999999
CD207	2.8182e-06	NM_015717.5	7.4759e-09	2.8107241e-06
CD209	2.7418e-13	NM_021155.4	1.0648e-07	1.0647972582e-07
CD226	0.03921	NM_001303618.2	3.3291e-05	0.039176709000000004
CD244	0.057288	NM_016382.4	0.98103	0.923742
CD247	0.016734	NM_198053.3	0.65538	0.6386459999999999
CD248	0.059017	NM_020404.3	0.0040329	0.0549841
CD274	0.01916	NM_014143.4	0.98208	0.96292
CD276	2.4699e-09	NM_001024736.2	4.2878e-08	4.04081e-08
CD300A	1.1537e-06	NM_007261.4	1.8646e-05	1.7492300000000002e-05
CD300C	1.164e-05	NM_006678.5	0.0038906	0.0038789600000000003
CD300E	0.023692	NM_181449.3	0.00053471	0.02315729
CD300LB	7.086e-08	NM_174892.4	7.1188e-05	7.111714e-05
CD300LD	1.1813e-05	NM_001115152.2	7.3033e-05	6.122e-05
CD300LF	1.0563e-08	NM_139018.5	3.4761e-08	2.4198000000000003e-08
CD300LG	0.00073606	NM_145273.4	2.2743e-09	0.0007360577257
CD302	3.7405e-06	NM_014880.5	3.4683e-06	2.722000000000001e-07
CD320	0.003525	NM_016579.4	3.2364e-06	0.0035217636
CDA	0.0081038	NM_001785.3	0.078742	0.07063820000000001
CDADC1	3.1468e-10	NM_030911.4	7.5116e-06	7.5112853200000005e-06
CDAN1	1.1134e-12	NM_138477.4	1.6127e-27	1.1133999999999985e-12
CDC5L	1.0	NM_001253.4	1.0	0.0
CDC6	1.1499e-09	NM_001254.4	4.1027e-10	7.396299999999999e-10
CDC7	4.4296e-06	NM_003503.4	0.00023083	0.0002264004
CDC14A	9.6376e-08	NM_003672.4	4.1688e-08	5.4688e-08
CDC14B	0.94308	NM_033331.4	0.95893	0.01584999999999992
CDC14C		NM_152627.3	0.067856	
CDC16	0.61402	NM_001078645.3	0.021435	0.592585
CDC20	3.0001e-07	NM_001255.3	2.3736e-05	2.343599e-05
CDC20B	5.1167e-12	NM_001170402.1	2.055e-14	5.0961499999999994e-12
CDC23	0.99175	NM_004661.4	0.99922	0.007469999999999977
CDC25A	0.84041	NM_001789.3	0.98745	0.14704000000000006
CDC25B	0.3643	NM_021873.4	0.0021032	0.3621968
CDC25C	4.1014e-13	NM_001790.5	2.5044e-08	2.504358986e-08
CDC26	0.66035	NM_139286.4	0.29377	0.36658
CDC27	0.99675	NM_001256.6	0.96144	0.035310000000000064
CDC34	0.95625	NM_004359.2	1.4003e-05	0.9562359970000001
CDC37	0.90925	NM_007065.4	1.0	0.09075
CDC37L1	0.96614	NM_017913.4	9.8968e-05	0.966041032
CDC40	0.97944	NM_015891.3	0.97911	0.00032999999999994145
CDC42	0.78728	NM_001791.4	0.872	0.08472000000000002
CDC42BPA	0.99309	NM_001394014.1	0.99822	0.005129999999999968
CDC42BPB	1.0	NM_006035.4	1.0	0.0
CDC42BPG	4.5623e-26	NM_017525.3	3.8162999999999995e-46	4.5623e-26
CDC42EP1	2.5355e-05	NM_152243.3	2.6825e-05	1.4700000000000012e-06
CDC42EP2	0.039267	NM_006779.4	0.041078	0.0018110000000000001
CDC42EP3	0.18562	NM_006449.5	0.93074	0.74512
CDC42EP4	0.21207	NM_012121.5	0.0042806	0.2077894
CDC42EP5	0.32109	NM_145057.4	0.012583	0.308507
CDC42SE1	0.0035427	NM_020239.4	0.00538	0.0018373
CDC42SE2	0.76835	NM_001375635.1	0.52383	0.24451999999999996
CDC45	4.6237e-05	NM_003504.5	6.6732e-08	4.6170268e-05
CDC73	0.99995	NM_024529.5	0.99901	0.0009400000000000519
CDC123	1.1066e-05	NM_006023.3	9.2386e-08	1.0973614000000001e-05
CDCA2	1.5175e-11	NM_152562.4	9.4051e-07	9.40494825e-07
CDCA3	0.6885	NM_031299.7	0.0038966	0.6846034
CDCA4	0.083527	NM_017955.4	0.36307	0.279543
CDCA5	0.0011583	NM_080668.4	0.0041618	0.0030035
CDCA7	0.010816	NM_031942.5	0.002565	0.008251
CDCA7L	0.00017861	NM_018719.5	2.6497e-12	0.0001786099973503
CDCA8	0.0071651	NM_001256875.2	0.00054742	0.00661768
CDCP1	0.0001002	NM_022842.5	0.051762	0.0516618
CDH1	0.14631	NM_004360.5	0.85613	0.7098199999999999
CDH2	0.99171	NM_001792.5	1.0	0.00829000000000002
CDH3	2.7988e-10	NM_001793.6	5.7123e-12	2.7416770000000004e-10
CDH4	0.74348	NM_001794.5	0.54084	0.20264000000000004
CDH5	0.51314	NM_001795.5	0.001144	0.511996
CDH6	0.91966	NM_004932.4	0.94861	0.02894999999999992
CDH7	0.5975	NM_004361.5	0.5973	0.00019999999999997797
CDH8	0.98806	NM_001796.5	1.0	0.01193999999999995
CDH9	0.83147	NM_016279.4	0.65898	0.17249000000000003
CDH10	0.29379	NM_006727.5	0.18404	0.10974999999999999
CDH11	0.9999	NM_001797.4	1.0	9.999999999998899e-05
CDH12	0.00036444	NM_004061.5	0.0024729	0.00210846
CDH13	0.0007058	NM_001257.5	0.99807	0.9973642
CDH15	1.7656e-14	NM_004933.3	1.0184e-28	1.76559999999999e-14
CDH16	3.6527e-25	NM_004062.4	5.1358e-24	4.77053e-24
CDH17	3.4172e-14	NM_004063.4	2.1547e-13	1.81298e-13
CDH18	0.21478	NM_004934.5	0.00028711	0.21449289
CDH19	1.2935e-14	NM_021153.4	1.7606e-08	1.7605987065e-08
CDH20	0.45869	NM_031891.4	0.72062	0.26193000000000005
CDH22	0.4999	NM_021248.3	1.5976e-05	0.49988402400000004
CDH23	3.1819e-06	NM_022124.6	2.8868999999999997e-32	3.1819e-06
CDH24	2.0554e-08	NM_144985.4	5.289800000000001e-19	2.055399999947102e-08
CDH26	5.3761e-26	NM_177980.4	2.0967e-21	2.096646239e-21
CDHR1	2.8421999999999997e-21	NM_033100.4	1.0861e-16	1.086071578e-16
CDHR2	3.4271000000000003e-20	NM_017675.6	1.426e-26	3.4270985740000006e-20
CDHR3	2.3071e-24	NM_152750.5	2.6956e-20	2.69536929e-20
CDHR4	3.765e-13	NM_001007540.4	3.2476000000000005e-30	3.765e-13
CDHR5	7.744700000000001e-19	NM_021924.5	9.854300000000001e-33	7.744699999999903e-19
CDIN1		NM_001321759.2	1.906e-05	
CDIP1	0.87001	NM_013399.3	0.0068728	0.8631371999999999
CDIPT	0.13014	NM_006319.5	0.0039437	0.1261963
CDK1	0.99206	NM_001786.5	0.90399	0.08807000000000009
CDK2	0.61054	NM_001798.5	0.99867	0.38813
CDK2AP1	0.44839	NM_004642.4	0.054106	0.394284
CDK2AP2	0.78801	NM_005851.5	0.97898	0.19096999999999997
CDK3	2.1415e-07	NM_001258.4	1.6832e-06	1.46905e-06
CDK4	0.062909	NM_000075.4	0.56668	0.503771
CDK5	0.13892	NM_004935.4	0.55833	0.41941
CDK5R1	0.9149	NM_003885.3	0.99973	0.08482999999999996
CDK5R2	0.67068	NM_003936.5	0.37936	0.2913200000000001
CDK5RAP1	7.782100000000002e-19	NM_016408.4	4.0131e-10	4.0130999922178996e-10
CDK5RAP2	4.6171e-23	NM_018249.6	1.2853e-20	1.2806829e-20
CDK5RAP3	7.6348e-15	NM_176096.3	1.7688e-13	1.692452e-13
CDK6	0.98315	NM_001145306.2	0.99728	0.014130000000000087
CDK7	4.4725e-07	NM_001799.4	0.30573	0.30572955275
CDK8	0.40964	NM_001260.3	0.46798	0.05834
CDK9	8.893e-05	NM_001261.4	4.8126e-09	8.89251874e-05
CDK10	1.193e-16	NM_052988.5	1.8927e-20	1.19281073e-16
CDK11A	1.385e-17	NM_024011.4	2.3901e-14	2.3887150000000002e-14
CDK11B	6.4813e-05	NM_033486.3	9.8271e-07	6.383029000000001e-05
CDK12	1.0	NM_016507.4	1.0	0.0
CDK13	0.90753	NM_003718.5	0.99987	0.09234000000000009
CDK14	2.5012e-08	NM_001287135.2	0.00065575	0.000655724988
CDK15	2.2449e-17	NM_001366386.2	5.4428e-19	2.1904720000000003e-17
CDK17	0.99947	NM_002595.5	0.8346	0.16486999999999996
CDK18	6.9526e-11	NM_212502.3	1.7737e-14	6.9508263e-11
CDK19	0.99982	NM_015076.5	0.49182	0.508
CDK20	5.9487e-14	NM_001039803.3	1.4576e-14	4.4911000000000004e-14
CDKAL1	0.016021	NM_017774.3	0.48329	0.467269
CDKL1	2.5004e-07	NM_004196.7	7.3414e-09	2.4269859999999997e-07
CDKL2	3.0975e-17	NM_001330724.2	5.5575e-10	5.55749969025e-10
CDKL3	2.2569e-12	NM_001113575.2	1.0479e-12	1.2089999999999998e-12
CDKN1A	0.0018575	NM_000389.5	1.7576e-05	0.001839924
CDKN1B	0.62376	NM_004064.5	0.24233	0.38143
CDKN1C	0.81963	NM_001122630.2	0.00043741	0.81919259
CDKN2A	0.39474	NM_000077.5	0.61783	0.22309
CDKN2AIP	0.96386	NM_017632.4	0.98679	0.022929999999999895
CDKN2AIPNL	0.34205	NM_080656.3	0.0092973	0.3327527
CDKN2B	0.0073369	NM_004936.4	0.00055708	0.006779820000000001
CDKN2C	0.39526	NM_078626.3	0.21445	0.18081
CDKN2D	0.49473	NM_001800.4	0.23914	0.25559
CDKN3	0.0019455	NM_005192.4	0.38791	0.3859645
CDNF	6.1335e-07	NM_001029954.3	0.00512	0.00511938665
CDO1	0.0096603	NM_001801.3	0.0037417	0.0059185999999999996
CDON	2.0608e-15	NM_001378964.1	4.8789e-12	4.8768392e-12
CDPF1	2.1482e-05	NM_207327.5	0.010096	0.010074518000000001
CDR2	4.299e-07	NM_001802.2	3.1083e-06	2.6784e-06
CDR2L	0.0019629	NM_014603.3	7.0043e-12	0.0019628999929957
CDRT4	0.095789	NM_001204477.2	0.43676	0.34097099999999997
CDRT15	1.282e-06	NM_001007530.3	0.0022778	0.002276518
CDRT15L2	0.0017737	NM_001190790.2	0.0006917	0.001082
CDS1	0.00064056	NM_001263.4	0.0080115	0.0073709399999999994
CDS2	6.8645e-07	NM_003818.4	3.7802e-07	3.0843e-07
CDSN	0.46391	NM_001264.5	0.083225	0.380685
CDT1	2.5825e-10	NM_030928.4	1.2251e-28	2.5825e-10
CDV3	0.76817	NM_017548.5	9.8205e-05	0.768071795
CDX1	0.14253	NM_001804.3	0.00065203	0.14187797
CDX2	0.52887	NM_001265.6	0.78773	0.2588600000000001
CDYL	0.99504	NM_004824.4	1.0	0.0049599999999999644
CDYL2	0.019293	NM_152342.4	0.0022035	0.0170895
CEACAM1	0.00078816	NM_001712.5	1.4567e-06	0.0007867033
CEACAM3	1.067e-09	NM_001815.5	3.7636e-10	6.9064e-10
CEACAM4	6.1219e-08	NM_001817.4	2.7525e-10	6.094375e-08
CEACAM5	4.1625e-10	NM_004363.6	2.2405e-14	4.16227595e-10
CEACAM6	1.1884e-06	NM_002483.7	9.3879e-05	9.26906e-05
CEACAM7	1.3466e-07	NM_001291485.2	2.2205e-08	1.1245499999999998e-07
CEACAM8	3.3021e-07	NM_001816.4	1.2913e-09	3.289187e-07
CEACAM16	1.5758e-05	NM_001039213.4	2.2949e-09	1.57557051e-05
CEACAM19	6.6095e-10	NM_001127893.3	5.9739e-13	6.603526099999999e-10
CEACAM20		NM_001102597.3	1.969e-14	
CEACAM21	1.2439e-12	NM_001098506.4	1.6293e-14	1.227607e-12
CEBPA	0.55365	NM_004364.5	0.26038	0.29327
CEBPB	0.35809	NM_005194.4	0.15438	0.20371000000000003
CEBPD	0.61219	NM_005195.4	0.59354	0.018650000000000055
CEBPE	0.0070769	NM_001805.4	0.047268	0.0401911
CEBPG	0.43688	NM_001806.4	0.037724	0.399156
CEBPZ	6.5282e-06	NM_005760.3	3.6364e-14	6.528199963635999e-06
CEBPZOS		NM_001322374.2		
CECR2	1.0	NM_001290047.2	1.0	0.0
CEL	1.538e-06	NM_001807.6	3.4493e-10	1.53765507e-06
CELA1	0.00023937	NM_001971.6	3.0634e-09	0.0002393669366
CELA2A	1.9736e-16	NM_033440.3	7.8034e-11	7.803380263999999e-11
CELA2B	2.5651e-06	NM_015849.3	5.5868e-07	2.0064199999999997e-06
CELA3A	8.0514e-09	NM_005747.5	3.1208e-11	8.020192e-09
CELA3B	2.4372e-12	NM_007352.4	8.3933e-12	5.9561e-12
CELF1	0.99971	NM_001376376.1	1.0	0.00029000000000001247
CELF2	0.99965	NM_001326342.2	1.0	0.00034999999999996145
CELF3	0.76757	NM_007185.7	0.0044937	0.7630762999999999
CELF4	0.99817	NM_020180.4	0.83578	0.16239000000000003
CELF5	0.99844	NM_021938.4	1.0	0.0015600000000000058
CELF6	0.0044515	NM_052840.5	3.1521e-09	0.0044514968478999994
CELSR1	0.99994	NM_001378328.1	3.7951e-10	0.9999399996204901
CELSR2	0.99994	NM_001408.3	1.0	5.999999999994898e-05
CELSR3	0.99998	NM_001407.3	1.0	2.0000000000020002e-05
CEMIP		NM_001293298.2	2.7548e-21	
CEMIP2		NM_013390.3	1.0274e-06	
CEMP1		NM_001048212.3		
CENATAC		NM_198489.3	2.152e-17	
CEND1	0.59751	NM_016564.4	0.48349	0.11402000000000001
CENPA	0.011536	NM_001809.4	0.31797	0.306434
CENPB	0.99634	NM_001810.6	0.00074539	0.99559461
CENPC	7.3778e-05	NM_001812.4	2.5822e-05	4.7956e-05
CENPE	0.24146	NM_001813.3	0.99958	0.75812
CENPF	1.8822e-36	NM_016343.4	1.0803e-39	1.8811197e-36
CENPH	1.5465e-07	NM_022909.4	0.007403	0.00740284535
CENPK	3.0771e-11	NM_022145.5	0.0014314	0.001431399969229
CENPL	0.071221	NM_001387287.1	0.09232	0.021098999999999993
CENPM	0.01501	NM_024053.5	0.00060493	0.01440507
CENPN	0.0044226	NM_001100624.3	3.9779e-07	0.004422202209999999
CENPO	1.8941e-09	NM_001322101.2	4.347e-08	4.1575899999999996e-08
CENPP	0.046312	NM_001012267.3	0.00016313	0.04614887
CENPQ	1.045e-07	NM_018132.4	0.025402	0.0254018955
CENPS		NM_199294.3	3.4647e-06	
CENPT	5.8498e-06	NM_025082.4	1.4423e-10	5.84965577e-06
CENPU	5.7948e-08	NM_024629.4	1.4839e-06	1.4259520000000001e-06
CENPV	0.33194	NM_181716.3	0.016013	0.315927
CENPW	0.40523	NM_001012507.4	0.87795	0.47272000000000003
CENPX		NM_001271006.2	1.5677e-05	
CEP19	0.015687	NM_032898.5	0.00012527	0.01556173
CEP20		NM_144600.4	1.7546e-06	
CEP41	3.5915e-06	NM_018718.3	0.00023358	0.0002299885
CEP43		NM_007045.4	0.00075233	
CEP44	1.2728e-07	NM_001040157.3	6.1026e-09	1.2117740000000002e-07
CEP55	1.964e-12	NM_018131.5	7.3852e-16	1.96326148e-12
CEP57	0.072685	NM_014679.5	6.8356e-06	0.0726781644
CEP57L1	2.8112e-08	NM_001271852.3	0.00028336	0.00028333188800000003
CEP63	6.244400000000001e-25	NM_001353108.3	2.2922e-17	2.2921999375559998e-17
CEP68	0.51822	NM_015147.3	0.047782	0.470438
CEP70	4.5554e-15	NM_024491.4	2.2767e-07	2.276699954446e-07
CEP72	1.5766000000000001e-19	NM_018140.4	2.7735e-28	1.5765999972265002e-19
CEP76	4.5108e-09	NM_024899.4	0.00038446	0.00038445548919999997
CEP78	6.1656e-12	NM_001330691.3	7.6315e-18	6.1655923685e-12
CEP83		NM_016122.3	1.2207e-05	
CEP85	0.00027043	NM_001319944.2	3.5918e-10	0.00027042964082
CEP85L	4.5367e-09	NM_001042475.3	0.00010923	0.0001092254633
CEP89	8.350399999999999e-26	NM_032816.5	1.0671e-17	1.0670999916495999e-17
CEP95	1.4612000000000002e-19	NM_138363.3	3.471e-19	2.0098e-19
CEP97	2.0368e-11	NM_024548.4	1.4351e-07	1.4348963199999999e-07
CEP104	1.2281e-12	NM_014704.4	2.4722e-17	1.228075278e-12
CEP112	7.086099999999998e-39	NM_001199165.4	1.1527e-13	1.1527e-13
CEP120	4.0887e-15	NM_001375405.1	1.9566e-18	4.0867434e-15
CEP126		NM_020802.4	1.6124e-07	
CEP128	4.7157e-23	NM_152446.5	3.7996e-18	3.7995528430000006e-18
CEP131		NM_014984.4	1.6277e-28	
CEP135	3.5892e-22	NM_025009.5	4.5509000000000004e-24	3.543691e-22
CEP152	2.6574e-27	NM_001194998.2	2.2782e-26	2.01246e-26
CEP162		NM_014895.4	6.0129e-18	
CEP164	4.8293e-27	NM_014956.5	3.2099e-45	4.8293e-27
CEP170	1.0	NM_014812.3	1.0	0.0
CEP170B	0.99671	NM_001112726.3	1.8563e-08	0.996709981437
CEP192	1.2396999999999998e-22	NM_032142.4	3.2978e-11	3.2977999999876034e-11
CEP250	9.449e-33	NM_007186.6	2.8204e-60	9.449e-33
CEP290	1.0549e-60	NM_025114.4	1.2493e-48	1.2492999999989452e-48
CEP295		NM_033395.2	1.9115e-29	
CEP295NL		NM_001243540.2	0.0060918	
CEP350	1.0	NM_014810.5	1.0	0.0
CEPT1	0.99351	NM_006090.5	0.99988	0.006369999999999987
CER1	1.6674e-05	NM_005454.3	5.1972e-05	3.5298e-05
CERCAM	1.1441e-06	NM_016174.5	3.2039e-19	1.1440999999996796e-06
CERK	2.5948e-05	NM_022766.6	2.2397e-06	2.3708299999999998e-05
CERKL	9.8447e-25	NM_201548.5	2.2725e-17	2.2724999015529997e-17
CERS1	0.096618	NM_021267.5	0.16869	0.07207200000000001
CERS2	0.47978	NM_022075.5	0.97588	0.4961
CERS3	0.0056921	NM_001378789.1	8.6441e-08	0.005692013559
CERS4	1.3519e-22	NM_024552.3	8.0623e-23	5.456700000000001e-23
CERS5	6.4962e-09	NM_147190.5	3.3056e-07	3.240638e-07
CERS6	0.038583	NM_203463.3	0.42627	0.387687
CERT1		NM_001379029.1	0.103	
CES1	3.3228e-15	NM_001025195.2	1.3333e-17	3.309467e-15
CES2	3.5781e-16	NM_001365405.1	1.0979e-11	1.097864219e-11
CES3	2.3374e-12	NM_024922.6	8.6017e-14	2.251383e-12
CES5A	7.9418e-29	NM_001143685.2	2.5536000000000003e-19	2.5535999992058205e-19
CETN1	0.21511	NM_004066.3	0.0019319	0.2131781
CETN3	0.00010528	NM_004365.4	0.00090072	0.00079544
CETP	1.1892e-23	NM_000078.3	1.2053e-15	1.205299988108e-15
CFAP20		NM_013242.3	0.069187	
CFAP20DC		NM_001394063.1	1.5343e-11	
CFAP36		NM_080667.7	0.014125	
CFAP43		NM_025145.7	2.0347e-26	
CFAP44		NM_001164496.2	1.5316e-20	
CFAP45		NM_012337.3	1.0658e-06	
CFAP46		NM_001200049.3	3.294e-63	
CFAP52		NM_145054.5	3.4277e-15	
CFAP53		NM_145020.5	7.189700000000001e-19	
CFAP54		NM_001306084.2	1.591e-46	
CFAP57		NM_001378189.1	2.6832000000000003e-29	
CFAP58		NM_001008723.2	1.7853e-20	
CFAP61		NM_015585.4	3.8847e-22	
CFAP65		NM_194302.4	1.766e-38	
CFAP69		NM_001039706.3	1.4515e-14	
CFAP73		NM_001144872.3	5.4198e-12	
CFAP74		NM_001304360.2	6.9399e-26	
CFAP77		NM_001282957.2	1.4488e-06	
CFAP91		NM_033364.4	9.802100000000001e-20	
CFAP92		NM_001394090.1	1.7883e-22	
CFAP97		NM_020827.3	6.9349e-11	
CFAP97D1		NM_001136483.3	0.020117	
CFAP100		NM_182628.3	3.8672000000000004e-19	
CFAP126		NM_001013625.4	1.6414e-08	
CFAP157		NM_001012502.3	3.227e-12	
CFAP161		NM_173528.4	0.00034972	
CFAP206		NM_001031743.3	7.6357e-10	
CFAP221		NM_001271049.2	3.1725000000000003e-24	
CFAP251		NM_144668.6	5.7652e-19	
CFAP298		NM_021254.4	5.4028e-11	
CFAP299		NM_152770.3	0.00097519	
CFAP300		NM_032930.3	2.4243e-07	
CFAP410		NM_004928.3	1.7639e-06	
CFAP418		NM_177965.4	1.7648e-05	
CFB	4.6696e-16	NM_001710.6	1.4693e-10	1.4692953304e-10
CFC1	0.10509	NM_032545.4	0.85842	0.7533299999999999
CFD	6.7045e-06	NM_001928.4	2.4289e-12	6.7044975710999996e-06
CFDP1	0.0036535	NM_006324.3	3.9002e-08	0.003653460998
CFH	0.86061	NM_000186.4	0.99998	0.13937
CFHR1	2.6297e-08	NM_002113.3	6.9235e-07	6.66053e-07
CFHR2	1.5063e-08	NM_005666.4	1.5167e-08	1.0399999999999881e-10
CFHR3	1.72e-11	NM_021023.6	5.4275e-07	5.427328e-07
CFHR4	2.384e-18	NM_001201550.3	1.3755000000000002e-19	2.24645e-18
CFHR5	2.1117e-32	NM_030787.4	6.6119e-22	6.61189999978883e-22
CFI	3.5432e-08	NM_000204.5	4.9115e-15	3.5431995088500005e-08
CFL1	0.55563	NM_005507.3	0.98965	0.4340200000000001
CFL2	6.4399e-05	NM_138638.5	0.10827	0.108205601
CFLAR	0.99967	NM_003879.7	0.9993	0.00036999999999998145
CFTR	2.1735e-58	NM_000492.4	2.3757e-39	2.3757e-39
CGA	0.34518	NM_000735.4	0.67948	0.3343
CGAS		NM_138441.3	2.8036e-10	
CGB1	0.036312	NM_033377.2	0.10728	0.070968
CGB2	0.030408	NM_033378.2	0.030292	0.00011600000000000152
CGB3		NM_000737.5	0.030047	
CGB5	0.025362	NM_033043.2	0.49193	0.466568
CGB7	0.0052599	NM_001385261.1	0.0033812	0.0018786999999999996
CGB8	0.015956	NM_033183.3	0.34221	0.326254
CGGBP1	0.81819	NM_001008390.2	0.58077	0.23741999999999996
CGN	1.8942e-31	NM_020770.3	3.2167000000000003e-29	3.1977580000000005e-29
CGNL1	4.686e-42	NM_032866.5	1.3682e-36	1.368195314e-36
CGREF1	4.7425e-08	NM_006569.6	7.8975e-06	7.850075e-06
CGRRF1	0.0073203	NM_006568.3	2.1796e-05	0.007298504
CH25H	0.2272	NM_003956.4	0.0043948	0.2228052
CHAC1	0.00020552	NM_024111.6	3.0471e-08	0.000205489529
CHAC2	2.2869e-06	NM_001008708.4	1.4288e-07	2.1440200000000003e-06
CHAD	0.0069766	NM_001267.3	3.7029e-05	0.006939571
CHADL	2.8914e-08	NM_138481.2	1.8992e-18	2.89139999981008e-08
CHAF1A	1.0	NM_005483.3	1.0	0.0
CHAF1B	0.42768	NM_005441.3	1.0	0.5723199999999999
CHAMP1	0.99197	NM_032436.4	1.0	0.008029999999999982
CHAT	5.6328e-11	NM_020549.5	9.9145e-17	5.6327900855000006e-11
CHCHD1	6.7411e-06	NM_203298.3	0.00011307	0.0001063289
CHCHD2	1.7328e-07	NM_016139.4	6.7914e-07	5.058600000000001e-07
CHCHD3	0.027527	NM_017812.4	0.004875	0.022652
CHCHD4	0.18737	NM_001098502.2	0.033929	0.153441
CHCHD5	0.049956	NM_032309.4	0.0049786	0.0449774
CHCHD6	5.5744e-09	NM_032343.3	1.3394e-05	1.3388425599999998e-05
CHCHD7	0.034885	NM_001011671.3	0.0032831	0.0316019
CHCHD10	5.3661e-06	NM_213720.3	0.00040056	0.0003951939
CHD1	1.0	NM_001270.4	1.0	0.0
CHD1L	1.0034e-36	NM_004284.6	1.4938999999999999e-28	1.493899989966e-28
CHD2	1.0	NM_001271.4	1.0	0.0
CHD3	1.0	NM_001005273.3	1.0	0.0
CHD4	1.0	NM_001273.5	1.0	0.0
CHD5	1.0	NM_015557.3	1.0	0.0
CHD6	1.0	NM_032221.5	1.0	0.0
CHD7	1.0	NM_017780.4	1.0	0.0
CHD8	1.0	NM_001170629.2	1.0	0.0
CHD9	1.0	NM_001308319.2	1.0	0.0
CHDH	1.685e-06	NM_018397.5	4.2832e-12	1.6849957168e-06
CHEK1	3.14e-08	NM_001114122.3	5.1418e-05	5.13866e-05
CHEK2	1.2103e-24	NM_007194.4	2.847e-14	2.8469999998789696e-14
CHERP	1.0	NM_006387.6	1.0	0.0
CHFR	0.00078671	NM_001161346.2	2.8089e-11	0.000786709971911
CHGA	0.030369	NM_001275.4	6.1157e-12	0.0303689999938843
CHGB	2.3622e-07	NM_001819.3	5.9032e-07	3.5410000000000003e-07
CHI3L1	1.1133e-05	NM_001276.4	3.2199e-08	1.1100801e-05
CHI3L2	1.9866e-14	NM_004000.3	5.5748e-13	5.37614e-13
CHIA	1.0115e-13	NM_201653.4	6.1394e-14	3.9756e-14
CHIC2	0.54245	NM_012110.4	0.17965	0.3628
CHID1	1.3831e-05	NM_023947.4	1.4312e-11	1.3830985688e-05
CHIT1	7.1716e-16	NM_003465.3	5.5414e-15	4.82424e-15
CHKA	0.22747	NM_001277.3	0.00039274	0.22707726
CHKB	3.7831e-07	NM_005198.5	5.1371e-13	3.7830948629e-07
CHL1	8.889e-12	NM_006614.4	6.5575e-07	6.557411110000001e-07
CHML	3.9968e-05	NM_001381853.1	3.3089e-06	3.66591e-05
CHMP1A	0.00028502	NM_002768.5	7.9416e-05	0.00020560399999999996
CHMP1B	0.73182	NM_020412.5	0.30375	0.42807
CHMP2A	0.12719	NM_014453.4	0.97268	0.84549
CHMP2B	4.6203e-06	NM_014043.4	0.00048165	0.00047702970000000004
CHMP3	0.0040006	NM_016079.4	0.94017	0.9361693999999999
CHMP4A	3.3901e-09	NM_014169.5	4.672e-10	2.9229000000000003e-09
CHMP4B	0.95771	NM_176812.5	0.99992	0.04221000000000008
CHMP4C	2.9916e-07	NM_152284.4	2.2881e-07	7.034999999999999e-08
CHMP5	0.0066514	NM_016410.6	0.015286	0.0086346
CHMP6	0.98358	NM_024591.5	0.76147	0.22211000000000003
CHMP7	0.86301	NM_152272.5	0.98433	0.12131999999999998
CHN1	0.030508	NM_001822.7	0.0068059	0.0237021
CHN2	0.0023008	NM_004067.4	2.664e-06	0.002298136
CHODL	2.1485e-08	NM_024944.3	4.9861e-08	2.8376e-08
CHORDC1	0.90164	NM_012124.3	0.011738	0.889902
CHP1	0.62667	NM_007236.5	0.47853	0.14813999999999994
CHP2	9.6292e-07	NM_022097.4	5.1415e-13	9.6291948585e-07
CHPF	0.15067	NM_024536.6	7.2108e-09	0.15066999278919999
CHPF2	2.1868e-17	NM_019015.3	1.6625e-18	2.0205500000000002e-17
CHPT1	0.00024252	NM_020244.3	3.2674e-05	0.000209846
CHRAC1	0.06952	NM_017444.6	0.038316	0.031203999999999996
CHRDL2	1.595e-06	NM_001278473.3	1.9434e-10	1.59480566e-06
CHRFAM7A	0.00023228	NM_139320.2	0.76046	0.76022772
CHRM1	0.99059	NM_000738.3	0.99991	0.009319999999999995
CHRM2	0.18197	NM_001006630.2	0.92288	0.7409100000000001
CHRM3	0.99253	NM_001375978.1	0.99943	0.006900000000000017
CHRM4	0.97439	NM_000741.5	0.99826	0.023870000000000058
CHRM5	0.0040271	NM_012125.4	0.094895	0.09086789999999999
CHRNA1	2.0681e-08	NM_000079.4	5.0496e-09	1.5631399999999998e-08
CHRNA2	6.4532e-10	NM_000742.4	1.7932e-12	6.435268e-10
CHRNA3	1.4197e-07	NM_000743.5	2.7242e-10	1.4169758e-07
CHRNA4	8.5474e-05	NM_000744.7	5.6303e-06	7.98437e-05
CHRNA6	3.5719e-08	NM_004198.3	1.7047e-07	1.34751e-07
CHRNA7	0.00041549	NM_000746.6	0.0017143	0.00129881
CHRNA9	7.0378e-06	NM_017581.4	8.589e-05	7.885220000000001e-05
CHRNA10	4.7867e-10	NM_020402.4	1.4396e-10	3.3471e-10
CHRNB1	5.0456e-08	NM_000747.3	1.0067e-13	5.0455899329999996e-08
CHRNB2	0.00072964	NM_000748.3	1.6832e-09	0.0007296383168000001
CHRNB3	8.5898e-06	NM_000749.5	6.92e-08	8.520600000000001e-06
CHRNB4	0.1427	NM_000750.5	0.00024084	0.14245916
CHRND	5.4466e-09	NM_000751.3	4.9651e-09	4.815e-10
CHRNE	4.7293e-09	NM_000080.4	8.8183e-22	4.7292999999991184e-09
CHRNG	3.3338000000000003e-19	NM_005199.5	4.4206e-25	3.3337955794000004e-19
CHST1	0.76863	NM_003654.6	0.13985	0.62878
CHST2	0.018039	NM_004267.5	3.2192e-07	0.01803867808
CHST3	0.0072431	NM_004273.5	4.1464e-06	0.0072389535999999996
CHST4	2.0001e-09	NM_001166395.2	0.3428	0.3427999979999
CHST5	0.00022148	NM_024533.5	0.32987	0.32964852
CHST6	2.4495e-09	NM_021615.5	0.26408	0.2640799975505
CHST8	0.00010793	NM_001127895.2	0.0016809	0.00157297
CHST9	6.9512e-09	NM_031422.6	2.7151e-11	6.9240489999999996e-09
CHST10	9.1356e-05	NM_004854.5	5.1563e-06	8.61997e-05
CHST11	0.40602	NM_018413.6	0.9738	0.56778
CHST12	4.6561e-05	NM_018641.5	4.7445e-07	4.608655e-05
CHST13	0.0001213	NM_152889.3	0.54582	0.5456987
CHST14	0.44727	NM_130468.4	0.0044188	0.4428512
CHST15	3.5249e-05	NM_001270764.2	3.8108e-05	2.859000000000001e-06
CHSY1	0.70781	NM_014918.5	1.0	0.29218999999999995
CHSY3	0.0028439	NM_175856.5	2.2522e-06	0.0028416478
CHTF8	0.37324	NM_001039690.5	0.07749	0.29575
CHTF18	3.0746999999999992e-28	NM_022092.3	5.6719e-69	3.0746999999999992e-28
CHTOP	0.76399	NM_015607.4	0.004307	0.759683
CHUK	0.99403	NM_001278.5	0.3913	0.60273
CHURC1	2.0933e-06	NM_001386928.1	0.00060112	0.0005990267
CIAO1	0.0012454	NM_004804.3	2.4213e-09	0.0012453975787000001
CIAO2A		NM_032231.7	0.023166	
CIAO2B		NM_016062.4	1.9887e-08	
CIAO3		NM_022493.3	3.0849e-14	
CIAPIN1	0.0019035	NM_020313.4	0.21437	0.2124665
CIART		NM_144697.4	0.82384	
CIB1	0.00032612	NM_006384.4	2.3786e-06	0.0003237414
CIB2	0.0014456	NM_006383.4	1.5892e-06	0.0014440108
CIB3	2.3448e-09	NM_054113.4	1.444e-07	1.420552e-07
CIB4	1.115e-07	NM_001029881.3	7.2859e-07	6.1709e-07
CIBAR1		NM_145269.5	0.00025203	
CIBAR2		NM_198491.3	4.3312e-11	
CIC	0.99999	NM_001386298.1	1.0	9.99999999995449e-06
CIDEA	5.5761e-06	NM_001279.4	0.0082921	0.0082865239
CIDEB	8.2186e-15	NM_001393339.1	2.0932e-12	2.0849814e-12
CIDEC	0.0089662	NM_001321142.2	0.0038824	0.005083800000000001
CIITA	1.3618e-07	NM_000246.4	2.4166e-13	1.3617975834e-07
CILK1		NM_014920.5	1.5236e-07	
CILP	5.3654e-26	NM_003613.4	2.3702e-22	2.3696634599999997e-22
CILP2	8.0314e-08	NM_153221.2	6.2334e-13	8.031337666e-08
CINP	0.057122	NM_032630.3	0.11124	0.054118000000000006
CIP2A		NM_020890.3	4.0604e-08	
CIPC	0.057788	NM_033426.3	0.43779	0.380002
CIRBP	0.33636	NM_001300829.2	0.30679	0.029569999999999985
CISD1	0.021714	NM_018464.5	0.085919	0.064205
CISD2	0.41583	NM_001008388.5	0.97014	0.5543100000000001
CISD3	0.019823	NM_001136498.2	0.0073507	0.0124723
CISH	0.00053852	NM_145071.4	0.008768	0.008229479999999999
CIT	0.9997	NM_001206999.2	1.0	0.00029999999999996696
CITED2	0.76271	NM_006079.5	0.89808	0.13537
CITED4	0.34638	NM_133467.3	0.013772	0.332608
CIZ1	0.063172	NM_001131016.2	2.9115e-09	0.0631719970885
CKAP2	8.1751e-13	NM_018204.5	7.0301e-11	6.948349e-11
CKAP2L	0.00015885	NM_152515.5	0.00013949	1.9360000000000004e-05
CKAP4	0.50863	NM_006825.4	1.1454e-07	0.50862988546
CKAP5	1.0	NM_001008938.4	1.0	0.0
CKB	0.2189	NM_001823.5	0.11656	0.10234000000000001
CKLF	0.0049483	NM_016951.4	6.9741e-07	0.00494760259
CKM	0.0078152	NM_001824.5	2.3304e-08	0.007815176695999999
CKMT1A	4.2467e-07	NM_001321926.2	4.3811e-07	1.3439999999999993e-08
CKMT1B	3.2331e-05	NM_001375484.1	0.25046	0.250427669
CKMT2	1.6195e-17	NM_001099735.2	2.1149e-09	2.114899983805e-09
CKS1B		NM_001826.3	0.16862	
CKS2	0.41878	NM_001827.3	0.55149	0.13271000000000005
CLASP2	1.0	NM_001365631.1	1.0	0.0
CLASRP	0.43077	NM_007056.3	6.4107e-07	0.43076935893
CLBA1		NM_174891.4	9.9221e-11	
CLC	2.3026e-05	NM_001828.6	2.3459e-06	2.06801e-05
CLCA1	3.2791e-09	NM_001285.4	4.8313e-12	3.2742687e-09
CLCA2	1.4744e-28	NM_006536.7	1.0624e-21	1.0623998525599999e-21
CLCA4	6.9601e-15	NM_012128.4	4.5683e-15	2.3918e-15
CLCC1	0.0062025	NM_001377458.1	3.0014e-05	0.006172486
CLCF1	0.94791	NM_013246.3	0.33153	0.61638
CLCN1	3.2501e-20	NM_000083.3	9.682999999999999e-28	3.25009990317e-20
CLCN2	5.546e-12	NM_004366.6	3.1071e-15	5.5428929e-12
CLCN3	0.99973	NM_001829.4	1.0	0.00026999999999999247
CLCN6	6.1077e-08	NM_001286.5	7.0013e-14	6.1076929987e-08
CLCN7	0.27238	NM_001287.6	1.2342e-12	0.27237999999876583
CLCNKA	4.2296e-17	NM_004070.4	1.2579e-17	2.9716999999999997e-17
CLCNKB	1.4025e-22	NM_000085.5	1.4730999999999999e-22	7.059999999999995e-24
CLDN1	0.0010103	NM_021101.5	0.021176	0.0201657
CLDN3	0.52233	NM_001306.4	0.45418	0.06814999999999999
CLDN4	6.9789e-05	NM_001305.5	0.00012783	5.8040999999999995e-05
CLDN5	0.89512	NM_001363066.2	0.00040517	0.8947148300000001
CLDN6	0.0040357	NM_021195.5	0.23852	0.2344843
CLDN7	0.0028828	NM_001307.6	6.5827e-05	0.002816973
CLDN8	0.016193	NM_199328.3	0.039563	0.023370000000000002
CLDN9	6.3138e-06	NM_020982.4	7.1804e-07	5.59576e-06
CLDN10	0.00083876	NM_006984.5	0.00053866	0.0003001
CLDN11	0.91076	NM_005602.6	0.99251	0.08174999999999999
CLDN12	0.048525	NM_001185072.3	0.025947	0.022577999999999997
CLDN14	0.00011061	NM_001146079.2	0.028763	0.02865239
CLDN15	0.023349	NM_014343.3	0.30501	0.281661
CLDN16	0.025466	NM_006580.4	0.0078488	0.0176172
CLDN17	0.00033411	NM_012131.3	0.017397	0.01706289
CLDN18	0.0001865	NM_016369.4	0.00016011	2.6389999999999996e-05
CLDN19	0.0049681	NM_148960.3	4.1664e-06	0.0049639336
CLDN20	0.0048881	NM_001001346.3	0.42102	0.4161319
CLDN22	0.038131	NM_001111319.3	0.34131	0.303179
CLDN23	2.2989e-05	NM_194284.3	0.0002608	0.000237811
CLDN24	2.0392e-06	NM_001185149.1	0.15267	0.1526679608
CLDND1	0.16354	NM_001040181.2	0.031638	0.131902
CLDND2	3.661e-06	NM_152353.3	2.8502e-07	3.3759800000000002e-06
CLEC1A	2.6288e-17	NM_016511.4	4.2878e-11	4.2877973712e-11
CLEC1B	4.9365e-08	NM_016509.4	1.8721e-10	4.917779e-08
CLEC2A	2.191e-06	NM_001130711.2	0.13465	0.13464780899999998
CLEC2B	0.011614	NM_005127.3	0.52493	0.513316
CLEC2D	0.23009	NM_013269.6	0.0056291	0.2244609
CLEC2L	0.014343	NM_001080511.4	0.00023791	0.01410509
CLEC3A	1.9968e-11	NM_005752.6	4.379e-12	1.5589e-11
CLEC3B	0.0020953	NM_003278.3	1.6771e-05	0.002078529
CLEC4A	4.1872e-05	NM_016184.4	0.0014115	0.001369628
CLEC4C	5.7708e-07	NM_001371390.1	0.12209	0.12208942292000001
CLEC4D	2.4548e-06	NM_080387.5	5.0382e-05	4.79272e-05
CLEC4E	1.1378e-05	NM_014358.4	0.00020573	0.00019435199999999999
CLEC4F	3.0707e-14	NM_173535.3	4.3291e-12	4.298393e-12
CLEC4G	9.3088e-06	NM_198492.4	5.2911e-11	9.308747089e-06
CLEC4M	6.5585e-07	NM_014257.5	3.7033e-05	3.6377150000000005e-05
CLEC5A	0.12568	NM_013252.3	0.00068848	0.12499151999999998
CLEC6A	1.1269e-06	NM_001007033.2	0.0033361	0.0033349731
CLEC7A	5.5087e-12	NM_197947.3	9.5954e-06	9.595394491299999e-06
CLEC9A	1.8488e-05	NM_207345.4	1.7979e-05	5.090000000000014e-07
CLEC10A	7.7599e-06	NM_001330070.2	2.2172e-12	7.7598977828e-06
CLEC11A	0.00038003	NM_002975.3	2.6667e-14	0.000380029999973333
CLEC12A	2.6022e-07	NM_138337.6	3.4626e-06	3.2023800000000003e-06
CLEC12B	9.9015e-06	NM_001129998.3	0.00064853	0.0006386285
CLEC14A	1.4324e-05	NM_175060.3	0.30218	0.302165676
CLEC16A	0.27595	NM_015226.3	2.0043e-05	0.27592995699999995
CLEC17A	9.0963e-08	NM_001204118.2	2.7574e-06	2.666437e-06
CLEC18A	0.0076995	NM_001370523.4	0.81587	0.8081705
CLEC18B	1.2431e-06	NM_001385193.1	0.99981	0.9998087568999999
CLEC18C	0.00089881	NM_173619.4	0.94184	0.94094119
CLEC19A	0.0037987	NM_001256720.2	6.239e-07	0.0037980761
CLGN	1.2813e-11	NM_004362.3	8.0963e-07	8.09617187e-07
CLHC1	5.5753e-21	NM_152385.4	4.8189e-11	4.81889999944247e-11
CLIC3	6.2316e-09	NM_004669.3	3.9724e-14	6.231560276e-09
CLIC4	0.0010866	NM_013943.3	0.044323	0.0432364
CLIC5	1.6209e-06	NM_016929.5	5.1213e-06	3.5004000000000004e-06
CLIC6	3.5342e-05	NM_053277.3	7.8457e-14	3.5341999921543e-05
CLINT1	0.53538	NM_014666.4	0.99966	0.46428
CLIP1	0.68088	NM_001247997.2	0.99939	0.31850999999999996
CLIP2	0.99997	NM_003388.5	0.9929	0.007070000000000021
CLIP3	0.67948	NM_015526.3	0.99993	0.32045
CLIP4	5.9018e-08	NM_024692.6	9.246e-05	9.2400982e-05
CLK1	7.5962e-07	NM_004071.4	1.2076e-05	1.131638e-05
CLK2	0.99997	NM_001294338.2	1.0	2.999999999997449e-05
CLK3	0.23	NM_001130028.2	0.96593	0.73593
CLK4	6.1931e-05	NM_020666.3	3.6112e-05	2.5818999999999998e-05
CLMN	1.5344e-08	NM_024734.4	2.3208e-10	1.511192e-08
CLMP	1.5718e-07	NM_024769.5	3.1884e-05	3.1726820000000004e-05
CLN3	1.3327e-07	NM_001042432.2	5.3225e-14	1.33269946775e-07
CLN5	1.7111e-08	NM_006493.4	3.9441e-10	1.6716590000000002e-08
CLN6	0.00010025	NM_017882.3	8.7664e-06	9.148359999999999e-05
CLN8	0.0035591	NM_018941.4	1.9452e-06	0.0035571548
CLNK	1.7251000000000001e-29	NM_052964.4	1.1753e-11	1.1753e-11
CLNS1A	0.081436	NM_001293.3	0.16099	0.079554
CLOCK	0.99957	NM_004898.4	0.9683	0.03126999999999991
CLP1	0.20272	NM_006831.3	0.00072565	0.20199435000000002
CLPB	0.00049945	NM_001258392.3	0.00035321	0.00014624
CLPP	0.57106	NM_006012.4	0.0061632	0.5648968
CLPS	0.0095685	NM_001832.4	0.0015599	0.008008600000000001
CLPSL1	2.1662e-05	NM_001010886.5	0.00017326	0.000151598
CLPSL2	0.1858	NM_207409.4	0.083149	0.10265099999999999
CLPTM1	0.95767	NM_001294.4	0.99998	0.04230999999999996
CLPTM1L	4.3885e-05	NM_030782.5	7.9443e-07	4.3090569999999995e-05
CLPX	0.92377	NM_006660.5	0.48836	0.43540999999999996
CLRN1	1.7074e-08	NM_174878.3	8.5957e-05	8.5939926e-05
CLRN2	2.0187e-06	NM_001079827.2	1.6429e-05	1.4410300000000002e-05
CLRN3	0.039218	NM_152311.5	0.0059258	0.0332922
CLSPN	0.0025864	NM_022111.4	0.37539	0.3728036
CLSTN1	0.97757	NM_001009566.3	1.0	0.02242999999999995
CLSTN2	3.5246e-06	NM_022131.3	0.0017686	0.0017650754
CLSTN3	0.97016	NM_014718.4	0.86415	0.10601000000000005
CLTA	0.96319	NM_001833.4	0.9418	0.02139000000000002
CLTB	0.33443	NM_007097.5	0.87767	0.54324
CLTC	1.0	NM_004859.4	1.0	0.0
CLTCL1	2.5101e-37	NM_007098.4	1.2928e-45	2.510099987072e-37
CLU	7.8072e-05	NM_001831.4	0.00057997	0.000501898
CLUAP1	0.0004184	NM_015041.3	4.2174e-12	0.0004183999957826
CLUH	0.99474	NM_001366661.1	2.3969e-16	0.9947399999999997
CLUL1	1.6121e-11	NM_001393344.1	1.6743e-11	6.21999999999998e-13
CLVS1	0.85398	NM_173519.3	0.99116	0.13718000000000008
CLVS2	0.013557	NM_001010852.4	0.002391	0.011165999999999999
CLYBL	1.6434e-09	NM_206808.5	2.1159e-08	1.9515600000000002e-08
CMA1	7.5861e-09	NM_001836.5	6.3757e-11	7.522343e-09
CMAS	0.56141	NM_018686.6	0.83	0.26859
CMBL	0.00011148	NM_138809.4	0.10541	0.10529852
CMC1	0.1073	NM_182523.2	0.068977	0.03832300000000001
CMIP	0.99999	NM_198390.3	1.0	9.99999999995449e-06
CMKLR1	0.010767	NM_001142343.2	0.019956	0.009189000000000001
CMKLR2		NM_001389445.1	6.8989e-05	
CMPK1	0.84789	NM_016308.3	0.17633	0.67156
CMPK2	1.1285e-06	NM_207315.4	7.1598e-13	1.1284992840200002e-06
CMSS1	0.0011173	NM_032359.4	0.00072424	0.0003930600000000001
CMTM1	0.0022376	NM_052999.4	0.0141	0.011862399999999999
CMTM2	2.9425e-05	NM_144673.3	5.7909e-05	2.8483999999999997e-05
CMTM3	0.00014974	NM_181553.4	0.24712	0.24697026
CMTM4	0.23064	NM_181521.3	0.01392	0.21672000000000002
CMTM5	0.065782	NM_001288746.2	2.0127e-08	0.065781979873
CMTM6	0.43302	NM_017801.3	0.023327	0.40969300000000003
CMTM7	0.038169	NM_138410.4	0.34323	0.30506099999999997
CMTM8	0.059614	NM_178868.5	0.026519	0.033095
CMTR1	0.99252	NM_015050.3	0.99988	0.007360000000000033
CMTR2	5.3475e-10	NM_018348.6	9.0545e-12	5.256955000000001e-10
CMYA5	1.3454000000000002e-54	NM_153610.5	1.9329e-53	1.7983599999999998e-53
CNBD1	4.4866e-18	NM_173538.3	7.6046e-06	7.604599999995513e-06
CNBD2	3.8389e-17	NM_001365709.1	1.0435e-17	2.7954e-17
CNBP	0.95994	NM_003418.5	0.94605	0.013890000000000069
CNDP1	1.1834e-09	NM_032649.6	7.5406e-10	4.293400000000001e-10
CNDP2	1.0067e-07	NM_018235.3	9.1483e-10	9.975517e-08
CNEP1R1	0.40866	NM_001281789.2	0.1142	0.29446000000000006
CNFN	0.026008	NM_032488.4	0.00059679	0.02541121
CNGA1	2.7618e-11	NM_001379270.1	4.6542e-05	4.6541972382e-05
CNGA3	8.0327e-20	NM_001298.3	9.6893e-14	9.6892919673e-14
CNGA4	2.4213e-07	NM_001037329.4	8.3788e-09	2.3375120000000002e-07
CNGB1	1.8369e-37	NM_001297.5	1.6912e-34	1.6893631e-34
CNGB3	7.772300000000002e-19	NM_019098.5	8.5316e-20	6.9191400000000015e-19
CNIH1	0.64965	NM_005776.3	0.094148	0.5555019999999999
CNIH2	0.95171	NM_182553.3	0.69105	0.2606599999999999
CNIH3	0.84533	NM_152495.2	0.0066523	0.8386777000000001
CNIH4	0.021712	NM_014184.4	0.57927	0.557558
CNKSR1	4.289e-30	NM_006314.3	7.7922e-26	7.7917711e-26
CNKSR3	0.028166	NM_173515.4	0.0045728	0.0235932
CNMD		NM_007015.3	2.6503e-08	
CNN1	0.13803	NM_001299.6	0.00038762	0.13764238
CNN2	0.024399	NM_004368.4	1.0093e-05	0.024388907
CNN3	0.59852	NM_001839.5	0.99878	0.40025999999999995
CNNM1	0.017607	NM_020348.3	0.041286	0.023679000000000002
CNNM2	0.99521	NM_017649.5	1.0	0.004789999999999961
CNNM3	2.1173e-07	NM_017623.5	2.3489e-16	2.1172999976511e-07
CNNM4	2.9325e-07	NM_020184.4	2.4379e-06	2.14465e-06
CNOT1	1.0	NM_016284.5	1.0	0.0
CNOT2	0.99981	NM_014515.7	0.99999	0.000180000000000069
CNOT3	1.0	NM_014516.4	1.0	0.0
CNOT4	0.99996	NM_001190850.2	1.0	4.0000000000040004e-05
CNOT6	0.019515	NM_001370472.1	1.0	0.980485
CNOT6L	0.99821	NM_144571.3	1.0	0.0017899999999999583
CNOT7	0.99686	NM_013354.7	0.99998	0.0031200000000000117
CNOT8	0.21741	NM_001301073.2	0.051084	0.166326
CNOT9		NM_005444.3	0.96282	
CNOT10	0.98194	NM_015442.3	0.99986	0.017919999999999936
CNOT11	0.59693	NM_017546.5	0.77426	0.17733
CNP	0.98405	NM_033133.5	0.9998	0.015750000000000042
CNPPD1	7.6384e-09	NM_015680.6	1.2513e-10	7.513270000000001e-09
CNPY1	2.1539e-05	NM_001393663.1	0.00047067	0.000449131
CNPY2	0.0029232	NM_014255.7	2.309e-05	0.00290011
CNPY3	0.39757	NM_006586.5	0.00026212	0.39730788
CNPY4	1.0277e-13	NM_152755.2	1.0436e-10	1.0425723e-10
CNR1	0.50652	NM_016083.6	0.31652	0.18999999999999995
CNR2	6.5369e-06	NM_001841.3	0.052898	0.0528914631
CNRIP1	0.15874	NM_015463.3	0.0027585	0.1559815
CNST	1.238e-06	NM_152609.3	1.4328e-05	1.309e-05
CNTD1	0.0045358	NM_173478.3	0.51954	0.5150042
CNTF	2.3384e-05	NM_000614.4	4.9724e-06	1.84116e-05
CNTFR	0.95549	NM_147164.3	0.90978	0.04570999999999992
CNTLN	3.9521e-49	NM_017738.4	2.4515e-52	3.9496485000000005e-49
CNTN1	0.15131	NM_001843.4	0.99993	0.8486199999999999
CNTN2	0.0021095	NM_005076.5	0.019495	0.017385499999999998
CNTN3	1.9893e-05	NM_020872.3	2.7911e-06	1.71019e-05
CNTN4	3.3013e-06	NM_175607.3	4.8485e-12	3.3012951515e-06
CNTN5	6.1963e-05	NM_014361.4	1.5804e-11	6.196298419600001e-05
CNTN6	9.0232e-31	NM_001289080.2	5.7208e-42	9.023199999942792e-31
CNTNAP1	3.445e-05	NM_003632.3	1.514e-07	3.42986e-05
CNTNAP2	2.8673e-09	NM_014141.6	1.9949e-18	2.8672999980051e-09
CNTNAP3	1.7092e-11	NM_033655.5	1.4933e-05	1.4932982907999999e-05
CNTNAP3B	9.5945e-29	NM_001201380.3	0.033268	0.033268
CNTNAP4	7.7552e-07	NM_033401.5	8.7352e-17	7.755199999126481e-07
CNTNAP5	0.99167	NM_001367498.1	2.8986e-08	0.991669971014
CNTRL	1.8908e-54	NM_007018.6	2.6150000000000003e-45	2.6149999981092002e-45
CNTROB	1.8222e-16	NM_053051.5	2.491e-18	1.79729e-16
COA1	0.0088335	NM_018224.4	0.00021336	0.00862014
COA3	0.064758	NM_001040431.3	8.1218e-05	0.064676782
COA4	0.21335	NM_016565.3	6.3102e-05	0.213286898
COA5	0.018348	NM_001008215.3	0.0031022	0.0152458
COA6	0.0056851	NM_001206641.3	0.01155	0.005864899999999999
COA7	0.059686	NM_023077.3	0.038416	0.021270000000000004
COA8		NM_001370595.2	1.1686e-06	
COASY	8.0903e-10	NM_025233.7	2.6657e-06	2.66489097e-06
COBL	0.0039121	NM_015198.5	1.0746e-05	0.003901354
COBLL1	0.046671	NM_001365672.2	0.00032663	0.046344369999999996
COCH	1.2365e-07	NM_004086.3	5.7486e-09	1.179014e-07
COG1	4.9379e-08	NM_018714.3	6.1028e-11	4.9317972e-08
COG2	9.3658e-06	NM_007357.3	2.2958e-06	7.069999999999999e-06
COG3	0.99993	NM_031431.4	1.0	7.00000000000145e-05
COG4	3.9748e-09	NM_015386.3	1.9463e-13	3.97460537e-09
COG5	9.7667e-20	NM_006348.5	4.6848e-17	4.6750333e-17
COG6	6.3567e-16	NM_020751.3	1.6039e-07	1.6038999936432999e-07
COG7	2.5926e-07	NM_153603.4	2.562e-05	2.536074e-05
COG8	2.9725e-09	NM_032382.5	1.4237e-15	2.9724985762999997e-09
COIL	0.009434	NM_004645.3	0.00010064	0.009333359999999999
COL1A1	1.0	NM_000088.4	1.0	0.0
COL1A2	1.0	NM_000089.4	1.0	0.0
COL2A1	1.0	NM_001844.5	1.0	0.0
COL3A1	1.0	NM_000090.4	1.0	0.0
COL4A1	1.0	NM_001845.6	1.0	0.0
COL4A2	3.5842e-15	NM_001846.4	3.9603e-12	3.9567158e-12
COL4A3	1.0699e-12	NM_000091.5	2.7708999999999997e-21	1.0698999972291e-12
COL4A4	6.7123e-16	NM_000092.5	3.9265e-10	3.9264932877e-10
COL5A1	1.0	NM_000093.5	1.0	0.0
COL5A2	1.0	NM_000393.5	1.0	0.0
COL5A3	3.3468e-20	NM_015719.4	4.107e-38	3.3468e-20
COL6A1	0.99995	NM_001848.3	4.5705e-14	0.9999499999999543
COL6A2	6.5112e-08	NM_001849.4	5.0534e-23	6.511199999999994e-08
COL6A3	1.8131e-20	NM_004369.4	2.2106e-13	2.21059981869e-13
COL6A6	8.4528e-46	NM_001102608.3	2.1338e-43	2.1253472e-43
COL7A1	2.4411e-40	NM_000094.4	1.4204e-56	2.4411e-40
COL8A1	0.4051	NM_020351.4	0.012161	0.39293900000000004
COL8A2	0.11765	NM_005202.4	5.589e-05	0.11759411
COL9A1	3.0742e-19	NM_001851.6	6.4083e-24	3.074135917e-19
COL9A2	1.0453e-08	NM_001852.4	3.1387e-14	1.0452968613e-08
COL9A3	3.278e-12	NM_001853.4	1.4149e-25	3.2779999999998586e-12
COL10A1	2.9839e-05	NM_000493.4	0.01645	0.016420161
COL11A1	1.0	NM_001854.4	1.0	0.0
COL11A2	0.70197	NM_080680.3	0.00022512	0.70174488
COL12A1	0.97361	NM_004370.6	1.0	0.026390000000000025
COL13A1	3.7355e-14	NM_001368882.1	1.5227e-19	3.735484773e-14
COL14A1	1.4327e-14	NM_021110.4	2.5194e-18	1.43244806e-14
COL15A1	2.5406e-08	NM_001855.5	5.9832e-17	2.5405999940168e-08
COL16A1	2.9031e-24	NM_001856.4	4.272e-41	2.9031e-24
COL17A1	2.2869e-27	NM_000494.4	2.3058e-48	2.2869e-27
COL18A1	1.7414e-10	NM_001379500.1	8.591500000000001e-33	1.7414e-10
COL19A1	4.8406e-33	NM_001858.6	1.3873e-24	1.3872999951594e-24
COL20A1	1.3805999999999999e-40	NM_020882.4	4.6566999999999996e-66	1.3805999999999999e-40
COL21A1	5.2336e-24	NM_030820.4	1.336e-31	5.2335998664e-24
COL22A1	4.4899000000000003e-45	NM_152888.3	4.4429e-49	4.48945571e-45
COL23A1	6.6455e-13	NM_173465.4	4.0469e-34	6.6455e-13
COL24A1	4.9779e-44	NM_152890.7	1.3299999999999998e-40	1.3295022099999999e-40
COL25A1	1.6393e-18	NM_198721.4	5.7892e-16	5.772807000000001e-16
COL26A1	2.9274e-06	NM_001278563.3	2.4184e-11	2.927375816e-06
COL27A1	0.5864	NM_032888.4	4.2046e-07	0.58639957954
COL28A1	3.6797e-32	NM_001037763.3	5.3895e-22	5.38949999963203e-22
COLEC10	0.0026167	NM_006438.5	0.0054092	0.0027925000000000003
COLEC11	0.017539	NM_024027.5	2.3153e-06	0.0175366847
COLEC12	0.90761	NM_130386.3	0.35766	0.54995
COLGALT1	5.9074e-08	NM_024656.4	1.6488e-12	5.9072351199999994e-08
COLGALT2	1.0935e-10	NM_015101.4	4.1951e-07	4.1940065e-07
COLQ	7.9356e-14	NM_005677.4	6.171e-12	6.091644e-12
COMMD1	0.2201	NM_152516.4	0.0081378	0.2119622
COMMD2	2.5421e-09	NM_016094.4	5.69e-07	5.664579e-07
COMMD3	2.776e-05	NM_012071.4	4.6985e-11	2.7759953014999998e-05
COMMD4	0.00032013	NM_017828.5	9.6051e-05	0.00022407900000000002
COMMD5	1.497e-05	NM_014066.4	3.5907e-06	1.1379300000000001e-05
COMMD6	0.17236	NM_203495.4	0.10587	0.06649000000000001
COMMD7	9.7494e-08	NM_053041.3	8.6892e-09	8.88048e-08
COMMD8	7.3184e-10	NM_017845.5	8.5649e-05	8.564826816e-05
COMMD9	0.39357	NM_014186.4	4.7171e-07	0.39356952828999997
COMMD10	6.4803e-12	NM_016144.4	0.0039492	0.0039491999935197
COMP	1.3462e-09	NM_000095.3	1.6355e-24	1.3461999999999983e-09
COMT	1.1377e-06	NM_000754.4	0.00049821	0.0004970723
COMTD1	3.3099e-05	NM_144589.4	3.6034e-16	3.309899999963966e-05
COP1		NM_022457.7	0.92458	
COPA	1.0	NM_004371.4	1.0	0.0
COPB1	0.99994	NM_001144061.2	1.0	5.999999999994898e-05
COPB2	1.0	NM_004766.3	1.0	0.0
COPE	0.69249	NM_007263.4	0.0019087	0.6905813000000001
COPG1	0.17472	NM_016128.4	1.0	0.82528
COPG2	0.0063266	NM_012133.6	0.014194	0.0078674
COPRS	0.25305	NM_018405.4	0.040685	0.212365
COPS2	0.99997	NM_004236.4	0.99996	1.0000000000065512e-05
COPS3	0.99949	NM_003653.4	0.99999	0.000500000000000056
COPS4	0.99886	NM_016129.3	0.99997	0.0011100000000000554
COPS5	0.99925	NM_006837.3	0.99999	0.0007400000000000739
COPS6	0.98666	NM_006833.5	0.99991	0.013249999999999984
COPS7A	0.043607	NM_001164094.2	0.0013456	0.0422614
COPS7B	0.60071	NM_022730.4	0.96849	0.36778
COPS8	0.72485	NM_006710.5	0.41916	0.30569
COPS9		NM_001163424.2	0.00051627	
COPZ1	0.94896	NM_016057.3	0.99111	0.04215000000000002
COPZ2	7.4565e-08	NM_016429.4	2.9048e-07	2.1591499999999998e-07
COQ2	0.0013386	NM_001358921.2	0.00017758	0.00116102
COQ3	2.4344e-08	NM_017421.4	7.9676e-05	7.9651656e-05
COQ4	3.3961e-09	NM_016035.5	2.7347e-14	3.396072653e-09
COQ5	2.8412e-05	NM_032314.4	0.00064145	0.000613038
COQ6	4.3324e-15	NM_182476.3	2.5926e-11	2.59216676e-11
COQ7	3.808e-06	NM_016138.5	2.0603e-06	1.7476999999999998e-06
COQ8A		NM_020247.5	7.6305e-15	
COQ8B		NM_024876.4	1.1559e-10	
COQ9	5.5253e-06	NM_020312.4	8.0652e-09	5.5172348e-06
COQ10A	0.00036102	NM_144576.4	4.7444e-09	0.0003610152556
COQ10B	0.29421	NM_025147.5	0.50376	0.20954999999999996
CORIN	6.5072e-35	NM_006587.4	2.2777e-25	2.27769999934928e-25
CORO1A	0.97024	NM_007074.4	0.70891	0.26132999999999995
CORO1B	4.5885e-05	NM_020441.3	6.9058e-06	3.89792e-05
CORO1C	0.99813	NM_014325.4	0.99991	0.0017800000000000038
CORO2A	3.4457e-10	NM_052820.4	3.8291e-11	3.06279e-10
CORO2B	0.056849	NM_006091.5	0.015373	0.041476
CORO6	7.1605e-07	NM_032854.4	5.5209e-14	7.16049944791e-07
CORO7	1.8292e-25	NM_024535.5	5.8401e-34	1.8291999941599e-25
CORT	0.013143	NM_001302.5	0.25264	0.239497
COTL1	0.039077	NM_021149.5	5.7903e-07	0.03907642097
COX4I1	0.39416	NM_001861.6	1.1962e-05	0.39414803800000003
COX4I2	0.00013995	NM_032609.3	5.3139e-05	8.681099999999998e-05
COX5A	0.49407	NM_004255.4	0.653	0.15893000000000002
COX5B	0.87383	NM_001862.3	0.49998	0.37385
COX6A1	0.0023136	NM_004373.4	0.020606	0.0182924
COX6A2	0.18881	NM_005205.4	0.00027357	0.18853643
COX6B1	0.12065	NM_001863.5	0.98685	0.8662
COX6B2	0.00064242	NM_144613.5	5.2304e-05	0.000590116
COX6C	0.048848	NM_004374.4	0.32522	0.276372
COX7A1	3.727e-05	NM_001864.4	3.4371e-09	3.72665629e-05
COX7A2	0.0045177	NM_001366293.2	0.01698	0.012462299999999999
COX7A2L	1.1516e-06	NM_004718.4	6.8896e-08	1.082704e-06
COX7B2		NM_130902.3	0.12399	
COX7C	0.56366	NM_001867.3	0.65609	0.0924299999999999
COX8A	0.11606	NM_004074.3	0.00063287	0.11542713
COX8C	0.10931	NM_182971.3	0.17265	0.06334
COX10	0.08405	NM_001303.4	4.7226e-07	0.08404952774
COX11	0.016088	NM_004375.5	0.017066	0.0009779999999999997
COX14	0.3573	NM_032901.4	0.21849	0.13881000000000002
COX15	1.1031e-13	NM_078470.6	5.8917e-16	1.0972083e-13
COX16	1.8748e-05	NM_016468.7	0.00018572	0.000166972
COX17	0.19879	NM_005694.2	0.41926	0.22047000000000003
COX18	6.0435e-15	NM_001297732.2	1.6716e-14	1.0672500000000001e-14
COX19	0.0043158	NM_001031617.3	0.00073241	0.0035833899999999997
COX20	0.020118	NM_198076.6	0.056908	0.03679
CP	4.2013e-10	NM_000096.4	4.9953e-07	4.9910987e-07
CPA1	2.6567e-11	NM_001868.4	2.9591e-13	2.627109e-11
CPA2	1.4033e-15	NM_001869.3	2.8404e-13	2.826367e-13
CPA3	2.0416e-16	NM_001870.4	4.7367e-08	4.736699979584e-08
CPA4	9.3852e-18	NM_016352.4	8.5851e-08	8.58509999906148e-08
CPA5	0.00018213	NM_080385.5	4.4629e-10	0.00018212955371
CPA6	4.3984e-17	NM_020361.5	2.1646e-10	2.16459956016e-10
CPAMD8	6.9237e-23	NM_015692.5	4.7182e-30	6.92369952818e-23
CPB1	2.6104e-22	NM_001871.3	3.15e-15	3.14999973896e-15
CPB2	2.7076e-17	NM_001872.5	3.1247e-10	3.12469972924e-10
CPD	0.00074113	NM_001304.5	7.7514e-07	0.00074035486
CPE	0.99233	NM_001873.4	0.83335	0.15898
CPEB1	0.99899	NM_001365242.1	1.0	0.0010099999999999554
CPEB2	0.00013675	NM_001177382.2	2.3944e-16	0.00013674999999976054
CPEB3	0.99846	NM_014912.5	0.59917	0.39929000000000003
CPEB4	0.98555	NM_030627.4	1.0	0.014449999999999963
CPED1	1.8689e-24	NM_024913.5	9.7847e-24	7.9158e-24
CPLANE1		NM_001384732.1	2.7961999999999998e-36	
CPLANE2		NM_030907.4	2.0746e-10	
CPLX1	0.82499	NM_006651.4	0.43566	0.38933
CPLX2	0.52601	NM_001008220.2	0.6995	0.17349000000000003
CPLX3	0.24027	NM_001030005.3	0.00061249	0.23965751000000002
CPLX4	0.0001362	NM_181654.4	4.18e-06	0.00013202
CPM	1.6604e-05	NM_198320.5	1.1796e-08	1.6592203999999998e-05
CPN1	8.6973e-08	NM_001308.3	9.4351e-10	8.602949e-08
CPN2	0.0026009	NM_001080513.4	0.20264	0.2000391
CPNE1	1.7292e-14	NM_152925.3	9.4935e-15	7.798500000000001e-15
CPNE2	0.0013021	NM_152727.6	3.8921e-08	0.001302061079
CPNE3	1.7777e-25	NM_003909.5	3.0928e-12	3.092799999999822e-12
CPNE4	0.085866	NM_130808.3	0.88261	0.796744
CPNE5	0.00037837	NM_020939.2	1.4258e-05	0.000364112
CPNE7	4.2743e-24	NM_153636.3	1.7140999999999998e-32	4.274299982859e-24
CPNE8	0.0080248	NM_153634.3	0.004517	0.0035078
CPNE9	3.4898e-08	NM_153635.3	2.7157e-13	3.489772843e-08
CPO	7.270999999999999e-21	NM_173077.3	0.0015713	0.0015713
CPOX	0.17152	NM_000097.7	0.00050093	0.17101907
CPPED1	2.3183e-07	NM_018340.3	8.7211e-11	2.3174278900000001e-07
CPQ	1.3154e-14	NM_016134.4	3.4706e-09	3.470586846e-09
CPS1	1.0947e-09	NM_001875.5	1.7622e-19	1.0946999998237799e-09
CPSF1	3.1043e-10	NM_013291.3	7.9584e-21	3.1042999999204157e-10
CPSF2	5.13e-08	NM_017437.3	0.002631	0.0026309487
CPSF3	3.0292e-07	NM_016207.4	2.5306e-10	3.0266694e-07
CPSF4	0.26766	NM_006693.4	0.99139	0.72373
CPSF4L	0.0016119	NM_001129885.1	9.7069e-06	0.0016021931
CPSF6	0.99982	NM_007007.3	0.99999	0.00017000000000000348
CPSF7	0.99873	NM_001142565.3	1.0	0.0012699999999999934
CPT1A	5.114e-09	NM_001876.4	2.7892e-09	2.3248000000000005e-09
CPT1B	1.5291e-11	NM_152246.3	1.2073e-10	1.05439e-10
CPT1C	2.1926e-09	NM_001199753.2	2.8029e-12	2.1897971e-09
CPT2	4.598e-10	NM_000098.3	1.9677e-09	1.5079000000000001e-09
CPTP		NM_001029885.2	0.00015019	
CPVL	3.3502e-11	NM_031311.5	1.414e-06	1.413966498e-06
CPXM1	3.7553e-12	NM_019609.5	4.0427999999999997e-22	3.755299999595721e-12
CPXM2	5.487e-13	NM_198148.3	2.5542e-15	5.461457999999999e-13
CPZ	8.8063e-36	NM_001014447.3	4.5575e-51	8.806299999999996e-36
CR1	1.6488000000000002e-35	NM_000651.6	1.1672e-19	1.1671999999999998e-19
CR1L	7.6434e-27	NM_175710.2	2.8555e-18	2.8554999923566e-18
CR2	4.7399e-19	NM_001006658.3	1.8413e-20	4.55577e-19
CRABP1	0.0058779	NM_004378.3	0.016873	0.010995099999999999
CRABP2	0.0015096	NM_001878.4	7.7467e-08	0.001509522533
CRACD		NM_001393381.1	2.2118e-09	
CRACDL		NM_207362.3	0.031118	
CRACR2A		NM_001144958.2	5.6434e-21	
CRACR2B		NM_001286606.2	4.107699999999999e-21	
CRADD	0.87862	NM_003805.5	0.033664	0.8449559999999999
CRAMP1		NM_020825.4	1.2806e-06	
CRAT	9.4796e-12	NM_000755.5	9.847899999999999e-21	9.479599990152099e-12
CRB1	5.6266e-16	NM_201253.3	9.3619e-17	4.690409999999999e-16
CRB2	1.4884e-14	NM_173689.7	1.0688999999999999e-28	1.4883999999999894e-14
CRB3	0.35784	NM_139161.5	0.080719	0.277121
CRBN	0.00028911	NM_016302.4	1.0366e-10	0.00028910989633999996
CRCP	8.9725e-07	NM_014478.5	0.00016169	0.00016079275
CRCT1	0.0019397	NM_019060.3	0.1543	0.1523603
CREB1	0.99673	NM_004379.5	1.0	0.003269999999999995
CREB3	1.8489e-05	NM_006368.5	9.8354e-10	1.848801646e-05
CREB3L1	0.98488	NM_052854.4	3.0933e-07	0.98487969067
CREB3L2	0.0015297	NM_194071.4	0.033175	0.0316453
CREB3L3	8.0596e-14	NM_032607.3	8.6908e-11	8.6827404e-11
CREB3L4	5.1401e-06	NM_001255978.2	1.6587e-07	4.97423e-06
CREB5	0.22337	NM_182898.4	0.99968	0.7763100000000001
CREBBP	1.0	NM_004380.3	1.0	0.0
CREBL2	0.72167	NM_001310.4	0.98542	0.26374999999999993
CREBRF	0.99997	NM_153607.3	1.0	2.999999999997449e-05
CREBZF	0.1003	NM_001039618.4	0.31909	0.21878999999999998
CREG1	0.0012232	NM_003851.3	2.6407e-06	0.0012205593
CREG2	7.2973e-05	NM_153836.4	3.3807e-08	7.293919299999999e-05
CRELD1	1.3432e-11	NM_001077415.3	7.6352e-10	7.500879999999999e-10
CRELD2	2.7906e-08	NM_024324.5	6.7014e-09	2.12046e-08
CREM	0.50878	NM_183011.2	0.94507	0.43628999999999996
CRH	0.71614	NM_000756.4	0.005925	0.710215
CRHBP	0.21476	NM_001882.4	0.004537	0.210223
CRHR1	3.7856e-05	NM_004382.5	0.0042238	0.004185944
CRHR2	8.5473e-17	NM_001883.5	4.9005e-18	8.05725e-17
CRIM1	0.99971	NM_016441.3	1.0	0.00029000000000001247
CRIP1	0.00049848	NM_001311.5	0.0002765	0.00022198000000000004
CRIP2	0.00018101	NM_001312.4	6.9101e-13	0.00018100999930899
CRIP3	0.00064839	NM_206922.3	1.7078e-06	0.0006466821999999999
CRIPT	0.00097752	NM_014171.6	0.18985	0.18887247999999998
CRISP1	1.8344e-06	NM_001131.3	2.2666e-14	1.834399977334e-06
CRISP2	1.4437e-12	NM_003296.4	2.4889e-05	2.4888998556299997e-05
CRISP3	2.565e-06	NM_006061.4	1.4732e-06	1.0918e-06
CRISPLD1	1.8207e-09	NM_031461.6	1.2452e-11	1.808248e-09
CRISPLD2	7.8157e-09	NM_031476.4	6.6528e-11	7.749172e-09
CRK	0.95936	NM_016823.4	0.99965	0.04029000000000005
CRKL	0.44604	NM_005207.4	0.99962	0.55358
CRLF1	3.9958e-05	NM_004750.5	8.3681e-10	3.9957163189999996e-05
CRLF3	0.00047973	NM_015986.4	2.124e-06	0.000477606
CRLS1	0.0031076	NM_019095.6	1.479e-05	0.0030928099999999997
CRMP1	0.99173	NM_001014809.3	0.99952	0.007789999999999964
CRNKL1	2.7151e-06	NM_001278628.2	0.99967	0.9996672848999999
CRNN	0.00012577	NM_016190.3	5.534e-12	0.00012576999446600002
CROCC	1.2656e-24	NM_014675.5	1.2562000000000002e-62	1.2656e-24
CROCC2		NM_001351305.2	2.5071e-46	
CROT	4.431500000000001e-25	NM_021151.4	1.9449e-13	1.9448999999955686e-13
CRP	0.0036969	NM_000567.3	0.0005428	0.0031541
CRPPA		NM_001101426.4	3.8872e-06	
CRTAC1	7.4918e-07	NM_018058.7	2.6345e-07	4.8573e-07
CRTAM	8.0626e-09	NM_019604.4	2.4704e-09	5.592200000000001e-09
CRTAP	0.00055361	NM_006371.5	7.1791e-11	0.0005536099282089999
CRTC1	0.531	NM_015321.3	0.99976	0.46875999999999995
CRTC2	0.99891	NM_181715.3	0.96627	0.03264
CRTC3	0.86585	NM_022769.5	0.87731	0.011460000000000026
CRX	0.51043	NM_000554.6	0.72313	0.2127
CRY1	1.662e-09	NM_004075.5	3.7616e-07	3.74498e-07
CRY2	0.00031808	NM_021117.5	0.023609	0.023290920000000003
CRYAB	0.02247	NM_001289808.2	0.005468	0.017002
CRYBA1	6.4088e-05	NM_005208.5	2.5475e-05	3.8613000000000005e-05
CRYBA2	0.00019464	NM_057093.2	2.78e-07	0.00019436199999999998
CRYBA4	3.4999e-09	NM_001886.3	4.3917e-10	3.06073e-09
CRYBB1	0.00070069	NM_001887.4	0.0070272	0.00632651
CRYBB2	0.38956	NM_000496.3	0.089294	0.30026600000000003
CRYBB3	3.5766e-11	NM_004076.5	2.226e-14	3.574374e-11
CRYBG1		NM_001371242.2	6.4719000000000005e-31	
CRYBG2		NM_001039775.4	7.663499999999999e-26	
CRYBG3	0.00026933	NM_153605.4	7.1235e-14	0.000269329999928765
CRYGA	4.3304e-10	NM_014617.4	2.0738e-05	2.073756696e-05
CRYGB	8.1381e-08	NM_005210.4	5.9729e-05	5.9647619e-05
CRYGC	0.0006061	NM_020989.4	0.0018396	0.0012335
CRYGD	0.00030317	NM_006891.4	6.8117e-06	0.00029635830000000003
CRYGN	3.9735e-07	NM_144727.3	5.3054e-07	1.3319e-07
CRYGS	0.023028	NM_017541.4	0.019928	0.0030999999999999986
CRYL1	3.7186e-06	NM_015974.3	8.8864e-10	3.7177113599999997e-06
CRYM	0.02569	NM_001376256.1	0.0016189	0.0240711
CRYZ	5.6616e-23	NM_001889.4	5.7448e-15	5.744799943384e-15
CRYZL1	2.0125e-09	NM_145858.3	0.10843	0.1084299979875
CS	0.98402	NM_004077.3	0.99999	0.01597000000000004
CSAD	6.0781e-12	NM_001244705.2	5.227e-13	5.5554e-12
CSDC2	0.003122	NM_014460.4	0.014976	0.011854
CSDE1	1.0	NM_001007553.3	1.0	0.0
CSE1L	1.0	NM_001316.4	1.0	0.0
CSF1	0.99634	NM_000757.6	0.99999	0.003650000000000042
CSF1R	0.13278	NM_001288705.3	0.97537	0.84259
CSF2	0.83468	NM_000758.4	0.85353	0.018850000000000033
CSF2RB	0.17646	NM_000395.3	0.9326	0.75614
CSF3	0.38046	NM_172219.3	4.9096e-06	0.38045509040000003
CSF3R	1.5225e-10	NM_000760.4	3.6121e-09	3.4598499999999998e-09
CSGALNACT2	0.23766	NM_018590.5	4.5738e-06	0.23765542620000002
CSH1	2.1264e-05	NM_001317.6	0.0091053	0.009084036
CSH2	0.013182	NM_020991.4	0.0094751	0.003706899999999999
CSHL1	3.0815e-12	NM_022579.3	3.0155e-09	3.0124185e-09
CSK	0.99977	NM_004383.3	1.0	0.00022999999999995246
CSKMT		NM_001043229.2	2.1104e-07	
CSMD1	1.0	NM_033225.6	3.4493000000000003e-19	1.0
CSMD2		NM_001281956.2	1.0	
CSMD3	0.057105	NM_198123.2	0.97254	0.915435
CSN1S1	1.4185e-16	NM_001890.2	1.1828e-07	1.1827999985815e-07
CSN2	7.1828e-06	NM_001891.4	0.0014644	0.0014572172
CSNK1A1	0.99758	NM_001892.6	0.99982	0.0022400000000000198
CSNK1A1L	0.013174	NM_145203.6	4.2394e-06	0.0131697606
CSNK1D	0.99577	NM_001893.6	0.96783	0.027940000000000076
CSNK1E	0.99926	NM_152221.3	0.5236	0.4756600000000001
CSNK1G1	0.99911	NM_022048.5	0.2501	0.7490100000000001
CSNK1G2	0.99138	NM_001319.7	0.99231	0.0009299999999999864
CSNK2A1	0.98711	NM_177559.3	1.0	0.012889999999999957
CSNK2A2	0.9994	NM_001896.4	0.99718	0.0022199999999999998
CSNK2A3	2.1007e-10	NM_001256686.2	1.8654e-09	1.6553300000000001e-09
CSNK2B	0.91728	NM_001320.7	0.99996	0.08267999999999998
CSPG4	2.6212e-05	NM_001897.5	3.5752e-12	2.6211996424799998e-05
CSPG5	0.056186	NM_006574.4	1.1578e-05	0.056174422
CSPP1	3.26e-29	NM_001382391.1	1.8241e-09	1.8241e-09
CSRNP1	0.34269	NM_033027.4	0.77302	0.43033000000000005
CSRNP2	0.96015	NM_030809.3	0.99554	0.03539000000000003
CSRNP3	0.50018	NM_001172173.2	0.99993	0.49975
CSRP1	0.0003328	NM_004078.3	0.00083989	0.00050709
CSRP2	4.769e-07	NM_001321.3	0.00040941	0.00040893310000000003
CSRP3	0.00015859	NM_003476.5	1.039e-07	0.0001584861
CST1	3.3855e-08	NM_001898.3	8.4432e-11	3.3770568e-08
CST2	8.0628e-08	NM_001322.3	8.435e-15	8.062799156499999e-08
CST3	0.0039011	NM_000099.4	0.00010608	0.0037950199999999996
CST4	6.6761e-07	NM_001899.3	6.2387e-08	6.05223e-07
CST5	6.8894e-06	NM_001900.5	6.5827e-06	3.0669999999999996e-07
CST6	0.37188	NM_001323.4	0.0011722	0.3707078
CST7	1.2199e-07	NM_003650.4	2.2035e-07	9.836000000000002e-08
CST8	0.0033735	NM_005492.4	2.75e-07	0.003373225
CST9	0.0010911	NM_001008693.3	2.1325e-05	0.001069775
CST9L	5.992e-12	NM_080610.3	1.4039e-05	1.4038994008e-05
CST11	7.8838e-05	NM_130794.2	0.00032652	0.000247682
CSTA	0.00015316	NM_005213.4	0.12232	0.12216684
CSTB	0.0065562	NM_000100.4	0.0029059	0.0036503
CSTF1	0.95401	NM_001324.3	1.0	0.045989999999999975
CSTF2T	0.086385	NM_015235.3	0.10009	0.013704999999999995
CSTF3	0.98279	NM_001326.3	0.99999	0.017199999999999993
CSTL1	2.3758e-08	NM_138283.1	0.0048999	0.004899876242
CTAGE1		NM_172241.3		
CTAGE4		NM_198495.3		
CTAGE6		NM_178561.5	0.99741	
CTAGE8		NM_001278507.2		
CTAGE9		NM_001145659.1	0.41257	
CTAGE15		NM_001008747.2	0.79726	
CTBP1	0.98442	NM_001012614.2	0.9459	0.03852
CTBP2	0.0013557	NM_022802.3	0.81782	0.8164643
CTBS	1.0768e-07	NM_004388.3	1.0186e-07	5.819999999999995e-09
CTC1	1.6015e-11	NM_025099.6	4.0781e-18	1.6014995921899998e-11
CTCF	0.99994	NM_006565.4	1.0	5.999999999994898e-05
CTCFL	0.00039547	NM_001386993.1	8.2655e-05	0.000312815
CTDNEP1	0.97468	NM_001143775.2	0.99995	0.025270000000000015
CTDP1	0.00059966	NM_004715.5	2.7597e-05	0.000572063
CTDSP1	0.99254	NM_021198.3	0.091069	0.901471
CTDSP2	0.11425	NM_005730.4	0.97367	0.8594200000000001
CTDSPL	0.0026698	NM_001008392.2	0.9978	0.9951302
CTDSPL2	0.99966	NM_016396.3	0.99939	0.00026999999999999247
CTF1	0.041899	NM_001330.5	1.6729e-06	0.0418973271
CTH	7.482e-08	NM_001902.6	1.0152e-10	7.471848e-08
CTHRC1	2.6661e-05	NM_138455.4	7.6239e-06	1.90371e-05
CTIF	0.99994	NM_014772.3	0.98959	0.010350000000000081
CTLA4	0.94085	NM_005214.5	0.99829	0.05744000000000005
CTNNA1	0.96962	NM_001903.5	0.97254	0.0029199999999999227
CTNNA2	0.42501	NM_001282597.3	0.97551	0.5505
CTNNA3	1.0225e-12	NM_013266.4	2.7314e-13	7.493599999999999e-13
CTNNAL1	1.737e-10	NM_003798.4	3.4724e-13	1.7335276000000002e-10
CTNNB1	0.99999	NM_001904.4	1.0	9.99999999995449e-06
CTNNBIP1	0.024772	NM_020248.3	0.013134	0.011637999999999999
CTNNBL1	0.0097107	NM_030877.5	0.008296	0.0014146999999999996
CTNND1	0.99999	NM_001085458.2	1.0	9.99999999995449e-06
CTNND2	1.0	NM_001332.4	1.0	0.0
CTNS	0.00030924	NM_004937.3	0.0010072	0.00069796
CTPS1	0.99259	NM_001905.4	0.99986	0.007269999999999999
CTR9	1.0	NM_014633.5	1.0	0.0
CTRB1	2.4233e-06	NM_001906.6	4.6278e-05	4.38547e-05
CTRB2	0.00036704	NM_001025200.4	0.36026	0.35989296000000004
CTRC	1.2851e-12	NM_007272.3	4.5697e-10	4.5568490000000003e-10
CTRL	1.0976e-09	NM_001907.3	4.7747e-14	1.097552253e-09
CTSA	5.8984e-09	NM_000308.4	1.4137e-09	4.4847000000000004e-09
CTSB	5.8819e-11	NM_001908.5	4.327700000000001e-25	5.881899999999957e-11
CTSC	1.1451e-07	NM_001814.6	2.2986e-08	9.152399999999999e-08
CTSD	0.00091747	NM_001909.5	1.4812e-06	0.0009159888
CTSE	1.4371e-14	NM_001910.4	2.37e-11	2.3685628999999998e-11
CTSF	1.9431e-13	NM_003793.4	1.0803e-23	1.94309999989197e-13
CTSG	9.5595e-06	NM_001911.3	1.8346e-08	9.541154e-06
CTSH	1.2518e-08	NM_004390.5	5.962e-15	1.2517994038e-08
CTSK	3.0989e-05	NM_000396.4	0.0068816	0.0068506109999999995
CTSL	0.0080454	NM_001912.5	1.0187e-05	0.008035213
CTSO	5.9474e-09	NM_001334.3	1.4438e-10	5.8030200000000005e-09
CTSS	0.34178	NM_004079.5	0.19484	0.14693999999999996
CTSV	2.3031e-07	NM_001333.4	3.8871e-12	2.303061129e-07
CTSW	6.8595e-12	NM_001335.4	1.5025e-12	5.357e-12
CTSZ	2.2587e-16	NM_001336.4	6.2092e-20	2.25807908e-16
CTTN	0.089176	NM_005231.4	0.99261	0.903434
CTTNBP2	1.7221e-11	NM_033427.3	3.1192e-16	1.722068808e-11
CTTNBP2NL	0.0027461	NM_018704.3	0.003347	0.0006009000000000001
CTU1	0.067155	NM_145232.4	1.8254e-09	0.06715499817460001
CTU2	3.9682e-22	NM_001012759.3	5.4023000000000005e-34	3.968199999994598e-22
CTXN1	0.41125	NM_206833.4	0.0081652	0.4030848
CTXN2	0.035215	NM_001145668.2	0.18045	0.145235
CTXN3	0.13992	NM_001048252.3	0.026238	0.11368199999999999
CUBN	4.6292e-42	NM_001081.4	1.0686e-57	4.629199999999999e-42
CUEDC1	6.6336e-08	NM_001271875.2	7.8215e-08	1.1878999999999997e-08
CUEDC2	0.060805	NM_024040.3	0.99612	0.935315
CUL1	1.0	NM_003592.3	1.0	0.0
CUL2	1.0	NM_003591.4	1.0	0.0
CUL3	0.9996	NM_003590.5	0.99999	0.00039000000000000146
CUL4A	0.99999	NM_001008895.4	1.0	9.99999999995449e-06
CUL5	1.0	NM_003478.6	0.97606	0.02393999999999996
CUL7	2.5915999999999996e-21	NM_014780.5	1.197e-11	1.19699999974084e-11
CUL9	0.99191	NM_015089.4	1.0	0.008090000000000042
CUTA	3.084e-07	NM_001014840.2	1.1361e-08	2.97039e-07
CUTC	0.0006107	NM_015960.3	1.249e-05	0.0005982100000000001
CUX1	1.0	NM_181552.4	1.0	0.0
CUX2	1.0	NM_015267.4	1.0	0.0
CUZD1	2.2917e-11	NM_022034.6	1.143e-13	2.28027e-11
CWC15	0.97769	NM_016403.4	0.7572	0.22048999999999996
CWC22	0.0008992	NM_020943.3	1.9441e-07	0.00089900559
CWC25	4.1031e-05	NM_017748.5	7.5721e-05	3.469e-05
CWC27	4.5628e-07	NM_005869.4	4.1569e-06	3.70062e-06
CWF19L1	1.4404e-15	NM_018294.6	6.1789e-14	6.03486e-14
CWF19L2	3.9267e-12	NM_152434.3	3.5061e-11	3.11343e-11
CWH43	7.2561e-22	NM_025087.3	8.649e-23	6.3912e-22
CX3CL1	0.60837	NM_002996.6	0.91048	0.30211
CX3CR1	0.061371	NM_001337.4	0.53222	0.470849
CXADR	0.36867	NM_001338.5	0.0041939	0.36447609999999997
CXCL1	0.11845	NM_001511.4	0.0046988	0.1137512
CXCL2	3.6079e-07	NM_002089.4	5.463e-05	5.426921e-05
CXCL3	0.00030234	NM_002090.3	0.00085821	0.00055587
CXCL5	5.0431e-06	NM_002994.5	0.00057441	0.0005693669000000001
CXCL6	2.7101e-09	NM_002993.4	9.59e-09	6.879900000000001e-09
CXCL8		NM_000584.4	0.0037199	
CXCL9	0.0029304	NM_002416.3	0.020283	0.0173526
CXCL10	0.36865	NM_001565.4	0.10077	0.26788
CXCL11	0.31408	NM_005409.5	0.091185	0.222895
CXCL12	0.11851	NM_199168.4	0.19751	0.07899999999999999
CXCL13	0.82566	NM_001371558.1	0.74414	0.08151999999999993
CXCL14	0.037302	NM_004887.5	0.020967	0.016335000000000002
CXCL16	3.4546e-05	NM_001386809.1	0.00062382	0.000589274
CXCL17	0.0048138	NM_198477.3	0.14388	0.1390662
CXCR1	3.0337e-07	NM_000634.3	0.39496	0.39495969662999997
CXCR2	0.013736	NM_001557.4	0.24489	0.231154
CXCR4	0.017804	NM_003467.3	0.96908	0.951276
CXCR5	0.72861	NM_001716.5	0.17949	0.5491199999999999
CXCR6	5.7212e-05	NM_006564.2	0.013583	0.013525788
CXXC1	0.89506	NM_014593.4	1.0	0.10494000000000003
CXXC4	0.88863	NM_025212.4	0.96824	0.07960999999999996
CXXC5	0.88856	NM_016463.9	0.99554	0.10697999999999996
CYB5A	0.0015821	NM_148923.4	0.038003	0.0364209
CYB5B	0.093498	NM_030579.3	0.0095451	0.0839529
CYB5D1	3.9032e-10	NM_144607.6	3.4215e-12	3.868985e-10
CYB5D2	4.4253e-06	NM_144611.4	6.2815e-09	4.4190185e-06
CYB5R1	4.3643e-09	NM_016243.3	7.5507e-10	3.60923e-09
CYB5R2	6.8195e-10	NM_016229.5	2.0043e-14	6.81929957e-10
CYB5R3	0.00019204	NM_000398.7	6.0512e-08	0.000191979488
CYB5R4	2.6203e-09	NM_016230.4	4.6444e-05	4.6441379699999996e-05
CYB5RL	3.3734e-06	NM_001031672.4	6.476e-13	3.3733993524000002e-06
CYB561	0.61092	NM_001915.4	0.20708	0.40384000000000003
CYB561A3	0.010983	NM_153611.6	0.00046255	0.010520449999999999
CYB561D1	7.1834e-05	NM_182580.3	7.3393e-05	1.5589999999999896e-06
CYB561D2	0.00013776	NM_001291284.2	5.7734e-05	8.002600000000001e-05
CYBA	8.8678e-06	NM_000101.4	2.5895e-10	8.86754105e-06
CYBC1		NM_001033046.4	3.4921e-09	
CYBRD1	0.011568	NM_024843.4	0.0018442	0.0097238
CYC1	0.13875	NM_001916.5	0.8463	0.70755
CYCS	0.63647	NM_018947.6	0.97708	0.34060999999999997
CYFIP1	0.96816	NM_014608.6	0.99995	0.031789999999999985
CYFIP2	1.0	NM_001037333.3	1.0	0.0
CYGB	0.10249	NM_134268.5	0.00095233	0.10153767
CYLC2	4.4812e-06	NM_001340.5	1.4165e-08	4.4670350000000005e-06
CYLD	0.99993	NM_001378743.1	1.0	7.00000000000145e-05
CYP1A1	1.0635e-17	NM_001319217.2	9.2763e-18	1.3586999999999988e-18
CYP1A2	2.4795e-10	NM_000761.5	9.3016e-13	2.4701984e-10
CYP1B1	2.2024e-05	NM_000104.4	1.5114e-06	2.05126e-05
CYP2A6	5.401e-09	NM_000762.6	3.1144e-06	3.1089990000000004e-06
CYP2A7	3.7792e-15	NM_000764.3	1.835e-11	1.83462208e-11
CYP2A13	8.6461e-07	NM_000766.5	2.0882e-08	8.43728e-07
CYP2B6	1.9303e-10	NM_000767.5	2.1839e-10	2.5360000000000003e-11
CYP2C8	1.9759e-22	NM_000770.3	1.9472e-21	1.74961e-21
CYP2C9	1.2709e-10	NM_000771.4	1.188e-20	1.2708999998812e-10
CYP2C18	3.3436e-10	NM_000772.3	3.4212e-10	7.759999999999981e-12
CYP2C19	6.4882e-20	NM_000769.4	4.6472e-22	6.441728e-20
CYP2D6	1.0793e-25	NM_000106.6	8.0482e-23	8.037407e-23
CYP2E1	8.0688e-09	NM_000773.4	1.2588e-07	1.178112e-07
CYP2F1	3.4078e-09	NM_000774.5	1.8399e-10	3.2238100000000003e-09
CYP2J2	1.6181e-15	NM_000775.4	4.5568e-12	4.5551819e-12
CYP2R1	3.793e-10	NM_024514.5	2.5249e-12	3.767751e-10
CYP2S1	4.8125e-05	NM_030622.8	1.0248e-08	4.8114752e-05
CYP2U1	0.0014201	NM_183075.3	4.9537e-08	0.001420050463
CYP2W1	2.2124e-07	NM_017781.3	1.9718e-23	2.2123999999999996e-07
CYP3A4	5.7979e-11	NM_017460.6	1.8249e-06	1.8248420210000002e-06
CYP3A5	6.2948e-17	NM_000777.5	8.1599e-11	8.159893705199999e-11
CYP3A7	6.1237e-14	NM_000765.5	2.9484e-13	2.33603e-13
CYP3A43	1.7165e-11	NM_057095.3	7.7522e-11	6.0357e-11
CYP4A11	1.087e-24	NM_000778.4	2.9427e-16	2.94269998913e-16
CYP4A22	1.4246e-29	NM_001010969.4	1.0955e-13	1.0954999999999999e-13
CYP4B1	3.2777e-10	NM_001099772.2	9.9168e-13	3.2677832e-10
CYP4F2	7.5803e-17	NM_001082.5	1.7755000000000002e-19	7.562545e-17
CYP4F3	3.5413e-16	NM_000896.3	1.7887e-16	1.7525999999999999e-16
CYP4F8		NM_007253.4	4.9943e-20	
CYP4F11	1.4677999999999998e-21	NM_021187.4	2.637e-31	1.4677999997362997e-21
CYP4F12	1.474e-17	NM_023944.4	2.8220999999999997e-22	1.473971779e-17
CYP4F22	5.2921e-06	NM_173483.4	5.7941e-07	4.71269e-06
CYP4V2	2.1975e-10	NM_207352.4	5.1146e-17	2.19749948854e-10
CYP4X1	4.7167e-12	NM_178033.2	5.6579e-11	5.18623e-11
CYP4Z1	1.8745e-17	NM_178134.3	2.0769e-09	2.076899981255e-09
CYP7A1	0.00024507	NM_000780.4	4.0289e-05	0.00020478100000000002
CYP7B1	3.2954e-06	NM_004820.5	2.4458e-06	8.495999999999999e-07
CYP8B1	2.0558e-05	NM_004391.3	0.088193	0.08817244199999999
CYP11A1	5.4912e-07	NM_000781.3	0.00033079	0.00033024088000000004
CYP11B1	8.245e-07	NM_000497.4	2.9594e-08	7.94906e-07
CYP11B2	7.1321e-19	NM_000498.3	1.3679e-10	1.3678999928679e-10
CYP17A1	0.00026255	NM_000102.4	1.9908e-07	0.00026235092
CYP19A1	1.7022e-05	NM_000103.4	0.016139	0.016121978000000002
CYP20A1	8.8921e-17	NM_177538.3	1.6548e-11	1.6547911079e-11
CYP21A2	0.00025989	NM_000500.9	8.7239e-06	0.00025116609999999997
CYP24A1	3.1963999999999997e-23	NM_000782.5	1.2314e-17	1.2313968036e-17
CYP26A1	8.4269e-11	NM_000783.4	3.7151e-10	2.87241e-10
CYP26B1	0.97987	NM_019885.4	0.99987	0.020000000000000018
CYP26C1	0.0016358	NM_183374.3	5.7243e-20	0.0016358
CYP27A1	5.2916e-19	NM_000784.4	1.9163e-15	1.91577084e-15
CYP27B1	1.9194e-07	NM_000785.4	9.3072e-14	1.9193990692800002e-07
CYP27C1	9.2035e-07	NM_001367502.1	5.2237e-08	8.68113e-07
CYP39A1	3.8748e-16	NM_016593.5	1.756e-07	1.7559999961252e-07
CYP46A1	0.98552	NM_006668.2	0.97685	0.008669999999999956
CYP51A1	1.4563e-07	NM_000786.4	1.8135e-10	1.4544865e-07
CYREN		NM_024033.4	0.011794	
CYRIA		NM_030797.4	0.58986	
CYS1	0.10934	NM_001037160.3	0.0072056	0.1021344
CYSLTR2	9.9817e-05	NM_001308476.3	0.45268	0.452580183
CYSRT1		NM_199001.5	0.00090319	
CYSTM1	0.42254	NM_032412.4	0.79187	0.36932999999999994
CYTH1	0.99981	NM_004762.6	0.9999	9.00000000000345e-05
CYTH2	0.25494	NM_004228.7	0.12834	0.1266
CYTH3	0.72252	NM_004227.4	0.82568	0.10315999999999992
CYTH4	0.00077316	NM_013385.5	0.94279	0.94201684
CYTIP	0.0021191	NM_004288.5	6.361e-06	0.002112739
CYTL1	1.0733e-05	NM_018659.3	6.3125e-08	1.0669875000000001e-05
CYYR1	0.00044425	NM_001320768.2	0.00018618	0.00025807
CZIB		NM_017887.3	9.3301e-09	
D2HGDH	0.054343	NM_152783.5	4.6247e-07	0.054342537530000005
DAAM1	0.99918	NM_001270520.2	0.53941	0.45977
DAAM2	1.0	NM_001201427.2	0.97715	0.022850000000000037
DAB1	0.99915	NM_001365792.1	0.99978	0.0006300000000000194
DAB2	0.40701	NM_001343.4	0.99346	0.58645
DACH1	0.99954	NM_080759.6	0.99997	0.00043000000000004146
DACT1	0.40017	NM_001079520.2	0.16566	0.23451000000000002
DACT2	0.0094032	NM_214462.5	4.6712e-05	0.009356488
DACT3	0.50555	NM_145056.3	0.65123	0.14567999999999992
DAD1	0.085505	NM_001344.4	0.29025	0.204745
DAG1	0.98117	NM_004393.6	1.0	0.018830000000000013
DAGLA	0.99999	NM_006133.3	1.0	9.99999999995449e-06
DAGLB	2.6256e-12	NM_139179.4	6.297399999999999e-21	2.6255999937026e-12
DALRD3	1.6886e-10	NM_001009996.3	1.0027e-14	1.68849973e-10
DAND5	0.0020422	NM_152654.3	0.0010181	0.0010241
DAO	6.227099999999999e-22	NM_001917.5	7.8742e-15	7.87419937729e-15
DAOA	0.00014043	NM_172370.5	2.1803e-05	0.000118627
DAP	0.0035018	NM_004394.3	0.0062249	0.0027231000000000004
DAP3	1.1143e-09	NM_004632.4	0.00081756	0.0008175588857
DAPK1	0.99767	NM_004938.4	1.0	0.0023300000000000542
DAPK3	0.0065541	NM_001348.3	7.5695e-05	0.0064784050000000004
DAPL1	4.2949e-05	NM_001017920.3	0.0084161	0.008373150999999999
DAPP1	0.17169	NM_014395.3	0.0051196	0.1665704
DARS1		NM_001349.4	4.0557e-06	
DARS2	9.7876e-13	NM_018122.5	8.0697e-13	1.7178999999999992e-13
DAW1	1.0715e-05	NM_178821.3	7.0842e-12	1.07149929158e-05
DAXX	0.098633	NM_001141969.2	0.89136	0.7927270000000001
DAZAP1	0.99985	NM_018959.4	1.0	0.00014999999999998348
DAZAP2	0.36369	NM_014764.4	0.98344	0.61975
DAZL	0.99449	NM_001351.4	0.99995	0.00546000000000002
DBF4	0.99296	NM_006716.4	0.99487	0.0019100000000000783
DBF4B	2.677e-11	NM_145663.3	7.9164e-11	5.2393999999999995e-11
DBH	3.3352e-10	NM_000787.4	9.4704e-13	3.3257296e-10
DBI	0.0013944	NM_001079862.4	0.00090046	0.0004939400000000001
DBN1	0.99705	NM_001363541.2	1.0	0.002950000000000008
DBNDD1	6.35e-05	NM_001042610.3	0.00011312	4.962e-05
DBNDD2	0.0083064	NM_001048225.4	0.022114	0.013807600000000001
DBNL	0.017939	NM_001014436.3	8.1636e-07	0.01793818364
DBP	0.23376	NM_001352.5	0.0010905	0.2326695
DBR1	1.1785e-08	NM_016216.4	6.9606e-05	6.959421499999999e-05
DBT	1.0467e-05	NM_001918.5	3.6458e-09	1.04633542e-05
DBX1	0.060952	NM_001029865.4	0.003847	0.057104999999999996
DBX2	6.0563e-06	NM_001004329.3	1.4229e-06	4.6334e-06
DCAF1		NM_001387579.1	1.0	
DCAF4	9.2807e-06	NM_015604.4	8.8706e-08	9.191994000000001e-06
DCAF4L1	0.31806	NM_001029955.4	0.99995	0.68189
DCAF4L2		NM_152418.4	6.8757e-07	
DCAF5	1.0	NM_003861.3	1.0	0.0
DCAF6	0.086476	NM_001198956.2	0.057853	0.028622999999999996
DCAF7	0.93284	NM_005828.5	1.0	0.06716
DCAF8	0.99521	NM_015726.4	0.99707	0.0018599999999999728
DCAF10	0.80377	NM_024345.5	0.062191	0.741579
DCAF11	0.0063315	NM_025230.5	5.3692e-08	0.006331446308000001
DCAF12	2.187e-06	NM_015397.4	0.00049334	0.000491153
DCAF13	8.943e-10	NM_015420.7	5.8162e-05	5.81611057e-05
DCAF15	0.9942	NM_138353.4	0.96917	0.025029999999999997
DCAF16	0.00032917	NM_017741.4	0.006633	0.00630383
DCAF17	3.74e-07	NM_025000.4	3.4768e-07	2.6319999999999987e-08
DCAKD	0.064871	NM_001288655.2	4.3393e-05	0.064827607
DCANP1		NM_130848.3	0.10345	
DCBLD1	6.325e-08	NM_001366458.2	4.0017e-13	6.324959983e-08
DCBLD2	0.095418	NM_080927.4	3.7024e-11	0.09541799996297601
DCC	0.99448	NM_005215.4	1.0	0.005519999999999969
DCD	0.00015781	NM_053283.4	4.6333e-08	0.00015776366700000002
DCDC1	4.7858e-08	NM_001387274.1	5.5849e-41	4.7858e-08
DCDC2	5.6611e-10	NM_016356.5	1.1753e-09	6.0919e-10
DCDC2B	2.0422e-08	NM_001099434.2	1.0159e-15	2.04219989841e-08
DCDC2C	0.00071676	NM_001287444.2	1.4488e-17	0.0007167599999999855
DCHS1	0.99997	NM_003737.4	0.33407	0.6659
DCHS2	7.4152e-47	NM_001358235.2	2.1902e-36	2.190199999925848e-36
DCK	1.545e-05	NM_000788.3	0.0043339	0.00431845
DCLK1	0.99964	NM_001330071.2	1.0	0.00036000000000002697
DCLK2	0.95706	NM_001040260.4	0.84481	0.11225000000000007
DCLK3	0.13686	NM_001394672.2	1.0261e-07	0.13685989739
DCLRE1A	1.9357e-09	NM_014881.5	1.9549e-15	1.9356980450999996e-09
DCLRE1B	0.53912	NM_022836.4	0.94257	0.40345
DCLRE1C	2.4874e-07	NM_001033855.3	8.1784e-08	1.66956e-07
DCN	0.31231	NM_001920.5	0.1405	0.17180999999999996
DCP1A	0.68989	NM_018403.7	0.99945	0.30955999999999995
DCP1B	1.6028e-10	NM_152640.5	1.7415e-11	1.42865e-10
DCP2	0.66403	NM_152624.6	6.8123e-06	0.6640231877
DCPS	2.4654e-07	NM_014026.6	2.2711e-07	1.9429999999999983e-08
DCST1	1.2681e-19	NM_152494.4	6.0631e-23	1.26749369e-19
DCST2	1.8188e-12	NM_144622.3	5.519e-17	1.81874481e-12
DCSTAMP	1.8609e-06	NM_030788.4	7.9894e-07	1.06196e-06
DCT	7.3889e-14	NM_001922.5	1.8443e-13	1.10541e-13
DCTD	0.00070935	NM_001921.3	2.1187e-07	0.00070913813
DCTN1	0.084251	NM_004082.5	0.99981	0.915559
DCTN2	0.99653	NM_001261413.2	0.87043	0.1261
DCTN3	1.2577e-07	NM_007234.5	5.2145e-08	7.3625e-08
DCTN4	0.73221	NM_016221.4	0.87124	0.13903
DCTN5	0.0070514	NM_032486.4	0.027144	0.020092600000000002
DCTN6	0.055741	NM_006571.4	0.91235	0.856609
DCTPP1	0.46087	NM_024096.2	0.0001147	0.4607553
DCUN1D1	0.98526	NM_020640.4	0.94156	0.04370000000000007
DCUN1D2	2.9667e-08	NM_001014283.2	6.0664e-08	3.099700000000001e-08
DCUN1D3	0.8666	NM_173475.4	0.99174	0.12513999999999992
DCUN1D4	0.047486	NM_001040402.3	0.011443	0.036043
DCUN1D5	0.99432	NM_032299.4	0.98748	0.006839999999999957
DCXR	8.351e-07	NM_016286.4	3.6267e-10	8.347373299999999e-07
DDA1	0.93718	NM_024050.6	0.98425	0.047069999999999945
DDAH1	0.0027974	NM_012137.4	0.00046259	0.0023348099999999997
DDAH2	0.013773	NM_001303007.2	0.92407	0.9102969999999999
DDB1	0.99979	NM_001923.5	1.0	0.00021000000000004349
DDB2	7.397e-06	NM_000107.3	0.00014594	0.000138543
DDC	3.7519e-08	NM_001082971.2	7.7907e-10	3.673993e-08
DDHD1	0.902	NM_001160148.2	4.5078e-05	0.901954922
DDHD2	1.4321e-10	NM_015214.3	1.2846e-06	1.28445679e-06
DDI1	2.1471e-09	NM_001001711.3	4.7905e-05	4.7902852900000005e-05
DDI2	0.99819	NM_032341.5	1.0	0.0018099999999999783
DDIAS		NM_145018.4	0.097506	
DDIT3	0.59066	NM_004083.6	0.00014889	0.59051111
DDIT4	0.00068309	NM_019058.4	1.0999e-07	0.00068298001
DDIT4L	1.5197e-06	NM_145244.4	0.00017081	0.0001692903
DDN	0.359	NM_015086.2	0.043647	0.315353
DDO	8.3982e-10	NM_001372108.2	3.2145e-06	3.21366018e-06
DDOST	0.00061409	NM_005216.5	0.0007799	0.00016581000000000007
DDR1	4.6331e-06	NM_001297654.2	1.6272e-13	4.633099837279999e-06
DDR2	0.5503	NM_006182.4	1.0	0.4497
DDRGK1	3.0689e-07	NM_023935.3	1.2333e-12	3.0688876670000003e-07
DDT	0.32959	NM_001084392.3	0.0098964	0.3196936
DDTL	0.33439	NM_001084393.2	0.20229	0.13210000000000002
DDX1	0.99449	NM_004939.3	0.99999	0.00550000000000006
DDX4	0.99826	NM_024415.3	1.0	0.0017399999999999638
DDX5	0.99998	NM_004396.5	1.0	2.0000000000020002e-05
DDX6	0.99964	NM_004397.6	1.0	0.00036000000000002697
DDX10	9.4565e-17	NM_004398.4	9.2842e-15	9.189635000000001e-15
DDX11	2.3461e-21	NM_030653.4	4.4735e-15	4.4734976539e-15
DDX17	0.99999	NM_006386.5	1.0	9.99999999995449e-06
DDX18	0.13804	NM_006773.4	0.97984	0.8418000000000001
DDX19A	0.83991	NM_018332.5	0.99997	0.16005999999999998
DDX19B	1.5562e-07	NM_007242.7	0.035137	0.035136844380000004
DDX20	7.7601e-14	NM_007204.5	5.0886e-16	7.709214e-14
DDX21	0.99997	NM_004728.4	1.0	2.999999999997449e-05
DDX23	0.54199	NM_004818.3	1.0	0.45801000000000003
DDX24	0.68465	NM_020414.4	0.86568	0.18103000000000002
DDX25	1.8125e-18	NM_013264.5	1.6395e-26	1.8124999836050004e-18
DDX27	0.58326	NM_017895.8	0.28736	0.2959
DDX28	1.3284e-08	NM_018380.4	7.4481e-09	5.8359e-09
DDX31	1.9816e-12	NM_022779.9	2.8108e-17	1.981571892e-12
DDX39A	0.60151	NM_005804.4	0.99756	0.39605
DDX39B	0.99725	NM_004640.7	1.0	0.00275000000000003
DDX41	5.5908e-08	NM_016222.4	8.2138e-10	5.508662e-08
DDX42	1.0	NM_203499.3	1.0	0.0
DDX43	2.4641e-05	NM_018665.3	3.0158e-06	2.16252e-05
DDX46	1.0	NM_001300860.2	1.0	0.0
DDX47	1.3136e-10	NM_016355.4	1.1632e-14	1.31348368e-10
DDX49	5.2505e-14	NM_019070.5	1.3294e-16	5.237206e-14
DDX50	9.7491e-07	NM_024045.2	2.2702e-11	9.74887298e-07
DDX51	8.6133e-12	NM_175066.4	2.9904e-26	8.61329999999997e-12
DDX52	1.5121e-15	NM_007010.5	5.6418e-12	5.6402879e-12
DDX54	4.7418e-09	NM_024072.4	4.8112e-15	4.741795188800001e-09
DDX55	2.1088e-08	NM_020936.3	6.845e-16	2.10879993155e-08
DDX56	8.2145e-08	NM_019082.4	3.439e-11	8.211061e-08
DDX59	5.8502e-07	NM_001031725.6	2.7973e-08	5.57047e-07
DDX60	5.2091e-16	NM_017631.6	4.927e-27	5.20909999995073e-16
DDX60L	1.0665e-38	NM_001012967.3	1.1206000000000001e-35	1.1195335e-35
DEAF1	0.00034113	NM_021008.4	1.6906e-18	0.0003411299999999983
DECR1	4.4689e-14	NM_001359.2	1.1438e-14	3.3251e-14
DECR2	2.6455e-10	NM_020664.4	8.6009e-15	2.6454139909999997e-10
DEDD	0.95912	NM_032998.3	0.99998	0.04086000000000001
DEDD2	0.059941	NM_133328.4	1.6689e-05	0.059924311
DEF6	0.99768	NM_022047.4	0.0063107	0.9913693
DEF8	0.0025904	NM_001242818.2	1.1796e-09	0.0025903988204
DEFA3	0.090546	NM_005217.4	0.7768	0.686254
DEFA4	0.49798	NM_001925.3	4.4419e-05	0.49793558099999996
DEFA5	5.1896e-06	NM_021010.3	6.0032e-05	5.4842399999999995e-05
DEFA6	4.2537e-06	NM_001926.4	0.0047197	0.0047154463
DEFB1	0.4059	NM_005218.4	2.2418e-05	0.40587758199999996
DEFB4A	0.0011637	NM_004942.4	0.33189	0.33072630000000003
DEFB104A	0.093748	NM_080389.3		
DEFB105A	0.37719	NM_152250.3	0.471	0.09380999999999995
DEFB108B	0.001604	NM_001002035.2	0.19134	0.18973600000000002
DEFB110	0.018029	NM_001037497.2	0.00013583	0.01789317
DEFB112	0.020684	NM_001369057.2	0.00084167	0.019842330000000002
DEFB113	0.09409	NM_001037729.1	0.0047609	0.0893291
DEFB114	0.091552	NM_001037499.2	0.19651	0.104958
DEFB115	0.0020641	NM_001037730.1	0.0059575	0.0038934
DEFB116	0.0019336	NM_001037731.1	0.0047817	0.0028481
DEFB118	0.096825	NM_054112.3	0.039771	0.057053999999999994
DEFB119	0.096676	NM_153289.4	0.011168	0.085508
DEFB121	0.096502	NM_001011878.3	0.00082182	0.09568018
DEFB123	0.40956	NM_153324.4	0.031485	0.378075
DEFB124	0.1133	NM_001037500.2	0.73231	0.6190100000000001
DEFB125	0.014469	NM_153325.4	0.33885	0.324381
DEFB126	0.40842	NM_030931.4	0.27031	0.13811
DEFB127	0.40494	NM_139074.4	0.14654	0.2584
DEFB128	0.39598	NM_001037732.3	0.31186	0.08411999999999997
DEFB129	0.097066	NM_080831.4	0.22052	0.123454
DEFB131A		NM_001040448.3	0.028944	
DEFB131B		NM_001242853.1	0.053662	
DEFB132	0.0017672	NM_207469.3	0.0027261	0.0009588999999999999
DEFB135	1.56e-06	NM_001033017.3	2.6224e-07	1.29776e-06
DEFB136	0.09248	NM_001033018.2	0.00018577	0.09229423
DEGS1	0.13877	NM_003676.4	3.8147e-05	0.13873185300000002
DEGS2	0.0002409	NM_206918.3	6.4136e-05	0.000176764
DEK	0.13065	NM_003472.4	0.002755	0.12789499999999998
DELE1		NM_014773.5	9.4373e-17	
DENND1A	0.99976	NM_001352964.2	0.00019933	0.9995606699999999
DENND1B	0.20408	NM_001195215.2	5.771e-06	0.20407422900000002
DENND1C	1.325e-06	NM_024898.4	1.6321e-18	1.324999999998368e-06
DENND2A	0.067255	NM_015689.5	4.0359e-06	0.06725096409999999
DENND2B		NM_213618.2	1.0	
DENND2C	5.9524e-12	NM_001256404.2	1.7878e-11	1.1925599999999999e-11
DENND2D	0.00081369	NM_024901.5	2.6249e-07	0.00081342751
DENND3	1.3007e-11	NM_001352890.3	1.6001e-16	1.300683999e-11
DENND4A	0.99627	NM_001320835.1	0.99992	0.003650000000000042
DENND4B	0.99098	NM_014856.3	0.0054079	0.9855721
DENND4C	3.9761e-06	NM_001330640.2	1.9494e-09	3.9741505999999995e-06
DENND5A	0.057546	NM_015213.4	0.00023707	0.05730893
DENND5B	1.0	NM_144973.4	1.0	0.0
DENND6A	0.0017721	NM_152678.3	4.2422e-05	0.001729678
DENND6B	3.7856e-09	NM_001001794.4	3.3262000000000003e-25	3.7856e-09
DENND10		NM_207009.4	0.00075229	
DENND11		NM_001080392.2	6.1094e-09	
DENR	0.87514	NM_003677.5	0.9167	0.04155999999999993
DEPDC1	7.635e-10	NM_001114120.3	2.5988e-11	7.37512e-10
DEPDC1B	4.4233e-10	NM_018369.3	7.3204e-11	3.69126e-10
DEPDC4	1.0075e-09	NM_001364818.2	2.1012e-14	1.007478988e-09
DEPDC5	0.1165	NM_001242896.3	1.0	0.8835
DEPDC7	8.3246e-11	NM_001077242.2	3.2551e-09	3.171854e-09
DEPP1		NM_007021.4	0.38207	
DEPTOR	3.7245e-12	NM_022783.4	2.8273e-13	3.44177e-12
DERA	0.00037318	NM_015954.4	0.34069	0.34031682
DERL1	0.00021136	NM_024295.6	0.0090634	0.008852039999999999
DERL2	0.9574	NM_016041.5	0.33268	0.62472
DERL3	0.000219	NM_001002862.3	3.4176e-08	0.00021896582400000002
DERPC		NM_001002847.4	0.34113	
DES	0.0088282	NM_001927.4	2.4033e-06	0.0088257967
DESI1	0.0057118	NM_015704.3	3.4513e-05	0.0056772870000000005
DESI2	0.8483	NM_016076.5	0.58812	0.2601800000000001
DET1	0.67903	NM_001144074.3	0.0065174	0.6725126
DEUP1		NM_181645.4	9.6822e-11	
DEXI	0.4145	NM_014015.4	0.105	0.3095
DFFA	8.6585e-05	NM_004401.3	0.0077183	0.007631715
DFFB	1.1349e-05	NM_004402.4	4.4922e-09	1.13445078e-05
DGAT1	1.4082e-17	NM_012079.6	3.8462e-18	1.0235799999999999e-17
DGAT2	8.3643e-12	NM_032564.5	2.4276e-08	2.4267635699999997e-08
DGCR2	5.1573e-06	NM_005137.3	0.0037203	0.0037151427
DGCR6L	5.0636e-05	NM_033257.4	2.4374e-07	5.039226e-05
DGCR8	0.99973	NM_022720.7	1.0	0.00026999999999999247
DGKA	0.46072	NM_001345.5	0.99999	0.53927
DGKB	0.52991	NM_001350709.2	0.00015842	0.52975158
DGKD	0.072171	NM_152879.3	0.00050459	0.07166641
DGKE	5.4906e-06	NM_003647.3	1.2614e-13	5.4905998738600005e-06
DGKG	6.0186e-13	NM_001346.3	3.4251e-16	6.0151749e-13
DGKH	0.026429	NM_178009.5	1.358e-12	0.026428999998642
DGKI	0.93134	NM_001321708.2	0.99997	0.06863000000000008
DGKQ	1.7603e-09	NM_001347.4	7.7468e-36	1.7603e-09
DGLUCY		NM_001102368.3	2.1198000000000002e-19	
DGUOK	3.7122e-07	NM_080916.3	6.2222e-08	3.08998e-07
DHCR7	3.949e-13	NM_001360.3	1.1484e-12	7.535e-13
DHCR24	0.031029	NM_014762.4	0.048572	0.017542999999999996
DHDDS	0.24533	NM_205861.3	0.90959	0.6642600000000001
DHDH	9.1294e-10	NM_014475.4	5.4539e-10	3.6754999999999994e-10
DHFR	0.0343	NM_000791.4	0.060812	0.026512
DHFR2		NM_176815.5	0.0025394	
DHH	0.22445	NM_021044.4	0.0002665	0.2241835
DHODH	0.0029884	NM_001361.5	1.6102e-08	0.002988383898
DHPS	0.00016305	NM_001930.4	3.6337e-05	0.000126713
DHRS1	3.9562e-15	NM_001136050.3	7.465e-12	7.461043800000001e-12
DHRS2	8.7228e-07	NM_005794.4	8.9919e-11	8.72190081e-07
DHRS3	0.22581	NM_004753.7	0.017117	0.20869300000000002
DHRS4	1.0222e-05	NM_021004.4	1.1154e-05	9.320000000000006e-07
DHRS4L2	4.6376e-07	NM_198083.4	1.055e-07	3.5826000000000003e-07
DHRS7	9.8631e-12	NM_016029.4	1.5411e-11	5.547900000000001e-12
DHRS7B	6.7664e-09	NM_015510.5	1.051e-07	9.833359999999999e-08
DHRS7C	3.2734e-08	NM_001105571.3	8.9446e-10	3.183954e-08
DHRS9	7.2309e-08	NM_001376924.1	0.00015085	0.000150777691
DHRS11	2.2434e-06	NM_024308.4	0.0002989	0.0002966566
DHRS12	1.0374e-08	NM_001377533.1	1.0309e-07	9.271600000000001e-08
DHRS13	0.025578	NM_144683.4	4.1944e-13	0.02557799999958056
DHTKD1	2.7884e-30	NM_018706.7	2.3646e-15	2.364599999999997e-15
DHX8	9.1546e-07	NM_004941.3	0.00071142	0.00071050454
DHX9	1.0	NM_001357.5	1.0	0.0
DHX15	1.0	NM_001358.3	1.0	0.0
DHX16	1.5996e-12	NM_003587.5	1.0486e-14	1.589114e-12
DHX29	3.773e-09	NM_019030.4	0.00027926	0.000279256227
DHX30	1.0	NM_138615.3	1.0	0.0
DHX32	1.6487e-09	NM_018180.3	2.2925e-14	1.6486770749999998e-09
DHX33	9.1366e-06	NM_020162.4	3.7704e-07	8.75956e-06
DHX34	6.5588e-13	NM_014681.6	1.2787e-29	6.5588e-13
DHX35	4.3653e-25	NM_021931.4	1.6281999999999998e-21	1.6277634699999998e-21
DHX36	0.47221	NM_020865.3	1.0	0.52779
DHX37	0.99252	NM_032656.4	0.19775	0.79477
DHX38	2.1124e-12	NM_014003.4	2.7522e-20	2.112399972478e-12
DHX40	0.7556	NM_024612.5	0.27695	0.4786500000000001
DHX57	9.0569e-16	NM_198963.3	3.0238e-17	8.754519999999999e-16
DHX58	3.2013e-13	NM_024119.3	8.883e-15	3.11247e-13
DIABLO	2.5722e-06	NM_001371333.1	3.907e-10	2.5718093e-06
DIAPH1	0.91507	NM_005219.5	1.0	0.08492999999999995
DIAPH3	1.9877e-15	NM_001042517.2	5.867299999999999e-21	1.9876941327e-15
DICER1	1.0	NM_177438.3	1.0	0.0
DIDO1	1.0	NM_001193369.2	1.0	0.0
DIMT1	3.9098e-07	NM_014473.4	3.6471e-09	3.873329e-07
DIO1	0.58399	NM_000792.7	0.00040861	0.58358139
DIO2	0.6196	NM_013989.5	1.405e-06	0.619598595
DIP2A	0.11301	NM_015151.4	1.5943e-09	0.1130099984057
DIP2B	0.99924	NM_173602.3	0.9998	0.0005600000000000049
DIP2C	1.0	NM_014974.3	1.0	0.0
DIPK1A		NM_001006605.5	2.122e-07	
DIPK1B		NM_152421.4	2.7168e-05	
DIPK1C		NM_001044369.3	9.3948e-17	
DIPK2A		NM_173552.5	7.8662e-07	
DIRAS1	0.388	NM_145173.4	0.35054	0.03745999999999999
DIRAS2	0.47802	NM_017594.5	0.4637	0.01432
DIRAS3		NM_004675.5	0.34042	
DIS3	1.2693999999999998e-21	NM_014953.5	3.6179000000000004e-29	1.2693999638209998e-21
DIS3L	1.4172e-18	NM_001143688.3	6.3123000000000005e-27	1.4171999936877001e-18
DIS3L2	0.944	NM_152383.5	0.99711	0.0531100000000001
DISC1	1.6756e-06	NM_018662.3	5.9742e-15	1.6755999940258e-06
DISP1	8.8581e-08	NM_001377229.1	1.3426e-07	4.567900000000001e-08
DISP2	0.19897	NM_033510.3	1.0978e-12	0.19896999999890222
DISP3		NM_020780.2	1.0615e-25	
DIXDC1	7.3213e-11	NM_001037954.4	6.036e-12	6.7177e-11
DKK1	0.17423	NM_012242.4	2.0669e-05	0.174209331
DKK2	0.75318	NM_014421.3	0.61166	0.14151999999999998
DKK3	4.1049e-06	NM_001018057.2	1.9559e-06	2.149e-06
DKK4	0.00076744	NM_014420.3	2.8845e-08	0.000767411155
DKKL1	0.00039771	NM_014419.4	0.0048961	0.00449839
DLAT	2.2998e-08	NM_001931.5	3.1812e-06	3.158202e-06
DLC1	0.99948	NM_182643.3	0.98756	0.011920000000000042
DLD	0.0095142	NM_000108.5	0.00025663	0.00925757
DLEC1	2.1303e-35	NM_007335.4	3.5457e-34	3.33267e-34
DLEU7	0.18452	NM_001306135.2	4.1442e-08	0.184519958558
DLG1	0.99393	NM_001366207.1	0.98737	0.00656000000000001
DLG2	0.70796	NM_001142699.3	0.99976	0.29179999999999995
DLG4	0.99954	NM_001321075.3	1.0	0.00046000000000001595
DLG5	0.99948	NM_004747.4	1.0	0.0005199999999999649
DLGAP1	0.99875	NM_004746.4	1.0	0.0012499999999999734
DLGAP2	0.99989	NM_001346810.2	0.99993	4.0000000000040004e-05
DLGAP3	0.99998	NM_001080418.3	1.0	2.0000000000020002e-05
DLGAP4	0.99248	NM_001365621.2	1.0	0.007519999999999971
DLGAP5	1.1806e-14	NM_014750.5	4.2927e-23	1.1805999957073e-14
DLK1	0.034576	NM_003836.7	0.9948	0.960224
DLK2	0.77915	NM_023932.4	0.95994	0.18079
DLL1	0.99999	NM_005618.4	1.0	9.99999999995449e-06
DLL3	5.3576e-05	NM_203486.3	3.0199e-20	5.357599999999997e-05
DLL4	0.99982	NM_019074.4	1.0	0.00017999999999995797
DLST	0.48474	NM_001933.5	0.989	0.5042599999999999
DLX1	0.96232	NM_178120.5	0.93873	0.02359
DLX2	0.97847	NM_004405.4	0.95772	0.020749999999999935
DLX3	0.0025519	NM_005220.3	0.90732	0.9047681
DLX4	0.016921	NM_138281.3	0.00049846	0.01642254
DLX5	0.21842	NM_005221.6	0.98115	0.7627299999999999
DLX6	0.92126	NM_005222.4	0.99841	0.07715000000000005
DMAC1		NM_033428.3	1.237e-05	
DMAC2		NM_018035.3	9.7359e-12	
DMAC2L		NM_001382507.1	4.8046e-07	
DMAP1	0.041133	NM_019100.5	0.0014506	0.0396824
DMBT1	4.476e-63	NM_001377530.1	1e-51	9.99999999995524e-52
DMBX1	0.92957	NM_172225.2	0.99892	0.06935000000000002
DMC1	5.0628e-05	NM_007068.4	4.5409e-05	5.218999999999999e-06
DMGDH	2.0503e-24	NM_013391.3	6.2724999999999994e-21	6.270449699999999e-21
DMKN	8.3445e-13	NM_033317.5	4.9473e-17	8.34400527e-13
DMP1	1.4881e-07	NM_004407.4	0.0022589	0.00225875119
DMPK	0.038339	NM_004409.5	0.00053027	0.03780873
DMRT1	0.7387	NM_021951.3	0.99733	0.25863
DMRT2	0.0096606	NM_181872.6	1.9527e-11	0.009660599980473
DMRT3	6.1531e-06	NM_021240.4	5.6159e-10	6.152538409999999e-06
DMRTA1	6.3708e-06	NM_022160.3	3.7271e-12	6.3707962729e-06
DMRTA2	0.91608	NM_032110.3	0.0080797	0.9080003
DMRTB1	0.82857	NM_033067.3	0.24115	0.58742
DMRTC2	0.73104	NM_001040283.3	0.95952	0.22848000000000002
DMTF1	0.96706	NM_001142327.2	0.72035	0.24670999999999998
DMTN	0.90082	NM_001387751.1	0.00082996	0.8999900399999999
DMWD	0.36917	NM_004943.2	0.069449	0.299721
DMXL1	1.0	NM_001290321.3	1.0	0.0
DMXL2	1.0	NM_001378457.1	1.0	0.0
DNA2	1.2748e-18	NM_001080449.3	6.8618e-27	1.2747999931381999e-18
DNAAF1	8.4672e-12	NM_178452.6	3.4027e-21	8.4671999965973e-12
DNAAF2	6.4811e-09	NM_018139.3	1.8693e-27	6.4811e-09
DNAAF3	5.5391e-08	NM_001256715.2	6.1143e-12	5.53848857e-08
DNAAF4		NM_130810.4	4.0683e-10	
DNAAF5		NM_017802.4	3.0536e-20	
DNAAF8		NM_139170.3	1.2498e-22	
DNAAF9		NM_001009984.3	0.00067662	
DNAAF10		NM_138458.4	5.1851e-07	
DNAAF11		NM_012472.6	1.6371e-07	
DNAH1	1.4983e-26	NM_015512.5	5.1879e-73	1.4983e-26
DNAH2	1.2998e-44	NM_020877.5	6.6977000000000005e-56	1.2997999999933023e-44
DNAH5	4.8607000000000005e-64	NM_001369.3	8.829399999999999e-79	4.860699999999992e-64
DNAH6	1.1201e-36	NM_001370.2	1.3689e-56	1.1201e-36
DNAH7	1.3505e-71	NM_018897.3	2.9811999999999995e-102	1.3505e-71
DNAH8	1.1489e-60	NM_001206927.2	1.3946e-41	1.3946e-41
DNAH9	3.0547e-60	NM_001372.4	6.7994e-74	3.054699999999932e-60
DNAH10	1.3846e-57	NM_001372106.1	8.488000000000001e-78	1.3846e-57
DNAH11	2.5389e-58	NM_001277115.2	1.1451e-114	2.5389e-58
DNAH12	9.0946e-10	NM_001366028.2	9.1992e-63	9.0946e-10
DNAH14	2.6938e-16	NM_001367479.1	4.643399999999999e-102	2.6938e-16
DNAH17	1.9559e-63	NM_173628.4	1.7826e-96	1.9559e-63
DNAI1	2.4183e-08	NM_012144.4	7.0296e-16	2.4182999297039997e-08
DNAI2	9.5317e-13	NM_023036.6	9.4569e-16	9.5222431e-13
DNAI3		NM_145172.5	4.5727e-18	
DNAI4		NM_024763.5	2.6675e-14	
DNAI7		NM_018272.5	2.8353e-13	
DNAJA1	0.090813	NM_001539.4	0.0015757	0.0892373
DNAJA2	0.99796	NM_005880.4	1.0	0.0020400000000000418
DNAJA3	0.0098017	NM_005147.6	0.0001807	0.009621
DNAJA4	0.0020027	NM_001130182.2	7.4782e-08	0.002002625218
DNAJB1	0.039437	NM_006145.3	0.0015878	0.0378492
DNAJB2	5.444e-05	NM_006736.6	0.00022079	0.00016635
DNAJB4	0.016227	NM_007034.5	0.68111	0.664883
DNAJB5	0.20629	NM_001349723.3	0.65152	0.44523
DNAJB6	0.85436	NM_058246.4	0.00077061	0.85358939
DNAJB7	8.592e-09	NM_145174.2	0.042838	0.042837991408
DNAJB8	0.095207	NM_153330.6	0.37536	0.28015300000000004
DNAJB9	0.36507	NM_012328.3	0.0045376	0.36053240000000003
DNAJB11	0.22551	NM_016306.6	0.00011029	0.22539970999999998
DNAJB12	0.44012	NM_017626.7	0.97302	0.5328999999999999
DNAJB13	0.0028524	NM_153614.4	0.00019212	0.00266028
DNAJB14	0.93874	NM_001031723.4	0.094879	0.843861
DNAJC1	1.3254e-08	NM_022365.4	3.1837e-09	1.00703e-08
DNAJC2	0.99102	NM_014377.3	0.99747	0.006449999999999956
DNAJC3	0.017493	NM_006260.5	1.1976e-05	0.017481024
DNAJC4	1.8113e-10	NM_005528.4	7.3553e-10	5.544000000000001e-10
DNAJC5	0.81216	NM_025219.3	0.99993	0.18777
DNAJC5B	2.2936e-06	NM_033105.6	2.6825e-08	2.266775e-06
DNAJC5G	5.8532e-05	NM_173650.3	0.0013889	0.001330368
DNAJC6	0.99986	NM_001256864.2	0.99999	0.0001300000000000745
DNAJC7	0.99007	NM_003315.4	0.99998	0.009909999999999974
DNAJC8	0.050961	NM_014280.3	0.0064658	0.0444952
DNAJC9	0.0045264	NM_015190.5	0.00093997	0.00358643
DNAJC10	1.1869e-08	NM_018981.4	1.0183e-14	1.1868989817e-08
DNAJC11	0.99893	NM_018198.4	1.0	0.0010700000000000154
DNAJC12	2.0723e-06	NM_021800.3	8.241e-07	1.2482000000000002e-06
DNAJC13	1.0	NM_015268.4	1.0	0.0
DNAJC14	0.99999	NM_032364.6	1.0	9.99999999995449e-06
DNAJC15	1.682e-10	NM_013238.3	2.4289e-10	7.468999999999998e-11
DNAJC16	3.6232e-11	NM_015291.4	3.2137e-18	3.62319967863e-11
DNAJC17	0.0020308	NM_018163.3	2.2343e-09	0.0020307977657000004
DNAJC18	4.8219e-08	NM_152686.4	8.6559e-09	3.95631e-08
DNAJC19	0.00061275	NM_145261.4	7.1195e-05	0.000541555
DNAJC21	2.1006e-07	NM_001012339.3	1.0319e-16	2.1005999989681e-07
DNAJC22	2.9031e-06	NM_001304944.2	1.7268e-09	2.9013732e-06
DNAJC24	5.0103e-07	NM_181706.5	0.0010469	0.0010463989699999998
DNAJC25	1.2112e-05	NM_001015882.3	3.21e-06	8.902e-06
DNAJC27	0.0012809	NM_016544.3	0.055699	0.0544181
DNAJC28	1.6455e-08	NM_001040192.3	4.9076e-06	4.891145e-06
DNAJC30	0.023092	NM_032317.3	5.877e-07	0.023091412300000003
DNAL1	0.0088801	NM_031427.4	2.009e-05	0.00886001
DNAL4	0.0028273	NM_005740.3	0.00063929	0.0021880099999999998
DNALI1	4.1201e-11	NM_003462.5	3.6489e-10	3.2368900000000004e-10
DNASE1	6.980099999999999e-21	NM_005223.4	5.4406e-16	5.440530199e-16
DNASE1L2	3.3152e-07	NM_001374.3	2.3996e-15	3.315199976004e-07
DNASE1L3	3.0012e-05	NM_004944.4	5.593e-08	2.995607e-05
DNASE2	0.00045225	NM_001375.3	1.8542e-08	0.000452231458
DNASE2B	3.6644e-16	NM_021233.3	2.4275e-14	2.390856e-14
DND1	0.43615	NM_194249.3	0.69869	0.26254000000000005
DNER	0.1859	NM_139072.4	0.21022	0.02431999999999998
DNHD1	1.2016e-72	NM_144666.3	1.1816e-104	1.2016e-72
DNLZ	0.00024737	NM_001080849.3	4.3389e-05	0.000203981
DNM1	0.99917	NM_004408.4	0.99997	0.0008000000000000229
DNM1L	0.00056753	NM_012062.5	0.92424	0.92367247
DNM2	0.99998	NM_001005361.3	1.0	2.0000000000020002e-05
DNM3	0.0024197	NM_015569.5	5.783e-06	0.002413917
DNMBP	5.7164e-17	NM_015221.4	6.7533e-13	6.75272836e-13
DNMT1	1.0	NM_001130823.3	1.0	0.0
DNMT3A	7.3538e-39	NM_022552.5	3.0684e-146	7.3538e-39
DNMT3B	0.19964	NM_006892.4	1.0	0.80036
DNMT3L	8.415e-13	NM_175867.3	1.1787e-10	1.170285e-10
DNPEP	3.1627e-08	NM_012100.4	2.5859e-12	3.16244141e-08
DNPH1	0.032074	NM_006443.3	1.1585e-08	0.032073988415
DNTT	2.9548e-10	NM_004088.4	6.4596e-11	2.30884e-10
DNTTIP1	0.7272	NM_052951.3	0.017542	0.709658
DNTTIP2	1.3493e-08	NM_014597.5	1.6153e-10	1.333147e-08
DOC2A	0.0067028	NM_003586.3	1.5809e-08	0.006702784191
DOC2B	0.017055	NM_003585.5	1.4579e-06	0.0170535421
DOCK1	0.0068117	NM_001290223.2	1.9567e-18	0.006811699999999999
DOCK2	0.99969	NM_004946.3	1.0	0.00031000000000003247
DOCK3	1.0	NM_004947.5	1.0	0.0
DOCK4	0.82562	NM_001363540.2	0.9999	0.17428
DOCK5	2.8994e-09	NM_024940.8	2.2948999999999997e-21	2.899399999997705e-09
DOCK6	1.2563e-26	NM_020812.4	1.38e-40	1.2562999999999862e-26
DOCK7	6.358e-06	NM_001367561.1	8.7006e-08	6.270994e-06
DOCK8	1.487e-11	NM_203447.4	2.9093e-17	1.4869970907e-11
DOCK9	1.0	NM_001366683.2	1.0	0.0
DOCK10	2.5524e-06	NM_014689.3	1.3444e-15	2.5523999986556e-06
DOHH	0.015986	NM_001145165.2	8.472e-07	0.0159851528
DOK1	0.029002	NM_001381.5	0.012705	0.016297
DOK2	1.2082e-05	NM_003974.4	3.8138e-13	1.208199961862e-05
DOK3	0.00090501	NM_001308236.3	1.3437e-09	0.0009050086563
DOK5	0.00022609	NM_018431.5	1.0244e-05	0.000215846
DOK6	0.15534	NM_152721.6	0.019936	0.135404
DOK7	0.00010263	NM_173660.5	2.311e-14	0.00010262999997689
DOLK	0.0012393	NM_014908.4	0.00023739	0.00100191
DOLPP1	0.17497	NM_020438.5	0.084124	0.09084599999999998
DONSON	1.319e-07	NM_017613.4	4.6796e-10	1.3143204000000002e-07
DOP1A		NM_015018.4	1.0	
DOP1B		NM_001320714.2	1.066e-39	
DOT1L	1.0	NM_032482.3	1.0	0.0
DPAGT1	1.117e-05	NM_001382.4	2.753e-05	1.636e-05
DPCD	0.00028791	NM_015448.3	2.9916e-05	0.000257994
DPEP1	3.473e-10	NM_001389466.1	3.5079e-20	3.4729999996492096e-10
DPEP2	3.2234e-10	NM_022355.4	1.2437e-13	3.2221562999999997e-10
DPEP2NB		NM_001282442.2	0.18217	
DPEP3	5.2742e-10	NM_001370198.1	8.8818e-13	5.2653182e-10
DPF1	0.99049	NM_001135155.3	0.99983	0.009340000000000015
DPF2	0.99985	NM_006268.5	1.0	0.00014999999999998348
DPF3	0.020501	NM_001280542.3	0.98725	0.966749
DPH1	8.0168e-17	NM_001383.6	9.9258e-22	8.016700741999999e-17
DPH2	9.0918e-06	NM_001384.5	7.5361e-07	8.33819e-06
DPH3	0.066294	NM_206831.3	0.0070828	0.059211200000000005
DPH5	8.1083e-07	NM_015958.3	1.2937e-06	4.8287e-07
DPH6	1.1419e-05	NM_080650.4	1.6892e-08	1.1402108e-05
DPH7	1.8603e-08	NM_138778.5	3.553e-17	1.860299996447e-08
DPM1	0.00016237	NM_003859.3	1.934e-05	0.00014303
DPM2	0.31786	NM_003863.4	0.013762	0.304098
DPM3	0.23318	NM_153741.2	0.0094613	0.2237187
DPP3	6.7954e-11	NM_130443.4	2.97e-13	6.7657e-11
DPP4	7.2797e-09	NM_001935.4	1.6454e-17	7.279699983546e-09
DPP6	0.33997	NM_130797.4	1.1525e-10	0.33996999988475
DPP7	3.9946e-22	NM_013379.3	5.6935e-33	3.994599999943065e-22
DPP8	0.99791	NM_130434.5	1.0	0.0020900000000000363
DPP9	0.98708	NM_139159.5	8.931e-07	0.9870791069
DPP10	0.99999	NM_020868.6	1.0	9.99999999995449e-06
DPPA2	4.7882e-09	NM_138815.4	4.0989e-07	4.051018e-07
DPPA3	0.21667	NM_199286.4	0.0083259	0.2083441
DPPA4	0.00029363	NM_018189.4	5.9267e-05	0.00023436300000000002
DPPA5	0.0040632	NM_001025290.3	4.2878e-05	0.004020322000000001
DPT	4.2743e-06	NM_001937.5	1.9815e-05	1.55407e-05
DPY19L1	0.00013176	NM_001366673.1	0.29103	0.29089824000000003
DPY19L2	1.0936e-13	NM_173812.5	0.0003329	0.00033289999989064
DPY19L3	2.8534e-07	NM_001172774.2	4.493e-05	4.464466e-05
DPY19L4	1.4233999999999998e-21	NM_181787.3	5.1334e-26	1.4233486659999999e-21
DPY30	0.17695	NM_001321209.2	0.46037	0.28342
DPYD	3.3686e-22	NM_000110.4	6.0188000000000005e-30	3.368599939812e-22
DPYS	2.785e-11	NM_001385.3	4.0417e-11	1.2567000000000002e-11
DPYSL2	0.99375	NM_001197293.3	1.0	0.006249999999999978
DPYSL3	0.99887	NM_001197294.2	0.99998	0.0011099999999999444
DPYSL4	1.634e-08	NM_006426.3	1.2303e-10	1.621697e-08
DPYSL5	0.99991	NM_020134.4	1.0	9.00000000000345e-05
DQX1	5.0034e-20	NM_133637.3	3.8918e-18	3.841766e-18
DR1	0.92117	NM_001938.3	0.69423	0.22694000000000003
DRAM1	0.22771	NM_018370.3	0.003693	0.224017
DRAM2	0.0001357	NM_001349884.2	1.0566e-06	0.0001346434
DRAP1	0.1299	NM_006442.4	0.1833	0.0534
DRAXIN	1.8935e-10	NM_198545.4	5.2414e-08	5.222465e-08
DRC1	8.3157e-20	NM_145038.5	1.5561e-18	1.4729429999999999e-18
DRC3		NM_031294.4	2.0476e-11	
DRC7		NM_001289162.2	1.0766e-18	
DRD1	0.9555	NM_000794.5	0.99991	0.04440999999999995
DRD2	0.74709	NM_000795.4	0.99986	0.25276999999999994
DRD3	0.0023694	NM_000796.6	0.65813	0.6557606
DRD4	9.3362e-09	NM_000797.4	7.1662e-14	9.336128337999999e-09
DRD5	1.348e-16	NM_000798.5	0.094369	0.09436899999999986
DRG1	0.32895	NM_004147.4	0.016645	0.312305
DRG2	5.2108e-07	NM_001388.5	6.7865e-09	5.142934999999999e-07
DRGX	0.00023988	NM_001276451.2	4.3971e-06	0.00023548289999999997
DRICH1		NM_016449.4	1.7268e-09	
DROSHA	0.093176	NM_001382508.1	1.0	0.906824
DSC1	3.4979e-16	NM_024421.2	2.0145e-21	3.497879855e-16
DSC2	5.1749e-08	NM_024422.6	7.7585e-10	5.0973150000000004e-08
DSC3	2.2848e-21	NM_001941.5	2.1745e-31	2.2847999997825503e-21
DSCAM	1.0	NM_001389.5	1.0	0.0
DSCAML1	1.0	NM_020693.4	1.0	0.0
DSCC1	0.0084752	NM_024094.3	6.0525e-05	0.008414675
DSE	0.6331	NM_013352.4	0.062098	0.571002
DSEL	7.2945e-06	NM_032160.3	1.6427e-11	7.294483573e-06
DSG1	0.92688	NM_001942.4	0.99927	0.07238999999999995
DSG2	2.7913e-10	NM_001943.5	1.4607e-07	1.4579087000000002e-07
DSG3	1.4584e-20	NM_001944.3	1.5328e-13	1.53279985416e-13
DSG4	5.9129e-13	NM_177986.5	6.2985e-24	5.912899999937015e-13
DSN1	8.8514e-08	NM_001145315.2	7.7743e-07	6.889160000000001e-07
DSP	0.99978	NM_004415.4	0.99991	0.00012999999999996348
DSPP	1.1191e-07	NM_014208.3	1.3084e-09	1.106016e-07
DST	1.0	NM_001374736.1	1.0	0.0
DSTN	0.55116	NM_006870.4	0.010012	0.541148
DSTYK	0.51262	NM_015375.3	0.99974	0.48712
DTD1	0.0018054	NM_080820.6	0.031362	0.029556600000000002
DTD2	0.00075939	NM_080664.3	0.00013436	0.0006250299999999999
DTHD1	3.3986e-07	NM_001170700.3	2.15e-18	3.3985999999785e-07
DTL	0.0033019	NM_016448.4	0.010461	0.0071591
DTNA	0.63459	NM_001386795.1	0.40228	0.23230999999999996
DTNB	2.7969e-10	NM_021907.5	2.4508e-16	2.7968975492e-10
DTNBP1	6.8375e-06	NM_032122.5	2.4763e-10	6.83725237e-06
DTWD1	2.8135e-10	NM_001144955.2	2.4768e-09	2.19545e-09
DTWD2	2.8104e-09	NM_173666.4	1.4309e-15	2.8103985691e-09
DTX1	0.00098982	NM_004416.3	0.00025379	0.0007360299999999999
DTX2	0.028903	NM_001102594.3	5.6227e-06	0.028897377300000002
DTX3	0.88755	NM_178502.4	0.77819	0.1093599999999999
DTX3L	5.2697e-06	NM_138287.3	0.00025397	0.0002487003
DTX4	0.21699	NM_015177.2	0.00013802	0.21685198
DTYMK	6.1537e-05	NM_012145.4	2.0617e-07	6.133083e-05
DUOX1	6.2238e-33	NM_175940.3	3.1158e-34	5.91222e-33
DUOX2	4.5032e-56	NM_001363711.2	4.3443e-64	4.503199956557e-56
DUOXA1	7.5867e-05	NM_001276266.2	1.7428e-05	5.8439e-05
DUOXA2	1.2666e-15	NM_207581.4	5.9217e-07	5.921699987334e-07
DUS1L	5.726e-10	NM_022156.5	2.1723e-15	5.725978276999999e-10
DUS2	3.7906e-11	NM_017803.5	9.6795e-12	2.8226499999999998e-11
DUS3L	2.1445e-11	NM_020175.3	6.6133e-20	2.1444999933867e-11
DUS4L	3.1791e-05	NM_181581.3	2.5049e-09	3.17884951e-05
DUSP1	0.010151	NM_004417.4	0.32647	0.31631899999999996
DUSP2	4.4697e-05	NM_004418.4	1.4629e-07	4.455071e-05
DUSP3	0.46156	NM_004090.4	0.040157	0.421403
DUSP4	0.88152	NM_001394.7	0.020237	0.861283
DUSP5	0.0033227	NM_004419.4	2.0296e-06	0.0033206704
DUSP6	0.97603	NM_001946.4	0.99379	0.017759999999999998
DUSP7	0.69024	NM_001947.4	0.93773	0.24749
DUSP8	0.69975	NM_004420.3	0.01854	0.68121
DUSP10	0.8335	NM_007207.6	0.08655	0.74695
DUSP12	0.00013856	NM_007240.3	4.3746e-06	0.0001341854
DUSP14	0.12114	NM_007026.4	0.49867	0.37753000000000003
DUSP15	3.7139e-06	NM_080611.5	6.0078e-09	3.7078922e-06
DUSP16	0.088867	NM_030640.3	0.97336	0.884493
DUSP18	0.12048	NM_152511.5	0.10856	0.01192
DUSP19	0.010044	NM_080876.4	1.1108e-06	0.0100428892
DUSP22	0.0093421	NM_001286555.3	8.2465e-11	0.009342099917535
DUSP23	0.000666	NM_001319658.2	0.0010061	0.00034009999999999997
DUSP26	0.00023011	NM_024025.3	0.0021714	0.00194129
DUSP28	0.17995	NM_001370465.2	5.0228e-07	0.17994949772
DUSP29		NM_001003892.3	2.4226e-05	
DUT	0.0012744	NM_001025248.2	3.3881e-07	0.00127406119
DUXA	3.0459e-08	NM_001012729.2	1.035e-07	7.3041e-08
DVL1	3.7313e-06	NM_001330311.2	1.2538e-14	3.7312999874620004e-06
DVL2	1.3576e-05	NM_004422.3	2.9734e-06	1.0602599999999999e-05
DVL3	0.38544	NM_004423.4	0.69837	0.31293000000000004
DXO	3.6417e-10	NM_005510.4	1.4657e-14	3.64155343e-10
DYDC1	0.00026003	NM_001269053.2	6.6006e-05	0.000194024
DYDC2	0.0034876	NM_032372.6	4.7968e-07	0.00348712032
DYM	3.5939e-13	NM_001353214.3	7.9636e-21	3.593899920364e-13
DYNAP	0.0025806	NM_173629.3	0.065982	0.0634014
DYNC1H1	1.0	NM_001376.5	1.0	0.0
DYNC1I1	1.7637e-07	NM_001135556.2	4.7741e-05	4.7564630000000004e-05
DYNC1I2	1.0648e-08	NM_001378.3	2.0289e-08	9.641e-09
DYNC1LI1	0.96348	NM_016141.4	0.98072	0.017240000000000033
DYNC1LI2	0.98346	NM_006141.3	0.99538	0.011920000000000042
DYNC2H1	1.1366e-44	NM_001377.3	1.5874e-83	1.1366e-44
DYNC2I1		NM_018051.5	2.2708e-17	
DYNC2I2		NM_052844.4	8.6153e-12	
DYNC2LI1	3.154e-09	NM_016008.4	0.0082431	0.008243096846
DYNLL1	0.6983	NM_003746.3	0.6888	0.009500000000000064
DYNLL2	0.74311	NM_080677.3	0.96044	0.2173299999999999
DYNLRB1	0.16147	NM_014183.4	0.24199	0.08052000000000001
DYNLRB2	6.1715e-05	NM_130897.3	7.9805e-06	5.3734500000000005e-05
DYNLT1	7.3232e-05	NM_006519.4	7.4145e-05	9.129999999999962e-07
DYNLT2		NM_174910.3	2.6813e-07	
DYNLT2B		NM_152773.5	0.00021154	
DYNLT4		NM_001377534.1	0.00043724	
DYNLT5		NM_152665.3	4.127e-07	
DYRK1A	0.99967	NM_001347721.2	1.0	0.0003300000000000525
DYRK1B	0.96905	NM_004714.3	0.77746	0.19158999999999993
DYRK2	0.99751	NM_006482.3	0.98561	0.011900000000000022
DYRK3	3.5842e-06	NM_003582.4	3.9383e-08	3.5448169999999998e-06
DYRK4	1.7785e-18	NM_001394779.1	7.1086e-20	1.7074139999999998e-18
DYSF	3.6528e-33	NM_001130987.2	3.6575e-52	3.6528e-33
DYTN	5.7188000000000015e-19	NM_001093730.1	5.4938e-27	5.718799945062001e-19
DZIP1	3.1283e-20	NM_198968.4	1.1751e-23	3.1271248999999995e-20
DZIP1L	2.3897e-25	NM_173543.3	2.5456e-30	2.389674544e-25
DZIP3	1.6537e-13	NM_014648.4	5.4483e-16	1.6482517000000001e-13
E2F1	0.9877	NM_005225.3	0.99923	0.01152999999999993
E2F2	0.25505	NM_004091.4	0.0020761	0.2529739
E2F3	0.9458	NM_001949.5	0.99959	0.053790000000000004
E2F4	0.45258	NM_001950.4	0.35515	0.09742999999999996
E2F5	0.935	NM_001951.4	0.00044343	0.93455657
E2F6	0.10158	NM_198256.4	0.00021621	0.10136379000000001
E2F7	0.99317	NM_203394.3	0.018949	0.974221
E2F8	0.81778	NM_024680.4	0.42701	0.39076999999999995
E4F1	0.080072	NM_004424.5	0.0065018	0.0735702
EAF1	0.06149	NM_033083.7	6.3214e-05	0.061426786000000004
EAF2	2.2166e-07	NM_018456.6	0.00011609	0.00011586833999999999
EAPP	2.2259e-10	NM_018453.4	1.2797e-10	9.462e-11
EARS2	1.1238e-08	NM_001083614.2	7.0535e-14	1.1237929465e-08
EBAG9	0.077101	NM_004215.5	0.64538	0.568279
EBF1	0.99697	NM_024007.5	1.0	0.003029999999999977
EBF2	0.99976	NM_022659.4	0.99998	0.00021999999999999797
EBF3	0.99993	NM_001375380.1	1.0	7.00000000000145e-05
EBI3	0.10797	NM_005755.3	6.3142e-07	0.10796936858
EBLN1		NM_001394757.1	0.012116	
EBLN2		NM_018029.4	9.0397e-05	
EBNA1BP2	1.3668e-09	NM_006824.3	1.036e-09	3.3080000000000014e-10
EBPL	7.8199e-05	NM_032565.5	6.1693e-09	7.81928307e-05
ECD	2.3368e-12	NM_007265.3	1.8919e-11	1.65822e-11
ECE1	0.95987	NM_001397.3	0.98765	0.027780000000000027
ECE2	1.1756e-21	NM_001100121.2	2.4459e-22	9.3101e-22
ECEL1	4.7923e-13	NM_004826.4	1.7007e-27	4.792299999999983e-13
ECH1	6.1604e-07	NM_001398.3	1.5281e-09	6.145119e-07
ECHDC1	5.5968e-09	NM_001002030.2	4.4817e-11	5.551983e-09
ECHDC2	1.55e-10	NM_001198961.2	1.241e-07	1.2394500000000002e-07
ECHDC3	4.7572e-06	NM_024693.5	3.4446e-06	1.3126e-06
ECHS1	0.00087731	NM_004092.4	0.0009322	5.489000000000004e-05
ECI1	1.5853e-12	NM_001919.4	6.9732e-13	8.879799999999999e-13
ECI2	6.5525e-08	NM_206836.3	6.3048e-07	5.64955e-07
ECM1	4.6627e-14	NM_004425.4	3.8236e-17	4.6588764e-14
ECM2	3.333e-09	NM_001393.4	1.9387e-13	3.33280613e-09
ECPAS		NM_001364929.1	1.0	
ECRG4		NM_032411.3	2.5092e-06	
ECSCR	0.00042521	NM_001077693.4	0.0032974	0.0028721899999999997
ECSIT	6.764e-06	NM_016581.5	4.2841e-09	6.7597159e-06
ECT2	8.0837e-10	NM_001258315.2	0.00015403	0.00015402919162999998
ECT2L	7.8004e-48	NM_001077706.3	6.686200000000001e-35	6.68619999999922e-35
EDAR	1.3242e-06	NM_022336.4	1.243e-09	1.322957e-06
EDARADD	0.0003182	NM_145861.4	0.0010143	0.0006961000000000001
EDC3	0.026011	NM_025083.5	0.042724	0.016713
EDC4	0.1061	NM_014329.5	0.59346	0.48736
EDDM3A		NM_006683.5	0.10504	
EDDM3B		NM_022360.5	0.30261	
EDDM13		NM_001354658.2	0.00016156	
EDEM1	1.0594e-13	NM_014674.3	8.060300000000001e-19	1.0593919397e-13
EDEM2	6.8274e-07	NM_018217.3	7.2159e-07	3.885000000000006e-08
EDEM3	0.0024686	NM_025191.4	4.8964e-06	0.0024637036
EDF1	0.77742	NM_003792.4	0.97673	0.19931
EDIL3	0.00014584	NM_005711.5	8.9833e-06	0.0001368567
EDN1	0.45504	NM_001955.5	0.0045322	0.4505078
EDN2	0.060323	NM_001956.5	0.0042966	0.056026400000000004
EDN3	0.024568	NM_207034.3	0.38182	0.357252
EDNRA	0.99158	NM_001957.4	0.99908	0.007499999999999951
EDNRB	0.0092419	NM_001122659.3	0.49438	0.48513809999999996
EDRF1	0.0043677	NM_001202438.2	0.017283	0.0129153
EEA1	0.92875	NM_003566.4	8.2297e-12	0.9287499999917702
EED	0.99929	NM_003797.5	0.99914	0.00014999999999998348
EEF1A1	0.97863	NM_001402.6	1.0	0.02137
EEF1A2	0.99558	NM_001958.5	0.99995	0.004369999999999985
EEF1AKMT1		NM_001318939.2	4.746e-06	
EEF1AKMT2		NM_212554.4	4.0274e-06	
EEF1AKMT3		NM_015433.3	4.0906e-06	
EEF1AKMT4		NM_032331.4	7.936e-05	
EEF1B2	0.066287	NM_001959.4	0.212	0.14571299999999998
EEF1D	8.9931e-07	NM_001130053.5	3.2684e-14	8.99309967316e-07
EEF1E1	0.082607	NM_004280.5	9.6669e-05	0.082510331
EEF1G	0.99967	NM_001404.5	0.99994	0.0002700000000001035
EEF2	0.99995	NM_001961.4	0.99999	4.0000000000040004e-05
EEF2K	8.3628e-20	NM_013302.5	3.9516e-17	3.9432372e-17
EEF2KMT		NM_201400.4	2.1724e-11	
EEFSEC	2.6975e-08	NM_021937.5	9.5613e-16	2.6974999043869998e-08
EEPD1	0.054875	NM_030636.3	0.8123	0.757425
EFCAB3	3.4807e-09	NM_173503.4	6.9134e-12	3.4737866e-09
EFCAB5	4.1975e-23	NM_198529.4	8.3587e-31	4.197499916413e-23
EFCAB6	1.1933000000000001e-45	NM_022785.4	1.9572e-39	1.9571988066999998e-39
EFCAB7	2.6115e-17	NM_032437.4	1.3984e-13	1.39813885e-13
EFCAB8	0.00015144	NM_001143967.2	1.8296e-20	0.00015143999999999997
EFCAB9	0.00010712	NM_001171183.2	3.1223e-06	0.00010399770000000001
EFCAB10	0.0089932	NM_001355526.2	0.16678	0.1577868
EFCAB11	0.00023166	NM_145231.4	0.0004787	0.00024704
EFCAB12	1.5401e-05	NM_207307.3	5.4121e-13	1.540099945879e-05
EFCAB13	6.4531e-32	NM_152347.5	1.0011e-12	1.0011e-12
EFCAB14	7.7776e-08	NM_014774.3	6.6719e-11	7.7709281e-08
EFCC1	1.0453e-07	NM_001377500.1	3.1325e-18	1.045299999968675e-07
EFEMP1	0.99992	NM_001039348.3	1.0	7.999999999996898e-05
EFEMP2	0.0081938	NM_016938.5	0.62375	0.6155562
EFHB	5.7973000000000006e-24	NM_144715.4	5.4228000000000004e-27	5.791877200000001e-24
EFHC1	1.8959e-17	NM_018100.4	2.4306e-13	2.43041041e-13
EFHD1	0.0051487	NM_025202.4	0.0040676	0.0010810999999999998
EFHD2	0.0090981	NM_024329.6	0.00065333	0.008444769999999999
EFL1		NM_024580.6	1.4689e-12	
EFNA1	0.46263	NM_004428.3	0.8465	0.38387000000000004
EFNA2	0.038008	NM_001405.4	1.8385e-06	0.0380061615
EFNA3	0.12599	NM_004952.5	0.00033472	0.12565527999999998
EFNA4	0.00035006	NM_005227.3	7.9676e-08	0.000349980324
EFNA5	0.96051	NM_001962.3	0.9772	0.016689999999999983
EFNB2	0.98845	NM_004093.4	0.99997	0.011519999999999975
EFNB3	0.3205	NM_001406.4	0.020898	0.29960200000000003
EFR3A	4.8097e-11	NM_015137.6	4.5923e-14	4.8051077e-11
EFR3B	0.024122	NM_014971.2	4.5772e-12	0.0241219999954228
EFS	1.8222e-08	NM_005864.4	7.218e-11	1.814982e-08
EFTUD2	1.0	NM_004247.4	1.0	0.0
EGF	8.5294e-17	NM_001963.6	1.3128e-17	7.2166e-17
EGFL7	5.5498e-18	NM_016215.5	9.166499999999999e-21	5.5406335e-18
EGFL8	1.1262e-07	NM_030652.4	6.4594e-10	1.1197406e-07
EGFLAM	3.7564e-19	NM_152403.4	1.6393e-17	1.601736e-17
EGFR	0.36837	NM_005228.5	0.98251	0.61414
EGLN1	0.97403	NM_022051.3	0.012898	0.961132
EGLN2	0.72166	NM_080732.4	0.668	0.05365999999999993
EGLN3	0.0094753	NM_022073.4	0.035666	0.026190700000000004
EGR1	0.3509	NM_001964.3	0.99384	0.64294
EGR2	0.50292	NM_000399.5	0.99692	0.494
EGR3	0.95288	NM_004430.3	0.9974	0.044520000000000004
EGR4	0.0063486	NM_001965.4	8.2494e-09	0.0063485917506
EHBP1	0.30745	NM_001142616.3	0.0061801	0.3012699
EHBP1L1	7.1163e-13	NM_001099409.3	5.719099999999999e-38	7.1163e-13
EHD1	0.98342	NM_006795.4	0.11375	0.8696699999999999
EHD2	0.30763	NM_014601.4	1.4726e-07	0.30762985274
EHD3	0.042234	NM_014600.3	0.61278	0.570546
EHD4	4.1903e-05	NM_139265.4	2.0805e-10	4.1902791950000004e-05
EHF	0.70543	NM_012153.6	0.99126	0.28583000000000003
EHHADH	5.2377e-10	NM_001966.4	1.1695e-08	1.117123e-08
EHMT1	1.0	NM_024757.5	1.0	0.0
EI24	0.73348	NM_004879.5	0.019204	0.714276
EID1	0.42748	NM_014335.3	0.93908	0.5116
EID2	0.29648	NM_153232.4	0.43338	0.13689999999999997
EID2B		NM_152361.3	0.24148	
EID3	0.40761	NM_001008394.3	0.0048698	0.4027402
EIF1	0.8307	NM_005801.4	0.85646	0.025760000000000005
EIF1AD	0.0034032	NM_001242481.2	0.40984	0.4064368
EIF1B	0.50271	NM_005875.3	0.51839	0.015680000000000027
EIF2A	6.0385e-09	NM_032025.5	4.3393e-16	6.03849956607e-09
EIF2AK1	7.0148e-07	NM_014413.4	2.2262e-11	7.01457738e-07
EIF2AK2	0.017643	NM_001135651.3	2.12e-05	0.0176218
EIF2AK3	0.0027603	NM_004836.7	0.00057257	0.0021877299999999997
EIF2AK4	1.2356e-15	NM_001013703.4	2.0877e-22	1.23559979123e-15
EIF2B1	7.615e-05	NM_001414.4	9.7941e-09	7.61402059e-05
EIF2B2	2.083e-10	NM_014239.4	1.6143e-10	4.686999999999999e-11
EIF2B3	0.56695	NM_020365.5	0.92891	0.36196000000000006
EIF2B4	0.96117	NM_001034116.2	7.3276e-05	0.961096724
EIF2B5	0.064171	NM_003907.3	0.1647	0.10052900000000001
EIF2D	2.2302e-09	NM_006893.3	9.1418e-13	2.22928582e-09
EIF2S1	0.97031	NM_004094.5	0.99981	0.02949999999999997
EIF2S2	0.95327	NM_003908.5	0.99999	0.046720000000000095
EIF2S3B		NM_001357734.3	0.0033412	
EIF3A	1.0	NM_003750.4	1.0	0.0
EIF3B	1.0	NM_001037283.2	1.0	0.0
EIF3C	2.2907e-05	NM_003752.5	0.73634	0.736317093
EIF3D	0.99983	NM_003753.4	1.0	0.00017000000000000348
EIF3E	0.05196	NM_001568.3	0.00028501	0.05167499
EIF3F	0.97044	NM_003754.3	0.99419	0.02375000000000005
EIF3G	0.98546	NM_003755.5	0.99958	0.014120000000000021
EIF3H	0.047483	NM_003756.3	7.0136e-05	0.047412864
EIF3J	0.85657	NM_003758.4	0.53152	0.32505000000000006
EIF3K	0.0021017	NM_013234.4	1.0712e-07	0.00210159288
EIF3L	0.83781	NM_016091.4	0.035874	0.8019360000000001
EIF3M	0.01748	NM_006360.6	0.12509	0.10761000000000001
EIF4A1	0.99987	NM_001416.4	1.0	0.00012999999999996348
EIF4A2	0.99835	NM_001967.4	1.0	0.0016500000000000403
EIF4A3	0.99985	NM_014740.4	1.0	0.00014999999999998348
EIF4B	0.99999	NM_001417.7	1.0	9.99999999995449e-06
EIF4E	0.94133	NM_001968.5	1.0	0.05867
EIF4E1B	6.3895e-07	NM_001099408.2	1.6195e-06	9.805499999999999e-07
EIF4E2	0.58161	NM_004846.4	0.080345	0.501265
EIF4E3	0.018058	NM_001134651.2	1.7415e-08	0.018057982585
EIF4EBP1	0.20762	NM_004095.4	0.0535	0.15412
EIF4EBP2	0.30552	NM_004096.5	0.04334	0.26218
EIF4EBP3	0.00034389	NM_003732.3	0.00013354	0.00021035000000000002
EIF4ENIF1	0.99999	NM_019843.4	1.0	9.99999999995449e-06
EIF4G1	1.0	NM_198241.3	1.0	0.0
EIF4G2	1.0	NM_001418.4	1.0	0.0
EIF4G3	1.0	NM_001391906.1	1.0	0.0
EIF4H	0.43982	NM_022170.2	0.97569	0.53587
EIF5	0.98758	NM_001969.5	0.99999	0.012410000000000032
EIF5A	0.73709	NM_001970.5	0.99865	0.26156
EIF5A2	0.00021146	NM_020390.6	0.0013192	0.0011077399999999999
EIF5AL1	0.34147	NM_001099692.2	0.20754	0.13393
EIF5B	0.99981	NM_015904.4	1.0	0.00019000000000002348
EIF6	0.2378	NM_002212.4	0.65122	0.41342
EIPR1		NM_003310.5	0.00021645	
ELAC1	0.88118	NM_018696.3	4.1173e-05	0.881138827
ELAC2	1.7245e-20	NM_018127.7	2.8305e-27	1.72449971695e-20
ELANE	0.0012274	NM_001972.4	0.00041675	0.00081065
ELAPOR1		NM_020775.5	6.9846e-15	
ELAPOR2		NM_001142749.3	1.1501e-16	
ELAVL1	0.98849	NM_001419.3	1.0	0.01151000000000002
ELAVL2	0.99514	NM_004432.5	1.0	0.0048599999999999755
ELAVL3	0.77072	NM_001420.4	0.99908	0.22836
ELAVL4	0.90806	NM_001144774.3	1.0	0.09194000000000002
ELF1	0.01065	NM_172373.4	0.021991	0.011341
ELF2	0.99482	NM_001331036.3	1.0	0.005179999999999962
ELF3	0.98323	NM_004433.5	0.014955	0.968275
ELF5	0.00086946	NM_001422.4	4.4793e-09	0.0008694555206999999
ELFN1	0.99882	NM_001128636.4	0.0033237	0.9954963
ELFN2	0.96483	NM_052906.5	0.71553	0.24929999999999997
ELK3	0.083508	NM_005230.4	0.7215	0.637992
ELK4	0.0034071	NM_001973.4	0.002078	0.0013291000000000002
ELL	0.98542	NM_006532.4	0.99714	0.011720000000000064
ELL2	0.99824	NM_012081.6	1.0	0.0017599999999999838
ELL3	1.6997e-12	NM_025165.3	1.201e-13	1.5795999999999999e-12
ELMO1	0.89997	NM_014800.11	1.0	0.10002999999999995
ELMO2	1.0384e-05	NM_133171.5	0.98091	0.980899616
ELMO3	6.6894e-16	NM_024712.5	2.5115000000000002e-25	6.689399997488499e-16
ELMOD1	0.79258	NM_018712.4	0.14738	0.6452
ELMOD2	0.41822	NM_153702.4	0.00015299	0.41806700999999996
ELMOD3	5.0378e-16	NM_001135022.2	2.1153e-08	2.1152999496220002e-08
ELN	2.1429e-14	NM_000501.4	7.6169e-10	7.61668571e-10
ELOA		NM_003198.3	1.0	
ELOA2		NM_016427.3	0.044847	
ELOB		NM_007108.4	0.62297	
ELOC		NM_005648.4	0.98531	
ELOVL1	0.67897	NM_022821.4	0.99896	0.31999
ELOVL2	8.3719e-10	NM_017770.4	9.61e-14	8.370939e-10
ELOVL3	0.01884	NM_152310.3	0.0037082	0.015131799999999999
ELOVL4	0.83227	NM_022726.4	0.12588	0.70639
ELOVL5	0.93341	NM_021814.5	0.99902	0.06561000000000006
ELOVL6	0.96581	NM_024090.3	0.99683	0.031020000000000048
ELOVL7	0.010183	NM_024930.3	8.9339e-05	0.010093660999999999
ELP1		NM_003640.5	1.1953e-23	
ELP2	4.1811e-20	NM_018255.4	5.4885e-16	5.48808189e-16
ELP3	3.0115e-14	NM_018091.6	1.8128e-12	1.7826849999999999e-12
ELP4	1.2277e-07	NM_019040.5	5.2279e-11	1.22717721e-07
ELP5	2.078e-13	NM_203414.3	1.4748e-12	1.267e-12
ELP6	0.00049822	NM_001031703.3	3.2451e-06	0.0004949749
ELSPBP1	1.5208e-11	NM_022142.5	8.318e-15	1.5199682e-11
EMB	1.0084e-11	NM_198449.3	0.0062839	0.006283899989916001
EMC1	6.7281e-26	NM_015047.3	1.0051000000000001e-25	3.322900000000001e-26
EMC2	0.003297	NM_014673.5	3.2488e-05	0.0032645120000000002
EMC3	0.28563	NM_001394674.1	0.91578	0.63015
EMC4	0.86097	NM_016454.4	0.34265	0.51832
EMC6	0.52298	NM_031298.4	0.77762	0.25464
EMC7	0.86665	NM_020154.3	0.99861	0.13195999999999997
EMC8	0.85233	NM_006067.5	0.023214	0.8291160000000001
EMC9	0.0013199	NM_016049.4	4.3378e-06	0.0013155622
EMC10	9.4077e-11	NM_206538.4	3.4071e-13	9.373629e-11
EMCN	8.6416e-05	NM_016242.4	8.4788e-06	7.79372e-05
EME1	2.4963e-14	NM_152463.4	2.8937e-20	2.4962971063e-14
EME2	3.756e-23	NM_001257370.2	3.5651e-28	3.755964349e-23
EMG1	1.4661e-05	NM_006331.8	2.5463e-07	1.4406370000000001e-05
EMID1	6.0551e-08	NM_133455.4	5.1538e-11	6.0499462e-08
EMILIN1	0.0043908	NM_007046.4	3.194e-10	0.0043907996806
EMILIN2	1.6186e-14	NM_032048.3	8.8336e-21	1.6185991166399998e-14
EMILIN3	9.24e-06	NM_052846.2	4.3645e-14	9.239999956354999e-06
EML1	0.99608	NM_004434.3	1.0	0.003920000000000035
EML2	5.763300000000002e-19	NM_012155.4	1.1628e-13	1.1627942367e-13
EML3	3.748e-06	NM_153265.3	2.4595e-06	1.2885e-06
EML4	0.00048242	NM_019063.5	3.8359e-07	0.00048203641
EML5	5.7122e-07	NM_183387.3	1.2485e-08	5.58735e-07
EML6	4.0925e-09	NM_001039753.4	1.4134e-21	4.0924999999985864e-09
EMP1	0.49706	NM_001423.3	0.81803	0.32097000000000003
EMP2	2.3873e-07	NM_001424.6	1.3258e-09	2.374042e-07
EMP3	2.6151e-06	NM_001425.3	0.00038448	0.00038186489999999997
EMX1	0.89532	NM_004097.3	0.0011646	0.8941554
EMX2	0.9507	NM_004098.4	0.97789	0.027190000000000047
EN1	0.93135	NM_001426.4	0.52279	0.40856000000000003
EN2	0.63448	NM_001427.4	0.39034	0.24414000000000002
ENAH	0.99994	NM_018212.6	0.99976	0.000180000000000069
ENAM	1.2999e-12	NM_031889.3	0.0011786	0.0011785999987000998
ENC1	0.46008	NM_003633.4	0.06394	0.39614
ENDOD1	6.5757e-11	NM_015036.3	1.2227e-05	1.2226934243e-05
ENDOG	0.00018287	NM_004435.2	5.215e-10	0.00018286947849999999
ENDOU	3.2354e-14	NM_001172439.2	1.9393e-12	1.906946e-12
ENDOV	1.0129e-09	NM_173627.5	3.4618e-14	1.012865382e-09
ENG	0.99858	NM_001114753.3	1.0	0.0014199999999999768
ENGASE	4.4142e-25	NM_001042573.3	2.6141000000000004e-19	2.6140955858000005e-19
ENHO	0.10526	NM_198573.3	0.00669	0.09857
ENKD1	2.5321e-08	NM_032140.3	2.841e-15	2.5320997159e-08
ENKUR	7.0721e-05	NM_145010.4	5.264e-05	1.8081000000000005e-05
ENO1	1.914e-05	NM_001428.5	9.2993e-08	1.9047006999999998e-05
ENO2	0.38396	NM_001975.3	0.84151	0.45754999999999996
ENO3	1.5718e-19	NM_053013.4	4.7177e-15	4.71754282e-15
ENO4	8.0499e-07	NM_001242699.2	7.6907e-08	7.280829999999999e-07
ENOPH1	0.0061227	NM_021204.5	0.10121	0.0950873
ENOSF1	9.0272e-19	NM_017512.7	2.5468999999999997e-22	9.024653100000001e-19
ENOX1	2.3323e-06	NM_001347969.2	0.0012261	0.0012237677
ENPEP	1.3877999999999996e-28	NM_001977.4	5.6977000000000005e-25	5.696312200000001e-25
ENPP1	4.9944e-08	NM_006208.3	1.7403e-05	1.7353055999999998e-05
ENPP2	0.0027913	NM_001040092.3	0.041819	0.0390277
ENPP3	3.468e-23	NM_005021.5	2.0771e-15	2.07709996532e-15
ENPP4	0.11941	NM_014936.5	0.0081339	0.1112761
ENPP5	3.1565e-10	NM_001290072.2	1.7865e-09	1.47085e-09
ENPP6	6.7521e-09	NM_153343.4	1.8045e-08	1.12929e-08
ENPP7	1.1797e-14	NM_178543.5	2.9803e-15	8.8167e-15
ENSA	0.34917	NM_004436.4	0.27003	0.07913999999999999
ENTHD1	3.2503e-07	NM_152512.4	2.0256e-05	1.993097e-05
ENTPD1	0.0080716	NM_001776.6	1.218e-05	0.00805942
ENTPD2	1.4578e-14	NM_203468.3	1.8583e-18	1.45761417e-14
ENTPD3	2.6386999999999996e-21	NM_001248.4	2.673e-24	2.6360269999999997e-21
ENTPD4	1.8146e-16	NM_004901.5	4.6672e-13	4.665385399999999e-13
ENTPD5	4.554e-05	NM_001249.5	1.6701e-08	4.5523299e-05
ENTPD6	1.1814e-06	NM_001247.5	1.458e-11	1.18138542e-06
ENTPD7	2.125e-11	NM_020354.5	1.4373e-10	1.2248e-10
ENTPD8	1.0421e-11	NM_001033113.2	1.563e-09	1.5525790000000001e-09
ENTR1		NM_001039707.2	1.5895e-14	
ENY2	0.87471	NM_020189.6	0.63633	0.23838000000000004
EOGT	5.038e-09	NM_001278689.2	4.8218e-07	4.771419999999999e-07
EOMES	0.98443	NM_001278182.2	0.98623	0.0018000000000000238
EP300	1.0	NM_001429.4	1.0	0.0
EP400	1.0	NM_015409.5	1.0	0.0
EPAS1	0.5961	NM_001430.5	1.0	0.40390000000000004
EPB41	3.5942e-05	NM_001376013.1	3.8406e-11	3.5941961594000004e-05
EPB41L1	0.87683	NM_012156.2	1.0	0.12317
EPB41L2	0.99318	NM_001431.4	0.76184	0.23134
EPB41L3	4.3188e-05	NM_012307.5	0.0023911	0.002347912
EPB41L4A	3.5133e-21	NM_022140.5	1.3959e-18	1.3923867000000001e-18
EPB41L4B	0.99972	NM_019114.5	1.0	0.00027999999999994696
EPB41L5	0.020795	NM_020909.4	0.015529	0.005266000000000002
EPB42	9.9014e-09	NM_001114134.2	1.1421e-09	8.7593e-09
EPC1	1.0	NM_001272004.3	1.0	0.0
EPC2	0.99998	NM_015630.4	1.0	2.0000000000020002e-05
EPCAM	1.2844e-07	NM_002354.3	4.2301e-06	4.101660000000001e-06
EPDR1	0.017864	NM_017549.5	1.9408e-12	0.0178639999980592
EPG5	1.3508e-13	NM_020964.3	1.6929e-14	1.1815099999999998e-13
EPGN	0.00023928	NM_001270989.2	1.724e-06	0.000237556
EPHA1	1.4624e-23	NM_005232.5	7.5026e-26	1.4548974e-23
EPHA2	1.073e-05	NM_004431.5	2.8105e-07	1.0448950000000001e-05
EPHA3	1.1953e-05	NM_005233.6	0.80091	0.800898047
EPHA4	1.0	NM_004438.5	1.0	0.0
EPHA5	7.2877e-05	NM_001281766.3	2.369e-09	7.2874631e-05
EPHA6	0.67037	NM_001080448.3	6.0266e-05	0.670309734
EPHA7	1.0	NM_004440.4	1.0	0.0
EPHA8	1.834e-10	NM_020526.5	3.9755e-10	2.1414999999999998e-10
EPHA10	1.2428e-26	NM_001099439.2	4.7268e-50	1.2428e-26
EPHB1	0.9985	NM_004441.5	0.9998	0.0012999999999999678
EPHB2	0.99997	NM_017449.5	1.0	2.999999999997449e-05
EPHB3	0.46242	NM_004443.4	0.99991	0.53749
EPHB4	0.013497	NM_004444.5	4.3123e-06	0.0134926877
EPHB6	1.2013e-07	NM_004445.6	1.8466e-05	1.8345869999999998e-05
EPHX1	3.2154e-09	NM_001136018.4	1.676e-12	3.213724e-09
EPHX2	1.7936e-21	NM_001979.6	4.8925999999999995e-22	1.3043399999999999e-21
EPHX3	1.6489e-15	NM_024794.3	7.2593e-12	7.2576511e-12
EPHX4	1.2908e-05	NM_173567.5	1.9053e-05	6.144999999999998e-06
EPM2A	8.7182e-06	NM_005670.4	4.004e-07	8.3178e-06
EPM2AIP1	0.59998	NM_014805.4	0.0046378	0.5953421999999999
EPN1	0.78579	NM_001130072.2	0.00029205	0.78549795
EPN2	0.74755	NM_014964.5	1.3396e-05	0.747536604
EPN3	7.4151e-17	NM_017957.3	8.142700000000001e-19	7.333673e-17
EPO	0.01125	NM_000799.4	0.026938	0.015688
EPOP		NM_001130677.2	9.5437e-07	
EPOR	0.0101	NM_000121.4	0.00041923	0.00968077
EPPIN	7.4025e-05	NM_020398.4	0.0010445	0.000970475
EPPK1	1.0343e-37	NM_031308.4	0.12331	0.12331
EPRS1		NM_004446.3	0.019945	
EPS8	0.97308	NM_004447.6	0.99945	0.026370000000000005
EPS8L1	2.0053e-15	NM_133180.3	1.9346000000000002e-41	2.0053e-15
EPS8L2	1.494e-06	NM_022772.4	6.181300000000001e-25	1.494e-06
EPS8L3	9.2378e-14	NM_133181.4	5.0836e-24	9.23779999949164e-14
EPS15	0.0034774	NM_001981.3	1.4697e-08	0.003477385303
EPS15L1	0.99964	NM_001258374.3	0.99949	0.00014999999999998348
EPSTI1	3.3095000000000003e-25	NM_033255.5	2.6035e-18	2.60349966905e-18
EPX	2.2664e-20	NM_000502.6	3.3395e-15	3.339477336e-15
EPYC	5.7495e-07	NM_004950.5	5.1233e-07	6.261999999999996e-08
EQTN	5.4219e-12	NM_020641.3	2.3742e-07	2.3741457809999999e-07
ERAL1	3.1095e-09	NM_005702.4	5.3521e-08	5.04115e-08
ERAP1	2.0562e-26	NM_001040458.3	1.2589e-21	1.258879438e-21
ERAP2	1.0027999999999999e-28	NM_022350.5	1.4112e-37	1.0027999985887999e-28
ERBB2	0.0059892	NM_004448.4	0.063119	0.057129799999999994
ERBB3	1.7003e-15	NM_001982.4	2.6217e-16	1.43813e-15
ERBB4	0.99912	NM_005235.3	1.0	0.0008799999999999919
ERBIN		NM_001253697.2	0.72343	
ERC1	1.0574e-07	NM_178040.4	0.78992	0.78991989426
ERC2	0.98931	NM_015576.3	0.99151	0.0021999999999999797
ERCC1	1.5933e-07	NM_001983.4	9.5936e-13	1.5932904064e-07
ERCC2	7.0654e-20	NM_000400.4	6.8729e-28	7.065399931271e-20
ERCC3	3.4312e-11	NM_000122.2	3.838e-11	4.068000000000001e-12
ERCC4	1.3758e-12	NM_005236.3	3.5282e-11	3.39062e-11
ERCC5	2.732e-13	NM_000123.4	1.02e-13	1.712e-13
ERCC6	5.1622e-22	NM_000124.4	1.2087e-23	5.04133e-22
ERCC6L2	5.0596e-07	NM_020207.7	2.4418e-13	5.059597558199999e-07
ERCC8	2.7974e-15	NM_000082.4	1.7192e-11	1.71892026e-11
EREG	1.1659e-05	NM_001432.3	4.6661e-06	6.9928999999999996e-06
ERF	0.98968	NM_006494.4	0.99787	0.00819000000000003
ERFE		NM_001291832.2	6.2266e-12	
ERFL		NM_001365103.2	0.80895	
ERG	0.96413	NM_182918.4	1.0	0.03586999999999996
ERG28		NM_007176.4	0.028333	
ERGIC1	0.64747	NM_001031711.3	0.035998	0.611472
ERGIC2	0.013458	NM_016570.3	0.014258	0.0008000000000000004
ERGIC3	2.2416e-05	NM_015966.3	2.2603e-06	2.01557e-05
ERH	0.88774	NM_004450.3	0.97267	0.08493000000000006
ERI1	1.1866e-05	NM_153332.4	4.2781e-07	1.143819e-05
ERI2	5.0234e-10	NM_001142725.2	5.1804e-10	1.5699999999999956e-11
ERI3	0.003965	NM_024066.3	0.11807	0.114105
ERICH1	1.1389e-14	NM_207332.3	5.5654e-24	1.13889999944346e-14
ERICH3		NM_001002912.5	2.0832e-36	
ERICH4		NM_001130514.3	0.014157	
ERICH5		NM_173549.3	3.3465e-07	
ERICH6		NM_152394.5	1.1e-18	
ERICH6B		NM_182542.3	1.0471000000000001e-19	
ERLEC1	3.25e-06	NM_015701.5	3.0637e-08	3.2193629999999997e-06
ERLIN1	0.17751	NM_006459.4	0.043212	0.134298
ERLIN2	0.00066662	NM_007175.8	0.010039	0.00937238
ERMAP	4.9067e-10	NM_001017922.2	7.0546e-08	7.005533000000001e-08
ERMARD	5.7789e-16	NM_018341.3	1.5088e-16	4.2701e-16
ERMN	1.1805e-05	NM_020711.3	0.0025356	0.0025237949999999997
ERMP1	1.6343e-12	NM_024896.3	2.9344e-27	1.634299999999997e-12
ERN1	0.99027	NM_001433.5	0.95278	0.03749000000000002
ERN2	7.1766e-24	NM_033266.4	9.9981e-37	7.176599999999001e-24
ERO1A		NM_014584.3	2.6773e-05	
ERO1B		NM_019891.4	2.7214e-05	
ERP27	1.0936e-12	NM_152321.4	3.8588e-06	3.8587989064000006e-06
ERP29	0.75108	NM_006817.4	0.0014255	0.7496545
ERP44	0.99106	NM_015051.3	0.15389	0.8371700000000001
ERRFI1	0.012152	NM_018948.4	0.00071228	0.01143972
ERV3-1		NM_001007253.4		
ERVFRD-1	0.025857	NM_207582.3	1.2391e-08	0.025856987609
ERVMER34-1		NM_001242690.2	0.35331	
ERVV-1		NM_152473.3		
ERVV-2		NM_001191055.2	0.36856	
ESAM	0.20185	NM_138961.3	3.7021e-07	0.20184962979
ESCO1	0.99995	NM_052911.3	0.92536	0.07459000000000005
ESCO2	3.1642e-07	NM_001017420.3	2.084e-12	3.1641791600000003e-07
ESD	5.3945e-07	NM_001984.2	1.912e-07	3.4825e-07
ESF1	0.017818	NM_001276380.2	1.3007e-10	0.01781799986993
ESM1	0.21202	NM_007036.5	0.15425	0.05776999999999999
ESPL1	1.0	NM_012291.5	1.0	0.0
ESPN	2.8667e-09	NM_031475.3	7.2662e-24	2.8666999999999926e-09
ESPNL	2.535e-10	NM_194312.4	4.0718e-20	2.53499999959282e-10
ESR1	0.9992	NM_000125.4	0.99795	0.0012499999999999734
ESR2	4.4516e-08	NM_001437.3	5.9579e-10	4.392021e-08
ESRP1	0.99934	NM_017697.4	0.99932	2.0000000000020002e-05
ESRP2	2.3333e-07	NM_024939.3	4.9601e-09	2.283699e-07
ESRRA	0.59696	NM_004451.5	0.99354	0.39657999999999993
ESRRB	0.12609	NM_001379180.1	0.79243	0.6663399999999999
ESRRG	0.071232	NM_001438.4	0.99434	0.923108
ESS2		NM_022719.3	8.4357e-07	
ESYT1	1.6707e-13	NM_015292.3	6.871799999999999e-28	1.670699999999993e-13
ESYT2	7.7928e-06	NM_001367773.1	3.6326e-08	7.756474e-06
ESYT3	2.3108000000000003e-25	NM_031913.5	2.3370000000000002e-30	2.31077663e-25
ETAA1	0.0077974	NM_019002.4	2.8415e-10	0.00779739971585
ETF1	0.996	NM_004730.4	1.0	0.0040000000000000036
ETFA	0.0029217	NM_000126.4	0.0029774	5.569999999999967e-05
ETFB	0.016558	NM_001985.3	2.0928e-05	0.016537072
ETFBKMT		NM_001135863.2	0.00010064	
ETFDH	2.778e-13	NM_004453.4	7.6935e-06	7.6934997222e-06
ETFRF1		NM_001001660.3	0.00018653	
ETHE1	4.6037e-06	NM_014297.5	0.00038514	0.0003805363
ETNK1	0.92558	NM_018638.5	0.99938	0.07380000000000009
ETNK2	9.808e-07	NM_018208.4	3.0331e-09	9.777669e-07
ETNPPL	7.5088e-05	NM_031279.4	0.5077	0.507624912
ETS1	0.7816	NM_001143820.2	0.99981	0.21821000000000002
ETS2	0.99888	NM_005239.6	0.99905	0.00017000000000000348
ETV1	0.93694	NM_004956.5	0.054283	0.882657
ETV2	2.6344e-09	NM_014209.4	2.878e-10	2.3466e-09
ETV3	0.97596	NM_001145312.3	0.99781	0.021849999999999925
ETV3L	6.196e-08	NM_001004341.2	1.8e-11	6.1942e-08
ETV4	2.8688e-08	NM_001079675.5	4.5126e-09	2.4175399999999998e-08
ETV5	0.99999	NM_004454.3	1.0	9.99999999995449e-06
ETV6	0.9735	NM_001987.5	0.99891	0.025409999999999933
ETV7	3.9605e-14	NM_016135.4	4.0249e-16	3.9202509999999996e-14
EVA1A	0.065594	NM_001135032.2	0.013589	0.052004999999999996
EVA1B	0.72896	NM_001304762.2	0.00062286	0.72833714
EVA1C	0.001458	NM_058187.5	1.9295e-05	0.0014387050000000002
EVC	3.4620000000000003e-25	NM_153717.3	6.2955e-37	3.461999999993705e-25
EVC2	1.0207e-34	NM_147127.5	1.7773e-47	1.0206999999998222e-34
EVI2A	0.0020438	NM_014210.4	0.00029599	0.0017478100000000002
EVI2B	0.063333	NM_006495.4	0.010434	0.052899
EVI5	1.9654e-11	NM_001350197.2	0.005276	0.0052759999803460005
EVI5L	0.99985	NM_001159944.3	0.79377	0.20608000000000004
EVL	0.99761	NM_016337.3	0.97521	0.022399999999999975
EVPL	5.704800000000001e-25	NM_001988.4	4.225e-29	5.704377500000001e-25
EVPLL	6.8978e-14	NM_001145127.2	6.4945e-17	6.891305499999999e-14
EVX1	6.9817e-07	NM_001989.5	1.0918e-05	1.0219829999999999e-05
EVX2	0.39955	NM_001080458.2	0.0001074	0.39944260000000004
EWSR1	0.99981	NM_005243.4	1.0	0.00019000000000002348
EXD1	6.4033e-14	NM_001286441.2	1.4803e-26	6.403299999998519e-14
EXD2	3.6578e-12	NM_001193360.2	4.3736e-07	4.373563422e-07
EXD3	2.9843e-16	NM_017820.5	1.1893999999999999e-32	2.9843e-16
EXO1	8.12e-13	NM_130398.4	4.5955e-15	8.074044999999999e-13
EXO5	2.2661e-05	NM_001346953.2	1.9962e-05	2.698999999999999e-06
EXOC1	0.00069012	NM_001024924.2	1.7082e-07	0.00068994918
EXOC2	2.8675e-09	NM_018303.6	4.2713e-07	4.242625e-07
EXOC3	0.92216	NM_007277.5	0.99523	0.07306999999999997
EXOC3L1	1.7404000000000002e-19	NM_178516.4	3.2797e-27	1.7403999672030002e-19
EXOC3L2	0.76039	NM_001382422.1	0.045725	0.714665
EXOC3L4	5.2374e-09	NM_001077594.2	4.4327e-26	5.2374e-09
EXOC4	3.4137e-13	NM_021807.4	9.9407e-11	9.906563e-11
EXOC5	0.99991	NM_006544.4	0.97531	0.024599999999999955
EXOC6	2.435e-07	NM_019053.6	0.00025713	0.0002568865
EXOC6B	0.11692	NM_015189.3	1.8167e-06	0.11691818329999999
EXOC7	3.2288e-07	NM_001013839.4	7.6704e-10	3.2211296e-07
EXOC8	0.99902	NM_175876.5	0.93128	0.06774000000000002
EXOG	1.3331e-11	NM_005107.4	2.4352e-08	2.4338668999999997e-08
EXOSC1	7.3521e-09	NM_016046.5	1.7534e-08	1.01819e-08
EXOSC2	2.8854e-06	NM_014285.7	5.217e-08	2.83323e-06
EXOSC3	0.00024296	NM_016042.4	2.9349e-05	0.000213611
EXOSC4	0.068017	NM_019037.3	3.6426e-06	0.06801335739999999
EXOSC5	0.0040091	NM_020158.4	0.0018424	0.0021666999999999997
EXOSC6	0.52473	NM_058219.3	0.039148	0.485582
EXOSC7	1.0442e-05	NM_015004.4	3.3455e-05	2.3012999999999998e-05
EXOSC8	6.9378e-15	NM_181503.3	1.2734e-07	1.2733999306220001e-07
EXOSC9	1.7871e-11	NM_005033.3	1.1629e-07	1.16272129e-07
EXOSC10	1.9676e-14	NM_001001998.3	3.5665e-20	1.9675964335e-14
EXPH5	4.1598e-26	NM_015065.3	3.5934e-07	3.5934e-07
EXT1	0.99732	NM_000127.3	1.0	0.0026800000000000157
EXT2	1.3179e-09	NM_207122.2	1.2232e-10	1.19558e-09
EXTL1	7.3142e-12	NM_004455.3	3.8201e-11	3.08868e-11
EXTL2	0.00017608	NM_001033025.3	3.6648e-05	0.00013943200000000002
EXTL3	2.5023e-05	NM_001440.4	0.92595	0.9259249770000001
EYA1	0.94588	NM_000503.6	1.0	0.054119999999999946
EYA2	0.097959	NM_005244.5	0.0043091	0.09364990000000001
EYA3	0.99702	NM_001990.4	0.1239	0.87312
EYA4	0.04872	NM_004100.5	0.86351	0.81479
EYS	3.7216e-41	NM_001142800.2	6.4354e-50	3.7215999935646e-41
EZH1	0.042501	NM_001991.5	0.99987	0.957369
EZH2	1.0	NM_004456.5	1.0	0.0
EZR	0.17989	NM_001111077.2	3.8273e-06	0.17988617269999999
F2	0.0011118	NM_000506.5	0.15426	0.1531482
F2R	0.0084678	NM_001992.5	0.0071124	0.0013553999999999997
F2RL1	0.00014843	NM_005242.6	0.00055949	0.0004110600000000001
F2RL2	1.7486e-05	NM_004101.4	0.018004	0.017986514
F2RL3	4.1298e-05	NM_003950.4	0.063491	0.06344970200000001
F3	0.018872	NM_001993.5	0.0016619	0.0172101
F5	5.919e-15	NM_000130.5	5.2212e-24	5.9189999947788e-15
F7	1.349e-05	NM_019616.4	1.1139e-11	1.3489988860999999e-05
F10	2.3473e-06	NM_000504.4	9.9027e-06	7.555399999999999e-06
F11	3.6146e-26	NM_000128.4	4.4436999999999995e-22	4.44333854e-22
F11R	1.8487e-05	NM_016946.6	1.8856e-06	1.66014e-05
F12	8.2526e-08	NM_000505.4	2.9444e-26	8.2526e-08
F13A1	5.2851e-08	NM_000129.4	1.4198e-08	3.8653e-08
F13B	8.9128e-10	NM_001994.3	4.8042e-12	8.864758e-10
FA2H	0.14678	NM_024306.5	0.0053396	0.1414404
FAAH	4.4449e-11	NM_001441.3	9.7379e-21	4.44489999902621e-11
FAAP20		NM_182533.4	2.127e-05	
FAAP24		NM_152266.5	8.7894e-07	
FAAP100		NM_025161.6	8.6804e-14	
FABP1	9.8037e-07	NM_001443.3	0.00051847	0.0005174896300000001
FABP2	0.0049806	NM_000134.4	0.16067	0.1556894
FABP3	0.44326	NM_004102.5	0.027364	0.415896
FABP4	5.1764e-05	NM_001442.3	3.5049e-06	4.82591e-05
FABP5	0.047008	NM_001444.3	0.45179	0.40478200000000003
FABP6	1.5516e-06	NM_001445.3	0.00090753	0.0009059784
FABP7	0.00078595	NM_001446.5	8.8684e-05	0.000697266
FABP9	6.7502e-09	NM_001080526.2	0.012552	0.012551993249800001
FADD	0.52595	NM_003824.4	0.069433	0.45651700000000006
FADS1	0.37384	NM_013402.7	0.99967	0.6258299999999999
FADS2	0.99815	NM_004265.4	0.99989	0.0017399999999999638
FADS3	0.0025334	NM_021727.5	7.0197e-05	0.0024632029999999997
FADS6	1.1478e-09	NM_178128.6	2.2752e-09	1.1274000000000003e-09
FAF1	0.99895	NM_007051.3	0.99507	0.0038799999999999946
FAF2	0.99911	NM_014613.3	1.0	0.0008899999999999464
FAH	4.0347e-17	NM_000137.4	1.8906e-12	1.890559653e-12
FAHD2A	1.3522e-06	NM_016044.3	8.3655e-08	1.268545e-06
FAHD2B	9.5913e-08	NM_001320848.2	1.5943e-07	6.351699999999999e-08
FAIM	0.00011755	NM_001033031.2	0.0020304	0.00191285
FAIM2	8.7012e-05	NM_012306.4	0.0001083	2.1288000000000004e-05
FAM3B	2.4285e-08	NM_058186.4	1.2532e-06	1.228915e-06
FAM3C	0.096904	NM_014888.3	0.17064	0.07373599999999998
FAM3D	0.00024114	NM_138805.3	1.1826e-08	0.00024112817400000002
FAM8A1	0.017471	NM_016255.3	4.7006e-06	0.0174662994
FAM13A	1.8976e-18	NM_014883.4	6.4372e-10	6.437199981024e-10
FAM13B	0.48745	NM_001385994.1	0.0015591	0.4858909
FAM13C	5.8127e-05	NM_198215.4	6.5635e-05	7.508000000000003e-06
FAM20A	2.1513e-07	NM_017565.4	2.8931e-12	2.151271069e-07
FAM20B	3.8916e-06	NM_014864.4	0.014732	0.0147281084
FAM20C	0.31465	NM_020223.4	8.1566e-14	0.31464999999991844
FAM24A	0.015222	NM_001029888.3	0.16277	0.147548
FAM24B	0.088274	NM_152644.3	0.18754	0.09926600000000001
FAM25A	0.19871	NM_001146157.3	0.089948	0.108762
FAM25C	0.088745	NM_001137548.3	0.097735	0.008989999999999998
FAM25G		NM_001137549.2	0.23498	
FAM32A	0.030275	NM_014077.4	0.0080484	0.0222266
FAM43A	0.40754	NM_153690.5	4.9904e-05	0.407490096
FAM43B	0.10664	NM_207334.3	8.2086e-08	0.106639917914
FAM47E	0.0017029	NM_001136570.3	1.2975e-09	0.0017028987025
FAM50B	0.15388	NM_012135.3	0.78879	0.63491
FAM53A	0.0035705	NM_001174070.3	2.4387e-12	0.0035704999975613
FAM53B	0.85523	NM_014661.4	0.84268	0.012550000000000061
FAM53C	0.067598	NM_016605.3	0.99516	0.927562
FAM72A	0.032815	NM_001123168.3	0.7838	0.750985
FAM72B	0.0013854	NM_001100910.2	0.24538	0.24399459999999998
FAM72C	0.35833	NM_001287385.2	0.22744	0.13088999999999998
FAM72D	0.029905	NM_207418.3	0.33902	0.309115
FAM76A	1.0407e-05	NM_152660.3	1.4214e-08	1.0392786e-05
FAM76B	0.34062	NM_144664.5	0.96314	0.62252
FAM78A	0.37254	NM_033387.4	0.036606	0.33593399999999995
FAM78B	0.31111	NM_001017961.5	0.027465	0.283645
FAM81A	0.19196	NM_152450.3	0.18564	0.006319999999999992
FAM81B	1.0816e-11	NM_152548.3	1.0301e-18	1.0815998969900001e-11
FAM83B	6.3264e-08	NM_001010872.3	6.6924e-08	3.6599999999999944e-09
FAM83C	8.2423e-08	NM_178468.6	1.4591e-09	8.096389999999999e-08
FAM83D	3.128e-08	NM_030919.3	3.3668e-11	3.1246332e-08
FAM83E	9.4341e-11	NM_017708.4	2.6942e-11	6.7399e-11
FAM83F	1.762e-11	NM_138435.4	2.0017e-18	1.76199979983e-11
FAM83G	3.3167e-05	NM_001039999.3	1.676e-08	3.315024e-05
FAM83H	0.89239	NM_198488.5	2.4709e-07	0.89238975291
FAM86B1	3.8216e-07	NM_001083537.4	0.77731	0.77730961784
FAM86B2	4.8114e-06	NM_001137610.3	0.85404	0.8540351886
FAM89A	0.25672	NM_198552.3	5.2255e-06	0.2567147745
FAM89B	0.05231	NM_001098785.2	0.0013199	0.050990100000000003
FAM90A1	1.5557e-06	NM_018088.3	0.0021256	0.0021240443
FAM91A1	0.00024063	NM_144963.4	0.99827	0.99802937
FAM98A	0.54728	NM_015475.5	0.033073	0.514207
FAM98B	0.010312	NM_173611.4	2.4887e-09	0.0103119975113
FAM98C	1.0622e-07	NM_174905.4	4.4685e-14	1.0621995531499999e-07
FAM107A	8.2783e-07	NM_001076778.3	4.7119e-08	7.80711e-07
FAM107B	7.4318e-08	NM_031453.4	5.4315e-05	5.4240681999999995e-05
FAM110A	0.36091	NM_001042353.3	0.0008225	0.3600875
FAM110B	0.36414	NM_001377989.1	0.91633	0.55219
FAM110C	9.8787e-06	NM_001077710.3	7.5827e-10	9.87794173e-06
FAM110D	0.39402	NM_024869.3	0.10785	0.28617
FAM111A	0.002225	NM_001312909.2	0.16155	0.159325
FAM111B	0.098549	NM_198947.4	0.10723	0.008681000000000008
FAM114A1	1.4659000000000002e-20	NM_138389.4	2.2421e-18	2.2274410000000002e-18
FAM114A2	7.2335e-10	NM_018691.4	1.4473e-07	1.4400665e-07
FAM117A	5.9668e-05	NM_030802.4	0.0011403	0.001080632
FAM117B	0.0090079	NM_173511.4	0.0012107	0.007797199999999999
FAM118A	6.3156e-05	NM_017911.4	0.0001704	0.00010724399999999999
FAM118B	0.019345	NM_024556.4	0.0013043	0.0180407
FAM120A	1.0	NM_014612.5	1.0	0.0
FAM120AOS	0.022322	NM_198841.4	8.022e-05	0.022241780000000003
FAM120B	7.4692e-11	NM_032448.3	2.7591999999999997e-21	7.469199999724079e-11
FAM124A	4.5883e-10	NM_001242312.2	1.1063e-09	6.4747e-10
FAM124B	1.0746e-05	NM_001122779.2	4.6671e-06	6.0789e-06
FAM131A	0.0066732	NM_144635.5	9.0031e-05	0.006583169
FAM131B	0.99092	NM_001031690.3	0.015141	0.9757790000000001
FAM131C	0.011477	NM_182623.3	0.0017879	0.009689099999999999
FAM133B	0.00071452	NM_152789.4	0.0063728	0.00565828
FAM135A	0.99893	NM_001162529.3	8.3505e-11	0.998929999916495
FAM135B	0.99996	NM_015912.4	0.99978	0.00017999999999995797
FAM136A	0.00058595	NM_001329752.2	2.6032e-10	0.00058594973968
FAM149A	1.361e-05	NM_001367768.3	6.4065e-19	1.360999999999936e-05
FAM149B1	2.4901e-13	NM_173348.2	5.3985e-10	5.396009899999999e-10
FAM151A	6.5453e-17	NM_176782.3	6.3087e-14	6.3021547e-14
FAM151B	3.8968e-08	NM_205548.3	2.8587e-05	2.8548032e-05
FAM161A	5.1034e-13	NM_001201543.2	1.995e-16	5.101405000000001e-13
FAM161B	1.0758e-13	NM_152445.3	1.2414e-11	1.2306419999999999e-11
FAM162A	3.2417e-06	NM_014367.4	1.761e-05	1.43683e-05
FAM162B	4.2377e-08	NM_001085480.3	3.6871e-05	3.6828623e-05
FAM163A	0.1155	NM_173509.3	0.018987	0.096513
FAM163B	0.025948	NM_001080515.3	0.010109	0.015839
FAM167A	1.0164e-11	NM_053279.3	3.4254e-11	2.4089999999999998e-11
FAM167B	0.00077413	NM_032648.3	0.030714	0.02993987
FAM168A	0.98674	NM_015159.3	0.99998	0.01324000000000003
FAM168B	0.015675	NM_001009993.4	3.2218e-06	0.0156717782
FAM169A	0.99907	NM_001376049.1	0.99895	0.00012000000000000899
FAM170B	8.8213e-05	NM_001164484.2	0.0049089	0.004820687
FAM171A1	0.98528	NM_001010924.2	0.99949	0.014209999999999945
FAM171A2	0.90848	NM_198475.3	0.68722	0.2212599999999999
FAM171B	0.48535	NM_177454.4	1.0	0.51465
FAM174A	8.5833e-05	NM_198507.3	0.00033735	0.000251517
FAM174B	0.0016376	NM_207446.3	1.3526e-05	0.0016240739999999999
FAM174C		NM_017914.4	6.8947e-07	
FAM177A1	0.0011791	NM_173607.5	2.0371e-07	0.00117889629
FAM177B	4.6111e-05	NM_001394345.1	0.00082751	0.000781399
FAM178B	8.2105e-13	NM_001122646.3	3.7615999999999996e-21	8.210499962384e-13
FAM180A	0.0010025	NM_205855.4	6.7754e-05	0.000934746
FAM180B	0.00087865	NM_001164379.3	8.3691e-08	0.0008785663090000001
FAM181A	0.00076374	NM_001207073.2	0.29832	0.29755625999999996
FAM181B	0.069368	NM_175885.4	4.3103e-06	0.0693636897
FAM184A	1.0625e-21	NM_024581.6	8.12e-17	8.11989375e-17
FAM184B	1.3466e-16	NM_015688.2	6.399100000000001e-31	1.3465999999999936e-16
FAM185A	0.040688	NM_001145268.2	0.00050825	0.04017975
FAM186A	8.3001e-27	NM_001145475.3	3.683299999999999e-40	8.300099999999632e-27
FAM186B	5.5062e-24	NM_032130.3	1.1518e-18	1.1517944938e-18
FAM187B	2.512e-09	NM_152481.2	1.1223e-07	1.09718e-07
FAM193A	0.99993	NM_001366318.2	1.0	7.00000000000145e-05
FAM193B	0.9933	NM_001190946.3	0.0024011	0.9908988999999999
FAM200A	6.4144e-08	NM_145111.4	5.3159e-05	5.3094856e-05
FAM200B	2.0087e-09	NM_001145191.2	1.9175e-13	2.00850825e-09
FAM204A	0.008495	NM_022063.3	0.018876	0.010381
FAM209A	0.078881	NM_001012971.4	0.035809	0.043072000000000006
FAM209B	0.00017979	NM_001013646.4	5.9226e-05	0.000120564
FAM210A	1.0564e-06	NM_152352.4	0.096189	0.09618794359999999
FAM210B	0.087064	NM_080821.3	0.00059282	0.08647118000000001
FAM216A	0.033456	NM_013300.3	4.8225e-05	0.033407775
FAM216B	0.00081029	NM_001318932.2	0.0035359	0.00272561
FAM217A	4.8219e-09	NM_173563.3	0.031107	0.0311069951781
FAM217B		NM_022106.3	0.22591	
FAM219A	0.14617	NM_001184940.2	0.86679	0.7206199999999999
FAM219B	0.00015708	NM_020447.5	3.1804e-07	0.00015676196
FAM220A		NM_001037163.2	0.14245	
FAM221A	1.7027e-12	NM_199136.5	6.1003e-09	6.0985972999999996e-09
FAM221B	1.1077e-08	NM_001012446.4	5.6308e-10	1.051392e-08
FAM222A	0.85124	NM_032829.3	0.36619	0.48505
FAM222B	0.29182	NM_001077498.3	0.93657	0.6447499999999999
FAM227A	1.9662e-16	NM_001013647.2	1.3066e-14	1.2869380000000001e-14
FAM227B	4.3472e-23	NM_152647.3	1.9597e-12	1.959699999956528e-12
FAM228A	0.016302	NM_001040710.3	0.076688	0.06038600000000001
FAM228B	1.8573e-07	NM_001145710.2	1.4176e-06	1.23187e-06
FAM229A	0.080917	NM_001167676.2	0.00010067	0.08081633
FAM229B	0.57066	NM_001033564.3	0.86479	0.29413
FAM234A		NM_032039.4	9.4193e-12	
FAM234B		NM_020853.2	0.024708	
FAM237A		NM_001102659.3	1.038e-07	
FAM240A		NM_001195442.2	0.0017536	
FAM240C		NM_001382368.1	6.0551e-07	
FAM241A		NM_152400.3	0.073487	
FAM241B		NM_145306.3	0.010792	
FAN1	1.6512000000000002e-25	NM_014967.5	5.275700000000001e-25	3.6245000000000003e-25
FANCA	1.5943e-68	NM_000135.4	1.7064999999999998e-87	1.5943e-68
FANCC	2.7921e-13	NM_000136.3	2.6625e-14	2.52585e-13
FANCD2	1.0974000000000001e-30	NM_001018115.3	2.7719000000000002e-19	2.7718999999890263e-19
FANCD2OS	0.022748	NM_001164839.2	0.00064685	0.02210115
FANCE	1.5278e-06	NM_021922.3	7.6995e-11	1.527723005e-06
FANCF	0.45886	NM_022725.4		
FANCG	2.4859e-14	NM_004629.2	1.516e-20	2.485898484e-14
FANCI	8.9116e-37	NM_001113378.2	8.6548e-36	7.76364e-36
FANCL	5.9404e-23	NM_018062.4	1.6815e-17	1.6814940595999997e-17
FANCM	2.3536e-15	NM_020937.4	2.395e-13	2.371464e-13
FANK1	1.6807e-09	NM_145235.5	4.6532e-16	1.68069953468e-09
FAP	1.9009e-28	NM_004460.5	3.8036e-08	3.8036e-08
FAR1	0.98504	NM_032228.6	0.57071	0.41433
FAR2	0.55963	NM_001271783.2	0.96192	0.40229000000000004
FARP1	5.0676e-06	NM_005766.4	0.061512	0.0615069324
FARP2	4.6425e-36	NM_014808.4	4.4245e-19	4.4245e-19
FARS2	9.2964e-09	NM_006567.5	3.2178e-09	6.078599999999999e-09
FARSA	0.014084	NM_004461.3	7.44e-07	0.014083255999999999
FARSB	0.0032955	NM_005687.5	0.0073883	0.004092800000000001
FAS	0.8117	NM_000043.6	0.99961	0.18791000000000002
FASLG	0.18345	NM_000639.3	0.76712	0.58367
FASN	1.0	NM_004104.5	1.0	0.0
FASTK	0.0047199	NM_006712.5	0.00060737	0.00411253
FASTKD1	4.5631e-29	NM_024622.6	4.7494e-12	4.7494e-12
FASTKD2	2.8891e-06	NM_001136193.2	1.661e-09	2.887439e-06
FASTKD3	5.8599e-10	NM_024091.4	1.2977e-11	5.73013e-10
FASTKD5	3.5791e-08	NM_021826.5	3.5908e-08	1.1700000000000032e-10
FAT1	1.1969e-12	NM_005245.4	1.6808e-17	1.1968831920000001e-12
FAT2	6.023e-18	NM_001447.3	3.475e-13	3.47493977e-13
FAT3	0.99995	NM_001367949.2	1.0	4.999999999999449e-05
FAT4	1.0	NM_001291303.3	1.0	0.0
FAU	0.85252	NM_001997.5	0.99902	0.14650000000000007
FAXC	0.93484	NM_032511.4	0.99998	0.06513999999999998
FAXDC2	1.7164e-08	NM_032385.5	1.1742e-13	1.716388258e-08
FBF1	1.7393000000000002e-20	NM_001319193.2	1.8897e-40	1.7393000000000002e-20
FBH1		NM_178150.3	0.9997	
FBL	0.99319	NM_001436.4	0.99941	0.006220000000000003
FBLIM1	5.3941e-05	NM_017556.4	2.3365e-07	5.370735e-05
FBLN1	0.91878	NM_006486.3	0.95349	0.03470999999999991
FBLN2	7.0135e-06	NM_001004019.2	2.5385999999999997e-21	7.013499999999997e-06
FBLN5	0.9997	NM_006329.4	0.25042	0.7492800000000001
FBLN7	8.4159e-06	NM_153214.3	8.2745e-09	8.4076255e-06
FBN1	1.0	NM_000138.5	1.0	0.0
FBN2	1.0	NM_001999.4	1.0	0.0
FBN3	5.4390000000000005e-42	NM_032447.5	1.8456000000000002e-57	5.4389999999999986e-42
FBP1	0.079124	NM_000507.4	1.4284e-07	0.07912385716
FBP2	0.00022129	NM_003837.4	1.6069e-07	0.00022112930999999998
FBRS	0.99987	NM_001105079.3	1.0	0.00012999999999996348
FBRSL1	0.0058888	NM_001367871.1	3.9024e-12	0.0058887999960975995
FBXL2	0.0075282	NM_012157.5	0.00028111	0.0072470899999999994
FBXL3	0.9807	NM_012158.4	0.92159	0.059109999999999996
FBXL4	1.1384e-08	NM_001278716.2	6.4718e-09	4.9122e-09
FBXL5	0.99854	NM_012161.4	0.99944	0.0009000000000000119
FBXL6	4.2187e-09	NM_012162.4	9.5497e-18	4.2186999904503e-09
FBXL7	0.31497	NM_012304.5	0.93014	0.61517
FBXL8	3.9237e-09	NM_018378.3	2.1224e-08	1.73003e-08
FBXL12	0.043901	NM_017703.3	7.1109e-09	0.0439009928891
FBXL14	0.82537	NM_152441.3	0.17643	0.6489400000000001
FBXL15	0.014337	NM_024326.4	3.5715e-08	0.014336964285
FBXL16	0.96981	NM_153350.4	0.94101	0.028799999999999937
FBXL17	0.99901	NM_001163315.3	0.08068	0.91833
FBXL18	0.00015442	NM_024963.6	2.2668e-11	0.000154419977332
FBXL19	0.99997	NM_001382779.1	0.88837	0.11160000000000003
FBXL20	0.99691	NM_032875.3	0.99984	0.002929999999999988
FBXL22	0.0014582	NM_001367807.1	2.5663e-05	0.001432537
FBXO2	0.00021527	NM_012168.6	9.3967e-12	0.0002152699906033
FBXO3	0.98916	NM_012175.4	0.99787	0.008709999999999996
FBXO4	4.0093e-06	NM_012176.3	4.6884e-10	4.00883116e-06
FBXO5	0.96995	NM_012177.5	0.99953	0.02958000000000005
FBXO6	0.015153	NM_018438.6	0.011623	0.00353
FBXO7	5.7858e-07	NM_012179.4	2.9822e-07	2.8036000000000006e-07
FBXO8	0.48562	NM_012180.3	0.24567	0.23995
FBXO9	0.00012166	NM_033480.3	0.25372	0.25359834
FBXO10	2.3763e-06	NM_012166.3	9.5313e-05	9.29367e-05
FBXO11	1.0	NM_001190274.2	1.0	0.0
FBXO15	0.71072	NM_001142958.2	1.2855e-06	0.7107187145
FBXO16	4.6108e-09	NM_172366.4	2.9282e-06	2.9235892e-06
FBXO17	5.6825e-13	NM_024907.7	6.2746e-20	5.68249937254e-13
FBXO21	0.97537	NM_015002.3	0.064323	0.9110469999999999
FBXO22	0.97746	NM_147188.3	0.36241	0.61505
FBXO24	0.00038251	NM_033506.3	0.0029875	0.00260499
FBXO25	0.00019921	NM_183420.2	2.8108e-11	0.000199209971892
FBXO27	2.2725e-11	NM_178820.5	1.0981e-11	1.1744000000000002e-11
FBXO28	0.98681	NM_015176.4	0.99683	0.010020000000000029
FBXO30	0.35835	NM_032145.5	0.97776	0.61941
FBXO31	0.44439	NM_024735.5	0.0035261	0.44086390000000003
FBXO32	0.99692	NM_058229.4	0.92194	0.07498000000000005
FBXO33	0.99417	NM_203301.4	0.050844	0.943326
FBXO34	0.1166	NM_017943.4	0.04523	0.07136999999999999
FBXO36	8.9256e-07	NM_174899.5	7.6508e-06	6.758239999999999e-06
FBXO38	0.99879	NM_205836.3	0.052957	0.9458329999999999
FBXO39	6.7347e-05	NM_153230.3	0.00019458	0.00012723299999999998
FBXO40	5.5318e-09	NM_016298.4	7.0281e-17	5.531799929719e-09
FBXO41	0.99944	NM_001371389.2	2.1695e-06	0.9994378305
FBXO42	0.99503	NM_018994.3	1.0	0.00497000000000003
FBXO43	1.1268e-05	NM_001029860.4	0.99814	0.9981287320000001
FBXO44	2.1091e-06	NM_033182.7	1.0856e-06	1.0234999999999998e-06
FBXO45	0.97063	NM_001105573.2	0.99558	0.024950000000000028
FBXO46	0.69428	NM_001080469.2	0.22132	0.47296000000000005
FBXO47	0.035287	NM_001008777.3	0.0016384	0.0336486
FBXO48	0.0001068	NM_001024680.3	0.00032535	0.00021855000000000003
FBXW2	0.99877	NM_012164.4	0.99931	0.0005399999999999849
FBXW4	0.00067616	NM_022039.4	1.3824e-10	0.00067615986176
FBXW5	2.2808e-16	NM_018998.4	1.3535e-34	2.2808e-16
FBXW7	0.99949	NM_001349798.2	1.0	0.0005100000000000104
FBXW8	5.2356e-16	NM_153348.3	1.0026e-16	4.233e-16
FBXW9	4.086e-09	NM_032301.3	5.805e-09	1.7189999999999995e-09
FBXW10	1.818e-27	NM_001267585.2	9.8026e-12	9.802599999999998e-12
FBXW11	0.97611	NM_001378974.1	1.0	0.023889999999999967
FBXW12	7.0808e-10	NM_207102.2	3.034e-11	6.7774e-10
FCAMR	4.483e-10	NM_001170631.2	1.2536e-15	4.4829874639999997e-10
FCAR	6.5959e-08	NM_002000.4	2.6691e-08	3.9268000000000005e-08
FCER1A	3.0826e-05	NM_001387280.1	9.3641e-07	2.988959e-05
FCER1G	0.66327	NM_004106.2	0.52614	0.13712999999999997
FCER2	7.6122e-12	NM_001220500.2	1.7057e-10	1.6295780000000002e-10
FCF1	0.024364	NM_015962.5	0.016615	0.007748999999999999
FCGR1A	0.00013116	NM_000566.4	0.036892	0.03676084
FCGR2A	2.0054e-06	NM_001136219.3	0.00023441	0.0002324046
FCGR2B	0.45637	NM_001394477.1	0.0017783	0.4545917
FCGR3A	3.6955e-06	NM_000569.8	0.00042413	0.0004204345
FCGR3B	3.0294e-07	NM_001244753.2	1.1862e-07	1.8432e-07
FCGRT	0.041493	NM_001136019.3	0.11501	0.073517
FCHO1	0.99845	NM_015122.3	0.87717	0.12127999999999994
FCHO2	0.99973	NM_138782.3	0.79279	0.20694
FCHSD1	1.3536e-31	NM_033449.3	1.2413000000000002e-41	1.3535999998758698e-31
FCHSD2	0.56618	NM_014824.3	0.99673	0.43055
FCMR		NM_005449.5	5.1591e-10	
FCN1	3.9675e-17	NM_002003.5	3.351e-16	2.95425e-16
FCN2	3.5646e-11	NM_004108.3	1.3967e-09	1.361054e-09
FCN3	0.0038008	NM_003665.4	1.3504e-09	0.0038007986496
FCRL1	3.9509e-06	NM_052938.5	6.0592e-06	2.1083000000000006e-06
FCRL2	1.4548e-11	NM_030764.4	2.5596e-14	1.4522404e-11
FCRL3	5.9738999999999985e-21	NM_052939.4	5.678999999999999e-32	5.9738999999432084e-21
FCRL4	7.9109e-10	NM_031282.3	1.3522e-08	1.2730910000000001e-08
FCRL5	4.6105e-17	NM_031281.3	3.9317999999999997e-22	4.610460682e-17
FCRL6	2.7809e-23	NM_001004310.3	1.0832e-16	1.08319972191e-16
FCRLA	2.4445e-09	NM_032738.4	2.1779e-08	1.93345e-08
FCSK		NM_145059.3	4.9947999999999995e-43	
FDCSP	0.081818	NM_152997.4	0.1689	0.08708199999999999
FDFT1	4.0998e-15	NM_004462.5	1.4695e-26	4.099799999985305e-15
FDPS	0.0056199	NM_002004.4	9.0341e-05	0.005529559
FDX1	0.086575	NM_004109.5	0.051628	0.034947
FDX2		NM_001031734.4	0.00037103	
FDXACB1	4.3999e-10	NM_138378.3	1.5302e-11	4.24688e-10
FDXR	1.1493e-06	NM_024417.5	1.6798e-08	1.132502e-06
FECH	0.0027587	NM_000140.5	1.0073e-07	0.0027585992700000003
FEM1A	8.3375e-10	NM_018708.3	0.073735	0.07373499916625
FEM1B	0.34865	NM_015322.5	0.99923	0.6505799999999999
FEM1C	0.62927	NM_020177.3	0.64505	0.015780000000000016
FEN1	4.7743e-05	NM_004111.6	1.5054e-05	3.2689e-05
FER	0.6633	NM_005246.4	1.6515e-07	0.66329983485
FER1L5		NM_001293083.2	5.9733e-41	
FER1L6	7.1267e-43	NM_001039112.2	1.0372e-33	1.03719999928733e-33
FERD3L	0.31875	NM_152898.2	0.0022917	0.31645829999999997
FERMT1	2.9163e-11	NM_017671.5	3.6488e-11	7.324999999999998e-12
FERMT2	0.99999	NM_006832.3	1.0	9.99999999995449e-06
FERMT3	0.00026014	NM_031471.6	0.17051	0.17024986
FES	3.7916e-15	NM_002005.4	8.2153e-23	3.791599917847e-15
FETUB	8.8804e-08	NM_014375.3	0.0006203	0.0006202111959999999
FEV	0.0081114	NM_017521.3	5.739e-05	0.00805401
FEZ1	0.75002	NM_005103.5	0.27644	0.47358
FEZ2	1.1496e-11	NM_005102.3	1.3794e-13	1.135806e-11
FEZF1	0.95043	NM_001024613.4	0.99871	0.04827999999999999
FEZF2	0.9886	NM_018008.4	0.99998	0.011379999999999946
FFAR2	0.0094238	NM_001370087.1	0.41013	0.4007062
FFAR3	0.00023758	NM_005304.5	0.3109	0.31066242
FFAR4	1.3634e-05	NM_001195755.2	2.4344e-05	1.0709999999999999e-05
FGA	1.2236e-13	NM_021871.4	2.9322e-06	2.9321998776400002e-06
FGB	0.56616	NM_005141.5	0.018221	0.547939
FGD2	5.7084e-09	NM_173558.4	4.3123e-13	5.70796877e-09
FGD3	1.3311e-06	NM_001083536.2	1.7326e-09	1.3293674e-06
FGD4	0.0098247	NM_001370298.3	0.60334	0.5935153
FGD5	1.0	NM_152536.4	1.0	0.0
FGD6	2.4019e-08	NM_018351.4	3.1682e-13	2.401868318e-08
FGF1	0.44406	NM_000800.5	0.13445	0.30961000000000005
FGF2	0.0184	NM_001361665.2	0.011855	0.0065450000000000005
FGF3	9.3139e-05	NM_005247.4	0.0015771	0.0014839609999999998
FGF4	0.1406	NM_002007.4	0.0017624	0.1388376
FGF5	2.0811e-10	NM_004464.4	5.3097e-06	5.30949189e-06
FGF6	0.00039765	NM_020996.3	0.0014594	0.00106175
FGF7	0.77089	NM_002009.4	0.83607	0.06518000000000002
FGF8	0.67676	NM_033163.5	0.060739	0.616021
FGF9	0.94704	NM_002010.3	0.99254	0.045499999999999985
FGF10	0.93779	NM_004465.2	0.99903	0.06123999999999996
FGF11	0.00018767	NM_004112.4	6.4975e-08	0.00018760502499999999
FGF12	0.62294	NM_004113.6	0.14712	0.47582
FGF14	0.90887	NM_004115.4	0.97977	0.07090000000000007
FGF17	0.95609	NM_003867.4	0.99222	0.036129999999999995
FGF18	0.38517	NM_003862.3	0.98465	0.59948
FGF19	0.57022	NM_005117.3	0.0030139	0.5672060999999999
FGF20	0.81379	NM_019851.3	0.087753	0.726037
FGF21	0.029439	NM_019113.4	1.573e-05	0.02942327
FGF23	0.031014	NM_020638.3	0.0087695	0.0222445
FGFBP1	0.58794	NM_005130.5	0.00031799	0.58762201
FGFBP2	0.0038934	NM_031950.4	0.0017312	0.0021622
FGFBP3	0.0010279	NM_152429.5	0.015497	0.0144691
FGFR1	0.99984	NM_023110.3	1.0	0.000160000000000049
FGFR1OP2	0.00049643	NM_015633.3	0.040375	0.03987857
FGFR2	0.99731	NM_000141.5	1.0	0.00268999999999997
FGFR3	1.6432e-05	NM_000142.5	0.99865	0.998633568
FGFR4	7.1917e-13	NM_213647.3	1.4766e-15	7.176934e-13
FGFRL1	0.011908	NM_001004356.3	2.7581e-07	0.01190772419
FGG	0.04963	NM_021870.3	0.74529	0.6956600000000001
FGGY	3.1851e-18	NM_018291.5	2.478e-16	2.446149e-16
FGL1	1.6765e-25	NM_004467.4	6.890599999999999e-21	6.890432349999999e-21
FGL2	6.1472e-05	NM_006682.3	0.0023621	0.002300628
FGR	0.48408	NM_005248.3	0.49503	0.010950000000000015
FH	0.08824	NM_000143.4	0.26752	0.17928
FHAD1	0.00013667	NM_001391957.1	8.4366e-33	0.00013667
FHDC1	6.336e-05	NM_001371116.1	0.018639	0.01857564
FHIP1A		NM_001109977.3	8.4229e-13	
FHIP1B		NM_001098794.2	0.99742	
FHIP2A		NM_020940.4	0.00057518	
FHIP2B		NM_022749.7	6.5935e-22	
FHIT	0.0057055	NM_002012.4	3.0687e-07	0.005705193129999999
FHL2	2.8693e-05	NM_001318895.3	0.00032004	0.000291347
FHL3	0.0017791	NM_004468.5	0.00022872	0.00155038
FHL5	4.8464e-10	NM_001322466.2	1.1571e-09	6.724600000000001e-10
FHOD1	1.8119e-16	NM_013241.3	1.6907e-23	1.81189983093e-16
FHOD3	0.066509	NM_001281740.3	6.8612e-08	0.066508931388
FIBCD1	1.9395e-14	NM_032843.5	4.0469e-19	1.9394595309999998e-14
FIBIN	0.41581	NM_203371.2	0.017714	0.398096
FIBP	4.3854e-06	NM_004214.5	1.9227e-07	4.19313e-06
FICD	0.010193	NM_007076.3	0.05551	0.045316999999999996
FIG4	2.3423e-34	NM_014845.6	1.3237e-16	1.3237e-16
FIGLA	0.0022269	NM_001004311.3	0.0014896	0.0007373
FIGN	0.98917	NM_018086.4	1.0	0.010830000000000006
FIGNL1	0.00012046	NM_001287492.4	0.59072	0.59059954
FIGNL2		NM_001384995.1	0.14775	
FILIP1	2.5711e-10	NM_015687.5	2.4841e-10	8.69999999999998e-12
FILIP1L	1.0757e-09	NM_001387850.1	1.4564e-08	1.3488300000000001e-08
FIP1L1	0.7889	NM_030917.4	0.99995	0.21104999999999996
FIS1	1.302e-05	NM_016068.3	8.3264e-05	7.024399999999999e-05
FITM1	0.00025936	NM_203402.3	0.045078	0.04481864
FITM2	2.7203e-06	NM_001080472.4	0.00030034	0.0002976197
FIZ1	0.52618	NM_032836.3	0.35135	0.17482999999999999
FJX1	0.94412	NM_014344.4	9.1313e-08	0.9441199086869999
FKBP1A	0.81452	NM_000801.5	0.085268	0.729252
FKBP1B	0.39358	NM_004116.5	0.35219	0.04138999999999998
FKBP2	0.049274	NM_004470.4	5.4966e-05	0.049219034
FKBP3	0.00066025	NM_002013.4	0.015378	0.01471775
FKBP4	0.15539	NM_002014.4	0.00012732	0.15526268000000001
FKBP5	0.73393	NM_004117.4	0.14253	0.5913999999999999
FKBP6	1.3955e-06	NM_003602.5	4.027e-06	2.6314999999999997e-06
FKBP7	4.1828e-08	NM_181342.3	1.672e-07	1.25372e-07
FKBP8	0.99825	NM_012181.5	1.0	0.0017500000000000293
FKBP9	1.0584e-05	NM_007270.5	0.00024124	0.00023065599999999998
FKBP10	2.3826e-06	NM_021939.4	3.6827e-07	2.01433e-06
FKBP11	6.4642e-07	NM_016594.3	8.6824e-07	2.2182000000000006e-07
FKBP14	1.5229e-06	NM_017946.4	4.1885e-06	2.6655999999999995e-06
FKBP15	5.551e-12	NM_015258.2	2.9955e-20	5.550999970045e-12
FKBPL	7.9526e-11	NM_022110.4	1.6182e-11	6.334399999999999e-11
FKRP	9.8362e-06	NM_024301.5	6.1822e-10	9.83558178e-06
FKTN	8.6576e-07	NM_001079802.2	1.5042e-05	1.417624e-05
FLACC1		NM_001127391.3	2.0976e-21	
FLAD1	0.0093637	NM_025207.5	3.0655e-07	0.00936339345
FLCN	0.78892	NM_144997.7	0.9891	0.20018000000000002
FLG	0.00028793	NM_002016.2	0.00020455	8.337999999999998e-05
FLG2	0.017969	NM_001014342.3	0.00051942	0.01744958
FLI1	0.9894	NM_002017.5	0.99996	0.010560000000000014
FLII	5.5313e-12	NM_002018.4	2.2699e-20	5.531299977301e-12
FLNB	6.0505e-10	NM_001457.4	0.00057489	0.00057488939495
FLNC	0.99994	NM_001458.5	1.0	5.999999999994898e-05
FLOT1	1.0422e-08	NM_005803.4	2.5338e-09	7.8882e-09
FLOT2	7.1158e-05	NM_004475.3	1.644e-06	6.9514e-05
FLRT1	0.35651	NM_013280.5	0.13592	0.22058999999999998
FLRT2	0.81715	NM_013231.6	0.66333	0.15382000000000007
FLRT3	0.22014	NM_198391.3	0.54921	0.32907
FLT1	0.99983	NM_002019.4	1.0	0.00017000000000000348
FLT3	0.60777	NM_004119.3	0.99734	0.38956999999999997
FLT3LG	0.9404	NM_001459.4	0.96642	0.026019999999999932
FLT4	1.0	NM_182925.5	1.0	0.0
FLVCR1	0.0013127	NM_014053.4	6.6916e-07	0.00131203084
FLVCR2	3.4299e-06	NM_017791.3	3.3589e-06	7.099999999999983e-08
FLYWCH1	8.671900000000002e-19	NM_001308068.2	1.1763000000000001e-33	8.67189999999999e-19
FLYWCH2	0.18732	NM_138439.3	0.4181	0.23078000000000004
FMC1		NM_197964.5	0.08061	
FMN1	3.5863e-18	NM_001277313.2	5.3657e-22	3.58576343e-18
FMN2	0.99772	NM_020066.5	0.51243	0.48529
FMNL1	0.99985	NM_005892.4	0.97948	0.02037
FMNL2	0.9932	NM_052905.4	0.067326	0.925874
FMNL3	0.46549	NM_175736.5	0.00012898	0.46536102
FMO1	9.1198e-11	NM_001282693.2	4.4213e-05	4.4212908802e-05
FMO2	3.143e-07	NM_001460.5	1.5866e-05	1.55517e-05
FMO3	6.5145e-16	NM_001002294.3	4.5714e-12	4.57074855e-12
FMO4	1.0592e-10	NM_002022.3	1.0641e-10	4.90000000000003e-13
FMO5	3.6951e-15	NM_001461.4	3.8746e-13	3.8376489999999997e-13
FMOD	0.0023576	NM_002023.5	0.0082718	0.0059142
FN1	0.0014045	NM_212482.4	1.0	0.9985955
FN3K	2.0577e-08	NM_022158.4	5.8134e-09	1.47636e-08
FN3KRP	4.557e-09	NM_024619.4	2.2146e-12	4.5547853999999995e-09
FNBP1	0.82844	NM_015033.3	0.99852	0.17008
FNBP1L	0.75392	NM_001164473.3	0.0012205	0.7526995000000001
FNBP4	1.0	NM_015308.5	1.0	0.0
FNDC1	4.7841e-12	NM_032532.3	7.1469e-12	2.3627999999999996e-12
FNDC3A	0.99998	NM_001079673.2	1.0	2.0000000000020002e-05
FNDC3B	1.0	NM_022763.4	1.0	0.0
FNDC4	0.88104	NM_022823.3	0.24257	0.6384700000000001
FNDC5	0.5458	NM_153756.3	0.1153	0.43049999999999994
FNDC7	1.558e-11	NM_001144937.3	2.8576e-16	1.5579714239999998e-11
FNDC8	0.00017064	NM_017559.4	7.4541e-08	0.000170565459
FNDC9	0.0073799	NM_001001343.4	0.59961	0.5922301
FNDC10		NM_001242659.2	0.00087939	
FNDC11		NM_001319152.2	2.5341e-06	
FNIP1	0.99957	NM_133372.3	1.0	0.00043000000000004146
FNIP2	1.0	NM_020840.3	0.99998	2.0000000000020002e-05
FNTA	0.94721	NM_002027.3	0.0015511	0.9456589
FNTB	0.078838	NM_002028.4	0.001358	0.07748000000000001
FOCAD	7.2122e-37	NM_001375567.1	6.8573e-37	3.5490000000000024e-38
FOLH1	6.1977e-09	NM_004476.3	6.1502e-09	4.7500000000000094e-11
FOLR1	0.12642	NM_016729.3	0.13787	0.011449999999999988
FOLR2	5.4816e-06	NM_000803.5	0.0015748	0.0015693183999999998
FOLR3	0.015409	NM_000804.4	0.35103	0.335621
FOS	0.26176	NM_005252.4	0.8676	0.60584
FOSB	0.97553	NM_006732.3	0.95131	0.02422000000000002
FOSL1	0.15849	NM_005438.5	0.0042585	0.1542315
FOSL2	0.98293	NM_005253.4	0.9997	0.016770000000000063
FOXA1	0.22227	NM_004496.5	0.89463	0.6723600000000001
FOXA2	0.74225	NM_021784.5	0.96777	0.22552000000000005
FOXA3	0.73257	NM_004497.3	0.0037331	0.7288369
FOXB1	0.90634	NM_012182.3	0.62463	0.28171
FOXB2	6.7467e-05	NM_001013735.1	0.11578	0.11571253299999999
FOXC1	0.95337	NM_001453.3	0.054624	0.898746
FOXC2	0.13356	NM_005251.3	0.00066521	0.13289479
FOXD1	0.68874	NM_004472.3	0.022689	0.6660510000000001
FOXD2	0.029038	NM_004474.4	0.00585	0.023188
FOXD3	0.58216	NM_012183.3	0.034017	0.548143
FOXD4	6.6406e-06	NM_207305.5	5.169e-08	6.58891e-06
FOXD4L3	0.49542	NM_199135.4	0.98692	0.4915
FOXD4L5		NM_001126334.1	0.94918	
FOXD4L6		NM_001085476.4	0.37819	
FOXE1	0.79203	NM_004473.4	0.0099304	0.7820996
FOXE3	0.18135	NM_012186.3	0.11644	0.06491000000000001
FOXF1	0.95792	NM_001451.3	0.427	0.5309200000000001
FOXF2	0.84666	NM_001452.2	0.0014261	0.8452339
FOXG1	0.94355	NM_005249.5	0.99832	0.054769999999999985
FOXH1	0.041555	NM_003923.3	8.7986e-06	0.0415462014
FOXI1	0.77268	NM_012188.5	0.0033309	0.7693491
FOXI2	0.00029852	NM_207426.3	5.5116e-09	0.00029851448839999996
FOXI3		NM_001135649.3	0.65256	
FOXJ1	0.96901	NM_001454.4	0.43885	0.53016
FOXJ2	0.99846	NM_018416.3	0.99998	0.0015199999999999658
FOXJ3	0.99598	NM_014947.5	0.9977	0.0017200000000000548
FOXK1	0.80522	NM_001037165.2	0.045683	0.759537
FOXK2	0.025464	NM_004514.4	0.0017188	0.0237452
FOXL1	0.035865	NM_005250.3	0.098414	0.062549
FOXL2	0.87762	NM_023067.4	0.028008	0.8496119999999999
FOXL2NB		NM_001040061.3	6.5267e-06	
FOXL3		NM_001374838.1	1.7816e-08	
FOXM1	0.0007414	NM_021953.4	0.602	0.6012586
FOXN1	0.94214	NM_001369369.1	0.99877	0.05663000000000007
FOXN2	0.49701	NM_002158.4	0.021577	0.475433
FOXN3	0.93167	NM_005197.4	0.99975	0.06808000000000003
FOXN4	0.86055	NM_213596.3	0.99879	0.13823999999999992
FOXO1	0.99725	NM_002015.4	0.99987	0.0026200000000000667
FOXO3	0.98806	NM_001455.4	0.99997	0.011909999999999976
FOXO3B		NM_001368135.1	9.0118e-06	
FOXP1	0.99998	NM_001349338.3	1.0	2.0000000000020002e-05
FOXP2	0.99994	NM_014491.4	1.0	5.999999999994898e-05
FOXP4	0.98242	NM_001012426.2	0.97775	0.004669999999999952
FOXQ1	0.61849	NM_033260.4	0.11178	0.50671
FOXR1	1.551e-06	NM_181721.3	1.1143e-06	4.367e-07
FOXRED1	1.9872e-16	NM_017547.4	2.0617e-11	2.0616801279999998e-11
FOXRED2	0.0025238	NM_001102371.2	2.1125e-06	0.0025216875
FOXS1	0.23329	NM_004118.4	0.0456	0.18769
FPGS	1.1579e-06	NM_004957.6	2.2705e-17	1.157899999977295e-06
FPGT	1.0949e-10	NM_003838.5	3.3185e-09	3.20901e-09
FPR1		NM_002029.4	0.13196	
FPR2	0.40137	NM_001005738.2	0.078711	0.32265900000000003
FPR3		NM_002030.5	0.14783	
FRA10AC1	4.911e-10	NM_145246.5	0.05178	0.0517799995089
FRAS1	3.0802e-45	NM_025074.7	6.835799999999999e-52	3.08019931642e-45
FRAT1	0.32349	NM_005479.4	0.00028168	0.32320832
FRAT2	0.047967	NM_012083.3	0.30838	0.260413
FREM1	1.5685e-52	NM_001379081.2	2.6458999999999997e-52	1.0773999999999997e-52
FREM2	3.5958e-11	NM_207361.6	2.3417e-11	1.2541000000000002e-11
FREM3	1.5219000000000002e-19	NM_001168235.2	3.1317000000000004e-25	1.5218968683000003e-19
FRG1	6.1368e-07	NM_004477.3	0.41174	0.41173938632
FRG2	0.36635	NM_001286820.2	0.049073	0.31727700000000003
FRG2B	0.18217	NM_001080998.2	0.92054	0.73837
FRG2C		NM_001124759.5	0.0022008	
FRK	1.8071e-12	NM_002031.3	1.2568e-13	1.6814200000000001e-12
FRMD1	3.6693e-14	NM_024919.6	5.4002e-15	3.12928e-14
FRMD3	0.27023	NM_174938.6	0.7745	0.50427
FRMD4A	1.0	NM_018027.5	0.99815	0.0018500000000000183
FRMD4B	0.4539	NM_015123.3	0.013233	0.44066700000000003
FRMD5	0.99724	NM_032892.5	0.98923	0.008009999999999962
FRMD6	0.027916	NM_001267046.2	9.2174e-05	0.027823826
FRMD8	0.11432	NM_031904.5	2.2655e-11	0.114319999977345
FRMPD1	2.1898e-12	NM_014907.3	4.4829e-10	4.461002e-10
FRMPD2	1.5123e-32	NM_001018071.4	1.3081000000000001e-19	1.308099999999849e-19
FRRS1	2.9703e-09	NM_001361041.2	7.1026e-06	7.0996297e-06
FRRS1L	0.0014611	NM_014334.4	0.00014941	0.00131169
FRS2	0.99721	NM_001278356.2	0.99912	0.0019099999999999673
FRS3	0.55047	NM_006653.5	0.056293	0.49417700000000003
FRY	1.0	NM_023037.3	1.0	0.0
FRYL	0.99727	NM_015030.2	0.99999	0.0027200000000000557
FRZB	0.0010842	NM_001463.4	8.0056e-10	0.00108419919944
FSBP	0.00070681	NM_001256141.2	3.8121e-05	0.000668689
FSCB		NM_032135.4	0.35711	
FSCN1	0.86852	NM_003088.4	0.97384	0.10532000000000008
FSCN2	3.8311e-13	NM_012418.4	1.2301e-20	3.83109987699e-13
FSCN3	1.3467e-10	NM_020369.3	4.2925e-11	9.1745e-11
FSD1	0.25199	NM_024333.3	0.52704	0.27504999999999996
FSD1L	0.23386	NM_001145313.3	0.033382	0.20047800000000002
FSD2	1.5276999999999998e-21	NM_001007122.4	8.0072e-21	6.4795e-21
FSHB	0.34452	NM_001382289.1	0.023197	0.32132299999999997
FSHR	1.3689e-11	NM_000145.4	4.1674e-13	1.3272259999999999e-11
FSIP1	7.6972e-14	NM_152597.5	2.5781e-11	2.5704027999999998e-11
FSIP2	4.6257e-28	NM_173651.4	2.0129e-70	4.6257e-28
FST	0.98014	NM_013409.3	0.99997	0.019830000000000014
FSTL1	0.89403	NM_007085.5	0.17021	0.72382
FSTL3	0.68658	NM_005860.3	6.0085e-07	0.68657939915
FSTL4	0.017889	NM_015082.2	0.99932	0.9814309999999999
FSTL5	1.4042e-06	NM_020116.5	0.0020104	0.0020089958
FTCD	5.523e-15	NM_206965.2	1.2895e-29	5.522999999999987e-15
FTH1	0.13999	NM_002032.3	0.9955	0.85551
FTL	1.6617e-09	NM_000146.4	2.0921e-06	2.0904383e-06
FTMT	0.0056072	NM_177478.2	0.012341	0.0067338
FTO	8.364e-08	NM_001080432.3	1.1447e-10	8.352553e-08
FTSJ3	0.037201	NM_017647.4	0.69344	0.6562389999999999
FUBP1	1.0	NM_003902.5	0.99993	7.00000000000145e-05
FUBP3	0.79825	NM_003934.2	0.94049	0.14224000000000003
FUCA1	2.6956e-08	NM_000147.5	3.6291e-15	2.69559963709e-08
FUCA2	4.3892e-07	NM_032020.5	4.351e-10	4.3848490000000003e-07
FUOM	0.00019189	NM_001098483.3	5.202e-09	0.000191884798
FURIN	0.99994	NM_002569.4	1.0	5.999999999994898e-05
FUS	0.9993	NM_004960.4	1.0	0.0007000000000000339
FUT1	0.00054555	NM_001384359.1	0.013963	0.01341745
FUT2	5.3218e-14	NM_000511.6	0.032262	0.03226199999994678
FUT4	7.7294e-06	NM_002033.4	0.067286	0.0672782706
FUT5		NM_002034.2	0.10867	
FUT6		NM_000150.4	0.098034	
FUT7	1.29e-06	NM_004479.4	0.13264	0.13263871000000002
FUT8	0.0099264	NM_001371533.1	0.0026169	0.0073095
FUT9	0.08318	NM_006581.4	0.041051	0.04212900000000001
FUT10	5.4119e-09	NM_032664.3	3.1859e-10	5.09331e-09
FUT11	1.7598e-06	NM_173540.3	8.9548e-15	1.7597999910452002e-06
FUZ	1.2613e-05	NM_025129.5	1.044e-10	1.26128956e-05
FXN	0.34491	NM_000144.5	0.16481	0.18009999999999998
FXR1	1.0	NM_005087.4	0.98943	0.010569999999999968
FXR2	0.99996	NM_004860.4	0.99999	3.0000000000085514e-05
FXYD1	0.24395	NM_021902.4	0.36773	0.12378
FXYD2	0.11431	NM_001680.5	0.0079463	0.10636369999999999
FXYD3	1.0105e-05	NM_005971.4	0.0010618	0.0010516949999999998
FXYD4	0.00031646	NM_173160.3	0.00063621	0.00031975
FXYD5	0.0020871	NM_014164.6	0.05028	0.0481929
FXYD6	0.61886	NM_022003.4	0.23135	0.38750999999999997
FXYD7	0.0051947	NM_022006.2	0.069915	0.06472030000000001
FYB1		NM_001465.6	0.99908	
FYB2		NM_001004303.5	3.9018e-20	
FYCO1	5.4118e-27	NM_024513.4	3.4619999999999997e-28	5.0656000000000005e-27
FYN	0.99406	NM_002037.5	1.0	0.005939999999999945
FYTTD1	0.39504	NM_032288.7	0.11946	0.27558
FZD1	0.042428	NM_003505.2	0.012364	0.030064
FZD2	0.65266	NM_001466.4	0.030057	0.622603
FZD3	0.00043561	NM_017412.4	0.96861	0.9681743899999999
FZD4	0.96962	NM_012193.4	0.36307	0.60655
FZD5	0.98255	NM_003468.4	0.90108	0.08147000000000004
FZD6	2.0034e-12	NM_003506.4	1.6785e-11	1.47816e-11
FZD7	0.08835	NM_003507.2	0.00078687	0.08756313
FZD8	0.78983	NM_031866.3	0.0093541	0.7804759
FZD9	0.0019309	NM_003508.3	5.927e-11	0.00193089994073
FZD10	0.00052847	NM_007197.4	0.0020859	0.0015574299999999998
FZR1	0.99969	NM_016263.4	0.99999	0.000300000000000078
G2E3	0.97083	NM_017769.5	0.8881	0.08272999999999997
G3BP1	0.033122	NM_005754.3	0.00037728	0.03274472
G3BP2	0.99954	NM_203505.3	0.083913	0.915627
G6PC1		NM_000151.4	3.7042e-05	
G6PC2	2.9565e-16	NM_021176.3	3.5584e-05	3.558399999970435e-05
G6PC3	4.7177e-06	NM_138387.4	5.3335e-08	4.664365e-06
GAA	2.8174e-18	NM_000152.5	2.0036e-25	2.8173997996400002e-18
GAB1	0.18433	NM_002039.4	0.9751	0.79077
GAB2	0.98325	NM_080491.3	0.67676	0.30648999999999993
GAB4	2.344e-10	NM_001037814.1	0.00035302	0.0003530197656
GABARAP	0.26129	NM_007278.2	0.2332	0.02809000000000003
GABARAPL1	0.83532	NM_031412.4	0.7447	0.09061999999999992
GABARAPL2	0.00022815	NM_007285.7	0.0018318	0.0016036499999999999
GABBR1	0.99991	NM_001470.4	1.0	9.00000000000345e-05
GABBR2	0.99999	NM_005458.8	0.99997	2.0000000000020002e-05
GABPA	0.99812	NM_002040.4	1.0	0.0018799999999999928
GABPB1	0.91121	NM_016654.5	0.64524	0.26596999999999993
GABPB2	5.413e-06	NM_144618.3	9.204e-05	8.662700000000001e-05
GABRA1	0.91489	NM_001127644.2	0.99999	0.08510000000000006
GABRA2	0.99598	NM_000807.4	0.98379	0.012189999999999923
GABRA4	0.7786	NM_000809.4	0.99973	0.22113000000000005
GABRA5	0.90535	NM_000810.4	0.79404	0.11131000000000002
GABRA6	1.336e-12	NM_000811.3	2.1073e-14	1.314927e-12
GABRB1	0.98116	NM_000812.4	0.72752	0.2536400000000001
GABRB2	0.84876	NM_001371727.1	0.99947	0.15071
GABRB3	0.95138	NM_000814.6	0.99912	0.047740000000000005
GABRD	0.99345	NM_000815.5	0.00016648	0.9932835200000001
GABRG1	9.7634e-05	NM_173536.4	2.0581e-12	9.763399794189999e-05
GABRG2	0.73852	NM_198904.4	0.99942	0.2609
GABRG3	0.84683	NM_033223.5	0.3612	0.48562999999999995
GABRP	1.8174e-13	NM_014211.3	8.3721e-16	1.8090278999999998e-13
GABRR1	8.6523e-14	NM_002042.5	1.4219e-15	8.51011e-14
GABRR2	1.4645e-05	NM_002043.5	4.041e-09	1.4640958999999999e-05
GAD1	0.046164	NM_000817.3	0.28136	0.23519600000000002
GAD2	0.75083	NM_001134366.2	0.99997	0.24914000000000003
GADD45A	0.044075	NM_001924.4	0.46593	0.421855
GADD45B	0.21058	NM_015675.4	0.010504	0.20007599999999998
GADD45G	0.55259	NM_006705.4	0.17126	0.38133000000000006
GADD45GIP1	0.00010261	NM_052850.4	5.2243e-06	9.73857e-05
GADL1	1.3724e-21	NM_207359.3	2.0991e-08	2.0990999999998626e-08
GAK	0.0051818	NM_005255.4	3.9537e-12	0.0051817999960463
GAL	4.3885e-06	NM_015973.5	0.013705	0.0137006115
GAL3ST1	0.66559	NM_001318104.2	0.023014	0.642576
GAL3ST2	2.9341e-11	NM_022134.3	2.293e-07	2.29270659e-07
GAL3ST3	1.9296e-08	NM_033036.3	1.431e-10	1.91529e-08
GAL3ST4	2.2251e-12	NM_024637.5	3.3722e-12	1.1471000000000002e-12
GALC	5.2142e-15	NM_000153.4	3.8591e-15	1.3551000000000003e-15
GALE	1.4757e-10	NM_001008216.2	5.1351e-08	5.1203430000000003e-08
GALK1	1.042e-05	NM_000154.2	8.4112e-10	1.041915888e-05
GALK2	7.8958e-14	NM_002044.4	3.9885e-07	3.98849921042e-07
GALM	4.8791e-11	NM_138801.3	2.9942e-13	4.849158e-11
GALNS	2.9611e-10	NM_000512.5	2.5056e-23	2.9610999999997495e-10
GALNT1	0.0019091	NM_020474.4	0.99998	0.9980709
GALNT2	0.0084175	NM_004481.5	0.89335	0.8849325
GALNT3	7.4143e-09	NM_004482.4	1.2541e-07	1.179957e-07
GALNT4	0.26691	NM_003774.5	0.068625	0.198285
GALNT5	7.9311e-14	NM_014568.3	8.8892e-12	8.809889e-12
GALNT6	1.4162e-09	NM_007210.4	7.766e-13	1.4154234e-09
GALNT7	2.5907e-06	NM_017423.3	0.0048622	0.0048596093
GALNT8	8.0674e-20	NM_017417.2	1.8609e-10	1.86089999919326e-10
GALNT9	0.0052407	NM_001122636.2	4.0326e-15	0.005240699999995968
GALNT10	1.987e-05	NM_198321.4	0.0028626	0.00284273
GALNT11	1.6685e-05	NM_022087.4	1.3462e-09	1.6683653800000002e-05
GALNT12	9.3863e-07	NM_024642.5	4.3146e-11	9.38586854e-07
GALNT13	0.99066	NM_052917.4	0.046596	0.944064
GALNT14	7.0648e-17	NM_024572.4	2.2151e-14	2.2080352e-14
GALNT15	3.6481e-18	NM_054110.5	3.3378e-20	3.614722e-18
GALNT16	0.00013872	NM_001168368.2	0.46875	0.46861128
GALNT17		NM_022479.3	0.019036	
GALNT18	0.00030345	NM_198516.3	1.1267e-09	0.00030344887329999997
GALNTL5	3.5947e-16	NM_145292.4	3.9301e-10	3.9300964053e-10
GALNTL6	4.3214e-09	NM_001034845.3	1.8821e-05	1.8816678600000002e-05
GALP	2.9414e-05	NM_033106.4	0.00027773	0.000248316
GALR1	0.00053174	NM_001480.4	0.037933	0.03740126
GALR2	6.3829e-06	NM_003857.4	0.011818	0.0118116171
GALR3	0.00013455	NM_003614.2	0.0036965	0.0035619500000000004
GALT	8.8234e-05	NM_000155.4	4.2797e-11	8.8233957203e-05
GAMT	0.0094758	NM_000156.6	2.6125e-10	0.009475799738749999
GAN	0.024842	NM_022041.4	1.5123e-06	0.0248404877
GANAB	0.99873	NM_198334.3	1.0	0.0012699999999999934
GANC	7.545700000000001e-35	NM_198141.3	5.0307e-18	5.0307e-18
GAP43	0.021461	NM_002045.4	0.99645	0.974989
GAPDH	0.11388	NM_002046.7	0.19015	0.07627000000000002
GAPDHS	3.3372e-05	NM_014364.5	3.397e-10	3.3371660299999996e-05
GAPT	0.30619	NM_001304431.2	0.19147	0.11472000000000002
GAPVD1	1.0	NM_001282680.3	1.0	0.0
GAR1	0.10049	NM_018983.4	0.15735	0.056859999999999994
GAREM1		NM_001242409.2	0.94942	
GAREM2		NM_001168241.2	1.3207e-05	
GARNL3	6.8913e-06	NM_032293.5	0.8693	0.8692931087
GARRE1		NM_014686.5	0.0026176	
GARS1		NM_002047.4	0.00052745	
GART	0.00027711	NM_000819.5	0.95647	0.9561928900000001
GAS1	0.81915	NM_002048.3	0.00071229	0.8184377100000001
GAS2	0.00080175	NM_001143830.3	0.013769	0.01296725
GAS2L2	1.5879e-06	NM_139285.4	8.2195e-05	8.060709999999999e-05
GAS2L3	2.1234e-13	NM_174942.3	0.0073346	0.0073345999997876605
GAS6	0.034477	NM_000820.4	1.915e-08	0.03447698085
GAS7	0.8523	NM_201433.2	0.024133	0.828167
GASK1A		NM_001129908.3	1.1914e-15	
GASK1B		NM_001128424.2	1.6665e-08	
GAST	0.0027394	NM_000805.5	0.0029886	0.0002492000000000002
GATA2	0.97927	NM_032638.5	0.99993	0.02066000000000001
GATA3	0.89887	NM_001002295.2	0.99953	0.10066000000000008
GATA4	0.49308	NM_001308093.3	0.99122	0.49813999999999997
GATA5	0.28478	NM_080473.5	3.6228e-11	0.28477999996377196
GATA6	0.99709	NM_005257.6	0.95497	0.042120000000000046
GATAD1	0.42971	NM_021167.5	0.055194	0.37451599999999996
GATAD2A	0.99957	NM_001384528.1	1.0	0.00043000000000004146
GATAD2B	0.99998	NM_020699.4	1.0	2.0000000000020002e-05
GATB		NM_004564.3	4.9411e-06	
GATC	0.00065888	NM_176818.3	0.0033359	0.00267702
GATD1		NM_182612.4	9.8431e-08	
GATM	0.051418	NM_001482.3	0.32892	0.27750199999999997
GBA2	1.9892e-20	NM_020944.3	4.857e-13	4.85699980108e-13
GBE1	1.1497e-12	NM_000158.4	1.475e-08	1.47488503e-08
GBF1	4.7521e-15	NM_001377137.1	1.8708e-10	1.8707524789999998e-10
GBGT1	1.0776e-10	NM_021996.6	2.0849e-05	2.084889224e-05
GBP1	1.2564e-15	NM_002053.3	3.2387e-20	1.2563676130000001e-15
GBP2	4.0322e-10	NM_004120.5	8.7478e-14	4.03132522e-10
GBP3	1.0303e-18	NM_018284.3	7.4078e-17	7.30477e-17
GBP4	9.1784e-16	NM_052941.5	4.0470000000000005e-25	9.178399995952999e-16
GBP5	8.112e-10	NM_052942.5	3.5044e-07	3.4962880000000003e-07
GBP6	5.233e-16	NM_198460.3	2.5979e-15	2.0746e-15
GBP7	1.5462e-14	NM_207398.3	7.7524e-09	7.752384538000001e-09
GBX1	0.40982	NM_001098834.3	0.17575	0.23407000000000003
GBX2	0.71347	NM_001485.4	0.87795	0.16447999999999996
GC	2.7301e-11	NM_000583.4	2.2894e-07	2.28912699e-07
GCA	0.00013787	NM_012198.5	0.043473	0.04333513
GCAT	1.5281e-08	NM_014291.4	1.0113e-07	8.5849e-08
GCC1	1.4478e-06	NM_024523.6	5.6953e-06	4.2475e-06
GCC2	1.9864e-05	NM_181453.4	5.8596e-07	1.927804e-05
GCDH	0.004856	NM_000159.4	1.7641e-05	0.004838359
GCFC2	2.5566e-24	NM_003203.5	2.1464e-05	2.1464e-05
GCG	0.034814	NM_002054.5	0.13767	0.10285599999999999
GCGR	2.2154e-06	NM_000160.5	1.3739e-11	2.215386261e-06
GCH1	0.90292	NM_000161.3	0.3618	0.5411199999999999
GCHFR	0.048251	NM_005258.3	0.00039663	0.04785437
GCK	0.63464	NM_000162.5	7.7468e-07	0.6346392253199999
GCKR	8.5354e-19	NM_001486.4	3.2764e-14	3.276314646e-14
GCLC	0.42718	NM_001498.4	0.99953	0.57235
GCLM	0.99011	NM_002061.4	0.0013864	0.9887236
GCM1	0.999	NM_003643.4	0.99036	0.008639999999999981
GCM2	0.00091142	NM_004752.4	6.7102e-06	0.0009047098
GCN1		NM_006836.2	1.0	
GCNT1	0.0033333	NM_001490.5	0.00207	0.0012633000000000002
GCNT2	2.4065e-05	NM_145649.5	7.7917e-10	2.406422083e-05
GCNT3	1.1214e-08	NM_004751.3	0.064118	0.06411798878599999
GCNT4	0.0011474	NM_001366737.1	0.0013309	0.00018350000000000007
GCSAM	0.06403	NM_152785.5	0.077413	0.013382999999999992
GCSAML	0.12474	NM_145278.5	0.0036073	0.12113270000000001
GCSH	0.001602	NM_004483.5	0.33443	0.332828
GDA	0.99867	NM_004293.5	0.48829	0.51038
GDAP1	3.2448e-08	NM_018972.4	0.00023132	0.000231287552
GDAP1L1	0.4453	NM_024034.6	0.0001484	0.4451516
GDAP2	1.4591e-09	NM_017686.4	0.051238	0.0512379985409
GDE1	6.1163e-06	NM_016641.4	0.00080579	0.0007996737
GDF1	0.41237	NM_001492.6	6.6838e-06	0.4123633162
GDF2	0.0024656	NM_016204.4	3.102e-06	0.002462498
GDF3	4.0734e-05	NM_020634.3	0.0010543	0.001013566
GDF5	0.67002	NM_000557.5	0.025782	0.644238
GDF6	0.98833	NM_001001557.4	0.99958	0.011249999999999982
GDF7	0.63062	NM_182828.4	2.7239e-05	0.630592761
GDF9	5.5222e-06	NM_005260.7	4.2402e-07	5.09818e-06
GDF10	0.0053478	NM_004962.5	5.3724e-07	0.00534726276
GDF11	0.97645	NM_005811.5	0.59529	0.38116000000000005
GDF15	3.0133e-07	NM_004864.4	0.00017122	0.00017091867
GDI2	0.84933	NM_001494.4	0.48057	0.36876000000000003
GDNF	0.2035	NM_000514.4	0.59747	0.39396999999999993
GDPD1	0.0026188	NM_182569.4	7.703e-05	0.00254177
GDPD3	1.6968e-15	NM_024307.3	5.8726e-13	5.855632e-13
GDPD4	2.7987e-13	NM_182833.3	3.5842e-07	3.5841972013e-07
GDPD5	0.00025041	NM_030792.8	7.1562e-12	0.0002504099928438
GDPGP1	1.1916e-08	NM_001013657.3	7.5115e-07	7.39234e-07
GEM	1.179e-08	NM_005261.4	4.3081e-07	4.1902e-07
GEMIN2	1.4999e-06	NM_003616.3	0.0097329	0.009731400099999999
GEMIN4	5.8966e-13	NM_015721.3	3.8288e-15	5.858312e-13
GEMIN5	1.244e-21	NM_015465.5	2.9965e-18	2.9952559999999997e-18
GEMIN6	0.00010596	NM_024775.10	9.2775e-05	1.318499999999999e-05
GEMIN7	0.64543	NM_024707.3	0.0075986	0.6378313999999999
GEN1	3.7299e-15	NM_001130009.3	1.758e-07	1.757999962701e-07
GET1		NM_004627.6	2.2944e-06	
GET3		NM_004317.4	0.032654	
GET4	0.56164	NM_015949.3	2.6946e-05	0.5616130540000001
GFAP	1.4601e-06	NM_002055.5	2.8861e-09	1.4572139e-06
GFER	0.00017308	NM_005262.3	4.5979e-11	0.00017307995402099998
GFI1	0.25492	NM_005263.5	0.048531	0.206389
GFI1B	0.00052334	NM_001377304.1	0.005101	0.00457766
GFM1	9.278e-13	NM_024996.7	3.6978e-10	3.688522e-10
GFM2	1.4922e-18	NM_032380.5	6.5374e-11	6.53739985078e-11
GFOD1	0.053666	NM_018988.4	0.67061	0.616944
GFOD2	0.046624	NM_030819.4	0.74176	0.695136
GFPT1	0.89953	NM_001244710.2	0.022385	0.8771450000000001
GFPT2	6.3867e-09	NM_005110.4	3.968e-12	6.382732e-09
GFRA1	0.1175	NM_005264.8	0.99768	0.88018
GFRA2	0.097532	NM_001495.5	0.10423	0.0066980000000000095
GFRA3	0.027638	NM_001496.4	0.0089447	0.0186933
GFRA4	0.0013789	NM_022139.4	3.0179e-16	0.0013788999999996981
GFRAL	6.5227e-10	NM_207410.2	1.5186e-06	1.51794773e-06
GFUS		NM_003313.4	5.1638e-15	
GFY	0.56196	NM_001195256.2	1.089e-09	0.561959998911
GGA1	0.99992	NM_013365.5	0.99577	0.004149999999999987
GGA2	1.2573e-07	NM_015044.4	3.1836e-05	3.171027e-05
GGA3	1.6701e-06	NM_138619.4	4.0985e-15	1.6700999959015e-06
GGACT	0.00075371	NM_001195087.2	0.65041	0.64965629
GGCT	0.000143	NM_024051.4	4.8489e-05	9.4511e-05
GGCX	2.0199e-14	NM_000821.7	2.2339e-15	1.79651e-14
GGH	0.58132	NM_003878.3	0.059021	0.522299
GGN	0.0018569	NM_152657.4	4.5065e-08	0.0018568549350000002
GGNBP2	1.0	NM_024835.5	1.0	0.0
GGPS1	0.26866	NM_004837.4	0.053041	0.215619
GGT1	7.5307e-05	NM_001288833.2	0.4546	0.454524693
GGT5	2.1567e-11	NM_004121.5	6.8707e-16	2.156631293e-11
GGT6	2.9754e-08	NM_001288702.2	0.00048017	0.000480140246
GGT7	0.98393	NM_178026.3	0.0067049	0.9772251
GGTLC1	3.3367e-05	NM_178311.3	0.00028492	0.00025155299999999995
GGTLC2	2.3206e-05	NM_199127.3	0.00043345	0.000410244
GH1	0.030057	NM_000515.5	0.012747	0.01731
GH2	0.024553	NM_002059.5	0.00015233	0.02440067
GHDC	4.4358e-09	NM_032484.5	9.2881e-14	4.435707119e-09
GHITM	0.011502	NM_014394.3	0.50899	0.49748800000000004
GHR	8.4385e-05	NM_000163.5	0.15729	0.15720561500000002
GHRH	0.14964	NM_021081.6	0.23099	0.08135
GHRHR	1.0082e-07	NM_000823.4	4.5012e-08	5.5808e-08
GHRL	1.3921e-11	NM_016362.5	9.5725e-05	9.5724986079e-05
GHSR	0.0065825	NM_198407.2	9.2232e-05	0.0064902679999999996
GID4	0.92062	NM_024052.5	0.75242	0.16820000000000002
GID8	0.93963	NM_017896.3	0.91485	0.024779999999999913
GIGYF1	3.4196e-06	NM_001375765.1	4.3365e-16	3.41959999956635e-06
GIGYF2	1.0	NM_001103146.3	1.0	0.0
GIMAP1	0.40351	NM_130759.4	0.95562	0.5521100000000001
GIMAP2	0.40527	NM_015660.3	4.0622e-07	0.40526959378
GIMAP4	0.0017434	NM_018326.3	0.0095453	0.0078019
GIMAP5	0.096506	NM_018384.5	0.0018885	0.0946175
GIMAP6	0.14212	NM_024711.6	0.0039807	0.1381393
GIMAP7		NM_153236.4		
GIMAP8	7.1512e-05	NM_175571.4	7.2777e-08	7.143922300000001e-05
GIMD1		NM_001195138.2	0.0025971	
GIN1	2.4151e-05	NM_017676.2	0.41286	0.41283584900000003
GINM1	5.027e-09	NM_138785.5	0.00063039	0.000630384973
GINS1	7.7028e-07	NM_021067.5	0.077799	0.07779822971999999
GINS2	1.5745e-08	NM_016095.3	5.7716e-05	5.7700255000000004e-05
GINS3	1.505e-05	NM_022770.4	9.8249e-06	5.2251e-06
GINS4	0.00013735	NM_032336.3	0.0061006	0.005963250000000001
GIP	0.27108	NM_004123.3	0.00010297	0.27097703
GIPC1	0.0083114	NM_005716.4	0.36497	0.3566586
GIPC2	3.1514e-09	NM_017655.6	1.4008e-05	1.4004848600000001e-05
GIPC3	0.0093379	NM_133261.3	0.00042657	0.00891133
GIPR	1.9703e-29	NM_000164.4	7.4743e-26	7.4723297e-26
GIT1	0.99978	NM_014030.4	1.0	0.00021999999999999797
GIT2	0.99793	NM_057169.5	0.2268	0.77113
GJA1	0.15523	NM_000165.5	0.96386	0.8086300000000001
GJA3	0.0013126	NM_021954.4	0.13111	0.1297974
GJA4	0.055777	NM_002060.3	0.030077	0.0257
GJA5	0.017871	NM_181703.4	0.50242	0.48454899999999995
GJA8	0.002205	NM_005267.5	1.2646e-05	0.002192354
GJA9	4.6528e-12	NM_030772.5	0.1844	0.1843999999953472
GJA10	5.3123e-10	NM_032602.2	0.039412	0.039411999468770005
GJB2	6.562e-16	NM_004004.6	3.5966e-15	2.9404000000000002e-15
GJB3	0.0021767	NM_024009.3	0.0065903	0.0044136
GJB4	0.00055114	NM_153212.3	0.13158	0.13102886
GJB5	1.3704e-05	NM_005268.4	0.051835	0.051821295999999996
GJB6	1.658e-07	NM_001110219.3	3.4146e-05	3.3980200000000004e-05
GJB7	9.8644e-07	NM_198568.3	0.0014583	0.00145731356
GJC1	0.98795	NM_005497.4	0.99974	0.011789999999999967
GJC2	0.010438	NM_020435.4	0.45701	0.446572
GJC3	0.00052869	NM_181538.3	2.7646e-05	0.000501044
GJD2	0.19681	NM_020660.3	0.037216	0.159594
GJD3	3.3471e-05	NM_152219.4		
GJD4	0.014965	NM_153368.3	2.1783e-07	0.01496478217
GK2	5.0156e-10	NM_033214.3	1.2389e-05	1.2388498439999999e-05
GK5	0.0063366	NM_001039547.3	0.75236	0.7460234
GKAP1	0.061133	NM_025211.4	0.21034	0.149207
GKN1	1.1309e-06	NM_019617.4	0.027864	0.0278628691
GKN2	0.00023223	NM_182536.3	0.0041085	0.0038762700000000002
GLB1	7.9215e-10	NM_000404.4	2.9564e-15	7.921470436e-10
GLB1L	3.6916e-13	NM_001286423.2	3.1044e-13	5.872000000000003e-14
GLB1L2	4.501500000000002e-19	NM_001370461.1	4.4837e-16	4.4791985e-16
GLB1L3	6.7255e-23	NM_001080407.3	3.8008e-22	3.12825e-22
GLCCI1	0.05903	NM_138426.4	0.00013016	0.05889984
GLCE	0.65444	NM_015554.3	0.96518	0.31074
GLDC	6.5777e-28	NM_000170.3	2.5009e-21	2.5008993422299998e-21
GLDN	2.5809e-13	NM_181789.4	6.9905e-13	4.4096e-13
GLE1	2.0536e-10	NM_001003722.2	2.1418e-15	2.0535785820000001e-10
GLG1	1.0	NM_001145667.2	0.99969	0.00031000000000003247
GLI1	7.6639e-14	NM_005269.3	1.318e-07	1.31799923361e-07
GLI2	0.97303	NM_001374353.1	1.0	0.02697000000000005
GLI3	0.99999	NM_000168.6	1.0	9.99999999995449e-06
GLI4	0.0023726	NM_138465.4	9.0058e-15	0.002372599999990994
GLIPR1	2.072e-14	NM_006851.3	0.00027143	0.00027142999997928
GLIPR1L1	1.0546e-06	NM_001304964.2	0.0037058	0.0037047454
GLIPR1L2	2.2717e-07	NM_001270396.2	4.9759e-06	4.74873e-06
GLIPR2	4.8573e-05	NM_022343.4	0.00048116	0.000432587
GLIS1	0.038902	NM_001367484.1	0.14044	0.10153800000000002
GLIS2	0.85834	NM_032575.3	0.32698	0.53136
GLIS3	5.5977e-08	NM_001042413.2	2.4153e-12	5.59745847e-08
GLMN	1.1537e-12	NM_053274.3	0.0062403	0.0062402999988462994
GLMP		NM_144580.3	9.4695e-13	
GLOD4	6.0698e-13	NM_016080.4	0.00053875	0.00053874999939302
GLP1R	0.29347	NM_002062.5	0.98579	0.69232
GLP2R	2.635e-11	NM_004246.3	1.8769e-11	7.581e-12
GLRA1	0.00015816	NM_000171.4	1.979e-07	0.0001579621
GLRA3	1.7764e-05	NM_006529.4	0.00020085	0.000183086
GLRB	0.0014157	NM_000824.5	0.46345	0.46203429999999995
GLRX	5.6744e-07	NM_001118890.2	0.021393	0.021392432559999997
GLRX2	0.0008599	NM_197962.3	0.013313	0.0124531
GLRX3	0.35753	NM_006541.5	0.084877	0.27265300000000003
GLRX5	0.7456	NM_016417.3	0.00038364	0.74521636
GLS	0.96154	NM_014905.5	0.06309	0.89845
GLS2	1.3239e-10	NM_013267.4	2.6413e-11	1.0597699999999999e-10
GLT1D1	6.1378e-08	NM_144669.3	0.019165	0.019164938622000003
GLT6D1	0.11957	NM_182974.3	0.15317	0.033600000000000005
GLT8D1	1.1343e-08	NM_018446.4	0.0016088	0.001608788657
GLT8D2	1.7287e-14	NM_001384711.1	8.0056e-08	8.0055982713e-08
GLTP	0.11475	NM_016433.4	2.4955e-05	0.11472504500000001
GLTPD2	5.9973e-05	NM_001014985.3	4.1964e-06	5.5776600000000004e-05
GLUD1	0.0070495	NM_005271.5	0.016085	0.009035499999999998
GLUL	0.9957	NM_001033044.4	0.99971	0.004009999999999958
GLYAT	3.6418e-08	NM_201648.3	0.00069105	0.000691013582
GLYATL1	0.0033704	NM_001389712.2	0.00022867	0.00314173
GLYATL2	1.5822e-06	NM_145016.4	6.6495e-08	1.515705e-06
GLYATL3	7.0711e-08	NM_001010904.2	5.3542e-05	5.3471289e-05
GLYCTK	9.6521e-11	NM_145262.4	8.6061e-10	7.64089e-10
GLYR1	0.99973	NM_032569.4	0.99998	0.00024999999999997247
GM2A	0.03103	NM_000405.5	0.11867	0.08764
GMCL1	3.5709e-07	NM_178439.5	4.2973e-08	3.14117e-07
GMCL2		NM_001358008.2	0.037303	
GMDS	0.99132	NM_001500.4	0.53745	0.45387
GMEB1	0.98549	NM_001319674.2	1.0	0.014510000000000023
GMEB2	0.99495	NM_012384.5	0.99967	0.0047199999999999465
GMFG	1.1758e-08	NM_004877.4	0.018652	0.018651988241999998
GMIP	1.8778e-10	NM_016573.4	5.757e-08	5.738222e-08
GML	0.21757	NM_002066.3	0.34636	0.12879
GMNC	0.44666	NM_001146686.3	0.0069236	0.4397364
GMPPA	8.3635e-09	NM_013335.4	3.3672e-10	8.02678e-09
GMPPB	8.437e-07	NM_021971.4	2.0523e-12	8.436979476999999e-07
GMPR	1.3075e-05	NM_006877.4	5.9177e-06	7.157299999999999e-06
GMPR2	1.0324e-08	NM_001002002.3	6.3512e-09	3.9728e-09
GMPS	0.99825	NM_003875.3	0.089405	0.908845
GNA11	0.88941	NM_002067.5	0.99978	0.11036999999999997
GNA12	0.96994	NM_007353.3	0.92594	0.04400000000000004
GNA13	0.86735	NM_006572.6	0.99986	0.13251000000000002
GNA14	2.4256e-17	NM_004297.4	2.6525e-14	2.6500744e-14
GNA15	0.0059721	NM_002068.4	1.6884e-05	0.005955216
GNAI1	0.91125	NM_002069.6	0.86287	0.04837999999999998
GNAI2	0.89194	NM_002070.4	1.0	0.10806000000000004
GNAI3	0.038287	NM_006496.4	0.16981	0.131523
GNAL	0.99829	NM_182978.4	0.0004266	0.9978634
GNAO1	0.98963	NM_020988.3	1.0	0.01036999999999999
GNAQ	0.98069	NM_002072.5	0.5787	0.40198999999999996
GNAS	0.68076	NM_000516.7	0.99999	0.31923
GNAT1	9.8532e-13	NM_144499.3	5.7987e-11	5.700168e-11
GNAT2	6.9544e-06	NM_001377295.2	9.0816e-06	2.1271999999999997e-06
GNAT3	1.6347e-05	NM_001102386.3	0.031334	0.031317653
GNAZ	0.96272	NM_002073.4	0.99979	0.037069999999999936
GNB1	0.9992	NM_002074.5	0.9976	0.0015999999999999348
GNB1L	4.7419e-05	NM_053004.3	1.1408e-06	4.62782e-05
GNB2	0.98876	NM_005273.4	0.99977	0.011010000000000075
GNB3	3.3303e-11	NM_002075.4	3.8394e-09	3.806097e-09
GNB4	0.0023672	NM_021629.4	0.0053098	0.0029426
GNB5	6.3614e-08	NM_016194.4	1.1316e-05	1.1252386e-05
GNE	2.4844e-16	NM_005476.7	1.6876e-06	1.6875999997515599e-06
GNG2	0.50556	NM_053064.5	0.38074	0.12481999999999999
GNG3	0.54217	NM_012202.5	0.21734	0.32483000000000006
GNG4	0.15575	NM_001098722.2	0.013553	0.142197
GNG5	0.18814	NM_005274.3	0.49855	0.31040999999999996
GNG7	0.49663	NM_052847.3	0.7162	0.21956999999999993
GNG8	0.164	NM_033258.2	0.015411	0.148589
GNG10	5.1789e-05	NM_001017998.4	0.0012732	0.001221411
GNG12	0.58936	NM_018841.6	0.75133	0.16197000000000006
GNG13	8.0284e-05	NM_016541.3	0.0042439	0.004163616
GNGT2	0.19392	NM_001198754.2	0.038378	0.155542
GNL1	0.99928	NM_005275.5	1.0	0.0007200000000000539
GNL2	6.52e-05	NM_013285.3	8.3299e-05	1.8099000000000004e-05
GNL3	1.9878000000000002e-19	NM_014366.5	2.7989e-15	2.79870122e-15
GNLY	9.6899e-09	NM_006433.5	0.00038381	0.0003838003101
GNMT	0.0028153	NM_018960.6	3.0577e-09	0.0028152969423000003
GNPAT	0.30403	NM_014236.4	0.87864	0.57461
GNPDA1	1.6024e-07	NM_005471.5	0.00017417	0.00017400976
GNPDA2	0.0084836	NM_138335.3	0.00015284	0.008330760000000001
GNPTAB	7.682400000000001e-19	NM_024312.5	1.5001e-13	1.5000923176e-13
GNPTG	4.6332e-09	NM_032520.5	1.4307e-17	4.633199985693e-09
GNRH1	0.15146	NM_001083111.2	0.33093	0.17947
GNRH2	1.3359e-07	NM_178331.2	1.4259e-06	1.29231e-06
GNRHR	0.067566	NM_000406.3	0.44922	0.381654
GNS	0.00056441	NM_002076.4	0.01087	0.01030559
GOLGA1	1.4256e-06	NM_002077.4	0.0025137	0.0025122744
GOLGA2	0.98756	NM_001366244.2	1.0	0.012440000000000007
GOLGA3	0.0067951	NM_001389683.1	1.6692e-05	0.0067784080000000005
GOLGA4	9.481e-16	NM_002078.5	1.1329e-20	9.48088671e-16
GOLGA5	5.9628e-05	NM_005113.4	0.00022394	0.000164312
GOLGA6A	1.61e-05	NM_001038640.2	0.99516	0.9951439000000001
GOLGA6B	1.2579e-12	NM_018652.5	0.21157	0.2115699999987421
GOLGA6C	0.001001	NM_001164404.2	0.90284	0.901839
GOLGA6D	9.1588e-08	NM_001145224.3	0.0083299	0.008329808412
GOLGA6L1	2.3586e-12	NM_001001413.3	0.39988	0.3998799999976414
GOLGA6L2	1.0579e-06	NM_001304388.2	1.6102e-07	8.968800000000001e-07
GOLGA6L6	2.2875000000000003e-19	NM_001145004.2	0.16569	0.16569
GOLGA6L7		NM_001365371.2	0.0060013	
GOLGA6L9		NM_198181.4	2.5407e-05	
GOLGA6L10	0.00117	NM_001164465.3	0.99605	0.99488
GOLGA7B	0.00599	NM_001010917.3	2.7231e-05	0.005962769
GOLGA8A	0.00039454	NM_181077.5	0.39533	0.39493546
GOLGA8B	4.7959e-05	NM_001023567.5	0.46114	0.461092041
GOLGA8H	5.4636e-36	NM_001282490.2	5.6467e-18	5.6467e-18
GOLGA8J	8.9595e-17	NM_001282472.2	0.040269	0.04026899999999991
GOLGA8K	2.3308e-12	NM_001282493.2	0.0077422	0.007742199997669201
GOLGA8M	2.7284e-13	NM_001282468.3	1.7182e-08	1.718172716e-08
GOLGA8O	1.7023e-07	NM_001277308.1	0.72092	0.72091982977
GOLGA8Q	0.0010139	NM_001355476.2	0.40496	0.4039461
GOLGA8R	2.5398e-12	NM_001282484.1	0.0010555	0.0010554999974602
GOLGA8T	1.2558e-11	NM_001355469.2	0.0096314	0.009631399987442
GOLGB1	9.2969e-12	NM_001366282.2	0.0029977	0.0029976999907031
GOLIM4	3.9661e-11	NM_014498.5	2.775e-07	2.77460339e-07
GOLM1	9.6171e-09	NM_016548.4	8.3921e-06	8.3824829e-06
GOLM2		NM_138423.4	0.43815	
GOLPH3	0.23586	NM_022130.4	0.0090078	0.22685219999999998
GOLPH3L	1.2615e-05	NM_018178.6	8.4762e-05	7.2147e-05
GOLT1A	0.23676	NM_198447.2	0.011665	0.225095
GON4L	0.9515	NM_001282860.2	0.64858	0.30291999999999997
GON7		NM_032490.5	0.57817	
GOPC	0.00084252	NM_020399.4	0.00022424	0.00061828
GORAB	6.6537e-06	NM_152281.3	0.0054121	0.0054054463
GORASP1	0.019543	NM_031899.4	1.0323e-09	0.019542998967700002
GORASP2	0.88389	NM_015530.5	0.52213	0.36175999999999997
GOSR1	0.062823	NM_001007025.2	0.24442	0.181597
GOSR2	4.6633e-07	NM_004287.5	0.00016511	0.00016464367
GOT1	0.0011573	NM_002079.3	0.021056	0.0198987
GOT1L1	5.1791e-10	NM_152413.3	2.8121e-11	4.89789e-10
GOT2	0.014233	NM_002080.4	0.49396	0.479727
GP1BA	0.0032325	NM_000173.7	0.099846	0.0966135
GP1BB	0.51249	NM_000407.5	0.010404	0.502086
GP2	1.675e-21	NM_001502.4	5.391e-09	5.390999999998325e-09
GP5	0.00018766	NM_004488.2	0.34013	0.33994234
GP6	1.6361e-11	NM_001083899.2	1.0271e-15	1.63599729e-11
GP9	0.47575	NM_000174.5		
GPA33	3.5516e-06	NM_005814.3	1.8784e-06	1.6732e-06
GPAA1	5.4966e-09	NM_003801.4	2.3103e-15	5.4965976897e-09
GPALPP1	1.7222e-05	NM_018559.5	0.088553	0.08853577800000001
GPAM	1.2373e-09	NM_001244949.2	0.00078462	0.0007846187627
GPANK1	3.2444e-07	NM_033177.4	2.2302e-07	1.0142000000000002e-07
GPAT2	4.8416e-14	NM_001321527.2	3.0209e-15	4.53951e-14
GPAT3		NM_032717.5	4.7006e-16	
GPAT4		NM_178819.4	0.99961	
GPATCH1	1.5481e-11	NM_018025.3	6.9832e-07	6.983045189999999e-07
GPATCH2	1.0165e-11	NM_018040.5	5.1658e-08	5.1647835e-08
GPATCH2L	0.0028216	NM_017926.4	0.0068557	0.0040341000000000005
GPATCH3	6.3952e-14	NM_022078.3	6.0839e-13	5.44438e-13
GPATCH4	5.6931e-05	NM_182679.3	2.2059e-08	5.6908941e-05
GPATCH8	1.0	NM_001002909.4	1.0	0.0
GPATCH11	1.1151e-07	NM_174931.4	0.00044386	0.00044374849000000004
GPBAR1	1.3633e-09	NM_170699.3	7.47e-07	7.456367e-07
GPBP1	0.41644	NM_022913.4	0.99998	0.58354
GPBP1L1	0.19902	NM_021639.5	0.17698	0.022040000000000004
GPC1	0.015547	NM_002081.3	3.9626e-05	0.015507374
GPC2	0.031538	NM_152742.3	1.2737e-12	0.03153799999872629
GPC5	3.9864e-10	NM_004466.6	1.0431e-13	3.9853569e-10
GPC6	0.14181	NM_005708.5	0.99996	0.85815
GPCPD1	0.2018	NM_019593.5	0.81132	0.6095200000000001
GPD1	0.0055506	NM_005276.4	0.0061336	0.0005830000000000002
GPD1L	0.038201	NM_015141.4	0.0013928	0.0368082
GPD2	8.1316e-11	NM_000408.5	0.00012706	0.000127059918684
GPER1	0.57434	NM_001098201.3	0.00033683	0.57400317
GPHA2	1.4418e-08	NM_130769.4	0.00030433	0.000304315582
GPHB5		NM_145171.4	0.010423	
GPHN	0.99998	NM_020806.5	0.99999	1.0000000000065512e-05
GPI	2.8385e-06	NM_000175.5	3.0918e-10	2.83819082e-06
GPIHBP1	0.13866	NM_178172.6	6.9154e-05	0.13859084600000002
GPLD1	1.5871e-15	NM_001503.4	1.3446e-06	1.3445999984129e-06
GPM6A	0.98962	NM_201591.3	0.99027	0.0006499999999999284
GPN1	5.5764e-05	NM_007266.4	0.015765	0.015709236
GPN2	0.01424	NM_018066.4	1.3087e-06	0.0142386913
GPN3	2.9029e-07	NM_016301.4	0.00010283	0.00010253971
GPNMB	2.8803000000000003e-27	NM_002510.3	6.0584e-21	6.0583971197e-21
GPR3	0.00026263	NM_005281.4	5.8085e-06	0.0002568215
GPR4	0.10018	NM_005282.3	0.0042385	0.0959415
GPR6	0.068111	NM_005284.5	0.00023004	0.06788096
GPR12	0.36177	NM_005288.4	0.62312	0.26135
GPR15	1.1106e-06	NM_005290.4	1.2264e-05	1.11534e-05
GPR17	8.4259e-05	NM_001161417.2	0.013768	0.013683741000000001
GPR18	5.3465e-10	NM_001098200.2	4.8834e-07	4.878053499999999e-07
GPR19	0.10405	NM_006143.3	0.046192	0.05785800000000001
GPR20	0.441	NM_005293.3		
GPR21	0.1128	NM_005294.3	0.67616	0.56336
GPR22	0.060335	NM_005295.3	0.45534	0.39500500000000005
GPR25	0.0093779	NM_005298.4	0.052029	0.0426511
GPR26	0.52096	NM_153442.4	0.00029037	0.52066963
GPR27	0.34682	NM_018971.3	0.081741	0.265079
GPR31	0.020514	NM_005299.3	0.12128	0.100766
GPR32		NM_001506.2	0.30218	
GPR33		NM_001197184.3	0.00022358	
GPR35	0.0049273	NM_005301.5	0.15921	0.1542827
GPR37	0.00033812	NM_005302.5	0.032151	0.03181288
GPR37L1	1.0195e-09	NM_004767.5	6.607e-07	6.596805e-07
GPR39	2.8069e-09	NM_001508.3	1.5085e-09	1.2984e-09
GPR42	0.050905	NM_001348195.2	0.3109	0.25999500000000003
GPR45	0.10453	NM_007227.3	0.0013427	0.1031873
GPR52	0.0095377	NM_005684.5	0.8779	0.8683623
GPR55	2.8503e-05	NM_005683.4	0.0046568	0.004628297
GPR61	0.77771	NM_001393907.1	0.0040097	0.7737003
GPR62	0.26246	NM_080865.4	0.11158	0.15088000000000001
GPR63	0.19747	NM_030784.4	0.035967	0.161503
GPR65	0.1114	NM_003608.4	0.003537	0.107863
GPR68	0.00049976	NM_001177676.2	0.0016243	0.0011245399999999998
GPR75	1.5813e-05	NM_006794.4	6.8235e-12	1.58129931765e-05
GPR78	2.6834e-06	NM_080819.5	1.3013e-13	2.68339986987e-06
GPR83	1.0181e-06	NM_016540.4	1.3705e-07	8.8105e-07
GPR84	3.2998e-09	NM_020370.3	0.020562	0.0205619967002
GPR85	0.77281	NM_001146267.2	0.85318	0.08037000000000005
GPR87	4.8062e-06	NM_023915.4	3.0267e-06	1.7794999999999996e-06
GPR88	0.75488	NM_022049.3	6.6074e-08	0.754879933926
GPR89A	6.6612e-14	NM_001097612.2	0.047664	0.047663999999933385
GPR89B	0.00021519	NM_016334.5	0.00028899	7.379999999999998e-05
GPR107	0.28858	NM_020960.5	0.48163	0.19305
GPR108	1.8227e-13	NM_001080452.2	7.0384e-17	1.82199616e-13
GPR132	0.016959	NM_013345.4	0.069495	0.052536
GPR135	6.4853e-05	NM_022571.6	8.2479e-12	6.48529917521e-05
GPR137	0.66798	NM_001170880.2	0.0023507	0.6656293
GPR137B	1.4197e-11	NM_003272.4	4.8745e-08	4.8730802999999995e-08
GPR137C	0.42259	NM_001099652.2	0.00015758	0.42243242000000003
GPR139	0.036904	NM_001002911.4	0.11009	0.073186
GPR141	8.531e-08	NM_001381946.1	0.01265	0.01264991469
GPR142	1.8753e-10	NM_001331076.1	0.0040192	0.0040191998124699995
GPR148	6.2587e-05	NM_207364.2	0.32564	0.325577413
GPR149	4.3654e-09	NM_001038705.3	3.8003e-18	4.3653999961997e-09
GPR150	1.3878e-05	NM_199243.3	1.5391e-12	1.38779984609e-05
GPR151	3.2266e-08	NM_194251.3	1.4249e-06	1.392634e-06
GPR152	0.00037983	NM_206997.1	0.30261	0.30223016999999996
GPR153	6.8764e-07	NM_207370.4	6.0116e-09	6.816284000000001e-07
GPR155	6.0431e-16	NM_152529.7	2.2342e-07	2.2341999939569e-07
GPR156	1.25e-12	NM_153002.3	3.2008e-09	3.1995499999999998e-09
GPR157	0.00097453	NM_024980.5	1.0317e-05	0.000964213
GPR158	0.00055056	NM_020752.3	0.0048164	0.00426584
GPR160	0.00072275	NM_014373.3	0.44033	0.43960725
GPR161	0.00034935	NM_001375883.1	1.6995e-05	0.000332355
GPR162	0.0093905	NM_019858.2	3.4891e-05	0.009355608999999999
GPR171	0.00016964	NM_013308.4	1.643e-05	0.00015321
GPR176	0.0080793	NM_007223.3	4.8054e-06	0.008074494599999999
GPR179	3.228e-27	NM_001004334.4	4.9425e-14	4.9424999999996777e-14
GPR180	4.0903e-09	NM_180989.6	1.2999e-16	4.0902998700100005e-09
GPR183	0.017257	NM_004951.5	0.19625	0.178993
GPRC5A	6.786e-08	NM_003979.4	0.00021682	0.00021675214
GPRC5B	0.024183	NM_016235.3	0.011818	0.012365
GPRC5C	0.00047422	NM_022036.4	1.1419e-06	0.0004730781
GPRC6A	5.5919e-17	NM_148963.4	4.6258e-14	4.6202081e-14
GPRIN1	0.97001	NM_052899.3	0.0046359	0.9653741
GPRIN2	3.8557e-06	NM_001385282.1	0.00030628	0.00030242429999999997
GPRIN3	4.0589e-13	NM_198281.3	0.00034074	0.00034073999959411
GPS1	0.99819	NM_001321092.3	1.0	0.0018099999999999783
GPS2	0.053179	NM_004489.5	0.032964	0.020214999999999997
GPSM1	2.2075e-05	NM_001145638.3	1.549e-12	2.2074998451e-05
GPSM2	7.6958e-11	NM_013296.5	7.7889e-05	7.7888923042e-05
GPSM3	0.28641	NM_001276501.2	4.445e-06	0.286405555
GPT	3.5945000000000004e-19	NM_005309.3	2.2598e-26	3.59449977402e-19
GPT2	0.00034046	NM_133443.4	0.0051256	0.00478514
GPX1	3.8518e-05	NM_000581.4	0.001908	0.001869482
GPX2	0.00014995	NM_002083.4	9.8178e-10	0.00014994901822000002
GPX3	0.050966	NM_002084.5	1.0975e-08	0.050965989025
GPX4	4.7865e-05	NM_002085.5	2.6553e-10	4.7864734470000004e-05
GPX5	0.00055229	NM_001509.3	0.00018548	0.00036680999999999997
GPX6	2.582e-06	NM_182701.1	4.033e-06	1.4510000000000002e-06
GPX7	5.8451e-06	NM_015696.5	3.0677e-09	5.8420323e-06
GPX8	0.053068	NM_001008397.4	0.037511	0.015556999999999994
GRAMD1A	0.0013146	NM_020895.5	2.2333e-09	0.0013145977667
GRAMD1B	0.99929	NM_001387025.1	0.010058	0.989232
GRAMD1C	5.6286999999999985e-21	NM_017577.5	0.080241	0.080241
GRAMD2A		NM_001012642.3	4.2428e-08	
GRAMD2B		NM_023927.4	0.00023072	
GRAMD4	0.99998	NM_015124.5	0.99816	0.0018199999999999328
GRAP	0.11064	NM_006613.4	0.084382	0.026258000000000004
GRAP2	0.00015256	NM_004810.4	1.2159e-07	0.00015243840999999998
GRB2	0.93934	NM_002086.5	0.99988	0.06054000000000004
GRB7	1.3644e-06	NM_005310.5	5.2215e-12	1.3643947785e-06
GRB10	0.93945	NM_001350814.2	1.0	0.06054999999999999
GRB14	0.053089	NM_004490.3	2.9672e-05	0.053059327999999996
GREB1	6.6023e-09	NM_014668.4	7.9143e-15	6.6022920857e-09
GREB1L	1.0	NM_001142966.3	1.0	0.0
GREM1	0.47436	NM_013372.7	0.23495	0.23941
GREM2	0.031824	NM_022469.4	0.0010012	0.030822799999999997
GRHL1	0.2395	NM_198182.3	0.0018167	0.2376833
GRHL2	0.99683	NM_024915.4	1.0	0.003170000000000006
GRHL3	0.99292	NM_198173.3	0.99994	0.007020000000000026
GRHPR	4.6393e-07	NM_012203.2	3.7191e-09	4.602109e-07
GRIA1	0.99869	NM_000827.4	0.99957	0.0008799999999999919
GRIA2	0.99916	NM_001083619.3	1.0	0.0008399999999999519
GRIA4	0.01831	NM_000829.4	0.9993	0.9809899999999999
GRID1	0.99931	NM_017551.3	1.0	0.0006899999999999684
GRID2	1.0	NM_001510.4	0.99997	2.999999999997449e-05
GRID2IP	0.1245	NM_001145118.2	1.147e-17	0.12449999999999999
GRIFIN		NM_001394787.1	7.6623e-10	
GRIK1	1.1948e-09	NM_001330994.2	0.0011758	0.0011757988052
GRIK2	0.99841	NM_021956.5	0.98699	0.011419999999999986
GRIK3	0.99998	NM_000831.4	0.99999	1.0000000000065512e-05
GRIK4	0.11126	NM_014619.5	0.041331	0.06992899999999999
GRIK5	0.99425	NM_002088.5	0.0028824	0.9913676
GRIN1	0.97629	NM_007327.4	0.018437	0.957853
GRIN2A	0.99998	NM_001134407.3	1.0	2.0000000000020002e-05
GRIN2B	1.0	NM_000834.5	1.0	0.0
GRIN2C	2.3053e-07	NM_000835.6	1.2323000000000001e-19	2.3052999999987677e-07
GRIN2D	0.99996	NM_000836.4	0.00072963	0.9992303699999999
GRIN3A	0.45327	NM_133445.3	2.1853e-05	0.453248147
GRIN3B	2.0223e-07	NM_138690.3	2.4074000000000002e-35	2.0223e-07
GRINA	0.44203	NM_001009184.2	0.0003947	0.44163529999999995
GRIP1	0.50828	NM_001366722.1	0.99999	0.4917100000000001
GRIP2		NM_001080423.4	9.5586e-12	
GRK1	3.0677e-05	NM_002929.3	4.0395e-05	9.718000000000004e-06
GRK2		NM_001619.5	1.0	
GRK3		NM_005160.4	0.24107	
GRK4	1.6286e-15	NM_182982.3	2.8795e-15	1.2508999999999999e-15
GRK5	0.67567	NM_005308.3	0.035108	0.640562
GRK6	0.00048726	NM_001004106.3	0.0027956	0.00230834
GRK7	1.9791e-08	NM_139209.3	7.6597e-05	7.6577209e-05
GRM1	0.14279	NM_001278064.2	0.99997	0.85718
GRM2	0.12019	NM_000839.5	1.1868e-05	0.12017813200000001
GRM3	0.78458	NM_000840.3	0.98288	0.19829999999999992
GRM4	0.99307	NM_000841.4	0.99038	0.00268999999999997
GRM5	0.99872	NM_001143831.3	0.99954	0.0008199999999999319
GRM6	4.4632e-17	NM_000843.4	3.523e-25	4.46319996477e-17
GRM7	0.99896	NM_000844.4	0.36781	0.6311499999999999
GRM8	4.5334e-07	NM_000845.3	0.00023721	0.00023675665999999999
GRN	0.069666	NM_002087.4	0.042667	0.02699900000000001
GRP	0.0025347	NM_002091.5	4.4925e-05	0.002489775
GRPEL1	0.13916	NM_025196.4	0.023945	0.11521500000000001
GRPEL2	0.00035876	NM_152407.4	5.2056e-05	0.00030670400000000004
GRSF1	1.066e-11	NM_002092.4	5.4008e-10	5.294199999999999e-10
GRTP1	4.0399e-13	NM_024719.4	8.3008e-24	4.039899999916992e-13
GRWD1	0.00039721	NM_031485.4	1.565e-06	0.000395645
GRXCR1	3.9439e-11	NM_001080476.3	9.1796e-09	9.140161e-09
GRXCR2	1.0145e-07	NM_001080516.2	1.4374e-07	4.228999999999999e-08
G0S2	0.37788	NM_015714.4	0.3268	0.051080000000000014
GSAP	2.5479e-23	NM_017439.4	7.5754e-07	7.5754e-07
GSC	0.013852	NM_173849.3	7.1559e-05	0.013780441
GSC2	0.0044347	NM_005315.2	4.7513e-05	0.004387187
GSDMA	1.619e-16	NM_178171.5	1.5089e-12	1.5087381e-12
GSDMB	3.3446e-07	NM_001165958.2	6.9989e-06	6.66444e-06
GSDMC	8.0925e-14	NM_031415.3	2.2564e-12	2.175475e-12
GSDMD	1.0789e-13	NM_024736.7	2.2855e-18	1.078877145e-13
GSDME		NM_001127453.2	1.3548e-13	
GSE1	1.0	NM_014615.5	1.0	0.0
GSG1	0.0010401	NM_001080555.4	4.4584e-10	0.00104009955416
GSG1L	0.7676	NM_001109763.2	2.0064e-07	0.76759979936
GSK3A	0.9997	NM_019884.3	0.99895	0.0007500000000000284
GSK3B	0.95571	NM_001146156.2	0.89832	0.05738999999999994
GSKIP	0.3822	NM_016472.5	0.51968	0.13748000000000005
GSN	3.8905e-11	NM_198252.3	2.3482e-09	2.309295e-09
GSPT1	0.99986	NM_002094.4	0.9998	5.999999999994898e-05
GSR	1.2922e-06	NM_000637.5	4.4851e-07	8.436900000000001e-07
GSS	1.7584e-06	NM_000178.4	1.795e-06	3.66e-08
GSTA1	1.7305e-06	NM_145740.5	1.58e-07	1.5725e-06
GSTA2	2.5611e-07	NM_000846.5	6.3341e-10	2.5547659e-07
GSTA3	0.0012851	NM_000847.5	0.0006926	0.0005924999999999999
GSTA4	0.010958	NM_001512.4	0.28989	0.27893199999999996
GSTCD	1.4216e-07	NM_001370181.1	2.1755e-06	2.0333400000000003e-06
GSTK1	1.9374e-06	NM_015917.3	1.9902e-06	5.2800000000000155e-08
GSTM2	3.3913e-07	NM_000848.4	1.0071e-09	3.381229e-07
GSTM3	4.3638e-07	NM_000849.5	1.2495e-06	8.1312e-07
GSTM4	1.3834e-08	NM_000850.5	6.5409e-08	5.1575e-08
GSTM5	1.1942e-07	NM_000851.4	4.1008e-06	3.98138e-06
GSTO1	5.0916e-09	NM_004832.3	1.3119e-05	1.31139084e-05
GSTO2	2.6125e-09	NM_183239.2	1.0331e-05	1.03283875e-05
GSTP1	0.014155	NM_000852.4	8.0801e-08	0.014154919198999999
GSTT2B	0.72219	NM_001080843.4	0.081579	0.640611
GSTZ1	5.5058e-11	NM_145870.3	3.674e-07	3.6734494200000004e-07
GSX1	0.044024	NM_145657.3	6.301e-05	0.04396099
GSX2	0.25702	NM_133267.3	0.00015606	0.25686394
GTDC1	1.0127e-12	NM_001376312.2	9.5319e-08	9.53179873e-08
GTF2A1	0.99038	NM_015859.4	0.99789	0.007510000000000017
GTF2A1L	2.7752e-11	NM_006872.5	4.2064e-14	2.7709936e-11
GTF2B	0.00011548	NM_001514.6	0.0075832	0.00746772
GTF2E1	0.89247	NM_005513.3	0.77252	0.11995
GTF2E2	0.039299	NM_002095.6	0.39887	0.359571
GTF2F1	7.2585e-06	NM_002096.3	1.3737e-07	7.12113e-06
GTF2F2	0.00020055	NM_004128.3	0.048012	0.04781145
GTF2H1	0.98982	NM_005316.4	0.99695	0.00712999999999997
GTF2H2C	0.021887	NM_001376000.2	0.85793	0.836043
GTF2H3	3.0414e-08	NM_001516.5	1.3029e-05	1.2998586e-05
GTF2H4	4.2353e-07	NM_001517.5	3.5553e-13	4.2352964446999996e-07
GTF2H5	0.045238	NM_207118.3	0.013389	0.031849
GTF2I	0.99592	NM_032999.4	0.99996	0.0040399999999999325
GTF2IRD1	0.90039	NM_005685.4	1.0	0.09960999999999998
GTF2IRD2	3.1521e-08	NM_173537.5	0.40188	0.40187996847900004
GTF2IRD2B	0.064422	NM_001003795.3	0.21515	0.15072800000000003
GTF3A	1.7789e-11	NM_002097.3	7.275e-06	7.274982211e-06
GTF3C1	1.0	NM_001520.4	1.0	0.0
GTF3C3	6.9686e-07	NM_012086.5	4.625e-08	6.5061e-07
GTF3C4	0.2592	NM_012204.4	0.97387	0.71467
GTF3C5	1.6233e-08	NM_012087.4	2.8055e-12	1.62301945e-08
GTF3C6	0.00028269	NM_138408.4	0.00090585	0.00062316
GTPBP1	0.93001	NM_004286.5	0.25062	0.6793899999999999
GTPBP2	0.31663	NM_019096.5	0.00018916	0.31644084
GTPBP3	4.1886e-09	NM_032620.4	9.9816e-11	4.088784e-09
GTPBP4	1.0	NM_012341.3	0.99656	0.0034399999999999986
GTPBP8	1.482e-07	NM_014170.4	0.01211	0.0121098518
GTPBP10	0.0041528	NM_033107.4	0.0015201	0.0026327
GTSE1	2.7012e-05	NM_016426.7	4.3971e-11	2.7011956029e-05
GTSF1	0.022144	NM_144594.3	0.96551	0.9433659999999999
GTSF1L	0.0019965	NM_176791.4	0.044448	0.0424515
GUCA1A	0.00041429	NM_001384910.1	0.00042868	1.439000000000003e-05
GUCA1B	0.00021337	NM_002098.6	4.3079e-05	0.00017029099999999999
GUCA1C	2.5694e-07	NM_005459.4	0.011919	0.01191874306
GUCA2A	0.28692	NM_033553.3	2.3834e-08	0.286919976166
GUCA2B	0.38097	NM_007102.3	0.081402	0.29956799999999995
GUCD1	0.24228	NM_001284254.2	0.00027803	0.24200196999999998
GUCY1A1		NM_001130682.3	7.7843e-08	
GUCY1A2	0.31409	NM_000855.3	0.020768	0.29332199999999997
GUCY1B1		NM_000857.5	0.12752	
GUCY2C	1.3919e-30	NM_004963.4	1.4182e-08	1.4182e-08
GUCY2D	6.4574e-10	NM_000180.4	1.1666e-16	6.4573988334e-10
GUF1	5.3495e-18	NM_021927.3	3.2963e-13	3.2962465049999996e-13
GUK1	2.3324e-05	NM_000858.7	0.00013672	0.00011339600000000001
GUSB	4.0382e-08	NM_000181.4	3.6596e-11	4.0345404e-08
GVQW3		NM_001347885.2	0.08829	
GXYLT1	0.12503	NM_173601.2	0.00042837	0.12460163
GXYLT2	5.3671e-14	NM_001080393.2	2.5777e-20	5.3670974223000005e-14
GYG1	4.8291e-12	NM_004130.4	2.2675e-13	4.60235e-12
GYPA	0.0010811	NM_002099.8	0.0025164	0.0014352999999999998
GYPB	8.3815e-05	NM_002100.6	0.0027991	0.002715285
GYPC	0.11297	NM_002101.5	0.00079579	0.11217421
GYPE	0.0036896	NM_198682.3	0.26514	0.26145039999999997
GYS1	0.0002914	NM_002103.5	3.3756e-13	0.00029139999966244
GYS2	9.7872e-22	NM_021957.4	1.4812000000000002e-19	1.4714128e-19
GZF1	0.0017798	NM_022482.5	2.2277e-07	0.00177957723
GZMA	2.0457e-06	NM_006144.4	0.00036485	0.0003628043
GZMB	3.6674e-14	NM_004131.6	2.644e-10	2.6436332599999997e-10
GZMH	1.2818e-07	NM_033423.5	3.7469e-07	2.4650999999999995e-07
GZMK	0.0081495	NM_002104.3	0.0036377	0.004511800000000001
GZMM	0.011275	NM_005317.4	5.0598e-11	0.011274999949402
H1-0		NM_005318.4	0.090465	
H1-1		NM_005325.4	0.017088	
H1-2		NM_005319.4	0.0024215	
H1-3		NM_005320.3	0.0025918	
H1-4		NM_005321.3	0.00020093	
H1-5		NM_005322.3	0.0066856	
H1-6		NM_005323.4	0.32656	
H1-7		NM_181788.1	0.05225	
H1-8		NM_153833.3	0.00075591	
H1-10		NM_006026.4	0.34748	
H2AC1		NM_170745.3	0.14797	
H2AC4		NM_003513.3	0.00050356	
H2AC6		NM_003512.4	0.033476	
H2AC7		NM_021065.3	6.9234e-08	
H2AC11		NM_021064.5	0.00042074	
H2AC12		NM_080596.3	0.00010435	
H2AC13		NM_003509.3	0.13776	
H2AC14		NM_021066.3	0.0028389	
H2AC15		NM_003510.3	0.0041993	
H2AC16		NM_003511.3	3.4012e-06	
H2AC17		NM_003514.2	3.4591e-05	
H2AC20		NM_003517.3	0.0032037	
H2AC21		NM_175065.3	0.4252	
H2AJ		NM_177925.5	0.48693	
H2AX		NM_002105.3	0.69374	
H2AZ1		NM_002106.4	0.95342	
H2AZ2		NM_012412.5	0.20111	
H2BC1		NM_170610.3	0.014142	
H2BC3		NM_021062.3	0.00039059	
H2BC4		NM_003526.3	2.5238e-05	
H2BC5		NM_021063.4	8.0441e-05	
H2BC6		NM_003523.3	0.00040102	
H2BC7		NM_003522.4	1.4441e-08	
H2BC8		NM_003518.4	7.3224e-06	
H2BC9		NM_003524.3	4.5949e-06	
H2BC10		NM_003525.3	0.0067466	
H2BC11		NM_021058.4	0.0015041	
H2BC12		NM_001312653.2	0.0040504	
H2BC13		NM_003519.4	1.4534e-06	
H2BC14		NM_003521.3	8.0618e-10	
H2BC15		NM_003520.4	0.025184	
H2BC17		NM_003527.4	5.9109e-06	
H2BC18		NM_001024599.5	0.00025059	
H2BC21		NM_003528.3	0.45994	
H3-3B		NM_005324.5	0.96503	
H3-4		NM_003493.3	4.5786e-05	
H3-5		NM_001013699.3	0.00048392	
H3C1		NM_003529.3	1.9315e-07	
H3C2		NM_003537.4	2.7623e-06	
H3C3		NM_003531.3	2.8002e-07	
H3C4		NM_001376937.1	5.1927e-05	
H3C6		NM_003532.3	3.6972e-09	
H3C7		NM_021018.3	0.015692	
H3C8		NM_003534.3	6.2585e-08	
H3C10		NM_003536.3	0.00016665	
H3C11		NM_003533.3	0.00022978	
H3C12		NM_003535.3	0.0036027	
H3C13		NM_001123375.3	0.00057115	
H4C1		NM_003538.4	3.2093e-05	
H4C2		NM_003544.3	0.0002853	
H4C3		NM_003542.4	1.5501e-05	
H4C4		NM_003539.4	0.00013421	
H4C5		NM_003545.4	1.4122e-08	
H4C6		NM_003540.4	0.0002912	
H4C7		NM_003547.3	0.00092422	
H4C8		NM_003543.4	0.0002932	
H4C9		NM_003495.3	0.083933	
H4C11		NM_021968.4	0.451	
H4C12		NM_003541.3	0.053197	
H4C13		NM_003546.3	9.2571e-07	
H6PD	8.5874e-09	NM_004285.4	7.489e-14	8.58732511e-09
HAAO	1.0561e-08	NM_012205.3	4.4081e-17	1.0560999955918999e-08
HABP2	1.9637e-15	NM_004132.5	2.1726e-14	1.97623e-14
HABP4	0.0062064	NM_014282.4	0.00010193	0.00610447
HACD1		NM_014241.4	1.4191e-15	
HACD2		NM_198402.5	0.30938	
HACD3		NM_016395.4	1.1828e-05	
HACD4		NM_001010915.5	1.1274e-06	
HACE1	6.0798e-06	NM_020771.4	9.83e-05	9.222020000000001e-05
HACL1	7.4827e-12	NM_012260.4	3.0127e-05	3.0126992517300002e-05
HADH	6.5638e-05	NM_005327.7	0.0050647	0.004999062
HADHA	4.4354e-06	NM_000182.5	0.001309	0.0013045646
HADHB	1.5183e-11	NM_000183.3	0.00010599	0.00010598998481700001
HAGH	0.00017657	NM_005326.6	1.1212e-06	0.0001754488
HAGHL	1.984e-05	NM_032304.4	7.4081e-13	1.983999925919e-05
HAL	2.4971e-23	NM_002108.4	2.8209e-18	2.8208750290000002e-18
HAMP	0.0081797	NM_021175.4	0.014111	0.0059313000000000005
HAND1	0.10914	NM_004821.3	0.010394	0.098746
HAND2	0.39908	NM_021973.3	0.88666	0.48758
HAO1	1.4578e-07	NM_017545.3	0.00011474	0.00011459422
HAO2	5.9977e-10	NM_016527.4	2.4248e-10	3.5728999999999996e-10
HAP1	3.3512e-26	NM_177977.3	6.4327e-17	6.4326999966488e-17
HAPLN1	0.60242	NM_001884.4	0.50241	0.10000999999999993
HAPLN2	7.1205e-07	NM_021817.3	2.0875e-10	7.1184125e-07
HAPLN3	1.0068e-06	NM_178232.4	2.1142e-10	1.00658858e-06
HAPLN4	0.01078	NM_023002.3	3.2424e-06	0.010776757599999999
HARBI1	0.00064751	NM_173811.4	0.0027552	0.00210769
HARS1		NM_002109.6	1.8771e-06	
HARS2	2.7868e-05	NM_012208.4	8.3014e-08	2.7784986e-05
HAS1	1.3084e-12	NM_001297436.2	8.7018e-09	8.7004916e-09
HAS2	0.99013	NM_005328.3	0.99936	0.009230000000000071
HAS3	0.88316	NM_001199280.2	4.4569e-05	0.8831154309999999
HASPIN		NM_031965.2	6.8018e-08	
HAT1	0.83507	NM_003642.4	0.37316	0.46191
HAUS1	3.5522e-08	NM_138443.4	0.00023611	0.00023607447799999998
HAUS2	3.3829e-06	NM_018097.3	0.32564	0.32563661709999997
HAUS3	1.2992e-09	NM_001303143.2	0.00023721	0.0002372087008
HAUS4	0.018011	NM_001166269.2	4.1839e-06	0.0180068161
HAUS5	3.2819e-10	NM_015302.2	9.0625e-16	3.2818909375e-10
HAUS6	6.4188e-17	NM_017645.5	3.1304e-07	3.13039999935812e-07
HAUS8	1.5207e-06	NM_033417.2	5.6048e-11	1.5206439519999999e-06
HAVCR1	8.5105e-07	NM_001173393.3	8.8535e-06	8.00245e-06
HAVCR2	0.03866	NM_032782.5	0.26721	0.22855
HAX1	8.4813e-08	NM_006118.4	3.5322e-06	3.4473869999999997e-06
HBA1	0.0067313	NM_000558.5	0.039004	0.032272699999999994
HBA2	0.003063	NM_000517.6	0.0045133	0.0014502999999999994
HBB	1.2274e-09	NM_000518.5	7.4233e-10	4.8507e-10
HBD	1.9236e-05	NM_000519.4	0.00013889	0.00011965399999999999
HBE1	0.019963	NM_005330.4	0.00074212	0.019220880000000003
HBEGF	0.07563	NM_001945.3	0.40348	0.32785
HBG1	0.56611	NM_000559.3	0.16505	0.40105999999999997
HBG2	0.66982	NM_000184.3	0.96137	0.29155
HBM	0.012271	NM_001003938.4	0.0014686	0.0108024
HBP1	0.0042407	NM_012257.4	0.78671	0.7824693
HBQ1	0.00082894	NM_005331.5	8.9973e-06	0.0008199427000000001
HBS1L	1.8606e-07	NM_006620.4	9.8848e-05	9.866194e-05
HBZ	0.020559	NM_005332.3	0.10775	0.08719099999999999
HCAR1	0.00075927	NM_032554.4	0.38162	0.38086073000000004
HCAR2	0.00018933	NM_177551.4	0.31385	0.31366067000000003
HCAR3	7.8636e-08	NM_006018.3	0.35169	0.351689921364
HCFC1R1	0.00059302	NM_017885.4	2.0973e-08	0.000592999027
HCFC2	0.99989	NM_013320.3	1.0	0.0001100000000000545
HCK	0.01976	NM_002110.5	1.7859e-07	0.01975982141
HCLS1	1.3157e-06	NM_005335.6	0.00012795	0.0001266343
HCN1	0.99989	NM_021072.4	1.0	0.0001100000000000545
HCN2	0.48885	NM_001194.4	0.17674	0.31211
HCN3	2.5694e-05	NM_020897.3	1.3744e-07	2.5556560000000003e-05
HCN4	0.99867	NM_005477.3	0.14903	0.84964
HCRT	0.028774	NM_001524.1	0.0030649	0.025709100000000002
HCRTR1	0.00017378	NM_001525.3	6.6057e-07	0.00017311943
HCRTR2	0.005035	NM_001384272.1	0.52906	0.524025
HCST	0.0020464	NM_014266.4	3.8214e-05	0.002008186
HDAC1	0.61427	NM_004964.3	0.94989	0.33562000000000003
HDAC2	0.99997	NM_001527.4	0.98926	0.010709999999999997
HDAC3	0.56737	NM_003883.4	0.9979	0.43052999999999997
HDAC4	1.0	NM_001378414.1	1.0	0.0
HDAC5	1.0	NM_005474.5	1.0	0.0
HDAC7	0.99969	NM_015401.5	1.0	0.00031000000000003247
HDAC9	0.99973	NM_178425.4	1.0	0.00026999999999999247
HDAC10	2.9729e-31	NM_032019.6	2.8416000000000002e-33	2.944484e-31
HDAC11	0.0069318	NM_024827.4	0.00043353	0.0064982700000000004
HDC	0.0041094	NM_002112.4	0.03135	0.027240600000000004
HDDC2	2.0302e-05	NM_016063.3	4.1157e-07	1.989043e-05
HDDC3	0.019263	NM_001286451.2	1.3823e-06	0.019261617699999997
HDGF	0.27272	NM_004494.3	0.99838	0.72566
HDGFL1	0.058681	NM_138574.4		
HDGFL2		NM_001001520.3	1.363e-05	
HDGFL3		NM_016073.4	0.99911	
HDHD2	3.8702e-06	NM_032124.5	3.6598e-07	3.50422e-06
HDHD3	0.0018719	NM_001304509.2	0.00036405	0.0015078499999999998
HDHD5		NM_033070.3	7.3786e-12	
HDLBP	1.0	NM_005336.6	1.0	0.0
HEATR1	1.0	NM_018072.6	1.0	0.0
HEATR3	3.5205e-07	NM_182922.4	4.2572e-14	3.5204995742799996e-07
HEATR4	1.3711e-29	NM_001220484.1	4.2064e-23	4.2063986289000004e-23
HEATR5A	0.054671	NM_015473.4	1.9131e-30	0.054671
HEATR5B	3.066e-22	NM_019024.3	2.9437999999999997e-21	2.6372e-21
HEATR6	5.1847999999999994e-21	NM_022070.5	4.3855e-17	4.38498152e-17
HEATR9		NM_152781.4	8.6413e-15	
HEBP1	4.1767e-06	NM_015987.5	0.0025256	0.0025214232999999997
HEBP2	6.0829e-05	NM_014320.3	6.7004e-11	6.0828932996000005e-05
HECA	0.61493	NM_016217.3	0.79891	0.18398000000000003
HECTD1	1.0	NM_015382.4	1.0	0.0
HECTD2	0.99806	NM_182765.6	0.94947	0.04858999999999991
HECTD3	0.088789	NM_024602.6	1.8965e-16	0.08878899999999981
HECTD4	1.0	NM_001388303.1	1.0	0.0
HECW1	0.99982	NM_015052.5	1.0	0.00017999999999995797
HECW2	0.9997	NM_001348768.2	0.85881	0.14089000000000007
HEG1	1.8858e-07	NM_020733.2	6.952e-07	5.066200000000001e-07
HELB	9.5899e-26	NM_001370285.1	4.0673e-22	4.06634101e-22
HELLS	0.99979	NM_018063.5	0.62926	0.3705299999999999
HELQ	6.4877e-12	NM_133636.5	0.00015507	0.0001550699935123
HELT	0.0010075	NM_001300781.2	0.068126	0.06711850000000001
HELZ	1.0	NM_014877.4	1.0	0.0
HEMGN	1.0292e-09	NM_197978.3	2.5209e-06	2.5198707999999998e-06
HEMK1	3.3864e-08	NM_016173.5	2.2801e-08	1.1062999999999998e-08
HENMT1	6.8224e-10	NM_001102592.2	2.2184e-08	2.150176e-08
HEPACAM	0.86791	NM_152722.5	0.00215	0.86576
HEPACAM2	1.566e-10	NM_001039372.4	4.9908e-11	1.0669200000000001e-10
HEPHL1	1.1459e-34	NM_001098672.2	1.0214e-33	9.0681e-34
HERC1	1.0	NM_003922.4	1.0	0.0
HERC2	1.0	NM_004667.6	1.0	0.0
HERC3	0.070143	NM_014606.3	0.99978	0.929637
HERC4	0.99961	NM_015601.4	1.0	0.00039000000000000146
HERC5	7.6848e-11	NM_016323.4	2.7734e-11	4.9113999999999994e-11
HERC6	1.5098e-14	NM_017912.4	1.2455000000000001e-25	1.5097999999875452e-14
HERPUD1	0.99582	NM_014685.4	0.10506	0.89076
HERPUD2	0.94702	NM_022373.5	0.99695	0.04993000000000003
HES1	0.7072	NM_005524.4	0.84309	0.13588999999999996
HES2	0.0026323	NM_019089.5	5.7184e-06	0.0026265816
HES3	0.27711	NM_001024598.4	0.00036588	0.27674412000000004
HES4	1.3746e-05	NM_021170.4	1.4695e-08	1.3731305e-05
HES5	0.24882	NM_001010926.4	4.2642e-06	0.24881573580000002
HES6	0.083905	NM_018645.6	1.703e-14	0.08390499999998297
HES7	0.827	NM_001165967.2	0.0054268	0.8215732
HESX1	0.00079734	NM_003865.3	0.12422	0.12342266
HEXA	1.3405e-11	NM_000520.6	5.5652e-11	4.2247e-11
HEXB	3.4915e-10	NM_000521.4	2.7909e-06	2.79055085e-06
HEXD		NM_001330542.2	1.9124e-14	
HEXIM1	0.98396	NM_006460.3	1.0	0.016040000000000054
HEXIM2	0.028048	NM_001303441.2	0.42142	0.393372
HEY1	0.050181	NM_012258.4	0.69325	0.643069
HEY2	0.89343	NM_012259.3	0.001385	0.892045
HEYL	3.2662e-07	NM_014571.4	0.00040288	0.00040255338
HFE	2.5587e-08	NM_000410.4	1.0122e-09	2.45748e-08
HFM1	4.7341999999999996e-32	NM_001017975.6	2.9585e-07	2.9585e-07
HGD	2.9631e-08	NM_000187.4	7.0216e-14	2.9630929783999998e-08
HGF	0.99947	NM_000601.6	0.99627	0.0031999999999999806
HGFAC	1.9843e-08	NM_001528.4	4.0417000000000005e-33	1.9843e-08
HGH1		NM_016458.4	8.4961e-12	
HGS	0.0063571	NM_004712.5	3.1456e-13	0.00635709999968544
HGSNAT	6.3392e-08	NM_152419.3	3.2548e-10	6.306652e-08
HHAT	3.246e-08	NM_018194.6	2.0438e-08	1.2022e-08
HHATL	1.6781e-07	NM_020707.4	1.515e-13	1.678098485e-07
HHEX	0.54289	NM_002729.5	0.62771	0.08482
HHIP	0.95436	NM_022475.3	1.0	0.045640000000000014
HHIPL1	2.3678e-06	NM_001127258.3	2.3613e-12	2.3677976387e-06
HHIPL2	6.7268e-23	NM_024746.4	2.5461e-20	2.5393732e-20
HHLA1	2.9066e-14	NM_001145095.3	2.5552e-13	2.26454e-13
HIBADH	0.0056303	NM_152740.4	1.8194e-06	0.0056284806
HIBCH	2.5766e-13	NM_014362.4	9.9569e-05	9.956899974234e-05
HIC1	0.13002	NM_006497.4	0.044396	0.085624
HIC2	0.99668	NM_015094.3	1.0	0.0033199999999999896
HID1	0.026841	NM_030630.3	0.00018173	0.02665927
HIF1A	0.9777	NM_001530.4	0.99998	0.022279999999999966
HIF1AN	0.073885	NM_017902.3	0.32609	0.252205
HIF3A	0.0015428	NM_152795.4	2.2668e-07	0.00154257332
HIGD1A	0.032658	NM_014056.4	0.0070429	0.0256151
HIGD1B	3.9132e-05	NM_016438.4	0.022605	0.022565868
HIGD2A	0.19087	NM_138820.4	0.040575	0.150295
HIKESHI		NM_016401.4	0.15783	
HILPDA	0.31634	NM_013332.4	0.22635	0.08999000000000001
HINFP	0.03685	NM_198971.3	0.97415	0.9372999999999999
HINT1	0.0018235	NM_005340.7	1.9819e-05	0.0018036810000000001
HINT2	5.3536e-06	NM_032593.3	5.9543e-06	6.007e-07
HINT3	3.4813e-06	NM_138571.5	0.00030535	0.0003018687
HIP1	0.76173	NM_005338.7	0.0015474	0.7601826
HIP1R	1.4566e-15	NM_003959.3	1.1633e-48	1.4566e-15
HIPK1	1.0	NM_198268.3	1.0	0.0
HIPK2	1.0	NM_022740.5	1.0	0.0
HIPK3	0.27733	NM_005734.5	0.99756	0.7202299999999999
HIPK4	2.1439e-05	NM_144685.5	1.1168e-05	1.0270999999999999e-05
HIRA	1.0	NM_003325.4	1.0	0.0
HIRIP3	1.9797e-06	NM_003609.5	2.0265e-12	1.9796979734999998e-06
HIVEP1	1.0	NM_002114.4	1.0	0.0
HIVEP2	1.0	NM_006734.4	1.0	0.0
HIVEP3	0.90584	NM_024503.5	1.0	0.09416000000000002
HJURP	2.0485e-07	NM_018410.5	2.0881e-07	3.9599999999999905e-09
HJV		NM_213653.4	3.3196e-07	
HK1	0.91459	NM_000188.3	1.0	0.08540999999999999
HK2	0.0045893	NM_000189.5	0.015779	0.0111897
HK3	5.599e-23	NM_002115.3	7.0106e-35	5.598999999992989e-23
HKDC1	1.6205e-14	NM_025130.4	3.4034e-13	3.24135e-13
HLA-A	0.0013299	NM_002116.8	1.4189e-05	0.001315711
HLA-B	3.8642e-05	NM_005514.8	7.5721e-05	3.7079e-05
HLA-DMA	0.002381	NM_006120.4	6.5114e-05	0.002315886
HLA-DMB	0.0024627	NM_002118.5	9.9418e-05	0.002363282
HLA-DOA	2.9776e-10	NM_002119.4	1.1784e-11	2.85976e-10
HLA-DOB	1.9197e-06	NM_002120.4	2.9488e-07	1.62482e-06
HLA-DPB1	5.3254e-10	NM_002121.6	3.4263e-11	4.98277e-10
HLA-DQA1	0.023947	NM_002122.5	0.00064051	0.02330649
HLA-DQA2	1.0089e-05	NM_020056.5	7.5042e-06	2.5847999999999994e-06
HLA-DQB2	0.042679	NM_001300790.2	5.9736e-08	0.042678940264
HLA-DRA	0.51949	NM_019111.5	0.7113	0.19181000000000004
HLA-DRB5	3.6359e-07	NM_002125.4	0.0029454	0.00294503641
HLA-E	0.036773	NM_005516.6	0.00021794	0.03655506
HLA-F	3.276e-05	NM_001098479.2	4.1519e-16	3.275999999958481e-05
HLA-G	1.365e-11	NM_001384290.1	1.1541e-10	1.0176e-10
HLCS	1.9208e-08	NM_001352514.2	1.2982e-11	1.9195018e-08
HLF	0.95215	NM_002126.5	0.99067	0.03852
HLTF	1.8723999999999998e-28	NM_003071.4	2.4653e-15	2.4652999999998127e-15
HLX	0.88317	NM_021958.4	0.99793	0.11475999999999997
HM13	0.68958	NM_178581.3	0.79216	0.10258
HMBOX1	0.99805	NM_001135726.3	0.99893	0.0008799999999999919
HMBS	0.94884	NM_000190.4	0.81406	0.13478
HMCES	1.9468e-07	NM_020187.3	8.8962e-07	6.949400000000001e-07
HMCN1	3.6259e-38	NM_031935.3	5.9703e-25	5.970299999999638e-25
HMCN2	1.8027e-12	NM_001291815.2	6.6073e-66	1.8027e-12
HMG20A	0.67769	NM_001304504.2	0.77988	0.10219
HMG20B	0.69112	NM_006339.3	3.8785e-07	0.69111961215
HMGA1	0.83209	NM_145899.3	0.97099	0.13890000000000002
HMGA2	0.87015	NM_003483.6	0.034515	0.835635
HMGB1	0.82035	NM_002128.7	0.99972	0.17937000000000003
HMGB2	0.95087	NM_002129.4	0.99964	0.04876999999999998
HMGB4	0.004348	NM_001379301.1	0.12103	0.116682
HMGCL	2.5638e-06	NM_000191.3	3.4786e-06	9.148000000000001e-07
HMGCLL1	2.9827e-07	NM_001042406.2	2.8564e-06	2.5581299999999997e-06
HMGCR	0.99861	NM_000859.3	0.99943	0.0008200000000000429
HMGCS1	0.99824	NM_001098272.3	1.0	0.0017599999999999838
HMGCS2	4.3354e-14	NM_005518.4	7.3447e-15	3.60093e-14
HMGN1	0.20661	NM_004965.7	0.076708	0.129902
HMGN2	0.86341	NM_005517.4	0.58382	0.27959
HMGN4	0.31986	NM_006353.3	0.40975	0.08989000000000003
HMGXB3	0.999	NM_014983.3	0.99714	0.0018599999999999728
HMGXB4	0.49435	NM_001003681.3	0.0015204	0.49282960000000003
HMHB1	0.0094526	NM_021182.3	0.062122	0.0526694
HMMR	5.5222e-21	NM_001142556.2	5.4058e-06	5.405799999999994e-06
HMOX1	0.0096817	NM_002133.3	3.3865e-07	0.009681361349999999
HMOX2	0.00026198	NM_002134.4	7.8386e-07	0.00026119614
HMSD	0.012863	NM_001123366.2	2.5733e-06	0.0128604267
HMX1	0.72623	NM_018942.3	0.0021009	0.7241291000000001
HMX2	4.9891e-05	NM_005519.2	5.7436e-05	7.544999999999996e-06
HMX3	0.91992	NM_001105574.2	0.020078	0.8998419999999999
HNF1A	0.96115	NM_000545.8	0.99433	0.0331800000000001
HNF1B	0.99976	NM_000458.4	1.0	0.00024000000000001798
HNF4A	0.15285	NM_000457.6	0.99921	0.84636
HNF4G	0.070708	NM_004133.5	0.99749	0.926782
HNMT	0.019734	NM_006895.3	2.6291e-05	0.019707709
HNRNPA0	0.91616	NM_006805.4	0.54255	0.37361
HNRNPA1	0.99911	NM_031157.4	0.99989	0.0007799999999998919
HNRNPA1L2	0.018776	NM_001389320.1	0.0081604	0.010615600000000001
HNRNPA2B1	0.99732	NM_002137.4	1.0	0.0026800000000000157
HNRNPAB	0.76526	NM_031266.3	0.38859	0.37667000000000006
HNRNPC	0.97772	NM_004500.4	0.99997	0.022249999999999992
HNRNPCL1	0.37278	NM_001013631.3	6.4756e-05	0.372715244
HNRNPCL2		NM_001136561.3	3.4047e-06	
HNRNPCL3		NM_001382358.1	0.62229	
HNRNPD	0.99621	NM_031370.3	0.99998	0.00376999999999994
HNRNPDL	0.077954	NM_031372.4	0.68675	0.608796
HNRNPF	0.96415	NM_001098204.2	0.99997	0.035820000000000074
HNRNPH3	0.99221	NM_012207.3	0.99924	0.007029999999999981
HNRNPK	0.99998	NM_031263.4	0.99995	2.999999999997449e-05
HNRNPL	0.99685	NM_001533.3	1.0	0.003149999999999986
HNRNPLL	0.91907	NM_138394.4	0.11003	0.8090400000000001
HNRNPM	0.99999	NM_005968.5	0.99946	0.0005300000000000304
HNRNPR	0.99935	NM_005826.5	1.0	0.0006500000000000394
HNRNPU	1.0	NM_031844.3	1.0	0.0
HNRNPUL1	0.99999	NM_007040.6	1.0	9.99999999995449e-06
HNRNPUL2	0.99979	NM_001079559.3	1.0	0.00021000000000004349
HOATZ		NM_001100388.2	0.019362	
HOGA1	1.5812e-14	NM_138413.4	2.6411e-09	2.641084188e-09
HOMER1	0.9992	NM_004272.5	1.0	0.0008000000000000229
HOMER2	0.0093921	NM_004839.4	1.2585e-05	0.009379515
HOMER3	0.95363	NM_004838.4	1.0148e-09	0.9536299989852
HOMEZ	0.015814	NM_020834.3	0.34847	0.332656
HOOK1	3.8686e-08	NM_015888.6	1.7651e-05	1.7612314000000002e-05
HOOK2	4.6471e-18	NM_013312.3	4.6961e-37	4.6471e-18
HOOK3	1.0	NM_032410.4	0.9997	0.00029999999999996696
HOPX	5.3973e-06	NM_032495.6	0.14728	0.1472746027
HORMAD1	0.94885	NM_032132.5	0.73422	0.21463
HORMAD2	7.1353e-05	NM_152510.4	6.0535e-06	6.529950000000001e-05
HOXA1	0.28514	NM_005522.5	9.1851e-06	0.28513081490000003
HOXA2	0.19917	NM_006735.4	0.99969	0.8005199999999999
HOXA3	0.9445	NM_153631.3	0.93925	0.005249999999999977
HOXA4	8.5959e-06	NM_002141.5	1.2095e-13	8.59589987905e-06
HOXA5	0.0029693	NM_019102.4	0.0032419	0.0002726
HOXA6	2.9887e-06	NM_024014.4	8.1517e-06	5.163e-06
HOXA7	0.0013606	NM_006896.4	1.8404e-06	0.0013587596
HOXA9	4.3591e-05	NM_152739.4	8.8059e-07	4.2710410000000004e-05
HOXA10	0.88453	NM_018951.4	0.021947	0.862583
HOXA11	0.94342	NM_005523.6	0.8463	0.09711999999999998
HOXA13	0.9551	NM_000522.5	0.98285	0.027750000000000052
HOXB1	0.081766	NM_002144.4	0.053644	0.028122000000000008
HOXB2	0.00014636	NM_002145.4	6.8906e-06	0.0001394694
HOXB3	0.8917	NM_001384749.1	0.00022342	0.8914765800000001
HOXB4	0.059777	NM_024015.5	0.00033369	0.05944331
HOXB5	0.69589	NM_002147.4	0.036812	0.659078
HOXB6	0.00073817	NM_018952.5	1.0931e-05	0.000727239
HOXB7	0.00028382	NM_004502.4	0.00012721	0.00015661
HOXB8	0.84752	NM_024016.4	2.217e-06	0.847517783
HOXB9	0.31202	NM_024017.5	0.014685	0.297335
HOXB13	3.6879e-08	NM_006361.6	1.5202e-07	1.1514100000000001e-07
HOXC4	0.16846	NM_153633.3	0.0031624	0.1652976
HOXC5	5.7754e-05	NM_018953.4	3.3698e-07	5.7417020000000004e-05
HOXC6	0.51165	NM_004503.4	0.41838	0.09327000000000008
HOXC8	0.1695	NM_022658.4	0.0046654	0.1648346
HOXC9	0.012993	NM_006897.3	0.019229	0.006236
HOXC10	0.17368	NM_017409.4	0.0027587	0.1709213
HOXC11	0.004059	NM_014212.4	3.5083e-05	0.004023917
HOXC12	2.4299e-09	NM_173860.3	3.2859e-11	2.397041e-09
HOXC13	0.42048	NM_017410.3	0.059928	0.36055200000000004
HOXD1	0.0031828	NM_024501.3	3.1256e-06	0.0031796744
HOXD3	0.44051	NM_006898.5	0.38992	0.050590000000000024
HOXD4	0.0054479	NM_014621.3	0.00063535	0.0048125500000000005
HOXD8	0.10544	NM_019558.4	4.8429e-05	0.105391571
HOXD9	0.017004	NM_014213.4	9.4597e-09	0.0170039905403
HOXD10	0.062918	NM_002148.4	0.0081305	0.0547875
HOXD11	0.0011418	NM_021192.3	5.023e-06	0.001136777
HOXD12	0.00027657	NM_021193.4	7.3908e-09	0.0002765626092
HOXD13	0.0086055	NM_000523.4	0.00046099	0.00814451
HP	1.736e-05	NM_005143.5	0.00078572	0.0007683599999999999
HP1BP3	0.98422	NM_001372052.1	0.99997	0.015750000000000042
HPCA	0.6783	NM_002143.3	0.9306	0.25229999999999997
HPCAL1	0.89103	NM_002149.4	0.051388	0.839642
HPCAL4	3.2705e-05	NM_016257.4	1.477e-05	1.7935e-05
HPD	0.00052764	NM_002150.3	8.9816e-08	0.000527550184
HPDL	2.2634e-05	NM_032756.4	0.010682	0.010659366
HPF1		NM_017867.3	1.1064e-05	
HPGD	1.4357e-05	NM_000860.6	0.0014881	0.001473743
HPGDS	1.8063e-06	NM_014485.3	9.1429e-09	1.7971571e-06
HPN	0.99911	NM_001384133.1	0.99992	0.0008099999999999774
HPR	5.4618e-10	NM_020995.4	1.8269e-10	3.6348999999999995e-10
HPS1	1.3245e-07	NM_000195.5	7.6455e-13	1.3244923545e-07
HPS3	2.9432999999999997e-21	NM_032383.5	6.5498e-07	6.54979999999997e-07
HPS4	0.00013778	NM_022081.6	3.9733e-08	0.000137740267
HPS5	1.8969e-13	NM_181507.2	7.0936e-15	1.825964e-13
HPS6	0.00027656	NM_024747.6	5.7889e-15	0.00027655999999421114
HPSE	2.266e-14	NM_001098540.3	4.3299e-09	4.3298773400000005e-09
HPSE2	0.00015083	NM_021828.5	5.9825e-07	0.00015023175
HPX	1.3005e-11	NM_000613.3	4.2338e-11	2.9333000000000004e-11
HR	7.438e-10	NM_005144.5	2.713e-19	7.437999997286999e-10
HRAS	0.079774	NM_005343.4	0.017283	0.062491
HRC	9.9367e-09	NM_002152.3	2.3839e-09	7.5528e-09
HRCT1		NM_001039792.2		
HRG	5.8888e-14	NM_000412.5	6.8212e-05	6.821199994111201e-05
HRH1	1.858e-06	NM_001098212.2	0.067216	0.067214142
HRH2	0.1217	NM_001367711.1	0.99372	0.87202
HRH3	0.04081	NM_007232.3	0.0005422	0.0402678
HRH4	5.2213e-08	NM_021624.4	0.00014244	0.000142387787
HRK	0.36033	NM_003806.4	0.00043319	0.35989680999999996
HRNR	0.0004258	NM_001009931.3	1.8077e-05	0.00040772299999999997
HROB		NM_001171251.3	7.2971e-11	
HS1BP3	1.1873e-06	NM_022460.4	3.1249e-09	1.1841751000000001e-06
HS2ST1	0.54475	NM_012262.4	0.22814	0.31660999999999995
HS3ST1	0.0044305	NM_005114.4	0.41244	0.40800949999999997
HS3ST2	0.10028	NM_006043.2	0.00013393	0.10014606999999999
HS3ST3A1	0.013565	NM_006042.3	6.8859e-08	0.013564931141
HS3ST3B1	0.29349	NM_006041.3	0.00016835	0.29332165
HS3ST4	0.79575	NM_006040.3	2.8616e-05	0.7957213839999999
HS3ST5	0.16621	NM_153612.4	0.37625	0.21003999999999998
HS3ST6	0.43595	NM_001009606.4	2.9773e-06	0.4359470227
HS6ST1	0.92349	NM_004807.3	0.99484	0.07134999999999991
HS6ST3	0.99001	NM_153456.4	0.43057	0.5594399999999999
HSBP1	0.23354	NM_001537.4	0.10751	0.12603
HSBP1L1	0.0478	NM_001136180.2	0.01364	0.03416
HSCB	0.0035209	NM_172002.5	0.041758	0.0382371
HSD3B1	2.3984e-07	NM_000862.3	0.00012551	0.00012527016
HSD3B2	7.176e-08	NM_000198.4	0.0014506	0.00145052824
HSD3B7	2.694e-08	NM_025193.4	5.6859e-14	2.6939943141e-08
HSD11B1	0.41696	NM_005525.4	0.002221	0.414739
HSD11B1L	0.00027093	NM_198706.3	2.0268e-09	0.0002709279732
HSD11B2	0.11777	NM_000196.4	3.3874e-07	0.11776966126
HSD17B1	0.00013421	NM_000413.4	8.6855e-05	4.735500000000001e-05
HSD17B2	1.8462e-10	NM_002153.3	8.04e-14	1.845396e-10
HSD17B3	8.4911e-07	NM_000197.2	5.5988e-06	4.74969e-06
HSD17B4	2.4175e-10	NM_000414.4	0.0060678	0.00606779975825
HSD17B6	0.34807	NM_003725.4	0.0054299	0.3426401
HSD17B7	6.6475e-06	NM_016371.4	0.0013311	0.0013244525
HSD17B8	3.6923e-05	NM_014234.5	2.1914e-06	3.47316e-05
HSD17B11	2.0771e-07	NM_016245.5	0.0078478	0.00784759229
HSD17B12	0.00040288	NM_016142.3	0.0026657	0.00226282
HSD17B13	2.7371e-05	NM_178135.5	4.9946e-05	2.2575e-05
HSD17B14	3.4303e-11	NM_016246.3	1.6917e-11	1.7386e-11
HSDL1	0.0034111	NM_031463.5	8.453e-08	0.0034110154699999997
HSDL2	5.1377e-05	NM_032303.5	0.00069596	0.000644583
HSF1	0.74762	NM_005526.4	8.6609e-07	0.7476191339099999
HSF2	0.97536	NM_004506.4	0.9975	0.02214000000000005
HSF2BP	2.5257e-16	NM_007031.2	8.3127e-08	8.312699974743e-08
HSF4	1.0632e-09	NM_001374675.1	2.9924e-13	1.06290076e-09
HSF5	0.98254	NM_001080439.3	1.0	0.01746000000000003
HSH2D		NM_001382417.1	0.0022655	
HSP90AA1	0.86025	NM_005348.4	1.0	0.13975000000000004
HSP90AB1	0.99923	NM_007355.4	1.0	0.0007700000000000484
HSP90B1	0.9972	NM_003299.3	1.0	0.0028000000000000247
HSPA1A	0.030228	NM_005345.6	0.27689	0.24666200000000002
HSPA1B	0.0053464	NM_005346.6	0.007506	0.0021595999999999994
HSPA1L	1.057e-06	NM_005527.4	2.5157e-07	8.054299999999999e-07
HSPA2	0.048648	NM_021979.4	0.9667	0.918052
HSPA4	0.99954	NM_002154.4	1.0	0.00046000000000001595
HSPA4L	6.9455e-07	NM_014278.4	0.74595	0.74594930545
HSPA5	0.77341	NM_005347.5	0.97795	0.20453999999999994
HSPA6	6.8282e-06	NM_002155.5	0.30218	0.30217317180000003
HSPA8	0.99863	NM_006597.6	1.0	0.0013699999999999823
HSPA9	0.96852	NM_004134.7	0.86038	0.10814000000000001
HSPA12A	0.98436	NM_025015.3	0.051548	0.932812
HSPA12B	0.00045299	NM_052970.5	7.0939e-17	0.00045298999999992905
HSPA13	0.016897	NM_006948.5	1.1037e-07	0.01689688963
HSPA14	0.67359	NM_016299.4	0.092762	0.580828
HSPB1	2.7797e-07	NM_001540.5	2.3024e-09	2.756676e-07
HSPB2	0.00032989	NM_001541.4	4.1675e-06	0.0003257225
HSPB3	6.0944e-05	NM_006308.3	0.00066631	0.0006053660000000001
HSPB6	0.088703	NM_144617.3	1.2214e-06	0.0887017786
HSPB7	0.016292	NM_014424.5	0.001084	0.015208000000000001
HSPB8	0.043128	NM_014365.3	0.051311	0.008183000000000003
HSPB9		NM_033194.3	0.29773	
HSPBAP1	4.4074e-11	NM_024610.6	0.0016917	0.0016916999559259999
HSPBP1	0.057208	NM_012267.5	6.635e-10	0.057207999336500004
HSPD1	0.99257	NM_002156.5	1.0	0.007430000000000048
HSPE1	0.80379	NM_002157.3	0.85612	0.05232999999999999
HSPG2	1.0376000000000001e-19	NM_005529.7	1.3604e-38	1.0376000000000001e-19
HSPH1	0.99822	NM_006644.4	0.99979	0.0015699999999999603
HTATIP2	5.3767e-13	NM_001098522.2	1.0364e-09	1.03586233e-09
HTD2		NM_001348712.2		
HTR1A	0.19956	NM_000524.4	0.00023624	0.19932376
HTR1B	0.18947	NM_000863.3	0.12831	0.06115999999999999
HTR1D	0.00064061	NM_000864.5	6.3816e-06	0.0006342284000000001
HTR1E	0.29344	NM_000865.3	0.072823	0.22061699999999998
HTR1F	0.0046656	NM_001322209.2	0.00012108	0.00454452
HTR2A	0.51124	NM_000621.5	0.3595	0.15174000000000004
HTR2B	2.6913e-10	NM_000867.5	1.5553e-08	1.528387e-08
HTR3A	1.7499e-10	NM_000869.6	8.9828e-12	1.6600720000000002e-10
HTR3B	2.4797e-07	NM_006028.5	1.4568e-08	2.3340200000000001e-07
HTR3C	2.5562e-10	NM_130770.3	1.2506e-07	1.2480438e-07
HTR3D	5.0168e-08	NM_001145143.1	7.5431e-16	5.0167999245690005e-08
HTR3E	4.2286e-10	NM_001256613.2	1.3955e-09	9.7264e-10
HTR4	0.024701	NM_000870.7	0.084613	0.05991199999999999
HTR5A	0.0062906	NM_024012.4	7.8347e-07	0.006289816530000001
HTR6	0.00018524	NM_000871.3	5.518e-06	0.000179722
HTR7	0.045409	NM_019859.4	0.011357	0.034052
HTRA1	0.00049201	NM_002775.5	0.00030817	0.00018383999999999995
HTRA2	0.0035755	NM_013247.5	0.00020521	0.00337029
HTRA3	6.5843e-08	NM_053044.5	2.2403e-13	6.584277597e-08
HTRA4	2.2705e-12	NM_153692.4	6.409e-16	2.2698591e-12
HTT	1.0	NM_001388492.1	1.0	0.0
HUNK	0.99589	NM_014586.2	0.99996	0.004069999999999907
HUS1	3.0073e-05	NM_004507.4	4.4793e-08	3.0028207e-05
HUS1B		NM_148959.4	0.12737	
HVCN1	0.62735	NM_032369.4	0.10504	0.5223099999999999
HYAL1	0.00019112	NM_033159.4	0.00051904	0.00032792
HYAL2	0.18682	NM_003773.5	2.132e-10	0.1868199997868
HYAL3	3.8292e-07	NM_003549.4	6.0981e-10	3.8231019e-07
HYAL4	3.0998e-17	NM_012269.3	5.7624e-12	5.7623690019999996e-12
HYDIN	2.2706e-24	NM_001270974.2	4.5235e-08	4.5235e-08
HYI	2.2375e-14	NM_001190880.3	5.1493e-21	2.23749948507e-14
HYKK	7.3257e-06	NM_001013619.4	0.00050098	0.0004936543
HYLS1	2.3152e-09	NM_001134793.2	9.7596e-08	9.52808e-08
HYOU1	0.86105	NM_006389.5	1.0	0.13895000000000002
HYPK	0.036644	NM_016400.4	0.012047	0.024597
IAH1	0.0034427	NM_001039613.3	3.8808e-08	0.0034426611919999997
IAPP	0.0031814	NM_000415.3	0.34937	0.3461886
IARS1		NM_002161.6	9.6429e-18	
IARS2	0.081336	NM_018060.4	5.2795e-06	0.08133072050000001
IBA57	0.0083921	NM_001010867.4	6.8333e-09	0.008392093166699999
IBSP	1.3519e-11	NM_004967.4	0.00080845	0.000808449986481
IBTK	0.0022144	NM_015525.4	0.0064632	0.0042488
ICA1	0.00099069	NM_001136020.3	4.7693e-05	0.000942997
ICA1L	0.00077913	NM_001288622.3	0.0057575	0.004978369999999999
ICAM1	0.035295	NM_000201.3	1.8658e-06	0.0352931342
ICAM2	0.00075003	NM_001099789.2	2.0807e-05	0.000729223
ICAM3	2.7302e-25	NM_002162.5	3.1904999999999997e-22	3.1877698e-22
ICAM4	1.2077e-06	NM_001544.5	1.81e-05	1.68923e-05
ICAM5	0.002139	NM_003259.4	2.121e-05	0.00211779
ICE1		NM_015325.3	0.99999	
ICE2		NM_024611.6	1.6493e-14	
ICMT	0.79377	NM_012405.4	0.73985	0.05391999999999997
ICOS	0.031284	NM_012092.4	0.0032393	0.0280447
ID1	0.00031026	NM_002165.4	0.003172	0.0028617399999999998
ID2	0.66939	NM_002166.5	0.72275	0.05335999999999996
ID3	0.72177	NM_002167.5	0.51257	0.20920000000000005
ID4	0.031243	NM_001546.4	6.984e-05	0.03117316
IDE	0.0066309	NM_004969.4	0.076756	0.07012510000000001
IDH1	2.6244e-12	NM_005896.4	9.2299e-05	9.22989973756e-05
IDH2	0.88271	NM_002168.4	0.97922	0.09650999999999998
IDH3A	0.15704	NM_005530.3	0.0013571	0.1556829
IDH3B	2.9929e-11	NM_006899.5	1.6736e-11	1.3192999999999998e-11
IDI1	3.9769e-05	NM_004508.4	0.040123	0.040083231
IDI2	2.3124e-09	NM_033261.3	2.532e-05	2.53176876e-05
IDNK	0.39322	NM_001001551.4	7.9692e-05	0.393140308
IDO1	3.3013e-06	NM_002164.6	4.7329e-05	4.40277e-05
IDUA	3.7599e-13	NM_000203.5	4.8166e-24	3.759899999951834e-13
IER2	0.76773	NM_004907.3	0.67991	0.08782000000000001
IER3	0.63122	NM_003897.4	0.0028623	0.6283577
IER3IP1	0.023402	NM_016097.5	3.0434e-07	0.02340169566
IER5	0.86869	NM_016545.5	0.25222	0.61647
IER5L	0.55377	NM_203434.3	0.24558	0.30818999999999996
IFFO1	0.00013393	NM_001193457.2	1.7774e-10	0.00013392982226
IFFO2	0.72617	NM_001136265.2	0.22268	0.50349
IFI6	0.013731	NM_002038.4	0.00019128	0.01353972
IFI16	1.7803e-11	NM_001376587.1	2.0899e-08	2.0881197e-08
IFI27L1	0.066209	NM_206949.3	0.47478	0.40857099999999996
IFI27L2	0.00011149	NM_032036.3	0.00041733	0.00030584
IFI30	2.9645e-08	NM_006332.5	3.7647e-10	2.9268529999999998e-08
IFI35	4.2821e-07	NM_001330230.2	2.7612e-12	4.282072388e-07
IFI44	1.9433e-15	NM_006417.5	4.451e-10	4.450980567e-10
IFI44L	1.3464e-12	NM_006820.4	1.6394e-07	1.639386536e-07
IFIH1	6.981899999999999e-44	NM_022168.4	4.5803e-34	4.58029999930181e-34
IFIT1	0.00027793	NM_001548.5	0.46773	0.46745207
IFIT1B	3.1227e-05	NM_001010987.2	0.033856	0.033824772999999995
IFIT2	0.25099	NM_001547.5	0.098873	0.152117
IFIT3	0.11732	NM_001549.6	0.12402	0.0067000000000000115
IFIT5	0.00011794	NM_012420.3	0.48097	0.48085206
IFITM1	0.13569	NM_003641.5	0.50399	0.36830000000000007
IFITM2	0.0051529	NM_006435.3	0.023742	0.018589099999999997
IFITM3	0.030466	NM_021034.3	0.016425	0.014041000000000001
IFITM5	2.1754e-06	NM_001025295.3	9.0352e-05	8.81766e-05
IFITM10	0.15714	NM_001170820.4	1.2637e-06	0.1571387363
IFNA1		NM_024013.3	0.33726	
IFNA2		NM_000605.4	0.12889	
IFNA5		NM_002169.3	0.31127	
IFNA7		NM_021057.2	0.29297	
IFNA8		NM_002170.4	0.12497	
IFNA10		NM_002171.2	0.11234	
IFNA14		NM_002172.3	0.11234	
IFNA16		NM_002173.3	0.10473	
IFNA17		NM_021268.2	0.31823	
IFNA21		NM_002175.2	0.12154	
IFNAR1	3.2501e-12	NM_000629.3	0.00016512	0.0001651199967499
IFNAR2	8.5332e-06	NM_001289125.3	0.012296	0.012287466799999999
IFNB1		NM_002176.4		
IFNE	0.014672	NM_176891.5	0.29357	0.278898
IFNG	0.47156	NM_000619.3	0.10704	0.36451999999999996
IFNGR1	0.015503	NM_000416.3	0.00046256	0.015040439999999999
IFNGR2	0.95281	NM_005534.4	0.44859	0.5042200000000001
IFNK	9.0615e-10	NM_020124.3	1.7662e-05	1.7661093850000002e-05
IFNL1	0.00028469	NM_172140.2	1.0137e-05	0.00027455299999999997
IFNL2	4.9903e-08	NM_172138.2	1.5954e-06	1.545497e-06
IFNL3	2.4233e-08	NM_172139.4	1.5048e-06	1.480567e-06
IFNLR1	0.062532	NM_170743.4	3.9938e-05	0.062492062
IFNW1		NM_002177.3	0.29357	
IFRD1	0.0012141	NM_001550.4	0.00096007	0.00025403000000000003
IFRD2	1.098e-09	NM_006764.5	2.5149e-10	8.4651e-10
IFT20	0.10302	NM_001267776.2	0.92623	0.82321
IFT22		NM_022777.4	0.019134	
IFT27	5.8825e-06	NM_001177701.3	0.00040038	0.0003944975
IFT43	1.8153e-11	NM_001102564.3	1.1041e-09	1.085947e-09
IFT46	0.16822	NM_001168618.2	0.043145	0.125075
IFT52	2.0125e-06	NM_016004.5	1.2455e-07	1.8879499999999999e-06
IFT57	3.3347e-10	NM_018010.4	5.3666e-09	5.03313e-09
IFT74	5.7205e-13	NM_025103.4	5.5812e-09	5.580627949999999e-09
IFT80	1.4059000000000002e-19	NM_020800.3	1.7884e-05	1.788399999999986e-05
IFT81	9.0878e-12	NM_014055.4	3.2862e-07	3.286109122e-07
IFT88	7.1224e-11	NM_006531.5	0.087602	0.087601999928776
IFT122	2.3816e-24	NM_052989.3	9.3639e-23	9.12574e-23
IFT140	9.914e-24	NM_014714.4	8.685900000000001e-35	9.913999999913141e-24
IFT172	3.2682e-33	NM_015662.3	1.2319e-29	1.23157318e-29
IFTAP		NM_138787.4	8.8089e-05	
IGDCC3	2.7305e-07	NM_004884.4	2.1498e-11	2.73028502e-07
IGDCC4	2.3605e-06	NM_020962.3	1.1185e-15	2.3604999988815003e-06
IGF1	0.2716	NM_000618.5	0.75933	0.48772999999999994
IGF1R	0.96799	NM_000875.5	1.0	0.03200999999999998
IGF2	0.044127	NM_000612.6	0.96	0.9158729999999999
IGF2BP1	0.99933	NM_006546.4	1.0	0.0006699999999999484
IGF2BP2	0.23861	NM_006548.6	1.0	0.76139
IGF2BP3	0.99999	NM_006547.3	1.0	9.99999999995449e-06
IGF2R	1.0	NM_000876.4	1.0	0.0
IGFALS	5.4379e-11	NM_004970.3	0.067751	0.067750999945621
IGFBP1	0.00094677	NM_000596.4	3.35e-14	0.0009467699999665
IGFBP2	0.11898	NM_000597.3	0.0038095	0.11517050000000001
IGFBP3	0.91029	NM_000598.5	0.061082	0.8492080000000001
IGFBP4	0.023057	NM_001552.3	0.037452	0.014394999999999998
IGFBP5	0.96283	NM_000599.4	0.0026019	0.9602280999999999
IGFBP6	0.02915	NM_002178.3	8.1061e-10	0.02914999918939
IGFBP7	0.0012873	NM_001553.3	2.2034e-09	0.0012872977966
IGFBPL1	4.0352e-05	NM_001007563.3	1.5428e-05	2.4924000000000004e-05
IGFL1	1.9891e-08	NM_198541.2	1.9706e-06	1.950709e-06
IGFL2	0.00077735	NM_001135113.2	0.24776	0.24698265
IGFL3	0.012036	NM_207393.2	0.0003847	0.0116513
IGFL4	0.0011794	NM_001002923.3	0.0008219	0.00035749999999999996
IGFLR1	2.5896e-06	NM_024660.4	3.0028e-05	2.74384e-05
IGFN1	3.2796e-51	NM_001164586.2	2.2042999999999999e-72	3.2796e-51
IGHMBP2	3.0212e-16	NM_002180.3	1.1887e-22	3.0211988113e-16
IGIP	0.37789	NM_001007189.2	0.26755	0.11034
IGLL1	0.013899	NM_020070.4	0.00020875	0.01369025
IGLL5	5.1865e-10	NM_001178126.2	2.4601e-14	5.186253989999999e-10
IGLON5	0.40274	NM_001101372.3	0.0056329	0.3971071
IGSF3	0.26474	NM_001007237.3	1.0	0.73526
IGSF5	3.6345e-17	NM_001080444.2	1.4829e-11	1.4828963655e-11
IGSF6	0.0014791	NM_005849.4	1.2611e-06	0.0014778388999999999
IGSF8	4.6329e-11	NM_052868.6	1.2894e-12	4.50396e-11
IGSF9	3.4386e-12	NM_001135050.2	7.3379e-23	3.4385999999266207e-12
IGSF9B	0.86551	NM_001277285.4	0.9715	0.10599000000000003
IGSF10	5.8027e-49	NM_178822.5	3.0301999999999997e-38	3.0301999999419725e-38
IGSF11	0.00099965	NM_001015887.3	0.00099865	9.999999999999159e-07
IGSF21	0.20912	NM_032880.5	2.6964e-05	0.209093036
IGSF22	3.9627000000000005e-41	NM_173588.4	4.4838e-32	4.4837999960373e-32
IGSF23	0.0096591	NM_001205280.2	0.0004858	0.0091733
IHH	0.31397	NM_002181.4	0.93608	0.6221099999999999
IHO1		NM_001135197.2	0.88119	
IK	2.4864e-06	NM_006083.4	2.8266e-07	2.20374e-06
IKBIP	7.6128e-08	NM_153687.4	5.8705e-07	5.109219999999999e-07
IKBKB	0.99192	NM_001556.3	0.99588	0.0039599999999999635
IKBKE	0.0090053	NM_014002.4	2.1899e-05	0.008983401
IKZF1	0.9986	NM_006060.6	1.0	0.0013999999999999568
IKZF2	0.98731	NM_001387220.1	0.98129	0.006020000000000025
IKZF3	0.98416	NM_012481.5	1.0	0.015839999999999965
IKZF4	0.89759	NM_022465.4	0.99987	0.10228000000000004
IKZF5	0.7796	NM_001372123.1	0.99997	0.22037000000000007
IL1A	0.0001602	NM_000575.5	0.06082	0.0606598
IL1B	0.13005	NM_000576.3	0.49006	0.36001
IL1F10	2.023e-06	NM_173161.3	7.2678e-07	1.29622e-06
IL1R1	0.15126	NM_000877.4	0.71878	0.56752
IL1R2	6.5372e-15	NM_004633.4	3.1594e-12	3.1528628e-12
IL1RAP	0.25846	NM_002182.4	0.00032987	0.25813013
IL1RL1	1.4407e-12	NM_016232.5	8.5915e-06	8.5914985593e-06
IL1RL2	3.537e-11	NM_003854.4	3.9923000000000005e-19	3.5369999600770004e-11
IL1RN	0.030914	NM_173842.3	0.0055149	0.0253991
IL2	0.47968	NM_000586.4	0.84707	0.36739
IL2RA	0.054709	NM_000417.3	5.2506e-06	0.0547037494
IL2RB	0.29095	NM_000878.5	0.49398	0.20303
IL3	2.5874e-09	NM_000588.4	1.1199e-05	1.1196412600000001e-05
IL4	0.0047372	NM_000589.4	0.34038	0.3356428
IL4I1	0.0039601	NM_152899.2	4.4921e-07	0.003959650790000001
IL4R	0.00023013	NM_000418.4	0.50109	0.50085987
IL5	0.0056529	NM_000879.3	0.021293	0.0156401
IL5RA	2.6791e-08	NM_175726.4	4.0946e-10	2.638154e-08
IL6	0.31536	NM_000600.5	0.19986	0.11549999999999996
IL6R	3.1681e-05	NM_000565.4	6.9066e-08	3.1611933999999994e-05
IL6ST	0.99978	NM_002184.4	0.99986	7.999999999996898e-05
IL7	0.92574	NM_000880.4	0.48796	0.43778
IL7R	3.763e-07	NM_002185.5	2.5305e-08	3.50995e-07
IL9	8.1087e-07	NM_000590.2	4.203e-07	3.9056999999999993e-07
IL10	0.0058874	NM_000572.3	0.48464	0.47875260000000003
IL10RA	0.017808	NM_001558.4	0.00019555	0.01761245
IL10RB	2.5103e-06	NM_000628.5	1.1158e-08	2.499142e-06
IL11	0.00031772	NM_000641.4	3.7441e-07	0.00031734559
IL11RA	6.2881999999999985e-21	NM_001142784.3	9.5084e-15	9.5083937118e-15
IL12A	0.04746	NM_000882.4	0.00048215	0.04697785
IL12B	0.00011439	NM_002187.3	4.4538e-07	0.00011394462
IL12RB1	9.3569e-15	NM_005535.3	5.2262e-08	5.22619906431e-08
IL12RB2	1.6212e-09	NM_001374259.2	9.2143e-08	9.052180000000001e-08
IL13	0.014426	NM_002188.3	0.0044262	0.0099998
IL15	0.70859	NM_000585.5	0.0023127	0.7062773000000001
IL15RA	2.332e-06	NM_002189.4	2.1728e-08	2.310272e-06
IL16	1.2449e-10	NM_172217.5	4.3798e-11	8.0692e-11
IL17A	0.043049	NM_002190.3	0.47775	0.434701
IL17B	0.033631	NM_014443.3	1.7135e-05	0.033613865
IL17C	0.0001243	NM_013278.4	1.057e-05	0.00011373000000000001
IL17D	0.19796	NM_001385224.1	1.0585e-07	0.19795989415
IL17F	0.039165	NM_052872.4	0.004374	0.034790999999999996
IL17RA	0.00035636	NM_014339.7	5.4993e-09	0.0003563545007
IL17RB	4.4601e-11	NM_018725.4	5.6615e-08	5.6570399e-08
IL17RC	2.3004e-14	NM_153460.4	1.8458e-10	1.84556996e-10
IL17RD	1.053e-06	NM_017563.5	2.5357e-11	1.052974643e-06
IL17RE	8.5681e-08	NM_153480.2	7.2909e-09	7.83901e-08
IL18	0.030717	NM_001562.4	0.31776	0.287043
IL18BP	1.484e-08	NM_001039660.2	4.9849e-10	1.434151e-08
IL18R1	8.625e-06	NM_003855.5	2.6655e-06	5.9594999999999994e-06
IL18RAP	0.0021796	NM_001393487.1	3.6502e-08	0.002179563498
IL19	4.325e-05	NM_153758.5	0.00025782	0.00021457000000000003
IL20	1.3447e-06	NM_018724.4	5.2617e-06	3.917e-06
IL20RA	0.027129	NM_014432.4	8.4288e-08	0.027128915712
IL20RB	3.6539e-08	NM_144717.4	2.1745e-05	2.1708461e-05
IL21	0.6254	NM_021803.4	0.98557	0.36017
IL21R	0.99835	NM_181078.3	0.24734	0.75101
IL22	0.00018843	NM_020525.5	7.8263e-05	0.000110167
IL22RA1	0.0056855	NM_021258.4	2.4866e-07	0.005685251339999999
IL22RA2	1.2114e-16	NM_052962.3	1.757e-12	1.7568788600000001e-12
IL23A	0.35806	NM_016584.3	6.997e-05	0.35799003
IL23R	0.00055961	NM_144701.3	0.0015618	0.00100219
IL24	5.8826e-07	NM_006850.3	5.0012e-08	5.38248e-07
IL26	0.00053514	NM_018402.2	0.0047143	0.00417916
IL27	0.78232	NM_145659.3	0.22189	0.56043
IL27RA	3.901e-12	NM_004843.4	4.6692e-16	3.90053308e-12
IL31	0.011445	NM_001014336.2	0.00045739	0.01098761
IL31RA	4.204e-16	NM_139017.7	2.9342e-13	2.929996e-13
IL32	3.7471e-09	NM_001376923.1	2.4101e-15	3.7470975899e-09
IL33	8.2925e-10	NM_033439.4	3.4011e-07	3.3928074999999997e-07
IL34	0.55444	NM_001393494.1	5.454e-06	0.5544345460000001
IL36A	0.029783	NM_014440.3	0.0044286	0.0253544
IL36B	0.0032983	NM_014438.5	3.0201e-07	0.00329799799
IL36G	0.00011765	NM_019618.4	0.06279	0.06267235
IL36RN	3.3941e-08	NM_012275.3	0.00058353	0.000583496059
IL37	0.00012343	NM_014439.4	1.4907e-05	0.000108523
ILDR1	2.6072e-12	NM_001199799.2	1.1014e-16	2.60708986e-12
ILDR2	0.95385	NM_199351.3	0.077057	0.8767929999999999
ILF2	0.9965	NM_004515.4	0.99998	0.0034799999999999276
ILK	3.7887e-05	NM_004517.4	1.6191e-07	3.7725089999999995e-05
ILKAP	0.98116	NM_030768.3	0.99986	0.01869999999999994
ILRUN		NM_024294.4	1.0	
ILVBL	1.2177e-08	NM_006844.5	1.7408e-11	1.2159592e-08
IMMP1L	2.4628e-05	NM_001304274.2	0.23072	0.230695372
IMMP2L	0.011165	NM_032549.4	0.011914	0.0007489999999999997
IMMT	0.0133	NM_006839.3	0.0003964	0.0129036
IMP3	1.5469e-07	NM_018285.4	1.0093e-08	1.4459699999999998e-07
IMP4	8.8614e-07	NM_033416.3	3.6094e-08	8.50046e-07
IMPA1	0.00047793	NM_005536.4	0.20205	0.20157207000000002
IMPA2	0.0010588	NM_014214.3	5.7194e-08	0.001058742806
IMPACT	4.8274e-08	NM_018439.4	0.00013204	0.00013199172599999998
IMPDH1	5.7762e-06	NM_000883.4	9.0395e-08	5.685805e-06
IMPDH2	4.3635e-06	NM_000884.3	4.0002e-06	3.6329999999999955e-07
IMPG1	1.3662e-29	NM_001563.4	3.7401e-20	3.7400999986338e-20
IMPG2	2.7548e-13	NM_016247.4	7.7387e-15	2.677413e-13
INA	1.4818e-08	NM_032727.4	7.3724e-13	1.4817262760000001e-08
INAFM1		NM_178511.6	4.4059e-06	
INAFM2		NM_001301268.2	0.012061	
INAVA		NM_001142569.3	2.6905e-06	
INCENP	0.88595	NM_001040694.2	0.10566	0.78029
INF2	0.97346	NM_022489.4	0.33382	0.63964
ING1	0.0096662	NM_198219.3	0.99033	0.9806638000000001
ING2	0.72928	NM_001564.4	0.99455	0.26527
ING3	0.99933	NM_019071.3	0.99999	0.0006599999999999939
ING4	0.029013	NM_016162.4	2.2982e-06	0.0290107018
ING5	0.61851	NM_032329.6	0.29343	0.32508
INHA	0.0064728	NM_002191.4	0.42305	0.4165772
INHBA	0.97979	NM_002192.4	1.0	0.02020999999999995
INHBB	0.97287	NM_002193.4	0.92265	0.05022000000000004
INHBC	5.6341e-05	NM_005538.4	1.8844e-05	3.7497e-05
INHBE	1.1184e-08	NM_031479.5	0.00012211	0.000122098816
INIP	0.032654	NM_021218.3	0.50881	0.47615599999999997
INKA1		NM_203370.2	0.00054632	
INKA2		NM_019099.5	0.033721	
INMT	0.0033238	NM_006774.5	0.00025029	0.00307351
INO80	1.0	NM_017553.3	1.0	0.0
INO80B	0.75864	NM_031288.4	0.00048263	0.7581573699999999
INO80C	0.0004148	NM_194281.4	0.001302	0.0008872
INO80D	0.99962	NM_017759.5	1.0	0.00038000000000004697
INO80E	0.0086846	NM_173618.3	6.6725e-07	0.008683932750000001
INPP1	7.898e-07	NM_001128928.2	0.58595	0.5859492102
INPP4A	0.99952	NM_001134225.2	0.99997	0.00045000000000006146
INPP4B	0.55218	NM_001101669.3	0.0044753	0.5477047
INPP5A	0.98121	NM_005539.5	0.99994	0.018730000000000024
INPP5B	5.0487e-16	NM_005540.3	8.9874e-17	4.1499599999999997e-16
INPP5D	0.97198	NM_001017915.3	1.0	0.028020000000000045
INPP5E	0.0031048	NM_019892.6	1.1997e-11	0.003104799988003
INPP5F	2.3623e-07	NM_014937.4	6.7078e-15	2.362299932922e-07
INPP5J	1.8139e-16	NM_001284285.2	4.4026e-25	1.8138999955974e-16
INPP5K	4.2264e-05	NM_016532.4	4.6882e-11	4.2263953118e-05
INPPL1	0.0023313	NM_001567.4	8.569500000000001e-19	0.0023312999999999993
INS	0.30091	NM_000207.3	0.019816	0.281094
INSC	1.706e-18	NM_001042536.3	9.3403e-22	1.70506597e-18
INSIG1	0.0012827	NM_005542.6	0.002614	0.0013313
INSIG2	0.059986	NM_016133.4	0.76745	0.707464
INSL3	0.015764	NM_005543.4	0.00044343	0.01532057
INSL4	0.00011355	NM_002195.2	0.0015201	0.00140655
INSL5	0.13604	NM_005478.6	0.29691	0.16087
INSL6	3.734e-09	NM_007179.3	1.5809e-08	1.2075e-08
INSM1	0.26893	NM_002196.3	5.3395e-07	0.26892946605
INSM2	0.88177	NM_032594.4	0.03781	0.84396
INSR	3.6145e-05	NM_000208.4	0.00015345	0.00011730499999999999
INSRR	5.3976e-24	NM_014215.3	9.589000000000001e-35	5.39759999990411e-24
INSYN1		NM_001039614.3	0.35079	
INSYN2A		NM_001039762.3	0.10704	
INSYN2B		NM_001129891.3	0.76396	
INTS1	7.1069e-11	NM_001080453.3	2.0443e-30	7.1069e-11
INTS2	0.99698	NM_001351695.2	0.98274	0.01424000000000003
INTS3	0.99972	NM_023015.5	1.0	0.00027999999999994696
INTS4	1.1349e-11	NM_033547.4	2.6849e-07	2.68478651e-07
INTS5	0.5135	NM_030628.2	0.0052367	0.5082633
INTS6	1.0	NM_012141.3	1.0	0.0
INTS7	1.2557e-05	NM_015434.4	0.99708	0.9970674429999999
INTS8	0.9439	NM_017864.4	0.99755	0.053650000000000087
INTS9	4.3201e-07	NM_018250.4	3.8062e-10	4.3162938000000004e-07
INTS10	0.99999	NM_018142.4	0.0012076	0.9987824000000001
INTS11		NM_017871.6	6.2511e-27	
INTS12	0.7537	NM_020395.4	0.93934	0.18563999999999992
INTS13		NM_018164.3	0.99857	
INTS14		NM_001394796.1	0.10653	
INTU	7.6977e-10	NM_015693.4	4.9009e-15	7.697650991e-10
INVS	5.5501e-18	NM_014425.5	1.7464e-21	5.5483536000000005e-18
IP6K1	0.92674	NM_153273.4	0.96551	0.03876999999999997
IP6K2	0.973	NM_016291.4	0.99973	0.02673000000000003
IP6K3	3.0854e-07	NM_054111.5	1.3902e-05	1.359346e-05
IPCEF1	0.0015595	NM_001130700.2	0.078404	0.0768445
IPMK	0.96258	NM_152230.5	0.81652	0.14605999999999997
IPO4	1.0269e-18	NM_024658.4	2.8258e-20	9.98642e-19
IPO5	1.0	NM_002271.6	1.0	0.0
IPO7	1.0	NM_006391.3	1.0	0.0
IPO8	0.2344	NM_006390.4	0.15221	0.08218999999999999
IPO9	0.9999	NM_018085.5	1.0	9.999999999998899e-05
IPO11	0.0016626	NM_016338.5	0.098063	0.0964004
IPO13	0.99998	NM_014652.4	1.0	2.0000000000020002e-05
IPP	2.0966e-05	NM_005897.3	1.5642e-07	2.080958e-05
IPPK	0.8741	NM_022755.6	0.97588	0.10177999999999998
IQANK1		NM_001381874.1	1.516e-09	
IQCB1	1.3581e-12	NM_001023570.4	2.277e-08	2.27686419e-08
IQCC	4.0474e-09	NM_018134.3	3.9736e-08	3.56886e-08
IQCE	1.3752e-39	NM_152558.5	1.5711e-38	1.43358e-38
IQCF1	0.0011241	NM_152397.3	0.00018924	0.00093486
IQCF2	0.00124	NM_203424.2	0.002115	0.0008750000000000001
IQCF3	0.00043339	NM_001393887.1	0.0011502	0.00071681
IQCF5	0.011551	NM_001145059.2	0.12353	0.111979
IQCF6	0.007742	NM_001368369.1	6.4113e-06	0.0077355887
IQCH	1.0865e-21	NM_001031715.3	1.6654e-12	1.6653999989135e-12
IQCJ	0.0006522	NM_001042706.3	0.0025463	0.0018941000000000001
IQCJ-SCHIP1	0.027313	ENST00000638749	0.12962	0.10230700000000001
IQCM		NM_001363507.2	1.5897e-06	
IQCN		NM_001145304.2	3.7566e-11	
IQGAP1	0.99754	NM_003870.4	1.0	0.0024600000000000177
IQGAP2	8.4988e-27	NM_006633.5	1.0909e-25	1.0059120000000001e-25
IQGAP3	2.3959e-33	NM_178229.5	1.2568e-40	2.39589987432e-33
IQSEC1	0.99969	NM_001134382.3	0.9962	0.003489999999999993
IQSEC3	0.0038704	NM_001170738.2	1.5557e-08	0.003870384443
IQUB	1.7274e-14	NM_178827.5	1.3336e-18	1.72726664e-14
IRAG1		NM_130385.4	4.0337e-10	
IRAG2		NM_001366544.2	6.8372e-06	
IRAK1BP1	1.449e-06	NM_001010844.4	8.7251e-07	5.7649e-07
IRAK2	2.6055000000000003e-19	NM_001570.4	3.7583e-13	3.7582973944999996e-13
IRAK3	5.3092e-21	NM_007199.3	9.6989e-13	9.698899946908e-13
IRAK4	7.8001e-09	NM_016123.4	1.1785e-08	3.9848999999999985e-09
IREB2	0.99991	NM_004136.4	0.99998	7.00000000000145e-05
IRF1	0.9909	NM_002198.3	0.94161	0.049290000000000056
IRF2	0.79793	NM_002199.4	0.98966	0.19172999999999996
IRF2BP1	0.99024	NM_015649.3	0.94493	0.04530999999999996
IRF2BP2	0.84558	NM_182972.3	0.41247	0.43311
IRF2BPL	0.83623	NM_024496.4	0.90987	0.07363999999999993
IRF3	0.00011576	NM_001571.6	5.2965e-08	0.000115707035
IRF4	0.85677	NM_002460.4	0.99993	0.14315999999999995
IRF5	0.0090365	NM_001098629.3	0.87523	0.8661935
IRF6	0.99961	NM_006147.4	1.0	0.00039000000000000146
IRF7	4.4508e-15	NM_001572.5	3.4306e-32	4.4508e-15
IRF8	0.94807	NM_002163.4	0.99684	0.04876999999999998
IRF9	0.60773	NM_006084.5	0.98208	0.37434999999999996
IRGC	0.047269	NM_019612.4	0.02411	0.023159
IRGM		NM_001145805.2	0.37437	
IRGQ	0.0037866	NM_001007561.3	0.00049308	0.0032935200000000003
IRS1	0.023645	NM_005544.3	0.00013546	0.02350954
IRS2	0.99032	NM_003749.3	4.1508e-07	0.9903195849199999
IRX1	0.0004765	NM_024337.4	9.3376e-07	0.00047556624
IRX2	0.021836	NM_033267.5	4.1111e-09	0.021835995888900003
IRX3	0.89165	NM_024336.3	7.134e-05	0.8915786600000001
IRX4	0.011525	NM_016358.3	3.6453e-06	0.0115213547
IRX5	0.9747	NM_005853.6	0.99904	0.02434000000000003
IRX6	2.4989e-12	NM_024335.3	2.9845e-15	2.4959155000000004e-12
ISCA1	0.17085	NM_030940.4	0.010674	0.160176
ISCA2	2.4343e-08	NM_194279.4	7.4089e-09	1.6934099999999997e-08
ISCU	0.041463	NM_213595.4	0.002139	0.039324
ISG15	0.40527	NM_005101.4	0.11305	0.29222000000000004
ISG20	0.002899	NM_002201.6	0.0098822	0.0069832
ISG20L2	0.087751	NM_001370150.2	0.037284	0.050467
ISL1	0.86857	NM_002202.3	0.99999	0.1314200000000001
ISL2	0.11148	NM_145805.3	0.0031324	0.1083476
ISLR	0.018643	NM_005545.4	0.37749	0.35884699999999997
ISLR2	0.11102	NM_020851.3	0.00088829	0.11013171
ISM1	0.0062863	NM_080826.2	4.4011e-05	0.006242289
ISM2	2.3337e-11	NM_199296.3	2.0654e-15	2.33349346e-11
ISOC1	6.0952e-08	NM_016048.2	2.0965e-09	5.88555e-08
ISOC2	1.297e-05	NM_001136201.2	2.2962e-05	9.992000000000002e-06
IST1	0.0046461	NM_001270975.2	0.060864	0.0562179
ISX	3.5552e-05	NM_001303508.2	0.00029344	0.000257888
ISY1	0.9999	NM_020701.4	0.99999	9.00000000000345e-05
ISYNA1	2.4934e-05	NM_016368.5	2.1118e-09	2.4931888199999998e-05
ITCH	0.99997	NM_031483.7	1.0	2.999999999997449e-05
ITFG1	0.071163	NM_030790.5	0.85363	0.782467
ITFG2	2.4768e-08	NM_018463.4	7.7307e-07	7.483019999999999e-07
ITGA1	2.6124e-16	NM_181501.2	3.8334e-08	3.8333999738759995e-08
ITGA2	6.2805e-11	NM_002203.4	3.0497e-16	6.280469503e-11
ITGA2B	1.5205e-16	NM_000419.5	9.191400000000001e-19	1.5113086e-16
ITGA3	3.5545e-07	NM_002204.4	2.2512e-10	3.5522488000000005e-07
ITGA4	0.00010067	NM_000885.6	0.19586	0.19575933
ITGA5	0.42455	NM_002205.5	0.99944	0.57489
ITGA6	1.9014e-07	NM_000210.4	0.6874	0.68739980986
ITGA7	4.2657e-17	NM_002206.3	5.4318e-16	5.005229999999999e-16
ITGA8	6.0785e-13	NM_003638.3	1.2641e-12	6.562500000000001e-13
ITGA9	0.0081584	NM_002207.3	0.01096	0.0028015999999999996
ITGA10	2.4464e-19	NM_003637.5	4.1726e-23	2.44598274e-19
ITGA11	8.661e-08	NM_001004439.2	4.8406e-20	8.66099999999516e-08
ITGAD	2.0033999999999997e-21	NM_005353.3	1.5476e-24	2.0018524e-21
ITGAE	3.9199e-20	NM_002208.5	5.0931e-23	3.9148069000000003e-20
ITGAL	0.0043213	NM_002209.3	9.4665e-06	0.0043118335
ITGAM	3.3148e-11	NM_000632.4	7.6195e-11	4.3047e-11
ITGAV	0.00022844	NM_002210.5	9.6626e-10	0.00022843903374
ITGAX	1.3665e-15	NM_000887.5	7.173e-23	1.36649992827e-15
ITGB1	0.98208	NM_002211.4	0.99977	0.017690000000000095
ITGB1BP1	9.6972e-05	NM_004763.5	0.015468	0.015371028
ITGB2	5.0817e-15	NM_000211.5	1.1008e-11	1.10029183e-11
ITGB3	0.0017189	NM_000212.3	6.4519e-07	0.00171825481
ITGB3BP	2.9577e-07	NM_014288.5	0.080297	0.08029670422999999
ITGB4	9.528700000000003e-19	NM_000213.5	8.4149e-40	9.528700000000003e-19
ITGB5	9.8905e-08	NM_002213.5	0.098567	0.098566901095
ITGB6	1.6277e-22	NM_000888.5	2.9879e-21	2.8251299999999997e-21
ITGB7	2.3661e-06	NM_000889.3	2.3711e-13	2.3660997628900003e-06
ITGB8	0.99767	NM_002214.3	0.20911	0.7885599999999999
ITGBL1	1.7671e-09	NM_004791.3	6.0526e-12	1.7610474e-09
ITIH1	2.0755e-31	NM_002215.4	5.5281999999999995e-28	5.526124499999999e-28
ITIH2	3.8025e-23	NM_002216.3	5.7854e-24	3.22396e-23
ITIH3	1.4628e-13	NM_002217.4	4.6729e-23	1.4627999995327102e-13
ITIH4	6.4352e-13	NM_002218.5	1.3223e-18	6.435186776999999e-13
ITIH5	7.095199999999999e-21	NM_030569.7	3.0943e-11	3.09429999929048e-11
ITK	3.1402e-08	NM_005546.4	0.0012917	0.001291668598
ITLN1	3.4119e-06	NM_017625.3	3.6466e-06	2.3470000000000006e-07
ITLN2	2.4462e-06	NM_080878.3	3.6218e-08	2.409982e-06
ITM2B	0.62589	NM_021999.5	0.57592	0.04996999999999996
ITM2C	0.70418	NM_030926.6	4.2909e-05	0.704137091
ITPA	1.0144e-07	NM_033453.4	3.3906e-09	9.80494e-08
ITPK1	0.99389	NM_014216.6	0.037518	0.956372
ITPKA	0.64926	NM_002220.3	0.058252	0.591008
ITPKB	0.99994	NM_002221.4	1.0	5.999999999994898e-05
ITPKC	0.15241	NM_025194.3	6.5659e-05	0.152344341
ITPR1	1.0	NM_001378452.1	1.0	0.0
ITPR2	5.7127e-29	NM_002223.4	9.3592e-27	9.302073e-27
ITPR3	2.5541e-22	NM_002224.4	1.3807e-29	2.55409986193e-22
ITPRID1		NM_001257967.3	2.3839000000000003e-31	
ITPRID2		NM_001130445.3	1.3766e-06	
ITPRIP	4.7954e-11	NM_001272013.2	5.1882e-10	4.70866e-10
ITPRIPL1	1.8771e-10	NM_001008949.3	8.5899e-07	8.5880229e-07
ITPRIPL2	0.00015396	NM_001034841.4	2.0251e-10	0.00015395979749
ITSN1	1.0	NM_003024.3	1.0	0.0
ITSN2	9.7511e-13	NM_006277.3	9.333399999999999e-21	9.751099906666001e-13
IVD	1.5329e-14	NM_002225.5	7.3062e-06	7.3061999846709996e-06
IVL		NM_005547.4	0.30654	
IVNS1ABP	0.99442	NM_006469.5	0.99911	0.004690000000000083
IWS1	0.99727	NM_017969.3	0.99997	0.0027000000000000357
IYD	0.0040758	NM_203395.3	6.1423e-08	0.0040757385770000005
IZUMO1	3.0387e-08	NM_182575.3	2.5928e-15	3.03869974072e-08
IZUMO1R		NM_001199206.4	3.1742e-09	
IZUMO2	2.4749e-05	NM_152358.3	1.949e-05	5.258999999999998e-06
IZUMO3	3.0367e-11	NM_001365008.2	3.7077e-12	2.66593e-11
IZUMO4	3.0023e-14	NM_001039846.2	7.1727e-22	3.002299928273e-14
JADE1	0.99885	NM_199320.4	1.0	0.0011499999999999844
JADE2	0.99994	NM_001388185.1	1.0	5.999999999994898e-05
JAG1	1.0	NM_000214.3	1.0	0.0
JAG2	1.0	NM_002226.5	0.90572	0.09428000000000003
JAGN1	0.0074462	NM_032492.4	0.0062585	0.0011876999999999999
JAK1	0.99998	NM_002227.4	1.0	2.0000000000020002e-05
JAK2	0.65372	NM_004972.4	2.2544e-06	0.6537177456
JAK3	5.9311e-06	NM_000215.4	1.5795e-23	5.9311e-06
JAKMIP1	0.99986	NM_001099433.2	1.0	0.000140000000000029
JAKMIP2	1.0	NM_001270941.2	1.0	0.0
JAKMIP3	0.067007	NM_001323087.2	1.145e-07	0.0670068855
JAM2	0.006155	NM_021219.4	0.093811	0.08765600000000001
JAM3	0.0006158	NM_032801.5	7.8734e-07	0.00061501266
JAML		NM_001098526.2	0.00013011	
JARID2	0.99999	NM_004973.4	1.0	9.99999999995449e-06
JAZF1	0.89582	NM_175061.4	0.9921	0.09628000000000003
JCAD		NM_020848.4	0.93715	
JCHAIN		NM_144646.4	0.50764	
JDP2	0.35921	NM_001135048.2	0.035486	0.32372399999999996
JHY		NM_024806.4	2.0905e-19	
JKAMP	0.076522	NM_016475.5	0.66184	0.585318
JMJD1C	1.0	NM_032776.3	1.0	0.0
JMJD4	1.4886e-09	NM_023007.3	2.7224e-12	1.4858776000000001e-09
JMJD6	0.93353	NM_015167.3	0.92114	0.012390000000000012
JMJD7	8.1582e-05	NM_001114632.2	2.4716e-15	8.15819999975284e-05
JMJD8	6.0633e-14	NM_001005920.4	6.1322e-27	6.063299999999387e-14
JMY	0.96031	NM_152405.5	0.00012814	0.9601818599999999
JOSD1	0.044609	NM_001360236.2	0.60078	0.556171
JOSD2	0.00018012	NM_001270639.2	7.4148e-08	0.000180045852
JPH1	0.76731	NM_020647.4	0.99998	0.23266999999999993
JPH2	4.5187e-05	NM_020433.5	4.6954e-11	4.5186953046e-05
JPH3	0.99855	NM_020655.4	0.99998	0.0014299999999999313
JPH4	0.99948	NM_001146028.2	0.00066029	0.99881971
JPT1		NM_016185.4	0.62681	
JPT2		NM_144570.3	0.025689	
JRK		NM_003724.4	0.14263	
JRKL	0.00020034	NM_001261833.2	2.2196e-07	0.00020011804
JSRP1	6.1014e-10	NM_144616.4	3.2522e-14	6.10107478e-10
JTB	0.42432	NM_006694.4	0.064323	0.35999699999999996
JUN	0.05962	NM_002228.4	0.4676	0.40798
JUNB	0.86299	NM_002229.3	0.22809	0.6349
JUND	0.70054	NM_005354.6	0.56352	0.13702000000000003
JUP	0.00080103	NM_002230.4	0.74487	0.74406897
KAAG1	0.28715	NM_181337.4	0.32094	0.03378999999999999
KALRN	1.0	NM_001388419.1	1.0	0.0
KANK1	7.9821e-18	NM_015158.5	7.5891e-34	7.9821e-18
KANK2	0.044954	NM_001136191.3	2.6403e-06	0.0449513597
KANK3	2.734e-08	NM_198471.3	9.9317e-26	2.734e-08
KANK4	2.0713e-09	NM_181712.5	2.1155e-10	1.8597500000000001e-09
KANSL1	0.99972	NM_015443.4	1.0	0.00027999999999994696
KANSL1L	0.65684	NM_152519.4	1.0	0.34316
KANSL2	0.87965	NM_017822.4	3.1161e-08	0.879649968839
KANSL3	0.99998	NM_001115016.3	1.0	2.0000000000020002e-05
KARS1		NM_005548.3	8.5776e-09	
KASH5		NM_144688.5	1.1061999999999999e-21	
KAT2A	0.57331	NM_021078.3	0.0052234	0.5680866
KAT2B	0.98975	NM_003884.5	0.9982	0.008449999999999958
KAT5	0.088234	NM_182710.3	0.027252	0.06098200000000001
KAT6A	1.0	NM_006766.5	1.0	0.0
KAT6B	1.0	NM_012330.4	1.0	0.0
KAT7	0.99999	NM_007067.5	1.0	9.99999999995449e-06
KAT8	0.22493	NM_032188.3	4.2831e-09	0.22492999571689998
KAT14		NM_001392073.1	1.7371e-18	
KATNA1	1.6782e-05	NM_007044.4	2.696e-05	1.0178e-05
KATNAL1	0.53169	NM_032116.5	1.5171e-06	0.5316884829
KATNAL2	1.1784e-06	NM_001387690.1	2.4955e-09	1.1759045e-06
KATNB1	1.4478e-05	NM_005886.3	0.00010561	9.113200000000001e-05
KATNBL1	0.72545	NM_024713.3	0.22392	0.50153
KATNIP		NM_015202.5	6.8843e-26	
KAZALD1	9.6662e-07	NM_030929.5	3.7193e-13	9.6661962807e-07
KAZN	0.59671	NM_201628.3	6.7311e-06	0.5967032688999999
KBTBD2	0.99795	NM_015483.3	0.99985	0.0019000000000000128
KBTBD3	5.5685e-06	NM_198439.3	1.8381e-10	5.56831619e-06
KBTBD4	0.29725	NM_018095.6	3.3329e-07	0.29724966671
KBTBD6	0.97282	NM_152903.5	0.99998	0.027159999999999962
KBTBD7	3.5716e-06	NM_032138.7	0.0068804	0.0068768284
KBTBD8	9.4672e-06	NM_032505.3	0.00078991	0.0007804428
KBTBD11	0.062354	NM_014867.3	0.017064	0.04529
KBTBD12	2.3384e-14	NM_207335.4	2.6034e-17	2.3357966e-14
KBTBD13	2.2574e-10	NM_001101362.3	4.9492e-15	2.2573505079999999e-10
KCMF1	0.97719	NM_020122.5	0.99994	0.022750000000000048
KCNA1	0.076028	NM_000217.3	0.0001067	0.0759213
KCNA2	0.91067	NM_004974.4	0.93925	0.02858000000000005
KCNA3	0.89392	NM_002232.5	0.0034583	0.8904617
KCNA4	0.98327	NM_002233.4	1.0	0.016730000000000023
KCNA5	0.0010938	NM_002234.4	2.1099e-07	0.00109358901
KCNA7	0.14232	NM_031886.3	1.0508e-05	0.142309492
KCNA10	0.00083822	NM_005549.2	9.7243e-05	0.000740977
KCNAB1	0.042256	NM_172160.3	0.03039	0.011866000000000002
KCNAB2	0.79978	NM_001199862.2	0.018746	0.781034
KCNAB3	2.4251e-17	NM_004732.4	2.6426e-20	2.4224574e-17
KCNB1	0.99977	NM_004975.4	1.0	0.00022999999999995246
KCNB2	0.99613	NM_004770.3	1.0	0.00387000000000004
KCNC1	0.98957	NM_001112741.2	0.99991	0.010340000000000016
KCNC2	0.18911	NM_139137.4	0.042647	0.146463
KCNC3	0.20575	NM_004977.3	0.29626	0.09051000000000003
KCNC4	0.0044543	NM_001039574.3	0.00016975	0.00428455
KCND2	0.012477	NM_012281.3	0.99952	0.987043
KCND3	0.98972	NM_001378969.1	1.0	0.010279999999999956
KCNE1	0.003396	NM_000219.6	0.51755	0.514154
KCNE2	0.00010145	NM_172201.2	0.018093	0.017991550000000002
KCNE3	0.4682	NM_005472.5	0.26483	0.20337
KCNE4	0.24409	NM_080671.4	0.033714	0.210376
KCNF1	0.24593	NM_002236.5	0.85602	0.61009
KCNG1	0.026243	NM_002237.4	0.0011289	0.0251141
KCNG2	0.60183	NM_012283.2	0.00048277	0.60134723
KCNG3	0.27167	NM_133329.6	0.00090897	0.27076103
KCNG4	4.2136e-16	NM_172347.3	3.2466e-13	3.2423864e-13
KCNH1	0.54625	NM_172362.3	0.81678	0.27052999999999994
KCNH2	0.99593	NM_000238.4	0.066807	0.9291229999999999
KCNH3	0.99919	NM_012284.3	0.70804	0.29115
KCNH4	0.99984	NM_012285.3	0.94967	0.05016999999999994
KCNH5	0.019692	NM_139318.5	0.10608	0.08638799999999999
KCNH6	7.1244000000000005e-31	NM_001278919.2	7.8427e-27	7.84198756e-27
KCNH7	0.28183	NM_033272.4	0.90527	0.62344
KCNH8	2.286e-10	NM_144633.3	2.7723e-14	2.2857227699999998e-10
KCNIP1	0.0042091	NM_014592.4	0.22374	0.2195309
KCNIP2	0.015425	NM_173191.3	0.0038289	0.0115961
KCNIP3	0.037604	NM_013434.5	1.7964e-09	0.0376039982036
KCNIP4	0.82064	NM_025221.6	0.23726	0.58338
KCNJ1	4.6255e-05	NM_153766.3	3.2536e-09	4.6251746399999995e-05
KCNJ2	0.30653	NM_000891.3	0.37571	0.06917999999999996
KCNJ3	0.99108	NM_002239.4	1.0	0.008920000000000039
KCNJ4	0.9649	NM_152868.3	0.99989	0.034989999999999966
KCNJ5	0.00033577	NM_000890.5	0.0081482	0.0078124299999999995
KCNJ6	0.54063	NM_002240.5	0.98916	0.44853
KCNJ8	0.37965	NM_004982.4	0.081962	0.297688
KCNJ9	0.30133	NM_004983.3	1.0134e-05	0.301319866
KCNJ10	0.1502	NM_002241.5	0.46302	0.31282
KCNJ11	0.010894	NM_000525.4	0.0015654	0.0093286
KCNJ12	0.054242	NM_021012.5	0.99541	0.941168
KCNJ13	0.013685	NM_002242.4	0.62675	0.6130650000000001
KCNJ14	2.4991e-06	NM_013348.4	2.7341e-07	2.22569e-06
KCNJ15	0.11313	NM_170736.3	0.0030569	0.1100731
KCNJ16	8.8743e-12	NM_170741.4	2.6186e-06	2.6185911257e-06
KCNJ18		NM_001194958.2	3.5089e-09	
KCNK1	0.031161	NM_002245.4	0.23098	0.199819
KCNK2	0.019089	NM_001017425.3	0.019611	0.0005220000000000016
KCNK3	0.90018	NM_002246.3	0.093834	0.806346
KCNK4	0.005677	NM_033310.3	1.7607e-07	0.00567682393
KCNK5	0.32518	NM_003740.4	0.0042029	0.3209771
KCNK6	0.0020738	NM_004823.3	6.5274e-08	0.0020737347260000004
KCNK7	3.478e-05	NM_033347.2	4.7778e-05	1.2998e-05
KCNK9	0.95519	NM_001282534.2	0.98086	0.02566999999999997
KCNK10	0.0031431	NM_138317.3	0.0039838	0.0008407000000000002
KCNK12	0.91853	NM_022055.2	0.15967	0.75886
KCNK13	0.05263	NM_022054.4	0.0060392	0.0465908
KCNK15	0.033356	NM_022358.4	4.2938e-05	0.033313062
KCNK16	0.00010207	NM_001135106.2	8.7187e-09	0.0001020612813
KCNK17	4.1781e-06	NM_031460.4	1.7409e-10	4.17792591e-06
KCNK18	0.0013568	NM_181840.1	0.015792	0.0144352
KCNMA1	0.99731	NM_001161352.2	1.0	0.00268999999999997
KCNMB1	2.0696e-06	NM_004137.4	5.1108e-08	2.018492e-06
KCNMB2	0.5544	NM_181361.3	0.88405	0.32965
KCNMB3	8.2989e-09	NM_171830.2	2.738e-08	1.9081100000000003e-08
KCNMB4	0.93853	NM_014505.6	0.99123	0.05270000000000008
KCNN1	0.85412	NM_001386974.1	0.054814	0.799306
KCNN2	0.99099	NM_021614.4	0.067245	0.923745
KCNN3	0.97227	NM_002249.6	0.99999	0.027720000000000078
KCNN4	5.0256e-07	NM_002250.3	5.8788e-08	4.43772e-07
KCNQ1	4.5453e-08	NM_000218.3	1.0954e-12	4.5451904599999995e-08
KCNQ2	0.99998	NM_172107.4	1.0	2.0000000000020002e-05
KCNQ3	0.80089	NM_004519.4	0.99883	0.19794
KCNQ4	0.46799	NM_004700.4	0.022475	0.445515
KCNQ5	0.98011	NM_019842.4	0.99994	0.019830000000000014
KCNRG	4.1306e-05	NM_173605.2	5.3763e-07	4.076837e-05
KCNS1	0.11183	NM_001322799.2	7.1394e-10	0.11182999928606
KCNS2	0.059023	NM_020697.4	0.0085633	0.050459699999999996
KCNS3	0.0011942	NM_002252.5	0.28027	0.27907580000000004
KCNT1	2.7613e-05	NM_020822.3	1.7222e-12	2.7612998277800002e-05
KCNT2	0.041658	NM_198503.5	0.00014381	0.04151419
KCNU1	2.7854e-16	NM_001031836.3	1.8112e-11	1.811172146e-11
KCNV1	0.97796	NM_014379.4	1.0	0.02203999999999995
KCNV2	1.1944e-26	NM_133497.4	1.1007000000000001e-35	1.1943999988993e-26
KCP		NM_001366122.1	5.1546e-64	
KCTD1	0.85538	NM_001142730.3	0.089058	0.7663220000000001
KCTD2	0.20119	NM_015353.3	0.00048634	0.20070366
KCTD3	0.1013	NM_016121.5	0.0066178	0.0946822
KCTD4	0.0031378	NM_198404.3	0.00271	0.0004277999999999999
KCTD5	0.054252	NM_018992.4	0.11078	0.056528
KCTD6	0.016939	NM_001128214.2	0.38115	0.364211
KCTD7	0.00063083	NM_153033.5	0.0017607	0.00112987
KCTD8	0.00037542	NM_198353.3	7.9535e-08	0.00037534046500000003
KCTD9	0.061749	NM_017634.4	0.99594	0.934191
KCTD10	0.86253	NM_031954.5	0.80485	0.057680000000000065
KCTD11	0.0054961	NM_001363642.1	0.0075319	0.0020358
KCTD12	0.061693	NM_138444.4	2.7908e-06	0.0616902092
KCTD13	0.00091544	NM_178863.5	0.050421	0.049505560000000004
KCTD14	0.002183	NM_023930.4	0.001339	0.0008440000000000001
KCTD15	0.035511	NM_001129994.2	0.3007	0.265189
KCTD16	0.99329	NM_020768.4	0.94311	0.05018
KCTD17	0.017683	NM_001282684.2	6.5355e-05	0.017617645
KCTD18	5.8625e-08	NM_152387.4	3.6239e-05	3.6180375e-05
KCTD19	5.0661e-15	NM_001100915.3	2.311e-10	2.310949339e-10
KCTD20	0.00094347	NM_173562.5	1.7683e-07	0.00094329317
KCTD21	0.0030552	NM_001029859.3	0.0077431	0.0046879
KDELR1	0.88109	NM_006801.3	0.00033832	0.88075168
KDELR2	0.16699	NM_006854.4	0.0025946	0.1643954
KDELR3	5.376e-11	NM_006855.4	2.2631e-07	2.2625623999999998e-07
KDF1		NM_152365.3	0.85488	
KDM1A	0.99667	NM_001009999.3	0.003442	0.993228
KDM1B	0.0014005	NM_001364614.2	3.1962e-09	0.0014004968038
KDM2A	1.0	NM_012308.3	1.0	0.0
KDM2B	1.0	NM_032590.5	1.0	0.0
KDM3A	0.99999	NM_018433.6	0.9949	0.005090000000000039
KDM3B	1.0	NM_016604.4	1.0	0.0
KDM4A	1.0	NM_014663.3	1.0	0.0
KDM4B	1.0	NM_015015.3	1.0	0.0
KDM4C	6.5189e-07	NM_015061.6	1.0648e-12	6.518889352e-07
KDM4D	0.43196	NM_018039.3	0.40574	0.02622000000000002
KDM4E	0.51315	NM_001161630.1		
KDM5A	1.0	NM_001042603.3	1.0	0.0
KDM5B	7.9102e-15	NM_006618.5	1.1177e-29	7.910199999999989e-15
KDM6B	1.0	NM_001348716.2	1.0	0.0
KDM7A	0.99986	NM_030647.2	0.99989	2.999999999997449e-05
KDM8	2.5238e-05	NM_024773.3	7.0842e-09	2.52309158e-05
KDR	0.99982	NM_002253.4	1.0	0.00017999999999995797
KDSR	0.11662	NM_002035.4	0.043514	0.073106
KEAP1	0.00038766	NM_203500.2	0.087069	0.08668134
KEL	3.1153999999999997e-21	NM_000420.3	6.9359e-31	3.11539999930641e-21
KERA	1.7098e-07	NM_007035.4	2.7143e-08	1.4383700000000002e-07
KHDC1L	0.086279	NM_001126063.3	0.14341	0.057131000000000015
KHDC3L	0.12327	NM_001017361.3	0.12463	0.00136
KHDC4		NM_014949.4	0.99989	
KHDRBS1	0.99423	NM_006559.3	0.99849	0.0042600000000000415
KHDRBS2	0.038537	NM_152688.4	0.052045	0.013508
KHDRBS3	0.44237	NM_006558.3	0.0002953	0.4420747
KHK	2.0668e-09	NM_006488.3	3.4096e-13	2.0664590399999998e-09
KHNYN	1.6074e-08	NM_015299.3	1.3251e-09	1.47489e-08
KHSRP	1.0	NM_001366299.1	1.0	0.0
KIAA0040	0.20102	NM_014656.3	5.7423e-05	0.200962577
KIAA0232	0.99999	NM_014743.3	1.0	9.99999999995449e-06
KIAA0319	3.3234e-20	NM_014809.4	4.5775e-15	4.577466766e-15
KIAA0319L	0.0012186	NM_024874.5	0.00011995	0.00109865
KIAA0408	4.8741e-07	NM_014702.5	5.489e-15	4.874099945110001e-07
KIAA0513	0.23471	NM_001388359.1	1.9599e-09	0.2347099980401
KIAA0586	5.1344e-16	NM_001329943.3	8.5316e-14	8.480256e-14
KIAA0753	1.5544999999999996e-28	NM_014804.3	3.4291e-23	3.429084455e-23
KIAA0825	5.2834e-09	NM_001145678.3	2.373e-24	5.283399999999998e-09
KIAA0930	6.9792e-05	NM_001009880.2	4.4645e-05	2.5147e-05
KIAA1143	0.0079624	NM_020696.4	0.36939	0.3614276
KIAA1191	1.1689e-06	NM_020444.5	1.026e-05	9.0911e-06
KIAA1217	0.00023185	NM_019590.5	2.8447e-10	0.00023184971553
KIAA1328	3.2984e-08	NM_020776.3	1.0708e-12	3.29829292e-08
KIAA1549	0.98607	NM_001164665.2	5.1784e-06	0.9860648216
KIAA1549L	1.2946e-07	NM_012194.3	1.1495e-14	1.29459988505e-07
KIAA1586	5.7547e-11	NM_020931.4	0.081828	0.081827999942453
KIAA1614	1.1531e-15	NM_020950.2	3.0120000000000003e-24	1.153099996988e-15
KIAA1671	0.8238	NM_001145206.2	0.11599	0.7078099999999999
KIAA1755	2.8893e-17	NM_001029864.2	5.8458e-17	2.9564999999999993e-17
KIAA1958	0.011171	NM_133465.4	0.99814	0.986969
KIAA2012		NM_001277372.4	1.6705e-29	
KIAA2013	0.0097782	NM_138346.3	0.00016079	0.009617410000000002
KICS2		NM_152440.5	0.50468	
KIDINS220	0.073562	NM_020738.4	0.9995	0.925938
KIF1A	1.0	NM_001244008.2	1.0	0.0
KIF1B	1.0	NM_001365951.3	1.0	0.0
KIF1C	0.71767	NM_006612.6	2.2494e-06	0.7176677506
KIF2A	0.99998	NM_001098511.3	0.76117	0.23880999999999997
KIF2B	1.6069e-10	NM_032559.5	0.00021299	0.00021298983931000002
KIF2C	2.5765e-05	NM_006845.4	0.99989	0.999864235
KIF3A	0.89775	NM_001300791.2	1.0	0.10224999999999995
KIF3B	0.084213	NM_004798.4	0.0002308	0.08398219999999999
KIF3C	0.99153	NM_002254.8	1.0	0.008469999999999978
KIF4B	4.632700000000001e-25	NM_001099293.3	2.573e-18	2.57299953673e-18
KIF5A	0.99995	NM_004984.4	1.0	4.999999999999449e-05
KIF5B	0.99427	NM_004521.3	0.99974	0.005469999999999975
KIF5C	1.0	NM_004522.3	1.0	0.0
KIF6	3.0905e-27	NM_145027.6	4.1925e-17	4.19249999969095e-17
KIF7	2.2711e-22	NM_198525.3	3.0938e-31	2.2710999969062e-22
KIF9	5.484099999999999e-22	NM_182902.4	1.5621e-14	1.5620999451590002e-14
KIF11	1.0	NM_004523.4	1.0	0.0
KIF12	4.1596e-12	NM_001388308.1	5.5414e-25	4.159599999999446e-12
KIF13A	0.99999	NM_022113.6	0.99182	0.00817000000000001
KIF13B	2.1366e-12	NM_015254.4	1.473e-18	2.136598527e-12
KIF14	4.1141e-05	NM_014875.3	2.0983e-06	3.90427e-05
KIF15	9.5235e-25	NM_020242.3	4.638300000000001e-25	4.8852e-25
KIF16B	2.1000000000000001e-19	NM_024704.5	1.2687e-13	1.2686979e-13
KIF17	3.7556e-18	NM_001122819.3	3.2601e-21	3.7523399000000005e-18
KIF18A	0.0014835	NM_031217.4	0.00090293	0.00058057
KIF18B	0.002309	NM_001265577.2	3.2306e-09	0.0023089967693999997
KIF19	1.4716e-17	NM_153209.4	1.1153e-35	1.4716e-17
KIF20A	4.5339e-13	NM_005733.3	2.2872e-10	2.2826661000000002e-10
KIF20B	3.7396e-23	NM_001284259.2	8.5767e-23	4.8371e-23
KIF21A	2.865e-08	NM_001173464.2	2.8357e-08	2.9299999999999806e-10
KIF21B	1.7695e-06	NM_001252102.2	0.00023527	0.0002335005
KIF22	9.1697e-10	NM_007317.3	4.9453e-17	9.16969950547e-10
KIF23	1.0	NM_001367805.3	1.0	0.0
KIF24	1.3904e-17	NM_194313.4	2.525e-09	2.524999986096e-09
KIF25	9.6357e-07	NM_030615.4	5.0039e-05	4.907543e-05
KIF26A	0.00051939	NM_015656.2	2.2064e-23	0.00051939
KIF26B	0.99999	NM_018012.4	4.1167e-05	0.999948833
KIF27	1.7585000000000003e-24	NM_017576.4	7.9799e-15	7.9798999982415e-15
KIFAP3	1.5803e-05	NM_014970.4	1.9033e-05	3.229999999999998e-06
KIFBP		NM_015634.4	1.6272e-09	
KIFC1	0.00065654	NM_002263.4	8.6343e-06	0.0006479057000000001
KIFC2	1.3832e-11	NM_001369769.2	3.0404000000000002e-33	1.3832e-11
KIFC3	0.0056474	NM_001130100.2	1.676e-12	0.005647399998324001
KIN	1.0187e-05	NM_012311.4	0.0080274	0.008017213
KIR2DL1	3.5684e-15	NM_014218.3	5.5277e-16	3.01563e-15
KIR2DL3	2.6789e-09	NM_015868.3	1.3369e-18	2.6788999986631e-09
KIR3DL2	6.0804e-12	NM_006737.4	9.3836e-15	6.0710164e-12
KIR3DL3	0.00012102	NM_153443.5	1.1806e-08	0.000121008194
KIRREL1		NM_018240.7	0.99998	
KIRREL2	5.805e-10	NM_199180.4	3.6283e-15	5.804963717000001e-10
KIRREL3	0.96992	NM_032531.4	8.4901e-05	0.969835099
KISS1	0.49039	NM_002256.4	0.47461	0.015780000000000016
KISS1R	0.43649	NM_032551.5	7.6812e-10	0.43648999923188
KIT	0.98087	NM_000222.3	1.0	0.01912999999999998
KITLG	0.85024	NM_000899.5	0.90378	0.05354000000000003
KIZ		NM_018474.6	5.1898e-10	
KL	0.00022444	NM_004795.4	3.8203e-15	0.00022443999999617972
KLB	0.036433	NM_175737.4	1.3963e-05	0.036419037
KLC1	0.37095	NM_001394837.1	0.95725	0.5863
KLC2	0.97506	NM_001318734.2	0.0024321	0.9726279
KLC3	3.8573e-18	NM_177417.3	1.6975e-31	3.857299999999831e-18
KLC4	0.0011939	NM_201521.3	3.2716e-09	0.0011938967283999999
KLF1	0.000358	NM_006563.5	4.5975e-15	0.00035799999999540247
KLF2	0.56044	NM_016270.4	0.0079912	0.5524488000000001
KLF3	0.8296	NM_016531.6	0.98939	0.15979
KLF4	0.99714	NM_004235.6	0.09737	0.8997700000000001
KLF5	0.8181	NM_001730.5	0.96666	0.14855999999999991
KLF6	0.97946	NM_001300.6	1.0	0.020540000000000003
KLF7	0.98178	NM_003709.4	0.99999	0.01821000000000006
KLF9	0.88783	NM_001206.4	0.99728	0.10945000000000005
KLF10	0.0045769	NM_005655.4	0.0025238	0.0020531
KLF11	8.3215e-09	NM_003597.5	5.0394e-07	4.956184999999999e-07
KLF12	0.98067	NM_007249.5	0.99887	0.018199999999999994
KLF13	0.40432	NM_015995.4	0.00012085	0.40419915
KLF14	0.01598	NM_138693.4	1.0696e-05	0.015969304
KLF15	0.48843	NM_014079.4	0.99579	0.50736
KLF16	0.19517	NM_031918.4	0.0014935	0.1936765
KLF17	4.6604e-09	NM_173484.4	2.5701e-10	4.40339e-09
KLHDC1	4.4754e-08	NM_172193.3	0.00070621	0.000706165246
KLHDC2	0.026499	NM_014315.3	0.00018093	0.026318070000000002
KLHDC3	0.99908	NM_057161.4	1.0	0.0009200000000000319
KLHDC4	4.5566000000000005e-31	NM_017566.4	3.3924000000000003e-35	4.55626076e-31
KLHDC7A	4.9895000000000005e-19	NM_152375.3	0.33843	0.33843
KLHDC7B	1.192e-09	NM_138433.5	0.016907	0.016906998808
KLHDC8A	3.4494e-07	NM_018203.3	9.3315e-05	9.297006e-05
KLHDC8B	0.001791	NM_173546.3	3.1572e-05	0.001759428
KLHDC9	1.017e-09	NM_152366.5	1.9825e-08	1.8808000000000002e-08
KLHDC10	0.92564	NM_014997.4	0.94962	0.02398
KLHL1	7.1907e-07	NM_020866.3	6.8062e-07	3.845000000000003e-08
KLHL2	0.99985	NM_007246.4	0.99998	0.00012999999999996348
KLHL3	0.94479	NM_017415.3	0.99999	0.05520000000000003
KLHL5	5.2757e-06	NM_015990.5	1.1595e-06	4.1162e-06
KLHL6	4.0253e-06	NM_130446.4	6.1851e-10	4.02468149e-06
KLHL7	4.559e-05	NM_001031710.3	1.0222e-06	4.4567800000000004e-05
KLHL8	3.1232e-06	NM_020803.5	5.1621e-07	2.60699e-06
KLHL9	0.82017	NM_018847.4	9.5331e-06	0.8201604669
KLHL10	0.97852	NM_152467.5	0.99997	0.02145000000000008
KLHL11	0.20133	NM_018143.3	0.008276	0.193054
KLHL12	0.030342	NM_021633.4	0.99938	0.9690380000000001
KLHL14	0.0535	NM_020805.3	0.76118	0.70768
KLHL17	1.3052e-16	NM_198317.3	1.1344999999999999e-22	1.3051988655e-16
KLHL18	0.07816	NM_025010.5	2.7102e-08	0.07815997289799999
KLHL20	0.0094141	NM_014458.4	0.80917	0.7997559
KLHL21	6.3071e-07	NM_014851.4	3.4482000000000005e-19	6.307099999996552e-07
KLHL22	0.42419	NM_032775.4	0.99571	0.57152
KLHL23	0.0041626	NM_144711.6	5.5617e-08	0.0041625443829999996
KLHL24	0.0016745	NM_017644.3	0.20694	0.20526550000000002
KLHL25	1.5932e-15	NM_022480.4	6.1477e-18	1.5870523e-15
KLHL26	2.193e-06	NM_018316.3	0.069763	0.06976080700000001
KLHL28	0.023745	NM_017658.5	0.049487	0.025742000000000004
KLHL29	0.98532	NM_052920.2	0.99999	0.014670000000000072
KLHL30	5.4481e-11	NM_198582.4	1.2520000000000001e-24	5.4480999999998744e-11
KLHL31	3.9256e-06	NM_001003760.5	1.2535e-07	3.80025e-06
KLHL32	0.0093469	NM_052904.4	0.000227	0.0091199
KLHL33	1.0165e-05	NM_001365790.2	1.5878e-12	1.01649984122e-05
KLHL35	2.3745e-15	NM_001039548.3	1.1338e-19	2.3743866199999997e-15
KLHL36	0.80696	NM_024731.4	1.093e-07	0.8069598907
KLHL38	1.4099e-08	NM_001081675.3	7.802e-14	1.409892198e-08
KLHL40	3.5382e-06	NM_152393.4	8.4364e-13	3.5381991563599998e-06
KLHL41	0.00011107	NM_006063.3	8.9595e-05	2.1475000000000007e-05
KLHL42	0.012525	NM_020782.2	8.8238e-08	0.012524911762
KLK1	0.00015311	NM_002257.4	8.4031e-07	0.00015226969
KLK2	0.00012775	NM_005551.5	3.2792e-05	9.4958e-05
KLK3	4.4271e-06	NM_001648.2	8.2892e-06	3.8621e-06
KLK5	0.0070149	NM_012427.5	1.7963e-05	0.006996937
KLK6	0.0060052	NM_002774.4	0.00019192	0.00581328
KLK7	0.0006467	NM_005046.4	8.084e-06	0.000638616
KLK9	1.2997e-07	NM_012315.2	1.6902e-10	1.2980098e-07
KLK10	4.3662e-07	NM_145888.3	3.178e-12	4.36616822e-07
KLK11	0.00075409	NM_001136032.3	0.0029633	0.0022092099999999996
KLK12	3.1679e-05	NM_001370125.1	3.4966e-09	3.16755034e-05
KLK13	0.0045435	NM_015596.3	1.0496e-06	0.0045424504
KLK14	1.9965e-08	NM_001369775.2	1.451e-07	1.25135e-07
KLKB1	6.2893e-13	NM_000892.5	4.7511e-11	4.688207e-11
KLLN	0.0050546	NM_001126049.2	0.38896	0.38390539999999995
KLRB1	2.4129e-07	NM_002258.3	0.048113	0.04811275871
KLRC1	4.139e-05	NM_002259.5	0.00021165	0.00017025999999999999
KLRC2	4.8735e-10	NM_002260.4	0.11489	0.11488999951265001
KLRC3	1.7152e-06	NM_002261.3	0.00018847	0.0001867548
KLRC4	0.0056771	NM_013431.2	0.10838	0.1027029
KLRD1	0.0008747	NM_002262.5	0.0051922	0.0043175
KLRF1	1.8025e-07	NM_016523.3	0.2511	0.25109981975
KLRF2	7.7125e-11	NM_001190765.1	0.0033909	0.003390899922875
KLRG1	0.0034459	NM_005810.4	0.00083036	0.00261554
KLRG2	5.1131e-12	NM_198508.4	1.0207e-14	5.102893e-12
KLRK1	6.9812e-14	NM_007360.4	1.2937e-16	6.968263e-14
KMO	4.7825e-05	NM_003679.5	0.14763	0.147582175
KMT2A	1.0	NM_001197104.2	1.0	0.0
KMT2B	1.0	NM_014727.3	1.0	0.0
KMT2C	1.0	NM_170606.3	1.0	0.0
KMT2D	1.0	NM_003482.4	1.0	0.0
KMT2E	1.0	NM_182931.3	1.0	0.0
KMT5A		NM_020382.7	0.99998	
KMT5B		NM_017635.5	1.0	
KMT5C		NM_032701.4	0.00026901	
KNCN	4.787e-05	NM_001322255.2	7.1729e-05	2.3859000000000003e-05
KNDC1	0.0019859	NM_152643.8	6.634e-24	0.0019859
KNG1	3.2071e-10	NM_001102416.3	0.81148	0.81147999967929
KNL1		NM_144508.5	1.0	
KNOP1	2.3895e-07	NM_001012991.3	4.8334e-07	2.4439000000000003e-07
KNSTRN	2.1336e-06	NM_033286.4	1.9092e-09	2.1316908000000004e-06
KNTC1	5.3346e-43	NM_014708.6	2.0911e-22	2.0911e-22
KPNA1	0.99818	NM_002264.4	0.99999	0.0018100000000000893
KPNA2	0.54133	NM_002266.4	0.013664	0.527666
KPNA3	0.95357	NM_002267.4	0.99999	0.04642000000000002
KPNA4	0.99989	NM_002268.5	0.9994	0.0004899999999999904
KPNA5	0.00013525	NM_001366306.2	3.4999e-05	0.00010025100000000001
KPNA6	0.9994	NM_012316.5	1.0	0.0006000000000000449
KPNA7	3.3787e-15	NM_001145715.3	2.9367e-17	3.3493329999999998e-15
KPNB1	1.0	NM_002265.6	1.0	0.0
KPTN	1.1348e-05	NM_007059.4	8.356e-10	1.13471644e-05
KRAS	0.00078803	NM_004985.5	0.99914	0.99835197
KRBA1	8.2344e-16	NM_001290187.2	6.135e-32	8.234399999999999e-16
KRBA2	1.8795e-07	NM_001304947.3	0.27693	0.27692981205
KRBOX1	0.017643	NM_001205272.2	0.023264	0.005621000000000001
KRCC1	0.00067915	NM_016618.3	0.0073919	0.00671275
KREMEN1	0.011362	NM_001039570.3	3.4218e-05	0.011327782
KREMEN2	3.7207e-05	NM_172229.3	2.9293e-16	3.720699999970707e-05
KRI1	6.0373e-15	NM_023008.5	1.4403e-24	6.0372999985597e-15
KRIT1	0.00069333	NM_194454.3	0.11437	0.11367667
KRR1	0.00069317	NM_007043.7	0.0091747	0.00848153
KRT1	0.73629	NM_006121.4	0.00045625	0.73583375
KRT2	0.0012882	NM_000423.3	1.2105e-09	0.0012881987895
KRT3	8.9951e-10	NM_057088.3	1.832e-08	1.742049e-08
KRT4	5.4962e-10	NM_002272.4	1.2573e-13	5.4949427e-10
KRT5	0.64172	NM_000424.4	0.90196	0.26024
KRT6A	7.0326e-05	NM_005554.4	6.2076e-05	8.249999999999997e-06
KRT6B	5.5245e-10	NM_005555.4	4.6738e-07	4.6682755e-07
KRT6C	3.8079e-22	NM_173086.5	7.2253e-17	7.225261921e-17
KRT7	3.0861e-12	NM_005556.4	1.2172e-17	3.086087828e-12
KRT9	1.1272e-06	NM_000226.4	6.55e-08	1.0617e-06
KRT10	0.0025253	NM_000421.5	4.9789e-09	0.0025252950210999997
KRT12	2.5279e-14	NM_000223.4	7.3555e-09	7.355474721e-09
KRT13	0.00064096	NM_153490.3	1.6731e-06	0.0006392869
KRT14	0.00020311	NM_000526.5	1.4584e-07	0.00020296416
KRT15	2.3926e-16	NM_002275.4	2.7401e-15	2.5008400000000002e-15
KRT16	1.5006e-14	NM_005557.4	5.3853e-14	3.8847000000000004e-14
KRT17	1.098e-11	NM_000422.3	1.2138e-06	1.21378902e-06
KRT18	0.73477	NM_000224.3	0.99878	0.26400999999999997
KRT19	0.0043426	NM_002276.5	0.00028418	0.00405842
KRT20	9.0776e-11	NM_019010.3	5.4236e-12	8.53524e-11
KRT23	4.6553e-13	NM_015515.5	1.922e-08	1.921953447e-08
KRT24	1.3371e-16	NM_019016.3	2.5436e-09	2.54359986629e-09
KRT25	4.6459e-09	NM_181534.4	2.1588e-09	2.4871000000000002e-09
KRT27	1.7955e-08	NM_181537.4	3.4757e-06	3.457745e-06
KRT28	7.4212e-10	NM_181535.3	1.7251e-12	7.403949e-10
KRT31	0.0075531	NM_002277.3	1.7393e-06	0.0075513607
KRT32	1.3564e-18	NM_002278.3	1.3722e-16	1.358636e-16
KRT33A	3.1937e-17	NM_004138.4	7.4036e-17	4.2099e-17
KRT33B	4.4301e-17	NM_002279.5	1.0759e-10	1.07589955699e-10
KRT34	5.9309e-08	NM_001386014.1	5.9319e-09	5.33771e-08
KRT35	2.4391e-06	NM_002280.6	1.1572e-09	2.4379428000000002e-06
KRT36	2.0568e-13	NM_003771.5	2.1642e-13	1.0740000000000013e-14
KRT37	3.5166e-10	NM_003770.5	2.8839e-12	3.487761e-10
KRT38	3.9395e-09	NM_006771.4	1.6245e-17	3.939499983755e-09
KRT39	6.2024e-13	NM_213656.4	8.7375e-14	5.32865e-13
KRT40	7.0984e-10	NM_001389244.1	5.6136e-15	7.098343864e-10
KRT71	9.011e-07	NM_033448.3	2.3944e-12	9.010976056000001e-07
KRT72	1.3674e-11	NM_080747.3	4.504e-13	1.32236e-11
KRT73	7.1972e-12	NM_175068.3	2.7641e-14	7.169559e-12
KRT74	2.1183e-14	NM_175053.4	1.3537e-13	1.14187e-13
KRT75	4.041e-08	NM_004693.3	6.9063e-10	3.9719370000000005e-08
KRT76	2.7442e-14	NM_015848.4	3.49e-14	7.458000000000001e-15
KRT77	1.4217e-12	NM_175078.3	2.7552e-12	1.3334999999999997e-12
KRT78	1.4942e-15	NM_173352.4	1.2506e-20	1.4941874939999999e-15
KRT79	9.8728e-17	NM_175834.3	2.4802e-18	9.624779999999999e-17
KRT80	3.4641e-06	NM_182507.3	1.9881e-09	3.4621119e-06
KRT81	1.2108e-18	NM_002281.4	4.4333e-13	4.433287892e-13
KRT82	4.6454e-18	NM_033033.4	7.963e-13	7.962953546e-13
KRT83	3.3665e-14	NM_002282.3	2.2378e-17	3.3642622000000004e-14
KRT84	6.5597e-10	NM_033045.4	1.6349e-09	9.7893e-10
KRT85	3.1183e-06	NM_002283.4	2.1193e-09	3.1161806999999998e-06
KRT86	3.6139e-07	NM_001320198.2	1.0074e-07	2.6065e-07
KRT222	1.4228e-05	NM_152349.3	0.0064743	0.006460072
KRTAP1-1	5.9686e-06	NM_030967.3	0.0080795	0.0080735314
KRTAP1-3	0.11801	NM_030966.2	0.00086836	0.11714164
KRTAP1-4	0.23104	NM_001257305.2	0.022993	0.20804699999999998
KRTAP1-5	0.0039059	NM_031957.2	0.0046455	0.0007396000000000004
KRTAP2-1	0.0039974	NM_001123387.1	0.063117	0.05911960000000001
KRTAP2-3	0.0069368	NM_001165252.2	0.00020037	0.00673643
KRTAP2-4	0.00084684	NM_033184.4	0.014686	0.01383916
KRTAP3-1	0.023316	NM_031958.2	0.016655	0.006661
KRTAP3-2	0.49412	NM_031959.3	0.40684	0.08728000000000002
KRTAP3-3	0.00054788	NM_033185.3	3.0231e-05	0.000517649
KRTAP4-1	0.0056309	NM_001386841.1	0.11638	0.1107491
KRTAP4-2	0.01209	NM_033062.4	0.32916	0.31707
KRTAP4-3		NM_033187.2	0.044208	
KRTAP4-4	0.32211	NM_032524.2	0.038828	0.28328200000000003
KRTAP4-5	0.16174	NM_033188.4	0.42778	0.26604
KRTAP4-8	0.024058	NM_031960.3	0.36973	0.345672
KRTAP4-11	2.2612e-05	NM_033059.4	0.0075305	0.007507888
KRTAP4-12	0.19293	NM_031854.3	0.056822	0.136108
KRTAP5-1	0.089364	NM_001005922.1	0.035722	0.053642
KRTAP5-2	0.0080469	NM_001004325.2	0.29879	0.2907431
KRTAP5-3	0.16438	NM_001012708.2	0.33067	0.16629000000000002
KRTAP5-4	0.018983	NM_001347674.1		
KRTAP5-6	0.10396	NM_001012416.1	0.062244	0.041715999999999996
KRTAP5-7	0.090951	NM_001012503.2	0.39494	0.303989
KRTAP5-8	0.095069	NM_021046.3	0.33362	0.238551
KRTAP5-9	0.014981	NM_005553.4	0.078	0.063019
KRTAP5-10	1.9223e-05	NM_001012710.2	0.49069	0.490670777
KRTAP5-11	0.38177	NM_001005405.3	0.010256	0.371514
KRTAP6-3	0.51164	NM_181605.4	0.0071245	0.5045155
KRTAP7-1		NM_181606.3	0.14255	
KRTAP8-1	0.1027	NM_175857.4	0.04194	0.06076
KRTAP9-1		NM_001190460.1	0.00035185	
KRTAP9-2	0.31515	NM_031961.3	0.00016453	0.31498547
KRTAP9-3		NM_031962.3	8.6424e-05	
KRTAP9-4		NM_033191.3	0.011576	
KRTAP9-8		NM_031963.3	0.00089631	
KRTAP10-1	0.00016762	NM_198691.3	0.058839	0.05867138
KRTAP10-2	0.35103	NM_198693.4	0.1603	0.19073
KRTAP10-3	0.023538	NM_198696.3		
KRTAP10-4	8.1939e-13	NM_198687.2	0.34999	0.3499899999991806
KRTAP10-5	0.00044641	NM_198694.3	0.089887	0.08944059
KRTAP10-6	1.8374e-09	NM_198688.3	0.16902	0.1690199981626
KRTAP10-7	9.7068e-06	NM_198689.3	0.41424	0.4142302932
KRTAP10-8	3.2911e-05	NM_198695.2	0.14482	0.144787089
KRTAP10-9	1.8729e-05	NM_198690.3	0.21151	0.211491271
KRTAP10-10	0.0046536	NM_181688.3	0.36695	0.3622964
KRTAP10-11	0.00043329	NM_198692.3	0.051561	0.05112771
KRTAP10-12	0.0098403	NM_198699.1	0.13641	0.1265697
KRTAP11-1	0.0038454	NM_175858.3	2.4898e-07	0.00384515102
KRTAP12-1		NM_181686.2	0.32144	
KRTAP12-2		NM_181684.3	0.18175	
KRTAP12-3		NM_198697.2	0.0049209	
KRTAP12-4		NM_198698.1	0.12623	
KRTAP13-1		NM_181599.3	0.16587	
KRTAP13-2	1.3605e-05	NM_181621.4		
KRTAP15-1		NM_181623.3	0.41088	
KRTAP16-1	8.3521e-06	NM_001146182.2	0.35466	0.3546516479
KRTAP17-1	0.59112	NM_031964.2	0.75796	0.16684
KRTAP19-1		NM_181607.3	0.0060447	
KRTAP19-2		NM_181608.2	0.015619	
KRTAP19-3		NM_181609.4	0.1788	
KRTAP19-4		NM_181610.3	0.31587	
KRTAP19-5		NM_181611.3	0.059487	
KRTAP19-6		NM_181612.3	0.40712	
KRTAP19-7		NM_181614.3	0.0024228	
KRTAP19-8		NM_001099219.1		
KRTAP20-1		NM_181615.2	0.001432	
KRTAP20-2		NM_181616.3	0.00088117	
KRTAP20-3		NM_001128077.1	0.26454	
KRTAP21-1	0.35324	NM_181619.2	0.57177	0.21853
KRTAP21-2		NM_181617.3	0.18864	
KRTAP21-3		NM_001164435.1	0.30676	
KRTAP22-1		NM_181620.2	0.19649	
KRTAP22-2		NM_001164434.1	0.31234	
KRTAP23-1		NM_181624.1	0.31338	
KRTAP24-1	6.5742e-07	NM_001085455.3	0.45187	0.45186934258
KRTAP25-1		NM_001128598.1	0.061673	
KRTAP26-1	0.13581	NM_203405.2	0.32921	0.19340000000000002
KRTAP27-1	0.066018	NM_001077711.1	0.020208	0.04580999999999999
KRTAP29-1	4.2651e-09	NM_001257309.1	0.29526	0.2952599957349
KRTCAP2	0.00035184	NM_173852.4	0.013862	0.013510159999999998
KRTCAP3	2.078e-05	NM_173853.4	3.1181e-06	1.76619e-05
KRTDAP	0.08346	NM_207392.3	0.0012433	0.0822167
KSR1	0.069796	NM_001394583.1	0.99219	0.922394
KSR2	1.0	NM_173598.6	1.0	0.0
KTI12	0.00040289	NM_138417.3	0.0011854	0.0007825100000000001
KTN1	0.0064543	NM_001079521.2	2.5053e-05	0.006429247
KXD1	0.034926	NM_024069.4	0.085312	0.050386
KY	1.542e-10	NM_178554.6	9.0457e-07	9.044158e-07
KYAT1		NM_004059.5	4.3308e-14	
KYAT3		NM_001008661.3	2.7923e-06	
KYNU	4.1806e-18	NM_003937.3	1.0563e-08	1.05629999958194e-08
L1TD1	5.3285e-07	NM_019079.5	2.956e-06	2.4231500000000003e-06
L2HGDH	4.2231e-05	NM_024884.3	2.0708e-06	4.01602e-05
L3HYPDH	9.2642e-07	NM_144581.2	8.7196e-14	9.264199128039999e-07
L3MBTL1	1.5474e-12	NM_001377303.1	1.5377e-15	1.5458623e-12
L3MBTL2	1.0289e-08	NM_031488.5	1.9996e-05	1.9985711e-05
L3MBTL3	0.99744	NM_032438.4	1.0	0.0025600000000000067
L3MBTL4	3.1e-11	NM_001330559.2	0.00059718	0.000597179969
LACC1	1.1655e-05	NM_153218.4	1.3918e-07	1.1515819999999999e-05
LACRT	0.0001187	NM_033277.2	2.9138e-05	8.9562e-05
LACTB	1.975e-06	NM_032857.5	4.8643e-08	1.926357e-06
LACTB2	3.6864e-05	NM_016027.3	2.955e-06	3.3909e-05
LAD1	1.7834e-14	NM_005558.4	6.102200000000001e-19	1.783338978e-14
LAG3	0.27623	NM_002286.6	1.199e-07	0.2762298801
LAIR1	3.2563e-07	NM_002287.6	9.1917e-07	5.935400000000001e-07
LAIR2	2.5967e-07	NM_002288.6	9.3477e-06	9.08803e-06
LALBA	0.4603	NM_002289.3	6.7913e-05	0.460232087
LAMA1	3.2247999999999996e-32	NM_005559.4	5.8922e-35	3.2189078e-32
LAMA2	2.4118e-47	NM_000426.4	1.05e-48	2.3068e-47
LAMA3	8.8349e-46	NM_198129.4	6.365400000000001e-45	5.481910000000001e-45
LAMA4	1.3909e-24	NM_001105206.3	3.3158e-19	3.3157860910000003e-19
LAMA5	0.0064742	NM_005560.6	6.067e-58	0.0064742
LAMB1	5.0687e-22	NM_002291.3	4.9778e-13	4.977799994931301e-13
LAMB2	2.5006e-19	NM_002292.4	2.2857e-18	2.03564e-18
LAMB3	2.3136e-15	NM_000228.3	6.2848e-23	2.313599937152e-15
LAMB4	1.6140000000000002e-42	NM_007356.3	2.0725e-47	1.6139792750000002e-42
LAMC1	1.0	NM_002293.4	1.0	0.0
LAMC2	2.8791e-12	NM_005562.3	1.5550000000000002e-20	2.8790999844500002e-12
LAMC3	1.3704e-23	NM_006059.4	8.7006e-33	1.37039999912994e-23
LAMP1	0.8747	NM_005561.4	0.99992	0.12522
LAMP3	0.00026747	NM_014398.4	8.1761e-06	0.0002592939
LAMP5	2.6473e-09	NM_012261.4	8.5438e-15	2.6472914562000003e-09
LAMTOR1	0.72085	NM_017907.3	0.18628	0.53457
LAMTOR2	0.19816	NM_014017.4	0.94039	0.74223
LAMTOR3	0.7313	NM_021970.4	0.0034042	0.7278958
LAMTOR4	0.0035588	NM_001008395.4	6.4119e-05	0.003494681
LAMTOR5	3.8329e-06	NM_001382293.1	0.0069989	0.006995067099999999
LANCL1	1.0827e-11	NM_006055.3	2.423e-15	1.0824577e-11
LANCL2	0.3128	NM_018697.4	7.903e-07	0.3127992097
LAP3	1.4677e-07	NM_015907.3	1.0935e-07	3.7420000000000013e-08
LAPTM4A	0.0042449	NM_014713.5	0.00068426	0.0035606400000000003
LAPTM4B	4.2764e-13	NM_018407.6	2.7544e-06	2.75439957236e-06
LAPTM5	0.90044	NM_006762.3	0.11352	0.7869200000000001
LARGE1		NM_133642.5	0.00057297	
LARGE2		NM_001300721.2	1.7428999999999997e-21	
LARP1	1.0	NM_033551.3	1.0	0.0
LARP1B	1.5265e-11	NM_018078.4	7.7647e-14	1.5187353e-11
LARP4	0.86884	NM_052879.5	0.99994	0.1311000000000001
LARP4B	0.99998	NM_015155.3	1.0	2.0000000000020002e-05
LARP6	0.66874	NM_018357.4	0.00013783	0.66860217
LARP7	9.3352e-08	NM_016648.4	3.3601e-11	9.331839900000001e-08
LARS1		NM_020117.11	1.1516e-13	
LARS2	8.9333e-17	NM_015340.4	2.1906e-11	2.1905910667e-11
LASP1	0.9827	NM_006148.4	0.99912	0.01641999999999999
LAT	0.0092377	NM_001014987.2	0.99364	0.9844023
LAT2	0.00022295	NM_032464.3	0.0030667	0.00284375
LATS1	0.99987	NM_004690.4	1.0	0.00012999999999996348
LATS2	0.98807	NM_014572.3	0.98381	0.0042600000000000415
LAX1	0.00029571	NM_017773.4	0.00074633	0.00045062
LAYN	1.3423e-13	NM_178834.5	1.0552e-07	1.0551986577e-07
LBH	0.01436	NM_030915.4	0.068187	0.053827
LBHD1		NM_024099.5	5.6594e-09	
LBP	4.1897e-15	NM_004139.5	6.9772e-14	6.55823e-14
LBR	0.18143	NM_002296.4	0.97287	0.79144
LBX1	0.67886	NM_006562.5	0.44531	0.23355000000000004
LBX2	0.0058839	NM_001282430.2	0.005234	0.0006499000000000001
LCA5	4.0606e-05	NM_001122769.3	2.7619e-07	4.0329809999999995e-05
LCA5L	3.456e-07	NM_152505.4	1.0343e-05	9.9974e-06
LCAT	0.08102	NM_000229.2	0.76515	0.68413
LCE1A	0.0043743	NM_178348.2	0.10525	0.1008757
LCE1B	0.03004	NM_178349.2	0.036734	0.006694000000000002
LCE1C	0.027961	NM_178351.4	0.00057077	0.02739023
LCE1D	0.0040569	NM_178352.3	0.016485	0.012428100000000001
LCE1E	0.16972	NM_178353.2	0.040137	0.129583
LCE1F	0.0049674	NM_178354.3	0.0013264	0.003641
LCE2A	0.0071716	NM_178428.4	0.35539	0.3482184
LCE2B	0.097851	NM_014357.5	0.32393	0.226079
LCE2C	0.071993	NM_178429.5	0.33951	0.267517
LCE2D	0.085242	NM_178430.4	0.35539	0.270148
LCE3A		NM_178431.1	0.32584	
LCE3D	0.020613	NM_032563.2		
LCE3E	0.46574	NM_178435.4	0.18789	0.27785
LCE4A		NM_001387222.1	0.10893	
LCE5A	0.029651	NM_178438.5	0.1395	0.10984900000000002
LCE6A		NM_001128600.2	0.0063455	
LCK	0.99926	NM_005356.5	1.0	0.0007399999999999629
LCLAT1	0.00025546	NM_001002257.3	0.14108	0.14082454
LCMT1	1.789e-05	NM_016309.3	0.0002533	0.00023540999999999997
LCMT2	2.6276e-15	NM_014793.5	2.262e-09	2.2619973724e-09
LCN1	1.3298e-08	NM_002297.4	2.7619e-10	1.302181e-08
LCN2	1.1404e-09	NM_005564.5	8.9412e-10	2.462799999999999e-10
LCN6	1.9255e-05	NM_198946.3	3.9442e-06	1.5310800000000003e-05
LCN8	0.00087637	NM_178469.4	9.0614e-05	0.000785756
LCN10	3.0786e-05	NM_001001712.3	8.4e-05	5.3213999999999996e-05
LCN12	0.00014601	NM_178536.4	0.00039953	0.00025352
LCN15	0.0041741	NM_203347.2	2.8334e-09	0.0041740971666
LCNL1	0.0011448	NM_207510.4	6.5942e-06	0.0011382058
LCOR	0.95022	NM_001346516.2	1.0	0.049780000000000046
LCP1	0.55261	NM_002298.5	0.99997	0.44736
LCP2	0.92466	NM_005565.5	0.99679	0.07212999999999992
LCT	0.059849	NM_002299.4	1.7232e-11	0.059848999982768
LDAF1		NM_001301771.2	0.046586	
LDAH		NM_021925.4	1.2667e-08	
LDB1	0.98529	NM_001113407.3	1.0	0.01471
LDB2	0.9546	NM_001290.5	0.99816	0.04356000000000004
LDB3	9.5733e-06	NM_007078.3	1.5098e-11	9.573284902e-06
LDHA	0.069173	NM_005566.4	0.77417	0.704997
LDHAL6A	3.7764e-10	NM_144972.5	0.00036214	0.00036213962236
LDHAL6B	0.073409	NM_033195.3	0.09075	0.017340999999999995
LDHB	4.9734e-06	NM_002300.8	0.0038705	0.0038655266
LDHC	5.2747e-07	NM_017448.5	0.0027899	0.00278937253
LDHD	1.3494e-13	NM_194436.3	1.9554e-20	1.34939980446e-13
LDLR	9.841e-24	NM_000527.5	1.2477e-30	9.840998752300001e-24
LDLRAD1	1.2294e-06	NM_001010978.4	1.5269e-06	2.974999999999999e-07
LDLRAD2	0.00021385	NM_001013693.3	6.1487e-10	0.00021384938513
LDLRAD3	0.016213	NM_174902.4	3.4604e-06	0.016209539600000003
LDLRAP1	6.5037e-06	NM_015627.3	1.2791e-08	6.4909090000000004e-06
LEAP2	0.0012684	NM_052971.3	3.6189e-06	0.0012647811
LECT2	0.0014806	NM_002302.3	0.068306	0.06682540000000001
LEF1	0.99789	NM_016269.5	0.99641	0.0014800000000000368
LEFTY1	9.6756e-13	NM_020997.4	1.4058e-07	1.4057903244000001e-07
LEFTY2	0.00029307	NM_003240.5	0.35464	0.35434693
LEKR1	0.13185	NM_001004316.3	0.00012216	0.13172783999999998
LELP1	0.42789	NM_001010857.3	0.04991	0.37798
LEMD1	3.3433e-06	NM_001199050.2	0.00016949	0.0001661467
LEMD2	0.75293	NM_181336.4	1.4191e-08	0.752929985809
LEMD3	0.99877	NM_014319.5	0.40017	0.5986
LENEP	0.0033892	NM_001394530.1	0.044465	0.041075799999999996
LENG1	1.5816e-10	NM_024316.3	1.4983e-13	1.5801017e-10
LENG8	0.99938	NM_052925.4	1.0	0.0006199999999999539
LENG9		NM_001301782.2	0.34161	
LEO1	0.87094	NM_138792.4	0.98948	0.11853999999999998
LEP	0.46491	NM_000230.3	0.0070307	0.4578793
LEPR	0.99475	NM_002303.6	9.3179e-05	0.994656821
LEPROT	0.43754	NM_017526.5	0.86661	0.42907
LEPROTL1	0.72072	NM_015344.3	0.027237	0.6934830000000001
LETM1	1.2141e-06	NM_012318.3	1.3697e-11	1.214086303e-06
LETM2	1.1029e-18	NM_001286819.2	7.0008e-12	7.0007988971e-12
LETMD1	0.048505	NM_015416.5	1.4051e-06	0.0485035949
LEUTX	0.001599	NM_001382345.1	0.045478	0.043878999999999994
LFNG	0.097612	NM_001040167.2	0.02119	0.076422
LGALS1	0.004488	NM_002305.4	1.9015e-05	0.004468985
LGALS2	0.020219	NM_006498.3	0.022463	0.0022439999999999995
LGALS3	2.3207e-05	NM_002306.4	0.000202	0.000178793
LGALS3BP	2.679e-07	NM_005567.4	2.0948e-11	2.67879052e-07
LGALS4	2.7538e-07	NM_006149.4	2.529e-12	2.75377471e-07
LGALS7B	0.21829	NM_001042507.4	0.60474	0.38645000000000007
LGALS8	3.8769e-06	NM_201544.4	2.1776e-09	3.8747224e-06
LGALS9	6.548e-06	NM_009587.3	2.2743e-06	4.273699999999999e-06
LGALS9B	8.4381e-05	NM_001367292.2	0.30366	0.30357561899999996
LGALS9C	6.2016e-09	NM_001040078.3	0.93404	0.9340399937984
LGALS12	6.5191e-13	NM_033101.4	4.3942e-12	3.74229e-12
LGALS13	0.0011274	NM_013268.3	5.7819e-05	0.001069581
LGALS14	0.0002747	NM_020129.3	2.1776e-05	0.000252924
LGALS16	0.00010017	NM_001190441.3	2.0783e-06	9.80917e-05
LGALSL	0.018392	NM_014181.3	0.0010957	0.017296299999999997
LGI1	0.99914	NM_005097.4	1.0	0.0008599999999999719
LGI2	1.4941e-06	NM_018176.4	9.3373e-05	9.18789e-05
LGI3	1.78e-05	NM_139278.4	5.574e-14	1.779999994426e-05
LGI4	0.0071501	NM_139284.3	5.8785e-12	0.0071500999941215004
LGMN	0.00040535	NM_005606.7	0.0002713	0.00013405000000000003
LGR4	0.48705	NM_018490.5	0.01186	0.47519
LGR5	2.5019e-08	NM_003667.4	0.0010146	0.001014574981
LGR6	2.9439e-06	NM_001017403.2	4.0125e-10	2.9434987499999998e-06
LGSN	1.594e-13	NM_016571.3	4.6915e-08	4.69148406e-08
LHB	0.0022475	NM_000894.3	0.00012773	0.00211977
LHCGR	5.2988e-08	NM_000233.4	4.121e-11	5.294679e-08
LHFPL2	0.056209	NM_005779.3	0.38008	0.32387099999999996
LHFPL3	0.93153	NM_199000.3	0.94042	0.008890000000000065
LHFPL4	0.65247	NM_198560.3	0.87092	0.21845000000000003
LHFPL5	0.00040199	NM_182548.4	0.0040054	0.00360341
LHFPL6		NM_005780.3	0.11006	
LHPP	1.6345e-07	NM_022126.4	3.5133e-08	1.28317e-07
LHX1	0.029231	NM_005568.5	0.92103	0.891799
LHX2	0.98812	NM_004789.4	0.99966	0.011539999999999995
LHX3	0.010863	NM_178138.6	3.9422e-06	0.010859057799999999
LHX4	0.017521	NM_033343.4	0.57061	0.5530889999999999
LHX5	0.94591	NM_022363.3	0.99755	0.05164000000000002
LHX6	0.96572	NM_014368.5	0.67826	0.28746000000000005
LHX8	0.51572	NM_001256114.2	0.96542	0.4497
LHX9	0.98062	NM_020204.3	0.99936	0.01873999999999998
LIAS	2.3146e-05	NM_006859.4	2.9116e-07	2.2854840000000003e-05
LIF	0.5242	NM_002309.5	0.010816	0.513384
LIFR	1.4888e-13	NM_001127671.2	5.0234e-10	5.0219112e-10
LIG1	0.0042142	NM_000234.3	7.2353e-12	0.0042141999927647
LIG3	1.439e-10	NM_013975.4	5.7013e-07	5.699861e-07
LIG4	4.1635e-06	NM_206937.2	0.00015627	0.0001521065
LILRA1	7.3933e-20	NM_006863.4	1.7974e-18	1.7234670000000002e-18
LILRA2	6.9073e-20	NM_001130917.3	1.0186e-15	1.018530927e-15
LILRA4	6.8978e-16	NM_012276.5	7.7451e-19	6.890054900000001e-16
LILRA5	7.2545e-09	NM_021250.4	2.5368e-09	4.7177e-09
LILRB1	5.6502e-14	NM_001081637.3	3.3253e-18	5.64986747e-14
LILRB2	1.2812e-14	NM_001080978.4	5.0036e-11	5.0023188e-11
LILRB5	4.4944e-23	NM_001081442.3	1.3473e-19	1.34685056e-19
LIM2	0.00067834	NM_001161748.2	0.00039658	0.00028176000000000004
LIMA1	2.7465e-10	NM_016357.5	1.0262e-12	2.7362379999999995e-10
LIMCH1	0.94734	NM_001330672.2	1.0408e-18	0.94734
LIMD1	0.41673	NM_014240.3	0.92922	0.5124900000000001
LIMD2	0.16402	NM_030576.4	0.0030669	0.1609531
LIME1	0.00017155	NM_017806.4	1.1005e-11	0.000171549988995
LIMK1	0.99937	NM_002314.4	1.0	0.0006300000000000194
LIMK2	0.01561	NM_005569.4	0.13421	0.1186
LIMS2	5.0526e-05	NM_001161403.3	2.3078e-08	5.0502921999999994e-05
LIN7A	1.1286e-07	NM_004664.4	1.5754e-05	1.5641139999999998e-05
LIN7B	0.85352	NM_022165.3	0.00020828	0.85331172
LIN7C	0.051327	NM_018362.4	0.00050009	0.050826909999999996
LIN9	0.99771	NM_001366245.2	1.0	0.0022900000000000142
LIN28A	0.019369	NM_024674.6	0.03641	0.017040999999999997
LIN28B	0.55513	NM_001004317.4	0.99355	0.43842000000000003
LIN37	0.0065239	NM_019104.3	8.5862e-05	0.006438038
LIN52	0.91836	NM_001024674.3	0.055804	0.862556
LIN54	0.99994	NM_194282.4	1.0	5.999999999994898e-05
LINGO1	0.99413	NM_032808.7	0.91229	0.08183999999999991
LINGO4	8.2397e-05	NM_001004432.4	7.9143e-07	8.160557e-05
LINS1		NM_001040616.3	3.8578e-05	
LIPA	5.532e-07	NM_000235.4	1.1486e-07	4.3833999999999994e-07
LIPC	3.2764e-07	NM_000236.3	1.2404e-10	3.2751595999999997e-07
LIPE	9.7458e-12	NM_005357.4	2.3391e-17	9.745776609000001e-12
LIPF	0.00072091	NM_004190.4	0.0071234	0.00640249
LIPG	1.0165e-10	NM_006033.4	1.5388e-08	1.5286349999999998e-08
LIPH	6.5309e-11	NM_139248.3	0.0074261	0.007426099934690999
LIPI	1.0155e-19	NM_001302998.2	6.1337e-08	6.133699999989845e-08
LIPK	1.7565e-06	NM_001080518.2	3.0889e-06	1.3324000000000002e-06
LIPM	3.025e-10	NM_001128215.1	2.1148e-09	1.8123000000000002e-09
LIPN	3.1003e-05	NM_001102469.2	0.00082245	0.0007914469999999999
LIPT1	3.8254e-08	NM_145199.3	4.1526e-07	3.7700599999999995e-07
LIPT2	0.62575	NM_001144869.3	3.176e-08	0.6257499682400001
LITAF	0.030752	NM_001136472.2	0.01649	0.014262
LIX1	0.0019611	NM_153234.5	1.883e-05	0.0019422699999999998
LIX1L	0.00034864	NM_153713.3	0.0045377	0.0041890600000000005
LKAAEAR1		NM_001353425.2	8.0515e-10	
LLCFC1		NM_001382496.1	1.209e-06	
LLGL1	2.4685e-05	NM_004140.4	3.5128e-08	2.4649872000000003e-05
LLGL2	2.8797e-12	NM_001031803.2	8.521700000000001e-19	2.8796991478299998e-12
LLPH	0.34929	NM_032338.4	0.19202	0.15727
LMAN1	0.0042632	NM_005570.4	0.00066039	0.00360281
LMAN1L	2.6071e-13	NM_021819.3	5.9816e-20	2.60709940184e-13
LMAN2	0.00010742	NM_006816.3	0.001068	0.0009605799999999999
LMAN2L	1.9629e-11	NM_030805.4	6.6162e-05	6.616198037099999e-05
LMBR1	1.2575e-08	NM_022458.4	1.3374e-06	1.324825e-06
LMBR1L	6.614e-13	NM_018113.4	7.1376e-09	7.1369386e-09
LMBRD1	9.0253e-11	NM_018368.4	1.0849e-10	1.8237000000000006e-11
LMBRD2	0.00016404	NM_001007527.2	0.00060839	0.00044435
LMCD1	0.0011817	NM_014583.4	1.66e-08	0.0011816834
LMF1	5.1419e-16	NM_022773.4	5.1904e-27	5.141899999948096e-16
LMF2	2.3978999999999997e-50	NM_033200.3	3.4955e-49	3.2557100000000004e-49
LMNA	0.9994	NM_170707.4	0.99995	0.0005500000000000504
LMNB1	0.55481	NM_005573.4	0.86621	0.3114
LMNB2	0.99996	NM_032737.4	0.99996	0.0
LMNTD1		NM_001145728.2	4.2105e-07	
LMNTD2		NM_173573.3	1.142e-37	
LMO1	0.63546	NM_002315.3	0.029661	0.605799
LMO2	0.15884	NM_005574.4	0.00027359	0.15856641000000002
LMO3	0.70695	NM_018640.5	0.95474	0.24779000000000007
LMO4	0.67667	NM_006769.4	0.99484	0.31816999999999995
LMO7	0.00024661	NM_001306080.2	4.3674e-10	0.00024660956326
LMOD1	0.87057	NM_012134.3	0.9998	0.12923000000000007
LMOD2	0.00055222	NM_207163.3	2.1062e-06	0.0005501137999999999
LMOD3	1.5519e-07	NM_198271.5	3.5031e-07	1.9512000000000002e-07
LMTK2	0.99978	NM_014916.4	1.0	0.00021999999999999797
LMTK3	0.99997	NM_001388485.1	0.89384	0.10613000000000006
LMX1A	0.99114	NM_177398.4	0.99395	0.002809999999999979
LMX1B	0.74637	NM_001174147.2	0.99956	0.25319
LNP1	4.4338e-06	NM_001085451.2	0.00021469	0.0002102562
LNPEP	0.99957	NM_005575.3	0.051329	0.948241
LNPK		NM_030650.3	0.0025083	
LNX1	2.0033e-06	NM_001126328.3	1.339e-13	2.0032998661e-06
LNX2	7.3132e-06	NM_153371.4	9.3302e-05	8.598879999999999e-05
LONP1	0.9993	NM_004793.4	0.99964	0.00034000000000000696
LONP2	4.2411e-28	NM_031490.5	2.4477e-13	2.4476999999999957e-13
LONRF1	0.61157	NM_152271.5	0.0010493	0.6105206999999999
LONRF2	0.0011706	NM_198461.4	3.5383e-08	0.001170564617
LORICRIN		NM_000427.3	0.0012634	
LOX	0.98769	NM_002317.7	0.97977	0.007919999999999927
LOXHD1	5.5941e-26	NM_001384474.1	1.5697e-51	5.5941e-26
LOXL1	0.88677	NM_005576.4	2.7524e-07	0.8867697247599999
LOXL2	3.3844e-07	NM_002318.3	3.9331e-16	3.3843999960669e-07
LOXL3	2.6584e-13	NM_032603.5	1.2603e-12	9.9446e-13
LOXL4	9.1912e-20	NM_032211.7	1.8995e-18	1.807588e-18
LPA	6.5917e-89	NM_005577.4	3.841e-69	3.841e-69
LPAR1	0.18603	NM_001351411.2	0.99786	0.8118299999999999
LPAR2	0.036658	NM_004720.7	0.012815	0.023843000000000003
LPAR3	0.67935	NM_012152.3	0.7777	0.09834999999999994
LPAR5	0.051408	NM_020400.6	0.40136	0.349952
LPAR6	0.0007129	NM_001162498.3	3.4548e-05	0.000678352
LPCAT1	0.13713	NM_024830.5	0.52503	0.3879
LPCAT2	1.1195e-10	NM_017839.5	2.0808e-12	1.098692e-10
LPCAT3	0.99508	NM_005768.6	0.99079	0.004290000000000016
LPCAT4	0.48207	NM_153613.3	0.01067	0.4714
LPGAT1	0.98041	NM_014873.3	0.99996	0.019549999999999956
LPIN1	6.4522e-13	NM_001349206.2	9.1879e-12	8.54268e-12
LPIN2	5.026e-05	NM_001375808.2	0.0016729	0.0016226399999999998
LPIN3	2.251e-13	NM_022896.3	1.2465e-23	2.2509999998753498e-13
LPL	1.2712e-09	NM_000237.3	3.1242e-12	1.2680758e-09
LPO	7.4989e-17	NM_006151.3	6.8685e-25	7.498899931315e-17
LPP	0.0071908	NM_001375462.1	2.5196e-06	0.0071882804
LPXN	1.9089e-06	NM_004811.3	0.00068047	0.0006785611
LRAT	0.028354	NM_004744.5	0.0010654	0.0272886
LRATD1		NM_145175.4	0.019841	
LRATD2		NM_174911.5	3.4947e-06	
LRBA	7.1503e-12	NM_001364905.1	0.0099554	0.0099553999928497
LRCH1	0.99552	NM_001164211.2	0.9938	0.0017199999999999438
LRCH3	6.6316e-12	NM_001365715.1	1.0129e-11	3.4973999999999992e-12
LRCH4	1.3453e-06	NM_002319.5	1.6925e-13	1.3452998307500001e-06
LRCOL1		NM_001195520.2	1.1722e-07	
LRFN1	0.90275	NM_020862.2	1.8943e-06	0.9027481057000001
LRFN2	0.013743	NM_020737.3	0.010406	0.0033369999999999997
LRFN3	0.97322	NM_024509.2	0.0023945	0.9708255
LRFN4	0.91295	NM_024036.5	0.033064	0.8798860000000001
LRFN5	0.55863	NM_152447.5	0.16948	0.38915
LRG1	0.095143	NM_052972.3	0.24694	0.151797
LRIF1	0.00043397	NM_018372.4	5.574e-06	0.000428396
LRIG1	0.035031	NM_015541.3	2.8033e-06	0.0350281967
LRIG2	7.9705e-18	NM_014813.3	7.349e-19	7.235599999999999e-18
LRIG3	1.1655e-09	NM_153377.5	1.3992e-15	1.1654986008e-09
LRIT1	4.5907e-15	NM_015613.3	2.5133e-09	2.5132954093e-09
LRIT2	4.2214e-09	NM_001017924.5	2.087e-08	1.66486e-08
LRIT3	2.0418e-11	NM_198506.5	3.0401e-06	3.0400795819999997e-06
LRMDA		NM_001305581.2	0.00024724	
LRP1	1.0	NM_002332.3	1.0	0.0
LRP1B	2.5267e-06	NM_018557.3	1.0	0.9999974733
LRP2	0.99999	NM_004525.3	1.0	9.99999999995449e-06
LRP2BP	2.3523e-06	NM_001377440.1	2.1549e-07	2.13681e-06
LRP3	6.4582e-06	NM_002333.4	1.2906e-16	6.45819999987094e-06
LRP4	1.4386e-06	NM_002334.4	0.010613	0.010611561399999999
LRP5	0.50992	NM_002335.4	0.9406	0.43067999999999995
LRP6	0.69664	NM_002336.3	1.0	0.30335999999999996
LRP8	0.99983	NM_004631.5	0.4141	0.58573
LRP10	4.9806e-08	NM_014045.5	3.8725e-10	4.941875e-08
LRP11	0.0039782	NM_032832.6	8.9423e-06	0.0039692577
LRP12	0.99799	NM_013437.5	1.0	0.0020099999999999563
LRPAP1	4.4951e-07	NM_002337.4	2.9788e-15	4.495099970212e-07
LRPPRC	2.3019e-10	NM_133259.4	2.1588e-11	2.08602e-10
LRR1	1.107e-08	NM_152329.4	1.4969e-09	9.5731e-09
LRRC1	0.93181	NM_018214.5	0.23635	0.69546
LRRC2	5.5017e-07	NM_024512.5	4.9202e-06	4.37003e-06
LRRC3	0.0027024	NM_030891.6	0.0026322	7.02000000000003e-05
LRRC3C	0.029211	NM_001195545.2	1.9915e-05	0.029191085000000002
LRRC4	0.99787	NM_022143.5	0.99643	0.0014399999999999968
LRRC4B	0.88422	NM_001080457.2	0.34735	0.53687
LRRC4C	0.97233	NM_001258419.2	0.99998	0.027649999999999952
LRRC7	1.0	NM_001370785.2	1.0	0.0
LRRC8A	0.94398	NM_019594.4	0.061633	0.882347
LRRC8B	0.99619	NM_001369817.2	0.71066	0.28553000000000006
LRRC8C	0.00078506	NM_032270.5	0.95199	0.95120494
LRRC8D	0.97752	NM_001134479.2	0.97523	0.0022899999999999032
LRRC8E	1.7415e-06	NM_025061.6	0.00011472	0.0001129785
LRRC10	0.43469	NM_201550.4	0.14408	0.29061000000000003
LRRC10B	0.044884	NM_001145077.2	0.075122	0.030237999999999994
LRRC14	0.00017297	NM_014665.4	8.0855e-05	9.2115e-05
LRRC14B	1.0572e-09	NM_001080478.3	2.6284e-12	1.0545716000000001e-09
LRRC15	2.7349e-09	NM_130830.5	0.00060013	0.0006001272651
LRRC17	1.1461e-07	NM_001031692.3	1.9928e-09	1.126172e-07
LRRC19	3.1947e-12	NM_022901.3	0.00027955	0.0002795499968053
LRRC20	0.04387	NM_001278212.2	0.0013714	0.0424986
LRRC23	1.8429e-08	NM_001135217.2	1.9352e-07	1.75091e-07
LRRC24	0.00085094	NM_001024678.4	4.9611e-08	0.000850890389
LRRC25	0.945	NM_145256.3	0.91612	0.028879999999999906
LRRC26	0.012698	NM_001013653.3	1.4163e-10	0.01269799985837
LRRC27	1.0059e-17	NM_030626.3	1.7795e-19	9.88105e-18
LRRC28	2.0078e-11	NM_144598.5	5.4726e-07	5.47239922e-07
LRRC30	1.8966e-06	NM_001105581.3	0.0045192	0.0045173034
LRRC31	2.0007e-06	NM_024727.4	2.6319e-09	1.9980681000000003e-06
LRRC32	0.001078	NM_001128922.2	0.58567	0.584592
LRRC34	5.5187e-07	NM_001172779.2	3.8841e-09	5.479859e-07
LRRC36	7.7277e-12	NM_018296.6	4.4549e-10	4.3776229999999995e-10
LRRC37A3	3.0883e-10	NM_199340.5	0.99406	0.9940599996911701
LRRC38	0.14423	NM_001010847.2	0.85087	0.70664
LRRC39	0.00023447	NM_144620.4	1.4094e-10	0.00023446985906
LRRC40	6.0014999999999995e-21	NM_017768.5	1.3298e-07	1.3297999999999398e-07
LRRC41	0.99986	NM_006369.5	0.99998	0.00012000000000000899
LRRC42	1.3431e-08	NM_001256409.2	1.2442e-08	9.889999999999998e-10
LRRC43	4.7157e-15	NM_001098519.2	2.2489999999999998e-21	4.715697751e-15
LRRC45	1.9572e-11	NM_144999.4	2.5126999999999997e-28	1.9572e-11
LRRC46	0.0011032	NM_033413.4	0.0005766	0.0005265999999999999
LRRC47	0.87056	NM_020710.3	1.2993e-09	0.8705599987007
LRRC49	9.3518e-06	NM_017691.5	0.00057888	0.0005695282
LRRC51		NM_145309.6	0.14688	
LRRC52	7.3202e-06	NM_001005214.4	3.6918e-06	3.6284e-06
LRRC55	0.037827	NM_001005210.4	0.014017	0.023809999999999998
LRRC56	7.6752e-10	NM_198075.4	4.217e-13	7.670982999999999e-10
LRRC57	0.0013041	NM_153260.3	0.0097985	0.0084944
LRRC58	0.003659	NM_001099678.2	0.0007746	0.0028844
LRRC59	0.43432	NM_018509.4	0.003202	0.431118
LRRC61	0.0018145	NM_001142928.2	0.00020478	0.0016097199999999998
LRRC66	4.5037e-10	NM_001024611.3	2.3297e-11	4.2707300000000003e-10
LRRC70	1.9724e-07	NM_181506.5	2.3835e-07	4.1109999999999976e-08
LRRC71	1.9091e-06	NM_144702.3	4.4276e-17	1.909099999955724e-06
LRRC72	2.7753e-06	NM_001195280.2	3.5192e-07	2.42338e-06
LRRC74A		NM_001385106.1	1.0825e-05	
LRRC75A		NM_001113567.3	0.0057746	
LRRC75B		NM_207644.3	2.7405e-05	
LRRCC1	7.2293e-21	NM_033402.5	2.3073e-18	2.3000707e-18
LRRD1	1.6779e-06	NM_001161528.2	7.62e-10	1.677138e-06
LRRFIP1	0.019511	NM_001137550.2	1.5222e-07	0.01951084778
LRRFIP2	2.5833000000000004e-25	NM_006309.4	1.1685e-19	1.1684974167e-19
LRRIQ1	5.5161e-37	NM_001079910.2	6.2926e-39	5.453174e-37
LRRIQ3	1.374e-13	NM_001105659.2	1.2926e-20	1.37399987074e-13
LRRIQ4	1.7762e-07	NM_001080460.3	0.00014	0.00013982237999999998
LRRK1	4.5228e-10	NM_024652.6	1.0205e-14	4.52269795e-10
LRRK2	2.5757e-30	NM_198578.4	1.0561999999999998e-40	2.57569999989438e-30
LRRN1	0.96996	NM_020873.7	0.98038	0.010419999999999985
LRRN2	0.7805	NM_201630.2	0.96398	0.18347999999999998
LRRN3	0.032413	NM_001099658.2	0.8186	0.786187
LRRN4	1.2137e-09	NM_152611.5	1.371e-12	1.212329e-09
LRRN4CL	2.0393e-05	NM_203422.4		
LRRTM1	0.5945	NM_178839.5	0.99966	0.40515999999999996
LRRTM2	0.80903	NM_015564.3	0.87501	0.06597999999999993
LRRTM3	0.97519	NM_178011.5	0.0011256	0.9740644
LRRTM4	0.085808	NM_001134745.3	0.0019637	0.0838443
LRSAM1	3.1008e-13	NM_001005373.4	4.411e-26	3.1007999999995585e-13
LRTM1	3.3678e-16	NM_020678.4	3.3125e-13	3.3091322e-13
LRTM2	0.87153	NM_001039029.3	4.8599e-05	0.871481401
LRWD1	1.5745e-20	NM_152892.3	5.1968e-29	1.5744999948032e-20
LSAMP	0.98742	NM_002338.5	0.99996	0.012539999999999996
LSG1	4.5543e-12	NM_018385.3	1.2098e-11	7.5437e-12
LSM1	0.011027	NM_014462.3	0.0083009	0.0027261000000000004
LSM2	2.4045e-05	NM_021177.5	0.00097263	0.000948585
LSM3	3.9529e-06	NM_014463.3	0.00019972	0.0001957671
LSM4	0.022117	NM_012321.5	0.00036089	0.021756110000000002
LSM5	0.026283	NM_012322.3	0.23342	0.207137
LSM7	0.46157	NM_016199.3	1.0781e-05	0.46155921899999997
LSM8		NM_016200.5	6.2516e-05	
LSM10	0.0040741	NM_032881.3	0.0040924	1.8300000000000607e-05
LSM11	0.60438	NM_173491.4	0.0021227	0.6022573
LSM12	0.97211	NM_001371445.1	0.99993	0.027819999999999956
LSM14A	0.03987	NM_015578.4	0.998	0.95813
LSM14B	0.9953	NM_144703.3	0.99982	0.0045200000000000795
LSMEM1	0.00036247	NM_182597.3	0.0013957	0.00103323
LSMEM2	7.3629e-07	NM_153215.3	4.0733e-08	6.95557e-07
LSP1		NM_002339.3	1.4849e-08	
LSR	6.5186e-08	NM_205834.4	1.9633e-11	6.5166367e-08
LSS	1.813e-07	NM_002340.6	3.7781e-27	1.813e-07
LST1	0.0011303	NM_205839.3	0.00059274	0.0005375600000000001
LTA	0.19685	NM_000595.4	0.42479	0.22794
LTA4H	2.9568e-08	NM_000895.3	0.00046343	0.00046340043200000005
LTB	9.6063e-11	NM_002341.2	8.2733e-09	8.177237e-09
LTB4R	0.11994	NM_001143919.3	0.12887	0.008930000000000007
LTB4R2	1.3821e-05	NM_019839.5	0.00060159	0.000587769
LTBP1	3.7191e-09	NM_206943.4	4.5482e-22	3.719099999999545e-09
LTBP2	0.00074122	NM_000428.3	1.0051e-11	0.000741219989949
LTBP3	0.68647	NM_001130144.3	5.15e-23	0.68647
LTBP4	0.49911	NM_001042545.2	2.2625e-18	0.49911
LTBR	0.3058	NM_002342.3	0.97951	0.67371
LTC4S	0.00084628	NM_145867.2	1.3948e-07	0.00084614052
LTF	1.2664999999999998e-21	NM_002343.6	4.2755e-31	1.2664999995724498e-21
LTK	9.285999999999999e-26	NM_002344.6	1.4862e-46	9.285999999999999e-26
LTN1	0.0084038	NM_015565.3	0.99492	0.9865162000000001
LTO1		NM_153451.3	0.17107	
LTV1	6.5796e-08	NM_032860.5	8.6146e-05	8.6080204e-05
LUC7L	0.46952	NM_201412.3	1.3897e-05	0.469506103
LUC7L2	0.00028277	NM_016019.5	0.0017299	0.00144713
LUC7L3	0.99999	NM_016424.5	1.0	9.99999999995449e-06
LUM	0.07696	NM_002345.4	0.0025063	0.0744537
LURAP1	0.011822	NM_001013615.3	0.00024027	0.011581729999999998
LURAP1L	0.025029	NM_203403.2	0.00016041	0.02486859
LUZP2	2.3478e-10	NM_001009909.4	0.0041555	0.00415549976522
LVRN		NM_173800.5	1.5148000000000002e-25	
LXN	1.8254e-06	NM_020169.4	2.768e-10	1.8251232e-06
LY6D	0.026045	NM_003695.3	0.00061898	0.025426019999999997
LY6E	0.3211	NM_002346.3	0.1573	0.1638
LY6G6C	0.00049312	NM_025261.3	0.00010743	0.00038569
LY6G6D	0.032554	NM_021246.4	0.13657	0.104016
LY6G6F	9.5579e-07	NM_001003693.3	2.1772e-07	7.3807e-07
LY6H	0.16827	NM_001135655.2	0.0042431	0.1640269
LY6K	0.014203	NM_017527.4	0.0033152	0.0108878
LY6L		NM_001368160.2	0.0026649	
LY9	2.6039e-13	NM_002348.4	6.1673e-17	2.60328327e-13
LY75	7.4472e-46	NM_002349.4	5.2753e-48	7.394447e-46
LY86	2.2513e-05	NM_004271.4	0.0003641	0.000341587
LY96	7.4167e-05	NM_015364.5	0.0032578	0.003183633
LYAR	3.758e-07	NM_017816.3	3.8482e-05	3.8106200000000005e-05
LYG1	3.133e-05	NM_174898.3	0.00010746	7.613e-05
LYG2	2.1715e-09	NM_175735.4	9.0491e-10	1.2665900000000003e-09
LYL1	0.77265	NM_005583.5	0.11616	0.6564899999999999
LYN	0.99886	NM_002350.4	1.0	0.0011400000000000299
LYNX1	0.026317	NM_177477.4	0.0018778	0.0244392
LYPD1	0.00055354	NM_144586.7	2.7089e-05	0.000526451
LYPD2	0.25267	NM_205545.3	0.015224	0.23744600000000002
LYPD3	1.8345e-11	NM_014400.3	7.0641e-09	7.045755e-09
LYPD4	9.0339e-06	NM_173506.7	3.6368e-08	8.997532e-06
LYPD5	0.00047161	NM_001031749.3	1.8441e-08	0.00047159155900000003
LYPD6	4.0193e-06	NM_194317.5	0.0007813	0.0007772807
LYPD6B	0.00036139	NM_177964.5	0.00035195	9.439999999999991e-06
LYPD8		NM_001085474.2	0.069369	
LYPLA1	3.6468e-05	NM_006330.4	0.0019948	0.001958332
LYPLA2	0.94955	NM_007260.3	0.99553	0.04598000000000002
LYPLAL1	2.6427e-05	NM_138794.5	9.596e-07	2.54674e-05
LYRM1	3.7249e-09	NM_001128302.3	0.0263	0.0262999962751
LYRM2	0.00025796	NM_020466.5	0.0091072	0.00884924
LYRM4	0.19951	NM_020408.6	0.0011765	0.1983335
LYRM7	0.022082	NM_181705.4	0.15982	0.137738
LYRM9	0.014671	NM_001076680.3	6.436e-07	0.0146703564
LYSMD1	0.017805	NM_212551.5	0.1482	0.13039499999999998
LYSMD2	0.41554	NM_153374.3	0.36235	0.053190000000000015
LYSMD3	0.30382	NM_198273.2	0.017746	0.286074
LYSMD4	0.00056203	NM_001284417.2	0.00016541	0.00039662000000000003
LYST	0.015026	NM_000081.4	3.0923e-06	0.0150229077
LYVE1	4.7185e-07	NM_006691.4	9.9344e-10	4.7085656e-07
LYZ	3.4114e-06	NM_000239.3	1.081e-06	2.3304e-06
LYZL1	9.7227e-07	NM_032517.6	8.5674e-08	8.86596e-07
LYZL2	1.1221e-07	NM_183058.3	0.00027572	0.00027560779
LYZL4	0.53187	NM_144634.4	0.0050526	0.5268174
LYZL6	0.00098373	NM_020426.4	3.9265e-12	0.0009837299960735
LZIC	0.0011711	NM_032368.5	2.0276e-07	0.00117089724
LZTFL1	0.059115	NM_020347.4	0.0015497	0.0575653
LZTR1	1.0211e-92	NM_006767.4	4.9914999999999994e-132	1.0211e-92
LZTS1	0.95491	NM_021020.5	1.4651e-08	0.9549099853490001
LZTS3	0.99616	NM_001365618.1	0.16637	0.82979
M1AP	3.1588000000000003e-19	NM_001321739.2	1.4553e-09	1.45529999968412e-09
M6PR	0.0092215	NM_002355.4	0.00056972	0.008651780000000001
MAB21L1	0.28626	NM_005584.5	0.99236	0.7061
MAB21L2	0.43769	NM_006439.5	0.037864	0.399826
MAB21L3	9.6909e-07	NM_152367.3	1.2964e-12	9.690887036e-07
MAB21L4		NM_001085437.3	8.8198e-09	
MACC1	6.005300000000001e-19	NM_182762.4	1.1732e-27	6.005299988268001e-19
MACF1	1.0	NM_001394062.1	1.0	0.0
MACIR		NM_033211.4	0.86792	
MACO1		NM_018202.6	1.0	
MACROD1	0.56909	NM_014067.4	4.7265e-11	0.569089999952735
MACROD2	0.43472	NM_001351661.2	0.001557	0.433163
MACROH2A1		NM_138610.3	0.99987	
MACROH2A2		NM_018649.3	0.98544	
MAD1L1	6.8444e-16	NM_001013836.2	4.3527e-33	6.8444e-16
MAD2L1	0.0092952	NM_002358.4	0.5033	0.49400479999999997
MAD2L1BP	1.4439e-08	NM_014628.3	1.9731e-06	1.958661e-06
MAD2L2	0.082082	NM_006341.4	0.0030912	0.0789908
MADCAM1	0.53462	NM_130760.3	5.2703e-09	0.5346199947297
MAEA	0.22741	NM_001017405.3	0.0045352	0.2228748
MAEL	0.0014038	NM_032858.3	9.3384e-12	0.0014037999906616
MAF	0.74382	NM_005360.5	0.028112	0.715708
MAF1	0.94812	NM_032272.5	0.99617	0.04805000000000004
MAFA	0.0033727	NM_201589.4		
MAFB	0.90304	NM_005461.5	0.97972	0.07668000000000008
MAFF	0.015514	NM_012323.4	0.0001246	0.0153894
MAFG	0.73176	NM_002359.4	0.59428	0.13747999999999994
MAFK	0.71128	NM_002360.4	0.50189	0.20939000000000008
MAG	0.49228	NM_002361.4	5.2971e-05	0.492227029
MAGEF1	0.0030065	NM_022149.5		
MAGEL2	0.97506	NM_019066.5		
MAGI1	0.5597	NM_001033057.2	0.86154	0.30184
MAGI2	0.99943	NM_012301.4	1.0	0.0005699999999999594
MAGI3	0.02978	NM_001142782.2	0.99505	0.96527
MAGOH	0.7974	NM_002370.4	0.98414	0.18674000000000002
MAGOHB	0.32706	NM_018048.5	0.0008493	0.3262107
MAIP1		NM_001394955.1	5.0052e-07	
MAJIN		NM_001037225.3	3.7407e-09	
MAK	8.626600000000001e-19	NM_001242957.3	2.738e-11	2.737999913734e-11
MAK16	0.96452	NM_032509.4	0.99999	0.03547
MAL	0.83197	NM_002371.4	0.65051	0.18145999999999995
MAL2	0.13691	NM_052886.3	6.1673e-07	0.13690938327
MALL	0.23241	NM_005434.5	0.56235	0.32994
MALRD1	9.3765e-21	NM_001142308.3	1.7039999999999999e-66	9.3765e-21
MALSU1	1.6777e-11	NM_138446.2	2.3747e-07	2.37453223e-07
MALT1	0.98651	NM_006785.4	0.63873	0.34778
MAMDC2	3.1044e-10	NM_153267.5	3.6534e-12	3.0678660000000004e-10
MAMDC4	1.3953e-51	NM_206920.3	7.051499999999999e-66	1.395299999999993e-51
MAML1	0.99995	NM_014757.5	1.0	4.999999999999449e-05
MAML2	0.99987	NM_032427.4	1.0	0.00012999999999996348
MAML3	0.99984	NM_018717.5	1.0	0.000160000000000049
MAMSTR	0.0054856	NM_001130915.2	2.9665e-16	0.0054855999999997036
MAN1A1	0.11123	NM_005907.4	0.96662	0.8553900000000001
MAN1A2	0.99892	NM_006699.5	0.9548	0.04412000000000005
MAN1B1	1.1812e-08	NM_016219.5	7.4637e-22	1.1811999999999254e-08
MAN1C1	0.20933	NM_020379.4	1.3735e-11	0.20932999998626498
MAN2A1	1.6205e-10	NM_002372.4	9.7058e-08	9.689595e-08
MAN2A2	1.4995e-10	NM_006122.4	1.5862e-14	1.4993413800000002e-10
MAN2B1	4.7921e-22	NM_000528.4	6.3922000000000005e-24	4.728177999999999e-22
MAN2B2	6.556999999999999e-23	NM_015274.3	9.6512e-31	6.556999903488e-23
MAN2C1	2.7689000000000003e-29	NM_006715.4	7.7968e-34	2.7688220320000004e-29
MANBA	1.3066e-18	NM_005908.4	2.4023e-10	2.402299986934e-10
MANBAL	0.033539	NM_001003897.2	0.73577	0.702231
MANEA	0.00052273	NM_024641.4	0.00021283	0.0003099
MANEAL	0.004939	NM_001113482.2	1.4791e-07	0.00493885209
MANF	0.0013911	NM_006010.6	0.028771	0.027379900000000002
MANSC1	0.0077616	NM_018050.4	1.9231e-05	0.007742369
MANSC4	4.3796e-05	NM_001146221.5	0.00028557	0.00024177400000000002
MAP1A	1.0	NM_002373.6	1.0	0.0
MAP1B	1.0	NM_005909.5	1.0	0.0
MAP1LC3A	0.027922	NM_032514.4	0.001377	0.026545
MAP1LC3B	0.0019065	NM_022818.5	0.00089954	0.0010069599999999999
MAP1LC3B2	0.012693	NM_001085481.3	0.31756	0.304867
MAP1LC3C	5.8124e-06	NM_001004343.3	4.019e-05	3.43776e-05
MAP1S	0.4197	NM_018174.6	5.0057e-05	0.419649943
MAP2	1.0	NM_001375505.1	1.0	0.0
MAP2K1	0.89669	NM_002755.4	0.96737	0.07067999999999997
MAP2K2	0.96673	NM_030662.4	1.581e-05	0.96671419
MAP2K3	0.022009	NM_145109.3	3.7073e-08	0.022008962927
MAP2K4	0.99709	NM_003010.4	0.99999	0.0029000000000000137
MAP2K5	0.004765	NM_145160.3	7.4834e-07	0.0047642516600000006
MAP2K6	0.91334	NM_002758.4	0.5828	0.33054000000000006
MAP2K7	0.99552	NM_145185.4	0.99747	0.0019500000000000073
MAP3K1	0.99998	NM_005921.2	1.0	2.0000000000020002e-05
MAP3K2	0.99999	NM_001371910.2	0.79148	0.20851000000000008
MAP3K3	0.98535	NM_002401.5	1.0	0.014650000000000052
MAP3K4	1.0	NM_005922.4	0.99997	2.999999999997449e-05
MAP3K5	0.51964	NM_005923.4	0.99994	0.48030000000000006
MAP3K6	1.0532e-16	NM_004672.5	6.3314e-26	1.05319999936686e-16
MAP3K7	0.99971	NM_145331.3	0.99991	0.00019999999999997797
MAP3K7CL	8.3352e-08	NM_001286620.2	0.0013389	0.001338816648
MAP3K8	0.96825	NM_005204.4	0.72558	0.24267000000000005
MAP3K9	0.11764	NM_001284230.2	1.87e-06	0.11763813
MAP3K10	0.58758	NM_002446.4	0.9653	0.37772000000000006
MAP3K11	0.010875	NM_002419.4	2.07e-09	0.01087499793
MAP3K12	1.0	NM_001193511.2	1.0	0.0
MAP3K13	0.80051	NM_004721.5	1.6453e-05	0.8004935470000001
MAP3K14		NM_003954.5	1.0	
MAP3K19	1.7573999999999998e-22	NM_025052.5	1.6617e-20	1.6441260000000002e-20
MAP3K20		NM_016653.3	0.14335	
MAP3K21		NM_032435.3	5.3805e-17	
MAP4	0.84782	NM_001385682.1	0.13681	0.71101
MAP4K1	0.98919	NM_001042600.3	1.0	0.010809999999999986
MAP4K2	1.5422e-11	NM_004579.5	7.375099999999999e-21	1.54219999926249e-11
MAP4K3	0.10987	NM_003618.4	1.5366e-06	0.10986846339999999
MAP4K5	0.99469	NM_006575.6	0.0074122	0.9872778
MAP6	0.39507	NM_033063.2	1.6512e-07	0.39506983487999997
MAP6D1	0.11028	NM_024871.4	3.0999e-06	0.1102769001
MAP7	0.42439	NM_003980.6	1.6456e-08	0.424389983544
MAP7D1	0.99199	NM_001388490.1	0.055797	0.936193
MAP9	2.5444e-15	NM_001039580.2	5.0079e-12	5.0053556e-12
MAP10	8.060699999999999e-21	NM_019090.3	1.1433e-05	1.1432999999999992e-05
MAPK1	0.99698	NM_002745.5	0.99854	0.0015600000000000058
MAPK1IP1L	0.64991	NM_144578.4	0.44692	0.20299
MAPK3	0.036884	NM_002746.3	8.5101e-07	0.03688314899
MAPK4	0.21895	NM_002747.4	0.0010762	0.2178738
MAPK6	0.69646	NM_002748.4	0.99724	0.30078000000000005
MAPK7	0.0031023	NM_002749.4	0.00032877	0.00277353
MAPK8	0.99823	NM_001323329.2	0.95303	0.04519999999999991
MAPK8IP1	0.99983	NM_005456.4	0.99999	0.000160000000000049
MAPK8IP2	0.99997	NM_012324.6	0.99931	0.0006599999999999939
MAPK8IP3	1.0	NM_001318852.2	1.0	0.0
MAPK9	0.069738	NM_002752.5	0.013207	0.056531
MAPK10	0.27553	NM_138982.4	0.90625	0.63072
MAPK11	0.00033565	NM_002751.7	5.4938e-15	0.0003356499999945062
MAPK12	5.8734e-07	NM_002969.6	5.9709e-17	5.87339999940291e-07
MAPK13	6.7197e-11	NM_002754.5	1.4123e-08	1.4055803e-08
MAPK14	0.37466	NM_139012.3	0.90557	0.53091
MAPK15	1.8681999999999997e-21	NM_139021.3	2.9982000000000003e-25	1.86790018e-21
MAPKAP1	0.99991	NM_001006617.3	0.99999	8.000000000008001e-05
MAPKAPK2	0.99957	NM_032960.4	1.0	0.00043000000000004146
MAPKAPK3	3.7216e-09	NM_001243925.2	9.4441e-09	5.7225000000000005e-09
MAPKAPK5	0.35435	NM_003668.4	0.27844	0.07590999999999998
MAPKBP1	0.00021011	NM_014994.3	0.84477	0.84455989
MAPRE1	0.99129	NM_012325.3	0.99919	0.007900000000000018
MAPRE2	0.8341	NM_014268.4	0.98566	0.15156000000000003
MAPRE3	0.71561	NM_012326.4	1.0	0.28439000000000003
MAPT	0.0060258	NM_001377265.1	2.1814e-05	0.006003986
MARCHF1		NM_001394959.1	7.7623e-08	
MARCHF2		NM_001005415.2	2.2669e-07	
MARCHF3		NM_178450.5	0.017454	
MARCHF4		NM_020814.3	0.98499	
MARCHF5		NM_017824.5	0.99851	
MARCHF6		NM_005885.4	1.0	
MARCHF7		NM_001282805.2	0.99993	
MARCHF8		NM_001282866.2	8.303e-11	
MARCHF9		NM_138396.6	0.0015588	
MARCHF10		NM_152598.4	1.5467e-16	
MARCHF11		NM_001102562.3	7.8374e-10	
MARCKS	0.32648	NM_002356.7	0.0072193	0.3192607
MARCKSL1	0.014253	NM_023009.7	0.25481	0.240557
MARCO	7.7683e-21	NM_006770.4	5.3813e-19	5.303617000000001e-19
MARF1		NM_014647.4	1.0	
MARK1	0.60045	NM_018650.5	0.32824	0.27221000000000006
MARK2	0.99999	NM_001039469.3	1.0	9.99999999995449e-06
MARK3	1.4273e-06	NM_001128918.3	9.5191e-05	9.37637e-05
MARK4	0.99777	NM_001199867.2	1.0	0.0022299999999999542
MARS1		NM_004990.4	8.8851e-17	
MARS2	5.4482e-05	NM_138395.4	1.4138e-08	5.4467862e-05
MARVELD1	0.35958	NM_031484.4	0.069888	0.289692
MARVELD2	1.2584e-12	NM_001038603.3	7.3697e-10	7.357116e-10
MARVELD3	2.5885e-07	NM_052858.6	1.7945e-10	2.5867055e-07
MAS1	8.2518e-05	NM_002377.4	0.31846	0.31837748200000004
MAS1L		NM_052967.2	0.056777	
MASP1	1.2276e-11	NM_139125.4	1.584e-13	1.21176e-11
MASP2	3.0428e-14	NM_006610.4	3.9953e-13	3.69102e-13
MAST1	1.0	NM_014975.3	1.0	0.0
MAST2	1.7079e-19	NM_015112.3	4.7491e-06	4.749099999999829e-06
MAST3	0.99991	NM_001393504.1	0.99761	0.0022999999999999687
MAST4	0.00011694	NM_001164664.2	3.6508e-11	0.000116939963492
MASTL	5.4383e-13	NM_001172303.3	1.5504e-07	1.5503945617e-07
MAT1A	0.00080978	NM_000429.3	0.062832	0.062022219999999996
MAT2A	0.99846	NM_005911.6	1.0	0.0015399999999999858
MAT2B	0.046226	NM_013283.5	0.34325	0.297024
MATK	2.3097e-06	NM_139355.3	2.2792e-10	2.30947208e-06
MATN1	0.0025559	NM_002379.3	1.7356e-10	0.0025558998264399997
MATN2	6.249e-14	NM_002380.5	2.5232e-13	1.8982999999999998e-13
MATN3	1.35e-08	NM_002381.5	1.0499e-14	1.3499989501e-08
MATN4	1.1311e-08	NM_001393530.1	5.8249e-12	1.1305175099999999e-08
MATR3	1.0	NM_018834.6	1.0	0.0
MAU2	1.0	NM_015329.4	1.0	0.0
MAVS	6.7045e-07	NM_020746.5	0.00035035	0.00034967954999999995
MAX	0.8335	NM_002382.5	0.99819	0.16469
MAZ	0.94363	NM_002383.4	0.99941	0.05578000000000005
MB	0.030636	NM_005368.3	0.026485	0.0041509999999999984
MB21D2	0.042673	NM_178496.4	0.9948	0.9521270000000001
MBD1	0.99717	NM_015846.4	0.99999	0.0028200000000000447
MBD2	0.34957	NM_003927.5	0.94708	0.59751
MBD3	0.9765	NM_001281453.2	0.36901	0.6074900000000001
MBD3L1		NM_001393532.1	0.29366	
MBD4	1.9706e-14	NM_001276270.2	4.0105e-13	3.81344e-13
MBD5	1.0	NM_001378120.1	1.0	0.0
MBD6	0.99937	NM_052897.4	0.9755	0.023869999999999947
MBIP	1.3838e-05	NM_016586.3	2.0746e-06	1.17634e-05
MBL2	0.0026836	NM_001378373.1	0.027192	0.0245084
MBLAC1	0.21273	NM_203397.3	0.03337	0.17936000000000002
MBLAC2	4.5418e-05	NM_203406.2	1.7392e-09	4.54162608e-05
MBNL1	0.70579	NM_021038.5	0.99999	0.2942
MBNL2	0.25602	NM_001382683.1	0.90757	0.65155
MBOAT1	2.1535e-12	NM_001080480.3	1.2325e-15	2.1522675000000002e-12
MBOAT2	0.51629	NM_138799.4	0.17505	0.34124
MBOAT4	1.3575e-07	NM_001100916.2	0.0019834	0.00198326425
MBOAT7	0.113	NM_024298.5	1.7407e-13	0.11299999999982593
MBP	0.28446	NM_001025101.2	0.11222	0.17224
MBTD1	1.0	NM_017643.3	0.99964	0.00036000000000002697
MBTPS1	7.5901e-09	NM_003791.4	1.32e-18	7.59009999868e-09
MC1R	8.1075e-11	NM_002386.4	0.0090045	0.009004499918925001
MC2R	0.00030712	NM_000529.2	0.00082552	0.0005184
MC3R	9.9877e-08	NM_019888.3	0.00058748	0.000587380123
MC4R	0.00091697	NM_005912.3	2.0929e-05	0.000896041
MC5R	6.513e-05	NM_005913.3	0.3166	0.31653486999999997
MCAM	0.00015954	NM_006500.3	3.6319e-13	0.00015953999963681
MCAT	0.00030611	NM_173467.5	7.8243e-09	0.0003061021757
MCC	4.6577e-16	NM_001085377.2	5.2763e-22	4.657694723699999e-16
MCCC1	4.0152e-12	NM_020166.5	2.1696e-11	1.76808e-11
MCCC2	4.5134e-11	NM_022132.5	1.8706e-10	1.41926e-10
MCCD1	0.0019319	NM_001011700.3	0.0079467	0.006014799999999999
MCEE	0.026913	NM_032601.4	0.40675	0.379837
MCEMP1		NM_174918.3	0.0004759	
MCF2L	2.7178e-07	NM_001112732.3	1.3839e-18	2.717799999986161e-07
MCF2L2	1.1565e-24	NM_015078.4	3.7543e-16	3.754299988435e-16
MCFD2	0.10011	NM_139279.6	0.00042579	0.09968421000000001
MCHR1	4.7359e-05	NM_005297.4	0.0029695	0.002922141
MCHR2	5.1594e-06	NM_001040179.2	0.00020222	0.0001970606
MCIDAS	0.013264	NM_001190787.3	3.6926e-06	0.013260307399999999
MCL1	0.96349	NM_021960.5	0.99742	0.033930000000000016
MCM2	2.6301e-05	NM_004526.4	4.7332e-08	2.6253668e-05
MCM3	6.9522e-11	NM_002388.6	9.9429e-12	5.95791e-11
MCM3AP	5.24e-09	NM_003906.5	8.813600000000001e-24	5.239999999999991e-09
MCM4	0.00014571	NM_182746.3	9.9071e-10	0.00014570900929
MCM5	0.00059281	NM_006739.4	5.4902e-08	0.0005927550980000001
MCM6	0.97833	NM_005915.6	1.7906e-05	0.9783120940000001
MCM7	1.9396e-24	NM_005916.5	1.0421e-35	1.939599999989579e-24
MCM8	1.0536e-16	NM_032485.6	7.8297e-18	9.75303e-17
MCM9	6.6222e-14	NM_017696.3	5.6124e-13	4.95018e-13
MCM10	4.3797e-15	NM_018518.5	6.850800000000001e-19	4.37901492e-15
MCMBP	0.99565	NM_001256378.2	0.79689	0.19876000000000005
MCMDC2	4.2397e-09	NM_173518.5	1.2185e-07	1.176103e-07
MCOLN1	0.00058027	NM_020533.3	4.3607e-12	0.0005802699956393001
MCOLN2	1.2502e-14	NM_153259.4	3.2164e-11	3.2151498e-11
MCOLN3	7.3204e-11	NM_018298.11	7.8209e-19	7.320399921791e-11
MCPH1	7.760000000000001e-30	NM_024596.5	1.8376e-32	7.741624000000001e-30
MCRIP1		NM_207368.5	0.0021345	
MCRIP2		NM_138418.4	2.8963e-08	
MCRS1	0.16561	NM_006337.5	0.96857	0.80296
MCTP1	9.3096e-05	NM_024717.7	1.7931e-09	9.309420690000001e-05
MCTP2	6.029999999999999e-52	NM_001385001.1	1.356e-26	1.356e-26
MCU	0.83258	NM_138357.3	0.99648	0.16390000000000005
MCUB		NM_017918.5	0.11793	
MCUR1	1.1206e-06	NM_001031713.4	2.0081e-06	8.875e-07
MDC1	2.2689e-08	NM_014641.3	9.0912e-12	2.26799088e-08
MDFI	0.33402	NM_005586.4	8.4817e-06	0.3340115183
MDFIC	0.037611	NM_001166345.3	7.0377e-06	0.0376039623
MDGA1	0.97574	NM_153487.4	1.9044e-10	0.97573999980956
MDGA2	0.66457	NM_001113498.3	1.0	0.33543
MDH1	0.92765	NM_005917.4	0.47401	0.45364
MDH1B	6.8732e-14	NM_001039845.3	2.0742e-13	1.38688e-13
MDH2	0.0066821	NM_005918.4	1.1219e-06	0.0066809781
MDK	0.23005	NM_002391.6	7.8961e-07	0.23004921039
MDM1	4.7231e-12	NM_001354969.2	2.4602e-08	2.4597276900000002e-08
MDM2	0.99981	NM_002392.6	1.0	0.00019000000000002348
MDM4	0.99992	NM_002393.5	1.0	7.999999999996898e-05
MDN1	2.1582e-08	NM_014611.3	1.0	0.999999978418
MDP1	1.9265e-05	NM_138476.4	6.0695e-06	1.31955e-05
ME1	8.2005e-14	NM_002395.6	4.6086e-09	4.608517995e-09
ME2	3.0296e-15	NM_002396.5	6.2202e-05	6.22019999969704e-05
MEA1	1.0536e-05	NM_014623.4	2.7021e-08	1.0508979e-05
MEAF6	0.12785	NM_001270875.3	0.0011317	0.12671829999999998
MEAK7		NM_020947.4	7.2259e-34	
MECOM	1.0	NM_004991.4	1.0	0.0
MECR	2.2332e-05	NM_016011.5	5.9594e-09	2.23260406e-05
MED1	1.0	NM_004774.4	1.0	0.0
MED4	0.0076107	NM_014166.4	0.00033437	0.00727633
MED6	6.5981e-05	NM_005466.4	5.1258e-08	6.5929742e-05
MED7	0.016917	NM_004270.5	0.33811	0.321193
MED8	2.844e-06	NM_201542.5	4.174e-05	3.8895999999999995e-05
MED9	0.4077	NM_018019.3	0.019232	0.38846800000000004
MED10	0.048839	NM_032286.3	0.0053971	0.0434419
MED11	9.3635e-08	NM_001001683.4	1.2811e-08	8.082400000000001e-08
MED12L	1.0	NM_001393769.1	1.0	0.0
MED13	1.0	NM_005121.3	1.0	0.0
MED13L	1.0	NM_015335.5	1.0	0.0
MED15	0.99974	NM_001003891.3	0.99982	8.000000000008001e-05
MED16	2.5908e-14	NM_005481.3	1.079e-29	2.590799999999999e-14
MED17	3.0751e-09	NM_004268.5	6.9325e-06	6.9294249e-06
MED18	0.00015906	NM_017638.3	0.012917	0.012757939999999999
MED20	0.30394	NM_004275.5	9.308e-07	0.30393906919999997
MED21	0.014255	NM_004264.5	0.29727	0.28301499999999996
MED22	8.0393e-05	NM_133640.5	2.0285e-06	7.83645e-05
MED23	3.1015e-08	NM_004830.4	2.113e-19	3.1014999999788695e-08
MED24	3.3214e-11	NM_014815.4	7.0821e-15	3.32069179e-11
MED25	8.4174e-07	NM_030973.4	1.489e-14	8.4173998511e-07
MED26	0.88242	NM_004831.5	0.99998	0.11756
MED27	1.7718e-05	NM_004269.4	1.6864e-06	1.6031599999999997e-05
MED28	0.00011083	NM_025205.5	6.235e-09	0.000110823765
MED29	0.0010191	NM_017592.4	0.00094595	7.315000000000002e-05
MED30	0.40259	NM_080651.4	0.43852	0.03593000000000002
MED31	0.00068836	NM_016060.3	0.055466	0.05477764
MEDAG	1.6145e-05	NM_032849.4	3.1289e-08	1.6113710999999998e-05
MEF2A	0.98706	NM_001319206.4	0.00020231	0.98685769
MEF2B	0.00092914	NM_001145785.2	0.021055	0.020125860000000002
MEF2C	0.017256	NM_002397.5	1.0	0.982744
MEF2D	0.99705	NM_005920.4	1.0	0.002950000000000008
MEFV	1.0177e-14	NM_000243.3	2.305e-19	1.01767695e-14
MEGF6	3.7965e-34	NM_001409.4	7.997800000000001e-68	3.7965e-34
MEGF8	1.9329e-05	NM_001271938.2	1.2102e-27	1.9329e-05
MEGF9	0.9881	NM_001080497.3	1.0	0.011900000000000022
MEGF10	0.3904	NM_001256545.2	1e-12	0.39039999999900005
MEGF11	2.3668e-30	NM_001385028.1	6.843700000000001e-41	2.366799999931563e-30
MEI1	4.711e-12	NM_152513.4	1.0451e-20	4.710999989549e-12
MEI4		NM_001322247.2	2.0693e-10	
MEIG1	0.00032669	NM_001080836.3	5.5708e-05	0.00027098199999999996
MEIOB	2.9857e-14	NM_001163560.3	5.47e-05	5.4699999970143e-05
MEIOC		NM_001145080.3	1.0	
MEIS1	0.99951	NM_002398.3	1.0	0.0004899999999999904
MEIS2	0.99938	NM_170675.5	1.0	0.0006199999999999539
MEIS3	3.7957e-09	NM_001301059.2	2.1465e-11	3.774235e-09
MELK	4.5055e-22	NM_014791.4	9.6952e-14	9.695199954945e-14
MELTF		NM_005929.6	1.0439000000000001e-19	
MEMO1	0.9939	NM_001301833.4	0.99696	0.0030599999999999516
MEN1	0.99971	NM_001370259.2	1.0	0.00029000000000001247
MEOX1	0.00019076	NM_004527.4	5.4063e-05	0.000136697
MEOX2	0.91495	NM_005924.5	0.10126	0.81369
MEP1A	9.1509e-13	NM_005588.3	4.5536e-10	4.5444491000000004e-10
MEP1B	1.9369e-24	NM_005925.3	5.493399999999999e-21	5.491463099999999e-21
MEPCE	0.99804	NM_019606.6	0.99999	0.0019500000000000073
MEPE	0.0086273	NM_020203.6	0.0014082	0.007219099999999999
MERTK	2.6593e-11	NM_006343.3	1.6072e-12	2.4985799999999998e-11
MESD		NM_015154.3	0.058994	
MESP1	8.6067e-05	NM_018670.4	5.7825e-15	8.60669999942175e-05
MESP2	3.1138e-06	NM_001039958.2	6.5022e-14	3.113799934978e-06
MEST	0.39908	NM_002402.4	0.42725	0.02817000000000003
MET	0.96998	NM_000245.4	0.99985	0.029870000000000063
METAP1	0.10521	NM_015143.3	0.0043591	0.1008509
METAP1D	2.5794e-06	NM_199227.3	2.2242e-09	2.5771758e-06
METAP2	0.0039908	NM_006838.4	0.049153	0.0451622
METRN	0.094738	NM_024042.4	5.7511e-10	0.09473799942489
METRNL	0.74538	NM_001004431.3	0.11357	0.63181
METTL1	0.001962	NM_005371.6	0.011716	0.009754
METTL2A	3.7556e-13	NM_181725.4	2.6264e-14	3.49296e-13
METTL2B	1.6691e-09	NM_018396.3	5.1781e-05	5.17793309e-05
METTL3	1.799e-07	NM_019852.5	1.354e-08	1.6636e-07
METTL4	7.825e-08	NM_022840.5	2.4981e-08	5.3269e-08
METTL5	5.1688e-05	NM_014168.4	7.0183e-09	5.16809817e-05
METTL6	2.1044e-05	NM_152396.4	2.714e-07	2.07726e-05
METTL8	5.5478e-11	NM_001321154.2	0.0035124	0.0035123999445220004
METTL9	0.80352	NM_016025.5	0.98056	0.17703999999999998
METTL13	1.6253e-09	ENST00000361735	8.8281e-14	1.6252117189999999e-09
METTL14	0.0013331	NM_020961.4	0.012274	0.0109409
METTL15	2.7801e-10	NM_001113528.2	6.1748e-11	2.16262e-10
METTL16	0.61175	NM_024086.4	0.98633	0.37458
METTL17	4.0832e-11	NM_022734.3	2.0919e-13	4.062281e-11
METTL18	2.8027e-05	NM_033418.4	7.0371e-05	4.234399999999999e-05
METTL21C	1.0629e-06	NM_001010977.3	0.0001257	0.00012463709999999999
METTL22	7.2912e-14	NM_024109.4	2.7245000000000004e-19	7.291172755e-14
METTL23	1.3147e-07	NM_001080510.5	1.8818e-10	1.3128182e-07
METTL24	1.0876e-05	NM_001123364.3	4.583e-09	1.0871417e-05
METTL25	9.188e-13	NM_032230.3	1.6473e-08	1.6472081200000003e-08
METTL25B		NM_015997.4	4.1074e-09	
METTL26		NM_032366.5	5.3834e-13	
METTL27		NM_152559.3	1.7958e-12	
MEX3A	0.97977	NM_001093725.2	0.99879	0.019019999999999926
MEX3B	0.55508	NM_032246.6	2.8736e-07	0.55507971264
MEX3C	0.86192	NM_016626.5	0.13562	0.7263000000000001
MEX3D	0.92303	NM_203304.4	0.023517	0.899513
MFAP1	0.79602	NM_005926.3	0.99993	0.20391000000000004
MFAP2	4.2671e-06	NM_002403.4	2.1462e-06	2.1209000000000003e-06
MFAP3	0.0011201	NM_005927.5	0.54493	0.5438099000000001
MFAP3L	0.8803	NM_021647.8	0.86397	0.016329999999999956
MFAP4	0.11416	NM_002404.3	0.00010014	0.11405986
MFAP5	0.0050619	NM_003480.4	3.0557e-05	0.005031343000000001
MFF	0.065397	NM_001277062.2	0.65021	0.5848129999999999
MFGE8	4.3953e-05	NM_005928.4	8.4579e-10	4.3952154209999996e-05
MFHAS1	4.2417e-09	NM_004225.3	6.0509e-11	4.181191e-09
MFN1	2.5118e-10	NM_033540.3	3.6684e-14	2.51143316e-10
MFN2	0.99415	NM_014874.4	0.00056528	0.99358472
MFNG	7.6611e-10	NM_002405.4	1.9565e-07	1.9488389e-07
MFRP	1.3093e-15	NM_031433.4	2.0484e-27	1.3092999999979515e-15
MFSD1	3.3314e-17	NM_022736.4	0.00036037	0.00036036999999996665
MFSD2A	0.011025	NM_032793.5	0.20836	0.19733499999999998
MFSD2B	6.3325e-11	NM_001346880.2	2.6575e-20	6.3324999973425e-11
MFSD3	7.8565e-12	NM_138431.3	1.467e-16	7.8563533e-12
MFSD4A		NM_181644.5	6.5722e-07	
MFSD4B		NM_153369.4	0.0042882	
MFSD5	0.0023254	NM_032889.5	5.5635e-05	0.002269765
MFSD6	3.2855e-06	NM_017694.4	0.056247	0.0562437145
MFSD6L	2.0172e-08	NM_152599.4	2.1673e-05	2.1652828e-05
MFSD8	2.5375e-12	NM_001371596.2	7.5007e-11	7.246949999999999e-11
MFSD9	9.3451e-10	NM_032718.5	3.2567e-07	3.2473549e-07
MFSD10	7.3331e-11	NM_001146069.2	1.0254e-23	7.333099999998975e-11
MFSD11	6.7806e-06	NM_001242532.5	1.9374e-06	4.8432e-06
MFSD12	6.7265e-18	NM_174983.5	1.1954e-31	6.726499999999881e-18
MFSD13A		NM_024789.4	8.2343e-07	
MFSD14A		NM_033055.3	0.0071429	
MFSD14B		NM_032558.3	0.00056305	
MGA	1.0	NM_001164273.2	1.0	0.0
MGAM	1.0382e-35	NM_001365693.1	1.1311e-53	1.0382e-35
MGARP	3.8778e-05	NM_032623.4	0.0015956	0.001556822
MGAT1	0.98879	NM_002406.4	0.44012	0.54867
MGAT2	0.034151	NM_002408.4	0.012551	0.0216
MGAT3	0.14725	NM_002409.5	0.75451	0.60726
MGAT4A	4.4513e-05	NM_012214.3	0.018029	0.017984487
MGAT4B	0.69145	NM_014275.5	1.553e-05	0.69143447
MGAT4C	0.00066172	NM_001351288.2	0.2106	0.20993828
MGAT5	0.99998	NM_002410.5	0.99998	0.0
MGAT5B	0.014591	NM_001199172.2	4.4378e-09	0.014590995562199999
MGLL	0.020016	NM_007283.7	0.9808	0.960784
MGME1	0.001847	NM_052865.4	9.2408e-07	0.00184607592
MGMT	1.1756e-07	NM_002412.5	1.2636e-05	1.2518440000000001e-05
MGP	3.6072e-05	NM_000900.5	0.00063789	0.0006018180000000001
MGRN1	0.10393	NM_015246.4	0.0068469	0.09708309999999999
MGST1	0.0026577	NM_020300.5	0.021624	0.018966300000000002
MGST2	0.078275	NM_002413.5	0.21932	0.14104499999999998
MGST3	0.00020347	NM_004528.4	2.2295e-06	0.0002012405
MIA	1.7345e-05	NM_006533.4	6.7933e-05	5.0588e-05
MIA2	0.0014245	NM_001329214.4	4.2405e-16	0.0014244999999995758
MIA3	0.03675	NM_198551.4	4.9066e-05	0.036700934
MIB1	3.3574e-88	NM_020774.4	2.9163e-91	3.3544837e-88
MIB2	2.8024e-07	NM_001170687.4	4.8527e-27	2.8024e-07
MICA	0.0049697	NM_001177519.3	0.0032109	0.0017587999999999996
MICAL1	3.3836999999999997e-22	NM_022765.4	3.0931e-22	2.905999999999998e-23
MICAL2	2.1766e-12	NM_001282663.2	7.7257e-13	1.4040299999999998e-12
MICAL3	0.99499	NM_015241.3	1.0	0.005009999999999959
MICALL1	1.1968e-07	NM_033386.4	6.526e-17	1.1967999993474e-07
MICALL2	3.4420000000000004e-26	NM_182924.4	3.4434e-49	3.4420000000000004e-26
MICB	4.0609e-05	NM_005931.5	1.0756e-07	4.0501439999999994e-05
MICOS10		NM_001032363.4	0.14236	
MICOS13		NM_205767.3	7.9299e-08	
MICU1	1.9344e-13	NM_001195518.2	1.11e-08	1.109980656e-08
MICU2	9.721599999999997e-21	NM_152726.3	3.9626e-13	3.9625999027840003e-13
MICU3	3.4019e-09	NM_181723.3	1.1439e-06	1.1404981e-06
MIDEAS		NM_001367710.1	1.0	
MIDN	0.17862	NM_001388306.1	5.8965e-06	0.1786141035
MIEF1	0.011698	NM_019008.6	0.48656	0.474862
MIEF2	0.016043	NM_139162.4	0.76952	0.753477
MIEN1	0.55257	NM_032339.5	0.00011829	0.55245171
MIER1	0.28881	NM_001077700.3	0.00010759	0.28870241
MIER2	0.89593	NM_017550.3	0.0011849	0.8947451
MIER3	0.99856	NM_001297599.2	1.0	0.0014399999999999968
MIF	0.012262	NM_002415.2	2.2681e-08	0.012261977319
MIF4GD	6.7828e-09	NM_001370592.1	9.3231e-07	9.255272000000001e-07
MIGA1		NM_198549.4	1.3321e-07	
MIGA2		NM_001329990.2	2.1421e-05	
MIIP	1.3121e-20	NM_021933.4	4.5335e-15	4.533486879e-15
MILR1	0.024528	NM_001085423.2	0.017326	0.007202
MINAR1		NM_015206.3	1.5548e-07	
MINAR2		NM_001257308.2	1.5037e-08	
MINDY1		NM_001376665.1	1.1673e-15	
MINDY2		NM_001040450.3	2.7749e-11	
MINDY3		NM_024948.4	0.098982	
MINDY4		NM_032222.3	5.9174e-15	
MINK1	1.0	NM_153827.5	1.0	0.0
MINPP1	0.00045482	NM_004897.5	0.0011889	0.0007340799999999999
MIOS	1.8944e-09	NM_019005.4	4.7423e-05	4.74211056e-05
MIOX	1.0702e-17	NM_017584.6	2.1214e-20	1.0680786e-17
MIP	0.030956	NM_012064.4	0.010148	0.020808
MIPEP	1.5876e-15	NM_005932.4	1.774e-17	1.56986e-15
MIPOL1	2.0845e-11	NM_001388067.1	1.1409e-12	1.97041e-11
MIS12	0.14672	NM_001258217.2	0.00032503	0.14639496999999999
MIS18A	0.0070702	NM_018944.3	0.00018538	0.00688482
MIS18BP1	3.8309e-13	NM_018353.5	1.816e-13	2.0148999999999998e-13
MISP	4.3142e-12	NM_173481.4	2.1618e-18	4.3141978382e-12
MITD1	1.1445e-05	NM_138798.3	0.016451	0.016439555
MITF	0.98119	NM_001354604.2	0.99203	0.01083999999999996
MIX23		NM_001017928.4	0.00493	
MIXL1	0.017075	NM_031944.3	8.8994e-05	0.016986006
MKI67	1.2598e-28	NM_002417.5	4.0465e-28	2.7866999999999997e-28
MKKS	2.1265e-09	NM_170784.3	9.952e-11	2.02698e-09
MKLN1	0.99998	NM_013255.5	0.99867	0.0013100000000000334
MKNK1	8.0483e-10	NM_001135553.4	8.5261e-07	8.5180517e-07
MKNK2	1.3965e-05	NM_199054.3	5.4935e-24	1.3965e-05
MKRN1	0.99421	NM_013446.4	1.0	0.005789999999999962
MKRN2	0.0088248	NM_014160.5	9.7427e-08	0.008824702573
MKRN2OS		NM_001195279.2	2.3404e-05	
MKRN3	0.27756	NM_005664.4	0.28344	0.005880000000000052
MKS1	3.3768e-16	NM_017777.4	1.0926000000000002e-19	3.3757074e-16
MKX	0.88427	NM_173576.3	0.78464	0.09963
MLANA	1.2584e-09	NM_005511.2	6.0903e-08	5.96446e-08
MLC1	3.2425e-08	NM_015166.4	3.867e-09	2.8558e-08
MLEC	0.60716	NM_014730.4	0.97913	0.3719699999999999
MLF1	4.3955e-09	NM_001369783.1	3.9966e-06	3.9922045e-06
MLF2	0.86042	NM_001382226.1	0.38865	0.47176999999999997
MLH1	3.41e-05	NM_000249.4	0.00086326	0.00082916
MLH3	4.9023e-08	NM_001040108.2	1.4578e-13	4.902285422e-08
MLIP	3.1564e-16	NM_001281747.2	1.3268e-17	3.02372e-16
MLKL	2.0931e-14	NM_152649.4	5.2756e-18	2.09257244e-14
MLLT1	0.98669	NM_005934.4	0.99994	0.013250000000000095
MLLT3	0.99964	NM_004529.4	1.0	0.00036000000000002697
MLLT6	0.99997	NM_005937.4	1.0	2.999999999997449e-05
MLLT10	1.0	NM_001195626.3	1.0	0.0
MLLT11	0.52915	NM_006818.4	0.69939	0.17023999999999995
MLN	0.0041058	NM_002418.3	0.018472	0.014366199999999999
MLNR	0.012661	NM_001507.1	3.333e-06	0.012657667000000001
MLPH	4.383e-10	NM_024101.7	1.1798e-11	4.26502e-10
MLST8	0.0082177	NM_022372.6	0.020503	0.0122853
MLX	0.11032	NM_198204.2	0.076914	0.033406000000000005
MLXIP	0.98932	NM_014938.6	0.9985	0.009180000000000077
MLXIPL	0.047771	NM_032951.3	1.2246e-11	0.047770999987754
MLYCD	0.00064816	NM_012213.3	1.5305e-10	0.00064815984695
MMAA	9.3982e-13	NM_172250.3	9.3665e-14	8.461549999999999e-13
MMAB	0.0041291	NM_052845.4	0.00089793	0.0032311700000000002
MMACHC	1.1402e-13	NM_015506.3	0.00018448	0.00018447999988597998
MMADHC	2.071e-05	NM_015702.3	0.00016899	0.00014827999999999998
MMD	0.0001344	NM_012329.3	2.9499e-06	0.00013145009999999998
MMD2	5.8561e-08	NM_198403.4	7.5231e-11	5.8485768999999994e-08
MME	1.465e-18	NM_007289.4	2.0253e-15	2.023835e-15
MMEL1	1.2441e-22	NM_033467.4	1.1949000000000001e-29	1.24409988051e-22
MMP1	7.7197e-18	NM_002421.4	1.3919e-15	1.3841803e-15
MMP2	0.83878	NM_004530.6	6.4757e-05	0.838715243
MMP3	5.7362e-15	NM_002422.5	5.3451e-16	5.2016899999999995e-15
MMP7	1.0404e-09	NM_002423.5	1.3956e-06	1.3945596e-06
MMP8	1.0661e-24	NM_002424.3	1.0089e-22	9.98239e-23
MMP9	1.8869e-17	NM_004994.3	3.9223000000000003e-25	1.886899960777e-17
MMP10	5.907e-15	NM_002425.3	1.4414e-15	4.4656e-15
MMP11	2.4125e-05	NM_005940.5	8.4601e-05	6.0475999999999995e-05
MMP12		NM_002426.6	2.7659e-17	
MMP13	7.8767e-18	NM_002427.4	1.2947e-10	1.294699921233e-10
MMP14	0.99522	NM_004995.4	1.0	0.0047800000000000065
MMP15	0.073354	NM_002428.4	1.0375e-06	0.07335296250000001
MMP16	0.91797	NM_005941.5	1.0	0.08203000000000005
MMP17	2.1964e-08	NM_016155.7	2.1185999999999998e-21	2.1963999999997883e-08
MMP19	1.9975e-20	NM_002429.6	1.3761e-16	1.37590025e-16
MMP20	6.0776e-14	NM_004771.4	6.7195e-15	5.40565e-14
MMP21	1.3213e-09	NM_147191.1	4.2098e-14	1.3212579019999999e-09
MMP23B	0.11732	NM_006983.2	0.0103	0.10701999999999999
MMP24	0.67752	NM_006690.4	0.10903	0.56849
MMP25	8.7309e-14	NM_022468.5	3.5385e-27	8.730899999999647e-14
MMP26	5.3574e-11	NM_021801.5	4.1555e-13	5.315845e-11
MMP27	6.3444e-22	NM_022122.3	3.7745e-15	3.77449936556e-15
MMP28	6.0903e-05	NM_024302.5	1.3335000000000002e-19	6.090299999999987e-05
MMRN1	2.0714000000000003e-25	NM_007351.3	1.6723e-23	1.651586e-23
MMRN2	4.8869e-11	NM_024756.3	1.0886e-16	4.8868891139999997e-11
MMS19	0.0082883	NM_022362.5	8.1186e-15	0.008288299999991882
MMS22L	8.3003e-05	NM_001350599.2	0.62076	0.620676997
MMUT		NM_000255.4	4.9198e-22	
MN1	0.99999	NM_002430.3	0.99238	0.007610000000000006
MNAT1	1.3117e-12	NM_002431.4	2.0864e-10	2.073283e-10
MND1	3.2813e-09	NM_032117.4	3.3131e-06	3.3098187e-06
MNDA	3.0917e-17	NM_002432.3	2.578e-16	2.26883e-16
MNS1	2.0964e-21	NM_018365.4	5.9763e-16	5.976279036e-16
MNT	0.99739	NM_020310.3	0.50645	0.49094000000000004
MNX1	0.78819	NM_005515.4	0.84711	0.05892000000000008
MOAP1	1.1736e-09	NM_022151.5	0.10083	0.10082999882640001
MOB1A	0.95091	NM_018221.5	0.41312	0.53779
MOB1B	0.035037	NM_173468.4	0.00042936	0.03460764
MOB2	0.051345	NM_001172223.3	0.010233	0.041112
MOB3A	2.9101e-05	NM_130807.3	2.6769e-06	2.64241e-05
MOB3B	0.016386	NM_024761.5	0.62713	0.610744
MOB3C	1.7788e-05	NM_201403.3	8.0006e-06	9.7874e-06
MOB4	0.93103	NM_015387.5	0.99997	0.06894
MOBP	0.54623	NM_001393704.1	0.8053	0.25907
MOCOS	1.6193000000000002e-19	NM_017947.4	1.6319e-29	1.6192999998368102e-19
MOCS1	9.1165e-07	NM_001358530.2	1.2794e-09	9.103706e-07
MOCS2	0.00046138	NM_004531.5	0.0032064	0.00274502
MOCS3	1.8387e-06	NM_014484.5	0.00047883	0.0004769913
MOG	0.13748	NM_206809.4	0.0003089	0.1371711
MOGAT1	1.566e-10	NM_058165.3	6.1746e-11	9.485400000000001e-11
MOGAT2	0.010537	NM_025098.4	4.7581e-08	0.010536952419
MOGAT3	1.8376e-12	NM_178176.4	8.4165e-15	1.8291835e-12
MOGS	5.8071e-11	NM_006302.3	2.6946e-10	2.1138900000000002e-10
MOK	8.8397e-22	NM_014226.3	4.268e-14	4.267999911603e-14
MON1A	2.2952e-09	NM_032355.4	1.8759e-06	1.8736048e-06
MON1B	0.018676	NM_014940.4	4.6252e-05	0.018629748
MON2	0.59388	NM_015026.3	1.0	0.40612000000000004
MORC1	5.8802e-06	NM_014429.4	0.025637	0.0256311198
MORC2	0.99999	NM_001303256.3	1.0	9.99999999995449e-06
MORC3	0.99985	NM_015358.3	1.0	0.00014999999999998348
MORF4L1	0.99339	NM_006791.4	0.99995	0.00656000000000001
MORN1	1.6137e-11	NM_024848.3	6.687e-24	1.613699999999331e-11
MORN2	0.15342	NM_001145450.3	0.0024916	0.1509284
MORN3	1.5357e-07	NM_173855.5	8.4598e-15	1.5356999154019999e-07
MORN4	0.54999	NM_178832.4	0.086107	0.463883
MORN5	8.1711e-05	NM_198469.4	4.5323e-06	7.717870000000001e-05
MOS	0.58928	NM_005372.1	0.10345	0.48583000000000004
MOSMO		NM_001164579.2	0.23773	
MOSPD3	0.00024549	NM_023948.5	2.1511e-06	0.00024333890000000002
MOV10	0.80908	NM_001321324.2	0.99994	0.19086000000000003
MOV10L1	1.0518e-17	NM_018995.3	4.9513e-22	1.051750487e-17
MOXD1	1.5505e-22	NM_015529.4	2.8913e-17	2.891284495e-17
MPC1	0.038495	NM_016098.4	0.10115	0.062655
MPC2	0.63515	NM_001143674.4	0.086615	0.548535
MPDU1	1.0051e-05	NM_004870.4	1.406e-05	4.008999999999998e-06
MPDZ	5.8009e-38	NM_001378778.1	1.0028e-63	5.8009e-38
MPEG1	3.5925e-16	NM_001039396.2	0.01968	0.01967999999999964
MPG	1.9454e-12	NM_001015052.3	8.9214e-13	1.0532600000000003e-12
MPHOSPH6	0.0004107	NM_005792.2	3.867e-08	0.00041066133
MPHOSPH8	0.0014733	NM_017520.4	0.00054769	0.0009256100000000001
MPHOSPH9	1.6616e-10	NM_022782.4	5.157e-11	1.1458999999999999e-10
MPHOSPH10	0.84847	NM_005791.3	0.055553	0.792917
MPI	1.1715e-07	NM_002435.3	9.3378e-10	1.1621622e-07
MPIG6B		NM_138272.3	1.4673e-07	
MPL	4.0719e-09	NM_005373.3	3.3404999999999996e-21	4.07189999999666e-09
MPLKIP	0.00016384	NM_138701.4	3.1875e-07	0.00016352125
MPND	5.2689e-05	NM_001300862.2	7.252699999999999e-21	5.2688999999999996e-05
MPO	7.105e-15	NM_000250.2	3.3865e-16	6.76635e-15
MPP2	2.876e-07	NM_005374.5	8.5317e-10	2.8674683e-07
MPP3	3.4521e-06	NM_001932.6	2.9137e-07	3.16073e-06
MPP4	3.418e-18	NM_033066.3	3.1862000000000004e-19	3.0993799999999996e-18
MPP7	2.1745e-11	NM_001318170.2	1.0391e-10	8.216500000000001e-11
MPPE1	1.2197e-09	NM_023075.6	3.6426e-06	3.6413803e-06
MPPED1	0.0019823	NM_001044370.2	0.045554	0.0435717
MPPED2	0.99349	NM_001584.3	0.99894	0.005450000000000066
MPRIP	0.98078	NM_001364716.4	1.0	0.019220000000000015
MPST	3.4664e-05	NM_021126.8	2.4005e-09	3.4661599499999996e-05
MPV17	9.6582e-11	NM_002437.5	1.4056e-10	4.397800000000001e-11
MPV17L	7.3866e-07	NM_001128423.2	3.9936e-08	6.98724e-07
MPV17L2	6.4336e-07	NM_032683.3	4.0006e-11	6.43319994e-07
MPZ	0.27158	NM_000530.8	0.11226	0.15932
MPZL1	0.15905	NM_003953.6	0.05056	0.10849
MPZL2	1.0755e-12	NM_005797.4	2.1252e-12	1.0496999999999999e-12
MPZL3	2.2417e-14	NM_198275.3	1.8885e-05	1.8884999977582998e-05
MR1	4.9023e-18	NM_001385161.1	6.3126e-15	6.3076977e-15
MRAP	0.002081	NM_001379228.1	0.0032169	0.0011359
MRAP2	2.5633e-07	NM_138409.4	4.6452e-08	2.0987800000000002e-07
MRAS	0.92111	NM_001085049.3	0.99089	0.06978000000000006
MRC2	0.67472	NM_006039.5	0.0025256	0.6721944
MRE11		NM_005591.4	2.5803e-10	
MREG	1.7187e-07	NM_018000.3	2.4788e-07	7.601000000000003e-08
MRFAP1	0.31404	NM_033296.3	0.94209	0.62805
MRFAP1L1	0.0025481	NM_203462.3	0.002009	0.0005391000000000003
MRGBP	0.93142	NM_018270.6	0.90961	0.021809999999999996
MRGPRD		NM_198923.2		
MRGPRE		NM_001039165.4		
MRGPRF	0.024083	NM_145015.5	0.012543	0.01154
MRGPRG		NM_001164377.1		
MRGPRX1		NM_001393578.1	0.35548	
MRGPRX2		NM_054030.4	0.29415	
MRGPRX3		NM_001370464.1	5.5284e-05	
MRGPRX4		NM_054032.3	0.00051986	
MRI1	0.00040621	NM_001031727.4	8.3578e-11	0.000406209916422
MRM1	6.6719e-06	NM_024864.5	1.7978e-08	6.653921999999999e-06
MRM2		NM_013393.3	6.7556e-07	
MRM3		NM_018146.4	8.302e-11	
MRNIP		NM_016175.4	3.7501e-11	
MRO	1.7975e-06	NM_031939.6	4.9933e-09	1.7925067e-06
MROH1	0.20264	NM_032450.3	5.8384e-10	0.20263999941615998
MROH2A	3.9287e-21	NM_001394639.1	4.2186e-46	3.9287e-21
MROH2B	5.3194e-38	NM_173489.5	7.565700000000001e-45	5.31939924343e-38
MROH6	4.1528e-18	NM_001100878.2	2.1205e-24	4.1527978795e-18
MROH7	4.8111e-24	NM_001039464.4	3.7241e-30	4.8110962758999996e-24
MROH9	5.0853e-16	NM_001163629.2	7.4657e-23	5.08529925343e-16
MRPL1	4.4456e-06	NM_020236.4	0.10338	0.1033755544
MRPL2	1.4285e-07	NM_015950.5	3.8782e-08	1.04068e-07
MRPL3	1.3045e-12	NM_007208.4	4.8414e-07	4.841386955e-07
MRPL4	4.2719e-10	NM_015956.3	4.1782e-11	3.85408e-10
MRPL9	0.00015633	NM_031420.4	1.1232e-08	0.00015631876799999998
MRPL10	0.10076	NM_145255.4	0.00028693	0.10047307
MRPL11	1.5371e-06	NM_016050.5	9.7443e-07	5.626700000000002e-07
MRPL12	0.0032204	NM_002949.4	0.0010337	0.0021866999999999998
MRPL13	1.4307e-07	NM_014078.6	3.3207e-08	1.09863e-07
MRPL14	9.2387e-05	NM_032111.4	0.0036712	0.0035788129999999997
MRPL15	1.6024e-06	NM_014175.4	6.6567e-08	1.5358329999999998e-06
MRPL16	2.4706e-05	NM_017840.4	3.9382e-05	1.4675999999999996e-05
MRPL17	0.028198	NM_022061.4	0.0022736	0.0259244
MRPL18	0.00016217	NM_014161.5	5.7564e-05	0.00010460600000000001
MRPL19	0.029168	NM_014763.4	7.4245e-10	0.02916799925755
MRPL20	2.7079e-06	NM_017971.4	8.3245e-08	2.624655e-06
MRPL21	2.4125e-14	NM_181514.2	6.6911e-05	6.6910999975875e-05
MRPL22	1.3883e-06	NM_014180.4	0.0005125	0.0005111117000000001
MRPL23	1.6288e-08	NM_021134.4	0.33098	0.330979983712
MRPL24	1.9123e-06	NM_145729.3	0.0071502	0.0071482876999999995
MRPL27	0.50212	NM_016504.3	0.849	0.34687999999999997
MRPL28	1.9955e-07	NM_006428.5	3.5977e-11	1.99514023e-07
MRPL30	0.027748	NM_145212.4	0.0024902	0.025257799999999997
MRPL32	8.9669e-05	NM_031903.3	0.00062005	0.000530381
MRPL33	0.3655	NM_004891.4	0.15812	0.20737999999999998
MRPL34	6.9136e-05	NM_023937.4	1.7483e-05	5.1653e-05
MRPL35	0.0023926	NM_016622.4	3.9367e-06	0.0023886632999999997
MRPL36		NM_032479.4	0.1915	
MRPL37	1.3929e-08	NM_016491.4	5.025e-09	8.904e-09
MRPL38	4.508e-09	NM_032478.4	1.9318e-18	4.5079999980682e-09
MRPL39	4.3077e-06	NM_017446.4	1.2131e-10	4.3075786900000005e-06
MRPL40	0.052924	NM_003776.4	0.00021874	0.05270526
MRPL41	0.55531	NM_032477.3	0.025816	0.529494
MRPL42	0.039597	NM_014050.4	0.037358	0.002238999999999998
MRPL43	1.8937e-07	NM_032112.3	6.6745e-05	6.655562999999999e-05
MRPL44	2.0628e-09	NM_022915.5	1.7086e-06	1.7065372e-06
MRPL45	3.7571e-05	NM_032351.6	0.00069413	0.000656559
MRPL46	1.3615e-07	NM_022163.4	4.8947e-08	8.720300000000002e-08
MRPL47	0.00042814	NM_020409.3	1.9559e-07	0.00042794440999999997
MRPL48	0.004333	NM_016055.6	0.0057253	0.0013923
MRPL49	0.00031078	NM_004927.4	0.00073436	0.00042358
MRPL50	3.8088e-05	NM_019051.3	0.0053327	0.005294612
MRPL51	0.032765	NM_016497.4	0.29848	0.26571500000000003
MRPL52	2.1598e-07	NM_180982.3	4.1339e-06	3.91792e-06
MRPL53	0.28485	NM_053050.5	0.0060755	0.2787745
MRPL54	0.022144	NM_172251.3	0.0006893	0.0214547
MRPL55	0.014288	NM_181463.3	0.0041923	0.010095699999999999
MRPL57		NM_024026.5	0.064131	
MRPL58		NM_001545.3	0.0003851	
MRPS2	3.1326e-07	NM_016034.5	0.00017874	0.00017842674
MRPS5	0.00036306	NM_031902.5	2.2282e-06	0.0003608318
MRPS6	0.0006614	NM_032476.4	0.081377	0.0807156
MRPS7	0.0012591	NM_015971.4	0.045985	0.0447259
MRPS9	1.262e-09	NM_182640.3	6.8241e-10	5.7959e-10
MRPS10	1.0138e-09	NM_018141.4	1.9786e-06	1.9775862e-06
MRPS11	4.6918e-08	NM_022839.5	6.8135e-10	4.623665e-08
MRPS12	0.00020409	NM_033362.4	0.00083212	0.00062803
MRPS14	0.00016481	NM_022100.3	8.0944e-05	8.386599999999999e-05
MRPS15	5.0041e-10	NM_031280.4	1.4628e-07	1.4577959000000002e-07
MRPS16	0.058297	NM_016065.4	0.22623	0.167933
MRPS17	0.012147	NM_015969.3	0.10073	0.088583
MRPS18A	8.6298e-06	NM_018135.4	4.3798e-07	8.19182e-06
MRPS18B	5.6012e-05	NM_014046.4	1.4625e-08	5.5997375e-05
MRPS18C	8.7553e-05	NM_016067.4	6.5525e-07	8.689774999999999e-05
MRPS21	0.061313	NM_031901.6	0.019672	0.041641
MRPS22	1.4768e-05	NM_020191.4	5.5448e-07	1.421352e-05
MRPS23	0.12774	NM_016070.4	0.00013865	0.12760135
MRPS24	0.0039242	NM_032014.3	0.00025981	0.00366439
MRPS25	0.00047858	NM_022497.5	0.00028603	0.00019255
MRPS26	1.3667e-06	NM_030811.4	1.5379e-12	1.3666984621e-06
MRPS27	1.9215e-06	NM_015084.3	3.246e-07	1.5969000000000001e-06
MRPS28	4.6621e-05	NM_014018.3	7.1403e-06	3.94807e-05
MRPS30	1.5937e-08	NM_016640.4	5.4883e-14	1.5936945117e-08
MRPS31	5.38e-05	NM_005830.4	1.3508e-07	5.366492e-05
MRPS33	0.0036885	NM_053035.3	0.00015388	0.00353462
MRPS34	0.0026375	NM_023936.2	1.386e-07	0.0026373614
MRPS35	3.0487e-09	NM_021821.4	2.2875e-06	2.2844513000000003e-06
MRRF	4.4057e-07	NM_138777.5	0.00014385	0.00014340943
MRS2	1.9516e-08	NM_020662.4	0.00031619	0.00031617048399999997
MRTFA		NM_020831.6	0.99999	
MRTFB		NM_001308142.2	1.0	
MRTO4	0.98629	NM_016183.4	0.83999	0.14629999999999999
MS4A1	5.0781e-05	NM_152866.3	0.00029697	0.000246189
MS4A2	5.6048e-09	NM_000139.5	2.0242e-06	2.0185952e-06
MS4A3	2.6344e-05	NM_006138.5	0.00041421	0.000387866
MS4A4A	8.0964e-06	NM_148975.3	7.3129e-07	7.365109999999999e-06
MS4A4E	0.0010614	NM_001393391.1	0.0072859	0.006224499999999999
MS4A5	0.00037917	NM_023945.3	0.0035546	0.0031754300000000004
MS4A6A	8.3775e-13	NM_022349.4	2.0695e-06	2.0694991622499996e-06
MS4A6E	0.029203	NM_139249.4	0.023305	0.0058980000000000005
MS4A7	3.4763e-06	NM_021201.5	6.9748e-05	6.62717e-05
MS4A8	2.4834e-05	NM_031457.2	1.0305e-08	2.4823695e-05
MS4A10	1.136e-11	NM_206893.4	2.7612e-08	2.7600639999999998e-08
MS4A12	3.4953e-09	NM_017716.3	8.4245e-12	3.4868755e-09
MS4A13	4.6205e-05	NM_001012417.3	0.023743	0.023696795
MS4A14	7.7109e-07	NM_032597.5	7.003e-05	6.925891e-05
MS4A15	0.00044265	NM_001098835.2	1.27e-08	0.0004426373
MSANTD1	0.80456	NM_001042690.2	0.41393	0.39063000000000003
MSANTD2	0.90277	NM_001308027.2	0.13102	0.7717499999999999
MSANTD3	0.016091	NM_080655.3	0.45069	0.43459899999999996
MSANTD4	0.013981	NM_032424.3	0.2338	0.21981900000000001
MSC	0.024651	NM_005098.4	4.1468e-07	0.024650585319999998
MSGN1	0.072006	NM_001105569.3	0.74443	0.672424
MSH2	0.89539	NM_000251.3	4.5659e-06	0.8953854341
MSH3	7.4413e-31	NM_002439.5	1.3014999999999998e-21	1.3014999992558698e-21
MSH4	2.1195e-18	NM_002440.4	4.1696e-13	4.1695788050000004e-13
MSH5	3.2035e-11	NM_172166.4	1.6532e-18	3.20349983468e-11
MSH6	3.6705e-05	NM_000179.3	7.9694e-20	3.670499999999992e-05
MSI1	0.99357	NM_002442.4	0.94891	0.04465999999999992
MSI2	0.99478	NM_138962.4	0.33299	0.66179
MSL1	0.9989	NM_001365919.1	0.97477	0.024129999999999985
MSL2	0.62406	NM_018133.4	1.0	0.37594000000000005
MSLN	5.8751e-25	NM_005823.6	1.5268000000000001e-33	5.875099984732e-25
MSMB	0.016199	NM_002443.4	0.0039835	0.0122155
MSMO1	0.089971	NM_006745.5	0.0010273	0.0889437
MSMP	0.048387	NM_001044264.3	0.026195	0.022192
MSR1	2.1571e-20	NM_138715.3	3.9327e-19	3.71699e-19
MSRA	1.5332e-15	NM_012331.5	5.813900000000001e-25	1.5331999994186099e-15
MSRB1	0.1304	NM_016332.4	5.7146e-05	0.13034285399999998
MSRB2	5.5352e-05	NM_012228.4	5.0688e-07	5.484512e-05
MSRB3	0.003766	NM_001031679.3	0.0756	0.071834
MSS51	3.2758e-11	NM_001024593.2	5.1918e-10	4.86422e-10
MST1	4.7831e-19	NM_020998.4	1.4311e-20	4.63999e-19
MST1R	7.8684e-37	NM_002447.4	4.1068e-28	4.1067999921316e-28
MSTN	0.5052	NM_005259.3	0.83074	0.32554000000000005
MSTO1	1.6182e-09	NM_018116.4	0.00041392	0.0004139183818
MSX1	0.16517	NM_002448.3	0.00066306	0.16450694000000002
MSX2	0.26173	NM_002449.5	0.0093402	0.2523898
MT1A	0.0044674	NM_005946.3	0.00020417	0.00426323
MT1B	0.0053775	NM_005947.3	0.14318	0.1378025
MT1E	0.031344	NM_001363555.2	0.17386	0.14251599999999998
MT1F	0.046878	NM_005949.4	4.2653e-05	0.046835347000000006
MT1G	0.032173	NM_001301267.2	0.00097977	0.03119323
MT1H	0.0063432	NM_005951.2	0.0013478	0.0049954000000000005
MT1HL1		NM_001276687.2	0.00078465	
MT1M	0.0043473	NM_176870.3	9.5595e-06	0.0043377405
MT1X	0.00093353	NM_005952.4	0.0097615	0.00882797
MT2A	1.2279e-05	NM_005953.5	0.04484	0.044827721
MT3	0.064484	NM_005954.4	0.0056951	0.0587889
MT4	0.00013052	NM_032935.3	0.00051187	0.00038135
MTA1	1.0	NM_004689.4	1.0	0.0
MTA2	0.74479	NM_004739.4	1.0	0.25521000000000005
MTA3	0.03435	NM_001330442.2	0.16456	0.13021000000000002
MTAP	7.5973e-08	NM_002451.4	1.0889e-11	7.596211100000001e-08
MTARC1		NM_022746.4	1.1314e-08	
MTARC2		NM_017898.5	1.5077e-08	
MTBP	3.5074e-19	NM_022045.5	1.7292e-13	1.7291964926e-13
MTCH1	0.65106	NM_001271641.2	0.0014932	0.6495668
MTCH2	0.031932	NM_014342.4	0.0041399	0.0277921
MTDH	0.32924	NM_178812.4	0.92013	0.59089
MTERF1		NM_006980.5	1.6104e-09	
MTERF2		NM_001033050.3	1.9909e-06	
MTERF3		NM_015942.5	1.2401e-12	
MTERF4		NM_182501.4	8.7446e-05	
MTF1	0.96897	NM_005955.3	0.99988	0.030909999999999993
MTF2	0.99987	NM_007358.4	1.0	0.00012999999999996348
MTFMT	1.4994e-07	NM_139242.4	5.42e-12	1.4993458e-07
MTFP1	0.0079484	NM_016498.5	7.8389e-08	0.007948321611
MTFR1	1.4499e-11	NM_014637.4	0.00043522	0.000435219985501
MTFR1L	0.31279	NM_001099625.2	0.83247	0.51968
MTFR2	2.6584e-06	NM_001099286.3	4.3519e-11	2.658356481e-06
MTG1	0.013299	NM_138384.4	1.2208e-08	0.013298987792
MTG2	0.00033086	NM_015666.4	2.1459e-06	0.0003287141
MTHFD1	0.0044614	NM_005956.4	0.83441	0.8299486
MTHFD1L	1.9355e-12	NM_015440.5	2.0135e-15	1.9334865e-12
MTHFD2	0.0023975	NM_006636.4	2.6626e-05	0.002370874
MTHFD2L	6.8566e-06	NM_001144978.3	8.5503e-07	6.00157e-06
MTHFR	3.2068e-10	NM_005957.5	1.0506e-11	3.10174e-10
MTHFS	0.00025842	NM_006441.4	0.035415	0.03515658
MTHFSD	6.5987e-12	NM_001159377.2	1.1798e-12	5.4189e-12
MTIF2	3.7464e-10	NM_002453.3	7.8573e-18	3.7463999214270004e-10
MTIF3	3.9011e-07	NM_152912.5	0.00090761	0.00090721989
MTMR2	3.0351e-07	NM_016156.6	1.1947e-11	3.03498053e-07
MTMR3	0.99937	NM_021090.4	1.0	0.0006300000000000194
MTMR4	0.99959	NM_001378067.1	1.0	0.00041000000000002146
MTMR6	3.8619e-08	NM_004685.5	3.1297e-08	7.322000000000004e-09
MTMR7	2.21e-14	NM_004686.5	2.8343e-22	2.209999971657e-14
MTMR9	0.0012631	NM_015458.4	2.7806e-07	0.00126282194
MTMR10	1.8913e-07	NM_017762.3	1.2791e-12	1.891287209e-07
MTMR11	4.7707e-23	NM_001145862.2	5.3305e-24	4.2376500000000004e-23
MTMR12	0.99638	NM_001040446.3	1.0	0.0036199999999999566
MTMR14	1.3607e-07	NM_001077525.3	1.2144e-06	1.0783299999999999e-06
MTNR1A	7.2327e-07	NM_005958.4	1.7731e-05	1.700773e-05
MTNR1B	0.00064771	NM_005959.5	9.9719e-05	0.0005479910000000001
MTO1	7.38e-06	NM_012123.4	1.7828e-10	7.379821719999999e-06
MTOR	1.0	NM_004958.4	1.0	0.0
MTPAP	0.99904	NM_018109.4	0.028201	0.970839
MTPN	0.81778	NM_145808.4	0.64474	0.17303999999999997
MTR	2.4301e-12	NM_000254.3	2.5517e-09	2.5492699e-09
MTRES1		NM_016487.5	0.00014156	
MTREX		NM_015360.5	0.016546	
MTRF1	1.6199e-10	NM_004294.4	2.7698e-11	1.34292e-10
MTRF1L	2.9554e-10	NM_019041.7	2.4427e-07	2.4397446e-07
MTRFR		NM_152269.5	0.00023129	
MTRR	2.1794e-14	NM_002454.3	1.0409e-15	2.07531e-14
MTSS1	0.9997	NM_014751.6	1.0	0.00029999999999996696
MTSS2		NM_138383.3	0.0032006	
MTTP	1.04e-05	NM_001386140.1	6.7227e-07	9.72773e-06
MTURN	0.43876	NM_152793.3	0.025128	0.413632
MTUS1	3.579e-11	NM_001363059.2	3.6481000000000005e-25	3.578999999999964e-11
MTUS2	0.79549	NM_001033602.4	0.91077	0.11527999999999994
MTX1	0.013271	NM_002455.5	0.00011064	0.01316036
MTX2	0.019208	NM_006554.5	0.00031555	0.018892449999999998
MTX3	0.00016475	NM_001363818.2	0.0092118	0.00904705
MUC3A	0.40349	NM_005960.2	2.1594e-36	0.40349
MUC4	2.7904000000000004e-54	NM_018406.7	1.4288e-56	2.7761120000000003e-54
MUC5AC	9.9887e-09	NM_001304359.2	8.178899999999999e-22	9.988699999999182e-09
MUC5B	0.99999	NM_002458.3	1.0	9.99999999995449e-06
MUC6	2.2123e-39	NM_005961.3	8.764000000000001e-68	2.2123e-39
MUC7	0.014582	NM_152291.3	0.14679	0.132208
MUC12	1.2792e-68	NM_001164462.2	1.4838999999999999e-53	1.4838999999999985e-53
MUC13	0.0024356	NM_033049.4	3.4031e-06	0.0024321969
MUC15	5.0143e-05	NM_001135091.2	1.9934e-07	4.994366e-05
MUC17	7.8985e-63	NM_001040105.2	7.007200000000001e-70	7.89849929928e-63
MUC20	0.0047211	NM_001282506.2	2.8588e-05	0.004692511999999999
MUC21	0.080201	NM_001010909.5	0.0027113	0.0774897
MUCL1	3.0923e-05	NM_058173.3	5.6854e-05	2.5931e-05
MUCL3		NM_080870.4	9.8529e-08	
MUL1	1.9108e-06	NM_024544.3	3.9219e-08	1.871581e-06
MUS81	8.8469e-13	NM_025128.5	7.6199e-22	8.846899992380101e-13
MUSK	4.2474e-08	NM_005592.4	4.9211e-10	4.198189e-08
MUSTN1	7.0616e-05	NM_205853.4	2.8859e-06	6.77301e-05
MUTYH	1.2619e-18	NM_001048174.2	1.7396e-18	4.777e-19
MVB12A	8.024e-06	NM_138401.4	9.1641e-10	8.02308359e-06
MVB12B	0.55867	NM_033446.3	0.97559	0.41691999999999996
MVD	2.7438e-17	NM_002461.3	2.7752e-23	2.7437972248000002e-17
MVK	0.16679	NM_000431.4	9.1415e-10	0.16678999908585
MVP	6.7564e-08	NM_005115.5	2.0246e-16	6.756399979754e-08
MX1	3.4206e-18	NM_002462.5	8.5777e-21	3.4120223e-18
MX2	6.4792e-09	NM_002463.2	2.9412e-11	6.449788e-09
MXD1	0.23163	NM_002357.4	0.65695	0.42532000000000003
MXD3	0.0030954	NM_031300.4	2.1528e-06	0.0030932472
MXD4	0.77635	NM_006454.3	7.5826e-06	0.7763424174
MXI1	0.0011217	NM_130439.3	0.001656	0.0005342999999999999
MXRA7	0.00079422	NM_198530.4	2.0786e-06	0.0007921414
MXRA8	1.6738e-07	NM_032348.4	1.8154e-18	1.673799999981846e-07
MYADM	0.0062904	NM_138373.5	0.67826	0.6719696
MYADML2	0.00011436	NM_001145113.3	4.9369e-07	0.00011386630999999999
MYB	0.81924	NM_001130173.2	0.99955	0.18031000000000008
MYBBP1A	5.2346e-42	NM_014520.4	1.5915e-54	5.2345999999984083e-42
MYBL1	1.0	NM_001080416.4	0.99998	2.0000000000020002e-05
MYBL2	0.12226	NM_002466.4	0.97297	0.85071
MYBPC1	4.835e-05	NM_002465.4	0.99998	0.99993165
MYBPC2	3.8252e-23	NM_004533.4	5.0893e-39	3.8251999999999994e-23
MYBPC3	8.0087e-11	NM_000256.3	5.3289e-28	8.0087e-11
MYBPH	2.2535e-13	NM_004997.3	3.5845e-16	2.2499155e-13
MYBPHL	0.0036874	NM_001010985.3	2.4355e-09	0.0036873975645
MYC	0.99801	NM_002467.6	1.0	0.0019900000000000473
MYCBP	0.84451	NM_012333.5	0.61707	0.22743999999999998
MYCBP2	1.0	NM_015057.5	1.0	0.0
MYCBPAP	9.491e-09	NM_032133.6	1.227e-09	8.264e-09
MYCL	0.11551	NM_001033081.3	0.63346	0.51795
MYCN	0.88897	NM_005378.6	0.99969	0.11071999999999993
MYCT1	0.0003656	NM_025107.3	0.00012011	0.00024549
MYD88	0.12443	NM_002468.5	0.042608	0.081822
MYDGF		NM_019107.4	1.9708e-09	
MYEF2	0.63452	NM_016132.5	0.00046692	0.6340530799999999
MYEOV	0.0033849	NM_001293291.2	0.031436	0.0280511
MYF5	0.00022918	NM_005593.3	1.6674e-06	0.0002275126
MYF6	0.0041218	NM_002469.3	1.0332e-06	0.0041207668
MYG1		NM_021640.4	1.8796e-11	
MYH1	1.3645e-56	NM_005963.4	4.5632e-67	1.364499999954368e-56
MYH2	3.6703e-23	NM_017534.6	1.56e-23	2.1103e-23
MYH3	6.719699999999998e-21	NM_002470.4	9.1337e-16	9.133632803000002e-16
MYH4	1.0355e-55	NM_017533.2	2.7738000000000002e-55	1.7383000000000004e-55
MYH6	1.5952e-32	NM_002471.4	4.9721e-18	4.972099999999984e-18
MYH7	4.2385e-16	NM_000257.4	1.6832000000000001e-19	4.2368168e-16
MYH8	2.0456e-51	NM_002472.3	1.0217e-37	1.0216999999999796e-37
MYH9	1.0	NM_002473.6	1.0	0.0
MYH10	1.0	NM_001256012.3	1.0	0.0
MYH11	0.77299	NM_002474.3	1.0	0.22701000000000005
MYH13	8.049299999999999e-40	NM_003802.3	1.1171e-43	8.048182899999998e-40
MYH14	0.042236	NM_001145809.2	7.535e-18	0.042235999999999996
MYH15	4.5499e-59	NM_014981.3	2.1026e-58	1.64761e-58
MYL1	0.00013017	NM_079420.3	0.00024102	0.00011084999999999998
MYL2	2.7303e-08	NM_000432.4	5.3978e-06	5.370497000000001e-06
MYL3	0.087906	NM_000258.3	0.047382	0.040524
MYL4	0.00012029	NM_002476.2	0.00012456	4.2699999999999845e-06
MYL6	0.00065343	NM_021019.5	3.4143e-07	0.00065308857
MYL7	1.8314e-06	NM_021223.3	1.0558e-10	1.83129442e-06
MYL9	0.019797	NM_006097.5	0.073317	0.05352
MYL10	0.0062611	NM_138403.5	0.00015101	0.00611009
MYL12A	0.00051197	NM_006471.4	0.00049217	1.9800000000000048e-05
MYL12B	0.11325	NM_033546.4	0.87093	0.75768
MYLIP	0.18431	NM_013262.4	6.1794e-05	0.184248206
MYLK	9.1706e-12	NM_053025.4	1.1732e-12	7.9974e-12
MYLK2	0.23336	NM_033118.4	0.010291	0.22306900000000002
MYLK3	5.8848e-07	NM_182493.3	2.3429e-14	5.88479976571e-07
MYLK4	3.0554e-13	NM_001012418.5	4.1105e-13	1.0551000000000002e-13
MYMK		NM_001080483.3	0.0025746	
MYNN	0.57129	NM_018657.5	0.7857	0.21441
MYO1A	8.896999999999999e-46	NM_005379.4	4.8018e-37	4.801799991103e-37
MYO1B	7.2357e-05	NM_001130158.3	0.0020887	0.0020163430000000003
MYO1C	1.639e-14	NM_001080779.2	5.5786000000000006e-24	1.63899999944214e-14
MYO1D	1.2784e-12	NM_015194.3	2.0073e-13	1.0776700000000002e-12
MYO1E	6.769e-05	NM_004998.4	0.00017342	0.00010573
MYO1F	2.3663e-07	NM_012335.4	0.59942	0.5994197633699999
MYO1G	4.3609e-10	NM_033054.3	9.4139e-12	4.2667609999999997e-10
MYO3A	1.8056e-45	NM_017433.5	2.4312e-47	1.781288e-45
MYO3B	2.0329e-36	NM_138995.5	1.2241e-32	1.22389671e-32
MYO5A	0.944	NM_001382347.1	0.9951	0.051100000000000034
MYO5B	3.3805e-23	NM_001080467.3	4.8085e-26	3.3756914999999996e-23
MYO5C	7.8146e-37	NM_018728.4	1.2326e-37	6.582e-37
MYO6	2.4287e-05	NM_004999.4	0.97387	0.973845713
MYO7A	1.6097e-38	NM_000260.4	2.4072e-62	1.6097e-38
MYO7B	8.9527e-31	NM_001393586.1	2.9794999999999997e-58	8.9527e-31
MYO9A	0.48923	NM_006901.4	1.0	0.51077
MYO9B	1.0	NM_004145.4	1.0	0.0
MYO10	3.1562e-05	NM_012334.3	2.4549e-17	3.156199999997545e-05
MYO15A	1.2504000000000001e-56	NM_016239.4	2.3858e-82	1.2504000000000001e-56
MYO16	0.99851	NM_001198950.3	1.7042e-06	0.9985082958
MYO18A	0.98723	NM_078471.4	1.0	0.012769999999999948
MYO18B	1.0329e-31	NM_032608.7	7.7955e-52	1.0329e-31
MYO19	1.5479e-34	NM_001163735.2	1.3109999999999998e-43	1.547899998689e-34
MYOC	7.633e-12	NM_000261.2	8.5144e-11	7.7511e-11
MYOCD	0.33364	NM_001146312.3	1.0	0.6663600000000001
MYOD1	0.15239	NM_002478.5	1.424e-06	0.152388576
MYOF	1.475e-54	NM_013451.4	4.5541e-61	1.47499954459e-54
MYOG	0.89602	NM_002479.6	0.54974	0.34628000000000003
MYOM1	1.7266999999999996e-40	NM_003803.4	6.2664e-42	1.6640359999999996e-40
MYOM2	7.0086e-85	NM_003970.4	1.9367000000000002e-107	7.0086e-85
MYOM3	1.4264e-47	NM_152372.4	6.3794e-39	6.379399985736001e-39
MYORG		NM_020702.5	5.3093e-15	
MYOT	3.3663e-08	NM_006790.3	1.1112e-06	1.077537e-06
MYOZ1	1.7902e-05	NM_021245.4	2.2035e-05	4.133000000000003e-06
MYOZ2	0.0015748	NM_016599.5	2.4744e-05	0.001550056
MYOZ3	2.7932e-05	NM_001122853.3	2.136e-05	6.572000000000001e-06
MYPN	2.611e-06	NM_032578.4	1.1317e-05	8.706000000000001e-06
MYPOP	0.66892	NM_001012643.4	2.5278e-07	0.6689197472199999
MYRF	1.0	NM_001127392.3	1.0	0.0
MYRFL	3.0843e-09	NM_182530.3	5.9877e-14	3.0842401230000002e-09
MYRIP	7.2179e-06	NM_015460.4	1.677e-05	9.5521e-06
MYSM1	0.043365	NM_001085487.3	0.086872	0.043507000000000004
MYT1	0.97791	NM_004535.3	1.0	0.022090000000000054
MYT1L	1.0	NM_001303052.2	1.0	0.0
MYZAP	4.4081e-17	NM_001018100.5	8.5514e-20	4.3995486e-17
MZB1	0.00031626	NM_016459.4	0.0010945	0.0007782399999999999
MZF1	1.0667e-10	NM_198055.2	2.3218e-08	2.311133e-08
MZT1	0.045971	NM_001071775.3	0.00057567	0.04539533
MZT2A	8.001e-06	NM_001085365.2	0.002565	0.002556999
MZT2B	0.061273	NM_025029.5	0.00021359	0.06105941
N4BP1	0.62056	NM_153029.4	0.99748	0.37692000000000003
N4BP2	3.7496e-11	NM_018177.6	4.0714e-13	3.708886e-11
N4BP2L1	0.8446	NM_052818.3	0.007568	0.837032
N4BP3	5.7046e-05	NM_015111.2	1.1955e-09	5.70448045e-05
NAA11	0.010415	NM_032693.3	1.4063e-05	0.010400937
NAA15	0.99578	NM_057175.5	0.99885	0.003070000000000017
NAA16	1.8144e-18	NM_024561.5	2.7447e-12	2.7446981855999996e-12
NAA20	0.0062021	NM_016100.5	1.4486e-05	0.006187614
NAA25	1.0	NM_024953.4	1.0	0.0
NAA30	0.98682	NM_001011713.3	0.99819	0.011369999999999991
NAA35	1.0	NM_024635.4	1.0	0.0
NAA38	0.0051229	NM_001320925.4	1.6005e-06	0.0051212995
NAA40	9.7852e-09	NM_024771.4	1.0508e-06	1.0410148e-06
NAA50	0.73486	NM_025146.4	0.32852	0.40634
NAA60	0.51694	NM_001083601.3	0.8157	0.29876
NAA80		NM_001200016.2	0.05295	
NAAA	2.0742e-10	NM_014435.4	1.1687e-10	9.054999999999999e-11
NAALAD2	1.4282e-20	NM_005467.4	3.545e-18	3.530718e-18
NAALADL1	1.8164e-21	NM_005468.3	1.0143e-23	1.8062569999999998e-21
NAALADL2	8.7292e-08	NM_207015.3	3.5317e-17	8.7291999964683e-08
NAB1	0.021949	NM_005966.4	0.06392	0.04197100000000001
NAB2	0.56734	NM_005967.4	0.99955	0.4322100000000001
NABP1	3.2763e-05	NM_001031716.5	0.00018368	0.000150917
NABP2	0.97257	NM_024068.4	0.93597	0.03660000000000008
NACA	4.7299e-05	NM_001365896.1	0.00046917	0.000421871
NACA2	0.032413	NM_199290.4	0.01593	0.016482999999999998
NACAD	0.16352	NM_001146334.2	3.3301e-06	0.1635166699
NACC1	0.99763	NM_052876.4	0.99995	0.0023199999999999887
NACC2	0.31484	NM_144653.5	0.91715	0.60231
NADK	1.1284e-10	NM_023018.5	0.080458	0.08045799988716
NADK2	0.065215	NM_001085411.3	2.0479e-05	0.06519452099999999
NADSYN1	1.2527e-16	NM_018161.5	4.6254e-23	1.25269953746e-16
NAE1	1.8043e-13	NM_003905.4	8.4077e-08	8.407681957e-08
NAF1	0.97793	NM_138386.3	0.096449	0.881481
NAGA	1.7703e-11	NM_000262.3	5.2571e-14	1.7650429e-11
NAGK	4.5517e-09	NM_017567.6	2.3353e-10	4.318170000000001e-09
NAGLU	1.3655e-08	NM_000263.4	2.3821e-09	1.12729e-08
NAGPA	3.0095e-12	NM_016256.4	6.423e-24	3.009499999993577e-12
NAGS	4.0325e-08	NM_153006.3	5.5989e-11	4.0269011e-08
NAIF1	0.28561	NM_197956.4	0.0002729	0.28533709999999995
NAIP	0.00016166	NM_004536.3	0.00044114	0.00027948000000000003
NALCN	8.5243e-14	NM_052867.4	2.4439e-10	2.44304757e-10
NALF1		NM_001080396.3	1.0	
NAMPT	0.97914	NM_005746.3	0.99993	0.020789999999999975
NANOG	0.72022	NM_024865.4	0.991	0.27078
NANOGNB	0.004241	NM_001145465.1	8.6683e-05	0.004154317
NANOGP8		NM_001355281.2		
NANOS1	0.54106	NM_199461.4	0.17823	0.36283
NANOS2	0.051664	NM_001029861.3	0.25171	0.200046
NANOS3	0.039203	NM_001098622.3	5.3709e-05	0.039149291
NANP	6.429e-05	NM_152667.3	0.0015274	0.0014631099999999999
NANS		NM_018946.4	6.5759e-07	
NAP1L1	0.99941	NM_004537.7	1.0	0.0005899999999999794
NAP1L4	0.77147	NM_005969.4	0.99996	0.22848999999999997
NAP1L5	0.6928	NM_153757.4	0.30171	0.39109
NAPA	0.23987	NM_003827.4	0.87977	0.6399
NAPB	0.11216	NM_022080.3	7.9467e-05	0.112080533
NAPEPLD	2.9414e-05	NM_001122838.3	0.00079646	0.0007670460000000001
NAPG	0.081162	NM_003826.3	0.00031651	0.08084548999999999
NAPRT		NM_145201.6	3.0016e-27	
NAPSA	7.1709e-14	NM_004851.3	1.7789e-13	1.0618100000000002e-13
NARF	9.7836e-13	NM_012336.4	1.3241e-12	3.457399999999999e-13
NARS1		NM_004539.4	3.2746e-12	
NARS2	7.1092e-08	NM_024678.6	1.8081e-08	5.3011e-08
NASP	0.99553	NM_002482.4	0.99999	0.0044600000000000195
NAT1	1.9294e-14	NM_000662.8	0.14747	0.1474699999999807
NAT2	3.2744e-06	NM_000015.3	0.11263	0.11262672559999999
NAT8		NM_003960.4	0.29773	
NAT8L	0.86458	NM_178557.4	0.23749	0.62709
NAT9	0.00022044	NM_015654.5	7.1802e-07	0.00021972198
NAT10	4.1206e-22	NM_024662.3	7.773999999999999e-26	4.1198226e-22
NAT14	0.0086687	NM_020378.4	1.0088e-07	0.00866859912
NAT16	3.6952e-06	NM_198571.3	3.4955e-09	3.6917045e-06
NATD1		NM_152914.3	0.043431	
NAV2	0.99995	NM_145117.5	1.0	4.999999999999449e-05
NAV3	1.0	NM_001024383.2	1.0	0.0
NAXD		NM_001242882.2	0.001564	
NAXE		NM_144772.3	2.1985e-07	
NBAS	5.0234e-43	NM_015909.4	2.4930999999999998e-43	2.5303e-43
NBEA	1.0	NM_001385012.1	1.0	0.0
NBEAL1	5.109300000000001e-33	NM_001378026.1	2.0017e-42	5.109299997998301e-33
NBEAL2	0.059764	NM_015175.3	2.0089e-24	0.059764
NBL1	0.059018	NM_005380.8	0.022305	0.036713
NBN	2.1838e-16	NM_002485.5	1.7467e-18	2.166333e-16
NBPF3	8.0766e-19	NM_032264.6	1.7165e-16	1.7084233999999998e-16
NBPF4	0.0055056	NM_001143989.3	0.00037389	0.00513171
NBPF6	0.014909	NM_001143988.2	0.26782	0.252911
NBPF11	0.0011126	NM_001385469.3	2.8883e-13	0.00111259999971117
NBPF15	6.0603e-07	NM_001385408.1	3.3718e-16	6.0602999966282e-07
NBPF19		NM_001351365.2	0.0038307	
NBR1	6.6564e-09	NM_005899.5	2.9697e-06	2.9630436e-06
NCALD	0.8931	NM_032041.3	0.091482	0.801618
NCAM1	0.99999	NM_181351.5	1.0	9.99999999995449e-06
NCAM2	0.2306	NM_004540.5	0.99997	0.76937
NCAN	0.068	NM_004386.3	0.23214	0.16414
NCAPD2	1.0776e-12	NM_014865.4	4.3527e-17	1.077556473e-12
NCAPD3	5.821e-09	NM_015261.3	3.5539e-13	5.8206446099999995e-09
NCAPG	4.0848e-07	NM_022346.5	1.6167e-05	1.575852e-05
NCAPG2	0.97764	NM_017760.7	0.99989	0.022249999999999992
NCAPH	8.0147e-05	NM_015341.5	0.11118	0.111099853
NCAPH2	0.00028787	NM_152299.4	1.0124e-11	0.000287869989876
NCBP1	1.0	NM_002486.5	1.0	0.0
NCBP2	0.39994	NM_007362.5	0.58277	0.18283
NCBP3		NM_001114118.3	0.99995	
NCCRP1	7.6409e-09	NM_001001414.2	6.6892e-12	7.6342108e-09
NCDN	0.99964	NM_014284.3	1.0	0.00036000000000002697
NCEH1	0.012968	NM_020792.6	0.95811	0.945142
NCF1	2.8311e-05	NM_000265.7	0.82121	0.821181689
NCF2	4.0054e-07	NM_000433.4	8.1564e-10	3.9972436e-07
NCF4	9.0248e-08	NM_000631.5	2.8817e-08	6.1431e-08
NCK1	0.0020702	NM_001291999.2	0.0090863	0.007016100000000001
NCK2	0.45789	NM_003581.5	0.023062	0.434828
NCKAP1	1.0	NM_013436.5	1.0	0.0
NCKAP1L	0.85489	NM_005337.5	0.99871	0.14381999999999995
NCKAP5	8.4671e-06	NM_207363.3	2.58e-09	8.464520000000001e-06
NCKAP5L	0.632	NM_001037806.4	6.9753e-11	0.631999999930247
NCKIPSD	0.00022309	NM_016453.4	1.1257e-11	0.000223089988743
NCL	0.99992	NM_005381.3	1.0	7.999999999996898e-05
NCLN	0.7551	NM_020170.4	7.9174e-07	0.75509920826
NCMAP	0.040542	NM_001010980.5	5.0526e-05	0.040491474
NCOA1	0.99981	NM_003743.5	1.0	0.00019000000000002348
NCOA2	1.0	NM_006540.4	1.0	0.0
NCOA3	0.54065	NM_181659.3	1.0	0.45935000000000004
NCOA4	2.2037e-06	NM_001145263.2	0.0019063	0.0019040963000000002
NCOA5	0.99926	NM_020967.3	1.0	0.0007399999999999629
NCOA6	0.99913	NM_014071.5	1.0	0.0008700000000000374
NCOA7	3.2987e-05	NM_181782.5	0.70341	0.703377013
NCOR1	1.0	NM_006311.4	1.0	0.0
NCR1	7.3311e-11	NM_004829.7	1.8682e-11	5.4629e-11
NCR2	2.4749e-07	NM_004828.4	5.4111e-12	2.474845889e-07
NCR3	0.00036824	NM_147130.3	0.00026206	0.00010617999999999999
NCR3LG1	8.8569e-05	NM_001202439.3	6.5732e-08	8.8503268e-05
NCS1	0.66434	NM_014286.4	0.99892	0.33458
NCSTN	0.99942	NM_015331.3	1.0	0.0005800000000000249
NDC1	0.99932	NM_018087.5	0.9999	0.0005800000000000249
NDC80	1.1423e-07	NM_006101.3	1.0793e-07	6.299999999999997e-09
NDE1	0.0066921	NM_017668.3	3.5428e-06	0.0066885572
NDEL1	0.98351	NM_030808.5	0.99994	0.016430000000000056
NDFIP1	0.97747	NM_030571.4	0.89036	0.08710999999999991
NDFIP2	0.52743	NM_019080.3	0.00019115	0.5272388499999999
NDN	0.67495	NM_002487.3	0.95311	0.27815999999999996
NDNF	0.38029	NM_024574.4	0.8531	0.47280999999999995
NDOR1	4.8084e-13	NM_014434.4	3.2949e-20	4.80839967051e-13
NDRG1	0.011324	NM_006096.4	3.2594e-05	0.011291406
NDRG2	2.2044e-05	NM_001320329.2	7.1164e-06	1.4927600000000001e-05
NDRG3	0.36564	NM_032013.4	0.16778	0.19786
NDRG4	0.011627	NM_001242835.2	3.7753e-07	0.01162662247
NDST1	0.99995	NM_001543.5	0.98664	0.013310000000000044
NDST2	0.12803	NM_003635.4	0.99213	0.8641
NDST3	1.0699e-05	NM_004784.3	2.6356e-07	1.0435440000000001e-05
NDST4	6.3382e-08	NM_022569.3	2.8964e-09	6.048560000000001e-08
NDUFA2	0.77351	NM_002488.5	0.0022739	0.7712361
NDUFA3	0.071883	NM_004542.4	0.00057309	0.07130991
NDUFA4	0.023901	NM_002489.4	0.15061	0.126709
NDUFA4L2	0.086367	NM_001394961.1	2.0736e-06	0.0863649264
NDUFA5	0.0018728	NM_005000.5	0.0036885	0.0018157
NDUFA6	0.00013244	NM_002490.6	0.0010099	0.00087746
NDUFA7	6.6032e-05	NM_005001.5	6.5947e-09	6.602540529999999e-05
NDUFA8	0.34407	NM_014222.3	0.00059673	0.34347327
NDUFA9	0.0047988	NM_005002.5	0.003121	0.0016777999999999997
NDUFA10	6.2418e-08	NM_004544.4	1.7415e-10	6.224385e-08
NDUFA11	0.017814	NM_175614.5	3.3647e-06	0.0178106353
NDUFA12	7.427e-05	NM_018838.5	3.4682e-05	3.958800000000001e-05
NDUFA13	3.8049e-06	NM_015965.7	5.9454e-06	2.1404999999999997e-06
NDUFAB1	0.52661	NM_005003.3	0.87239	0.34578
NDUFAF1	0.0036226	NM_016013.4	0.0074616	0.0038389999999999995
NDUFAF2	2.078e-06	NM_174889.5	0.016472	0.016469922
NDUFAF3	0.0052693	NM_199069.2	2.8136e-07	0.00526901864
NDUFAF4	0.55344	NM_014165.4	0.075091	0.478349
NDUFAF5	3.1138e-10	NM_024120.5	1.5767e-05	1.576668862e-05
NDUFAF6	9.0736e-08	NM_152416.4	4.3013e-15	9.07359956987e-08
NDUFAF7	1.0818000000000001e-19	NM_144736.5	7.0019e-17	6.991082e-17
NDUFAF8		NM_001086521.2	9.3729e-05	
NDUFB1	3.5908e-05	NM_004545.4	0.0087688	0.008732892
NDUFB2	1.0531e-05	NM_004546.3	3.2443e-05	2.1912000000000003e-05
NDUFB3	1.6105e-05	NM_002491.3	0.0029987	0.0029825949999999998
NDUFB4	0.0060844	NM_004547.6	0.0018887	0.0041957
NDUFB5	0.00073075	NM_002492.4	0.00035607	0.00037467999999999996
NDUFB6	0.00016201	NM_002493.5	1.2073e-05	0.000149937
NDUFB7	0.0031709	NM_004146.6	5.2846e-09	0.0031708947154
NDUFB8	0.0074738	NM_005004.4	0.00033511	0.00713869
NDUFB9	0.00016312	NM_005005.3	5.7016e-07	0.00016254984
NDUFB10	0.0047516	NM_004548.3	6.9548e-11	0.004751599930452
NDUFC1	0.10105	NM_001184989.2	0.0046267	0.0964233
NDUFC2	0.68071	NM_004549.6	0.50949	0.17122000000000004
NDUFS1	6.626e-11	NM_005006.7	9.2715e-12	5.69885e-11
NDUFS2	0.0014212	NM_001377299.1	1.2594e-05	0.001408606
NDUFS3	0.00058312	NM_004551.3	0.0004259	0.00015722000000000002
NDUFS4	0.00031196	NM_002495.4	2.0012e-09	0.00031195799880000003
NDUFS5	0.026413	NM_004552.3	0.033663	0.0072499999999999995
NDUFS6	0.096359	NM_004553.6	1.3092e-05	0.096345908
NDUFS7	0.9142	NM_024407.5	0.1577	0.7565
NDUFS8	0.16592	NM_002496.4	0.034248	0.131672
NDUFV1	6.3562e-11	NM_007103.4	2.7524e-13	6.328676e-11
NDUFV2	0.005576	NM_021074.5	0.82792	0.822344
NDUFV3	2.8018e-18	NM_021075.4	1.2395e-17	9.5932e-18
NEB	4.5589000000000006e-41	NM_001164508.2	5.309e-52	4.5588999999469106e-41
NEBL	1.7679e-36	NM_006393.3	3.4176e-21	3.417599999999998e-21
NECAB1	0.025009	NM_022351.5	4.5644e-05	0.024963356
NECAB2	2.2364e-13	NM_019065.3	3.0006000000000002e-30	2.2364e-13
NECAB3	2.751e-05	NM_031232.4	1.3498e-10	2.750986502e-05
NECAP1	0.12559	NM_015509.4	0.67524	0.54965
NECAP2	1.9626e-09	NM_018090.5	1.7963e-12	1.9608036999999996e-09
NECTIN1		NM_002855.5	0.014474	
NECTIN2		NM_001042724.2	0.014577	
NECTIN3		NM_015480.3	0.99999	
NECTIN4		NM_030916.3	0.86378	
NEDD1	0.42159	NM_152905.4	0.079446	0.342144
NEDD4	8.7208e-13	NM_006154.4	1.7355e-15	8.703445e-13
NEDD4L	1.0	NM_001144967.3	0.99881	0.0011900000000000244
NEDD8	0.84938	NM_006156.3	0.99186	0.14247999999999994
NEDD9	0.12634	NM_006403.4	0.99982	0.87348
NEFH	2.6684e-12	NM_021076.4	1.3789999999999998e-22	2.6683999998620998e-12
NEFL		NM_006158.5	8.8766e-10	
NEFM	0.017983	NM_005382.2	0.86101	0.8430270000000001
NEGR1	0.99173	NM_173808.3	0.99557	0.0038399999999999546
NEIL1	4.9641e-07	NM_024608.4	9.5791e-08	4.0061899999999997e-07
NEIL2	2.8655e-11	NM_145043.4	2.805e-11	6.050000000000008e-13
NEIL3	1.522e-09	NM_018248.3	5.8047e-12	1.5161953e-09
NEK1	1.9084e-25	NM_001199397.3	9.1878e-23	9.168716e-23
NEK2	1.1514e-06	NM_002497.4	0.040292	0.0402908486
NEK3	5.3204e-18	NM_002498.3	1.3659e-07	1.365899999946796e-07
NEK4	8.688300000000001e-27	NM_003157.6	2.8456e-21	2.8455913116999998e-21
NEK5	1.0081e-23	NM_001365552.1	3.1073e-05	3.1073e-05
NEK6	0.038901	NM_014397.6	1.8484e-05	0.038882516
NEK7	0.88018	NM_133494.3	0.21292	0.66726
NEK8	6.4566e-09	NM_178170.3	1.7709e-11	6.438891000000001e-09
NEK9	8.2095e-18	NM_033116.6	9.3511e-13	9.351017905e-13
NEK10	7.6572e-10	NM_001394966.1	3.1072e-14	7.65688928e-10
NEK11	1.0373999999999998e-21	NM_024800.5	6.8226e-15	6.8225989626e-15
NELFA	0.13469	NM_005663.5	1.1865e-08	0.134689988135
NELFB	0.0033903	NM_015456.5	3.2219e-07	0.00338997781
NELFCD	0.17607	NM_198976.4	1.675e-09	0.176069998325
NELFE	0.006895	NM_002904.6	0.0054724	0.0014226000000000004
NELL1	8.6694e-12	NM_006157.5	1.7284e-13	8.49656e-12
NELL2	0.99952	NM_001145108.2	0.95737	0.04214999999999991
NEMF	0.00035788	NM_004713.6	1.6208e-07	0.00035771792
NEMP1		NM_001130963.2	0.019449	
NEMP2		NM_001142645.2	2.9847e-14	
NENF	0.021641	NM_013349.5	0.061281	0.03964
NEO1	0.24398	NM_002499.4	0.73362	0.4896400000000001
NES	1.6236e-06	NM_006617.2	3.2207e-09	1.6203793e-06
NET1	2.1017e-06	NM_001047160.3	1.4902e-10	2.10155098e-06
NETO1	0.052622	NM_138966.5	0.40204	0.349418
NETO2	0.062704	NM_018092.5	0.065245	0.0025410000000000016
NEU1	7.3441e-05	NM_000434.4	4.2346e-10	7.344057654e-05
NEU2	4.5314e-14	NM_005383.2	2.3118e-05	2.3117999954686002e-05
NEU3	2.4425e-08	NM_006656.6	0.00073204	0.000732015575
NEU4	4.0412e-07	NM_001167600.3	0.0049304	0.0049299958799999995
NEURL1	0.011091	NM_004210.5	2.3062e-07	0.01109076938
NEURL1B	0.70887	NM_001142651.3	0.0010351	0.7078349
NEURL2	0.00013395	NM_080749.4	1.7584e-06	0.0001321916
NEURL3		NM_001285485.2	1.1484e-08	
NEURL4	0.99999	NM_032442.3	1.0	9.99999999995449e-06
NEUROD1	0.77109	NM_002500.5	0.41517	0.35592000000000007
NEUROD2	0.94202	NM_006160.4	0.26507	0.6769499999999999
NEUROD4	0.097046	NM_021191.3	3.3672e-05	0.097012328
NEUROD6	0.88454	NM_022728.4	0.99723	0.11268999999999996
NEUROG1	0.00021722	NM_006161.3	0.00029617	7.895e-05
NEUROG2	0.81093	NM_024019.4	0.51004	0.30089
NEUROG3	5.9611e-06	NM_020999.4	0.29275	0.2927440389
NEXN	3.9115e-11	NM_144573.4	1.3677e-13	3.897823e-11
NF1	0.90175	NM_001042492.3	0.99946	0.09770999999999996
NF2	1.0	NM_000268.4	1.0	0.0
NFAM1	6.2864e-05	NM_145912.8	0.015572	0.015509136000000001
NFASC	0.99999	NM_001005388.3	1.0	9.99999999995449e-06
NFAT5	1.0	NM_138713.4	1.0	0.0
NFATC1	0.15652	NM_001278669.2	0.99825	0.84173
NFATC2	0.99995	NM_012340.5	1.0	4.999999999999449e-05
NFATC2IP	1.742e-05	NM_032815.4	3.7646e-06	1.36554e-05
NFATC3	0.99813	NM_173165.3	0.0002765	0.9978535
NFATC4	0.8679	NM_004554.5	0.97096	0.10306000000000004
NFE2	0.66693	NM_001136023.3	0.023503	0.643427
NFE2L1	0.99759	NM_003204.3	0.9999	0.0023100000000000342
NFE2L2	0.0035719	NM_006164.5	0.5022	0.49862809999999996
NFE2L3	7.1842e-11	NM_004289.7	3.1674e-10	2.44898e-10
NFIA	0.99959	NM_001134673.4	1.0	0.00041000000000002146
NFIB	0.99861	NM_001190737.2	1.0	0.0013900000000000023
NFIC	0.090534	NM_001245002.2	0.99987	0.909336
NFIL3	0.81979	NM_005384.3	0.60391	0.21588000000000007
NFIX	0.99903	NM_001365902.3	1.0	0.0009700000000000264
NFKB1	1.0	NM_003998.4	1.0	0.0
NFKB2	1.0	NM_001322934.2	1.0	0.0
NFKBIA	0.99452	NM_020529.3	0.98158	0.012939999999999952
NFKBIB	0.42245	NM_002503.5	0.0032009	0.4192491
NFKBIE	0.77098	NM_004556.3	0.4223	0.34868
NFKBIL1	0.025515	NM_005007.4	9.3217e-08	0.025514906783
NFKBIZ	0.99981	NM_031419.4	1.0	0.00019000000000002348
NFRKB	0.13431	NM_001143835.2	0.0016253	0.13268470000000002
NFS1	0.055351	NM_021100.5	0.073263	0.017911999999999997
NFU1	4.1487e-06	NM_001002755.4	7.2341e-05	6.819230000000001e-05
NFX1	0.00011474	NM_002504.6	0.00032335	0.00020861000000000002
NFXL1	1.2429e-05	NM_001278624.2	5.0357e-05	3.7928e-05
NFYA	0.14619	NM_002505.5	0.0066146	0.1395754
NFYB	0.00024967	NM_006166.4	0.13816	0.13791033
NFYC	0.10847	NM_014223.5	0.0023162	0.10615379999999999
NGB	0.0045474	NM_021257.4	0.0006121	0.0039353
NGDN	2.0427e-08	NM_001042635.2	2.4409e-12	2.0424559100000003e-08
NGEF	0.66039	NM_019850.3	0.96202	0.30162999999999995
NGF	0.82026	NM_002506.3	0.7686	0.05166000000000004
NGFR	0.097889	NM_002507.4	3.8065e-09	0.0978889961935
NGLY1	1.5117e-13	NM_018297.4	1.8541e-16	1.5098459e-13
NGRN	0.00077946	NM_001033088.3	2.0497e-05	0.0007589630000000001
NHEJ1	0.0041944	NM_024782.3	0.00057385	0.00362055
NHLH1	0.25683	NM_005598.4	0.22474	0.03209000000000001
NHLH2	0.57964	NM_005599.3	0.0018994	0.5777406
NHLRC1	0.094266	NM_198586.3	0.00095659	0.09330941000000001
NHLRC2	8.3194e-06	NM_198514.4	0.040434	0.0404256806
NHLRC3	1.8477e-05	NM_001012754.4	0.01256	0.012541523
NHLRC4		NM_001301159.2	0.35427	
NHP2	0.05011	NM_017838.4	0.0020308	0.0480792
NHSL1	0.46052	NM_001144060.2	1.5053e-05	0.460504947
NIBAN1		NM_052966.4	1.5993999999999999e-21	
NIBAN2		NM_022833.4	0.090936	
NIBAN3		NM_001321827.2	2.1048e-18	
NICN1	0.038834	NM_032316.3	0.00017382	0.03866018
NID1	7.2197e-12	NM_002508.3	2.5882e-11	1.86623e-11
NID2	4.1103e-09	NM_007361.4	5.3132e-10	3.5789799999999996e-09
NIF3L1	9.7207e-09	NM_001369441.2	1.1666e-06	1.1568793e-06
NIFK	0.00027756	NM_032390.5	0.15162	0.15134244
NIM1K	2.9002e-12	NM_153361.4	2.1142e-11	1.82418e-11
NIN	9.6335e-09	NM_020921.4	8.5086e-17	9.633499914914e-09
NINJ1	0.11745	NM_004148.4	0.05823	0.05922
NINJ2	0.0010696	NM_016533.6	6.8785e-05	0.001000815
NINL	2.6545e-39	NM_025176.6	1.3818e-47	2.654499986182e-39
NIP7	0.36417	NM_016101.5	0.008328	0.355842
NIPA1	0.0058703	NM_144599.5	0.27307	0.2671997
NIPA2	0.92086	NM_030922.7	0.6213	0.29956000000000005
NIPAL1	2.4544e-10	NM_207330.3	2.3163e-08	2.291756e-08
NIPAL2	4.3665e-12	NM_001321635.2	7.4341e-05	7.43409956335e-05
NIPAL3	6.9573e-05	NM_020448.5	6.2902e-10	6.957237098e-05
NIPAL4	0.0013718	NM_001099287.2	4.5525e-05	0.001326275
NIPBL	1.0	NM_133433.4	1.0	0.0
NIPSNAP1	0.10005	NM_003634.4	0.0034434	0.0966066
NIPSNAP2		NM_001483.3	1.8463e-08	
NIPSNAP3A	2.2722e-12	NM_015469.3	1.086e-07	1.085977278e-07
NIPSNAP3B	4.9158e-10	NM_018376.4	3.8145e-08	3.765342e-08
NISCH	0.99443	NM_007184.4	0.92398	0.07045000000000001
NIT1	8.9425e-07	NM_005600.3	1.325e-08	8.809999999999999e-07
NIT2	1.1471e-17	NM_020202.5	2.0051e-07	2.00509999988529e-07
NKAIN1	0.24678	NM_024522.3	0.023985	0.222795
NKAIN2	0.023684	NM_001040214.3	0.25526	0.23157599999999998
NKAIN3	0.05385	NM_001304533.3	0.0068711	0.046978900000000004
NKAIN4	0.0073144	NM_152864.4	1.8347e-09	0.0073143981653
NKAPD1		NM_018195.4	0.84153	
NKAPL	9.2219e-05	NM_001007531.3	0.22695	0.226857781
NKD1	0.99344	NM_033119.5	0.0085892	0.9848508
NKD2	1.5159e-12	NM_033120.4	3.9103e-18	1.5158960897000001e-12
NKG7	0.00014538	NM_005601.4	0.061494	0.06134862
NKIRAS1	0.00050065	NM_020345.4	0.00024981	0.00025084000000000006
NKIRAS2	0.0067229	NM_017595.6	0.00022981	0.00649309
NKPD1	7.0389e-07	NM_198478.4	3.8175e-16	7.0388999961825e-07
NKTR	0.94032	NM_005385.4	0.16311	0.7772100000000001
NKX1-2	0.0027809	NM_001146340.3	0.65722	0.6544391
NKX2-1	0.35874	NM_001079668.3	0.9636	0.60486
NKX2-2	0.41392	NM_002509.4	0.67741	0.26348999999999995
NKX2-3	0.95047	NM_145285.3	0.92504	0.025430000000000064
NKX2-4	0.0044783	NM_033176.2	0.00052037	0.00395793
NKX2-5	0.94531	NM_004387.4	0.99954	0.05423
NKX2-6	0.018885	NM_001136271.3	0.0011935	0.0176915
NKX2-8	0.004855	NM_014360.4	0.00020374	0.00465126
NKX3-1	0.00047049	NM_006167.4	0.00016007	0.00031042
NKX3-2	0.63821	NM_001189.4	0.00027059	0.6379394100000001
NKX6-1	0.062705	NM_006168.3	0.0025488	0.0601562
NKX6-2	0.028854	NM_177400.3	8.897e-07	0.028853110300000002
NKX6-3	0.016469	NM_001364841.2	1.0176e-05	0.016458824
NLE1	0.0002959	NM_018096.5	6.802e-07	0.0002952198
NLGN2	0.99974	NM_020795.4	0.99985	0.0001100000000000545
NLK	0.99991	NM_016231.5	0.99996	4.999999999999449e-05
NLN	3.9148e-12	NM_020726.5	3.4302e-09	3.4262852e-09
NLRC3	2.2317e-25	NM_178844.4	8.5674e-22	8.5651683e-22
NLRC4	9.8714e-12	NM_001199138.2	1.7035e-13	9.70105e-12
NLRC5	9.4211e-08	NM_001384950.1	4.4268e-17	9.421099995573199e-08
NLRP1	4.9693e-19	NM_033004.4	6.4679e-22	4.962832100000001e-19
NLRP2	1.4201e-38	NM_017852.5	7.8103e-36	7.796099e-36
NLRP3	0.00081103	NM_001243133.2	9.769e-06	0.000801261
NLRP4	3.1842e-09	NM_134444.5	3.8541e-05	3.85378158e-05
NLRP5	1.1427e-13	NM_153447.4	1.3451000000000001e-24	1.142699999986549e-13
NLRP6	0.00027432	NM_001276700.2	5.637100000000001e-19	0.00027431999999999945
NLRP8	6.0834e-25	NM_176811.2	6.9494e-27	6.013906e-25
NLRP9	8.8603e-25	NM_176820.4	1.4264e-29	8.86015736e-25
NLRP10	1.0095e-08	NM_001391958.1	0.05794	0.057939989904999996
NLRP12	3.6493e-28	NM_144687.4	2.9058e-41	3.6492999999997093e-28
NLRP13	9.0301e-16	NM_176810.2	2.9151e-23	9.03009970849e-16
NLRP14	5.7416e-36	NM_176822.4	4.4642e-31	4.464142584e-31
NLRX1	7.7345e-31	NM_001282144.2	6.339700000000001e-20	6.339699999922655e-20
NMB	0.019529	NM_021077.4	3.2834e-05	0.019496166000000002
NMBR	1.9761e-08	NM_002511.4	0.00039464	0.00039462023899999995
NMD3	4.1006e-08	NM_015938.5	0.012546	0.012545958994
NME1	0.0031764	NM_000269.3	0.067802	0.0646256
NME2	8.8471e-09	NM_002512.4	5.7002e-07	5.611729e-07
NME3	5.7291e-08	NM_002513.3	2.1316e-13	5.729078684e-08
NME4	0.0010351	NM_005009.3	2.4259e-07	0.00103485741
NME5	0.00067197	NM_003551.3	0.00024246	0.00042951
NME6	4.2713e-07	NM_001308426.2	1.0494e-05	1.006687e-05
NME7	4.0454e-06	NM_013330.5	0.00028506	0.0002810146
NME8	5.582099999999999e-28	NM_016616.5	6.9088e-13	6.908799999999994e-13
NME9	7.8887e-09	NM_001349018.2	7.6376e-09	2.511000000000005e-10
NMI	8.699e-06	NM_004688.3	2.1395e-05	1.2696000000000002e-05
NMNAT1	0.035353	NM_022787.4	5.4024e-06	0.0353475976
NMNAT2	0.98853	NM_015039.4	0.98409	0.0044399999999999995
NMNAT3	6.2389e-08	NM_001320510.2	0.0003078	0.000307737611
NMRAL1	9.2538e-06	NM_020677.6	2.1657e-12	9.2537978343e-06
NMRK1	3.5697e-08	NM_017881.3	0.0095391	0.009539064303
NMRK2	1.9248e-12	NM_170678.3	6.4741e-15	1.9183259e-12
NMS	1.3331e-11	NM_001011717.1	1.605e-09	1.591669e-09
NMT1	0.9955	NM_021079.5	1.0	0.0044999999999999485
NMT2	0.23627	NM_004808.3	0.00018437	0.23608563000000002
NMU	0.00041549	NM_006681.4	0.10174	0.10132450999999999
NMUR1	5.0352e-05	NM_006056.5	5.0124e-07	4.9850760000000004e-05
NMUR2	0.00051924	NM_020167.5	4.2504e-07	0.00051881496
NNAT	0.40136	NM_005386.4	0.012515	0.388845
NNMT	5.2791e-08	NM_006169.3	0.0012831	0.0012830472089999999
NNT	0.97271	NM_182977.3	0.0047582	0.9679517999999999
NOA1	9.6433e-06	NM_032313.4	1.6738e-08	9.626562e-06
NOB1	1.1349e-09	NM_014062.3	6.8934e-14	1.1348310660000001e-09
NOBOX	2.0629e-05	NM_001080413.3	3.639e-11	2.062896361e-05
NOC2L	2.8933e-29	NM_015658.4	8.728899999999999e-38	2.8932999912711e-29
NOC3L	2.8342e-14	NM_022451.11	1.8645e-14	9.697e-15
NOC4L	0.0010792	NM_024078.3	2.2796e-10	0.00107919977204
NOCT		NM_012118.4	0.0060489	
NOD1	2.4602e-18	NM_006092.4	3.8589e-15	3.8564398e-15
NOD2	1.9834e-30	NM_001370466.1	2.3753999999999997e-22	2.3753999801659996e-22
NODAL	0.97028	NM_018055.5	0.16392	0.80636
NOG	0.89026	NM_005450.6	0.99555	0.10529
NOL4	0.99949	NM_003787.5	1.0	0.0005100000000000104
NOL4L		NM_001256798.2	1.0	
NOL6	1.0	NM_022917.5	1.0	0.0
NOL7	3.5312e-08	NM_016167.5	1.8222e-09	3.34898e-08
NOL8	1.7627e-13	NM_017948.6	2.9757e-18	1.7626702429999999e-13
NOL9	0.008884	NM_024654.5	0.010702	0.0018180000000000002
NOL10	0.050667	NM_024894.4	3.8123e-09	0.05066699618769999
NOL11	7.9154e-07	NM_015462.5	0.0020276	0.00202680846
NOL12	0.0012204	NM_024313.3	2.8533e-07	0.00122011467
NOLC1	0.00010396	NM_004741.5	0.00029848	0.00019452
NOM1	4.1868e-10	NM_138400.2	1.0826e-13	4.1857174e-10
NOMO1	1.7020000000000002e-19	NM_014287.4	0.12475	0.12475
NOMO2	9.9709e-07	NM_173614.4	0.84847	0.8484690029099999
NOMO3	9.5825e-05	NM_001004067.4	0.86514	0.865044175
NOP2	0.99996	NM_001258308.2	1.0	4.0000000000040004e-05
NOP9	1.6985e-11	NM_174913.3	1.8524e-13	1.679976e-11
NOP10	0.76943	NM_018648.4	0.035269	0.734161
NOP14	2.1363e-06	NM_001291978.2	7.353e-09	2.1289470000000003e-06
NOP16	0.011953	NM_016391.8	0.043985	0.032032000000000005
NOP53		NM_015710.5	2.0379e-10	
NOP56	0.62098	NM_006392.4	3.4607e-05	0.620945393
NOP58	0.003652	NM_015934.5	3.3295e-06	0.0036486705
NOPCHAP1		NM_152318.3	0.00021786	
NOS1	1.0	NM_000620.5	1.0	0.0
NOS1AP	0.61424	NM_014697.3	0.98491	0.37066999999999994
NOS2	4.0277e-15	NM_000625.4	2.0617999999999999e-22	4.02769979382e-15
NOS3	6.7246e-07	NM_000603.5	2.5457000000000002e-25	6.7246e-07
NOSIP	1.2622e-05	NM_001270960.2	1.9988e-07	1.242212e-05
NOSTRIN	3.2029e-16	NM_001039724.4	5.2647e-12	5.26437971e-12
NOTCH1	1.0	NM_017617.5	1.0	0.0
NOTCH2	1.0	NM_024408.4	1.0	0.0
NOTCH2NLC		NM_001364013.2	0.063272	
NOTCH3	0.40757	NM_000435.3	1.5089e-07	0.40756984911
NOTCH4	2.0544e-23	NM_004557.4	1.6681e-34	2.054399999983319e-23
NOTO	0.0021119	NM_001134462.2	1.0026e-07	0.00211179974
NOTUM	0.0021564	NM_178493.6	1.1702e-07	0.0021562829800000002
NOVA1	0.99621	NM_002515.3	0.99969	0.0034799999999999276
NOVA2	0.98259	NM_002516.4	0.85257	0.1300199999999999
NOX3	1.632e-14	NM_015718.3	2.5241e-16	1.606759e-14
NOX4	5.7555e-20	NM_016931.5	1.6145e-07	1.6144999999994246e-07
NOX5	3.049e-28	NM_024505.4	1.5407999999999999e-21	1.5407996950999998e-21
NOXA1	2.8065e-09	NM_001256067.2	3.1166e-24	2.806499999999997e-09
NOXO1	8.3428e-11	NM_172167.3	9.2359e-17	8.342790764099999e-11
NOXRED1	0.024779	NM_001113475.3	0.00026964	0.024509359999999997
NPAP1		NM_018958.3	0.11588	
NPAS1	0.97067	NM_002517.4	4.095e-06	0.970665905
NPAS2	1.0	NM_002518.4	1.0	0.0
NPAS4	0.97335	NM_178864.4	1.0	0.02664999999999995
NPAT	0.28233	NM_002519.3	0.99443	0.7121
NPB	0.0989	NM_148896.5	0.00017599	0.09872401
NPBWR1	1.4304e-08	NM_005285.5	0.0023003	0.002300285696
NPBWR2	9.2479e-05	NM_005286.4	0.30761	0.307517521
NPC1	6.5418e-06	NM_000271.5	6.0265e-11	6.541739734999999e-06
NPC1L1	2.3098e-20	NM_001101648.2	5.7022000000000004e-27	2.3097994297800002e-20
NPC2	0.0017755	NM_006432.5	2.2188e-06	0.0017732811999999999
NPDC1	0.02958	NM_015392.4	6.8765e-05	0.029511235
NPEPL1	9.8457e-07	NM_024663.4	1.1025e-13	9.8456988975e-07
NPEPPS	1.0	NM_006310.4	1.0	0.0
NPFF	3.646e-05	NM_003717.4	6.2875e-07	3.583125e-05
NPFFR1	9.5481e-15	NM_022146.5	4.7301e-08	4.73009904519e-08
NPFFR2	1.6686e-07	NM_004885.3	0.0093343	0.00933413314
NPHP1	1.241e-17	NM_001128178.3	4.482e-10	4.4819998759e-10
NPHP3	9.836e-16	NM_153240.5	1.4470999999999998e-21	9.835985529000001e-16
NPHP4	1.7430000000000002e-29	NM_015102.5	1.9287999999999997e-50	1.7430000000000002e-29
NPHS1	2.5376e-14	NM_004646.4	1.6385999999999998e-26	2.5375999999983613e-14
NPHS2	7.2218e-09	NM_014625.4	9.7871e-12	7.2120129e-09
NPIPA1	0.32248	NM_006985.4	0.84538	0.5229
NPIPA5	0.10805	NM_001277325.2	0.1404	0.032350000000000004
NPIPB4	0.18311	NM_001384980.1	0.82307	0.63996
NPIPB8	0.0037575	NM_001310136.2	0.042104	0.038346500000000006
NPIPB15	5.3603e-06	NM_001306094.2	0.79366	0.7936546397
NPL	1.5688e-07	NM_030769.3	1.0574e-08	1.46306e-07
NPLOC4	0.99998	NM_017921.4	0.99966	0.00031999999999998696
NPM1	0.99816	NM_002520.7	0.99648	0.0016800000000000148
NPM2	0.00090602	NM_001286680.2	4.1054e-06	0.0009019146
NPNT	2.7295e-10	NM_001033047.3	4.9437e-09	4.67075e-09
NPPA	0.00054522	NM_006172.4	0.0013218	0.0007765799999999999
NPPB	9.8786e-06	NM_002521.3	1.9051e-05	9.1724e-06
NPPC	0.060647	NM_024409.4	0.22	0.159353
NPR1	0.00029303	NM_000906.4	2.8789e-08	0.000293001211
NPR2	4.2042e-05	NM_003995.4	0.44949	0.449447958
NPR3	1.006e-05	NM_001204375.2	1.2828e-05	2.7679999999999996e-06
NPRL2	0.38813	NM_006545.5	0.5771	0.18896999999999997
NPRL3	0.19021	NM_001077350.3	0.064111	0.126099
NPS	0.00014091	NM_001030013.2	0.42726	0.42711909
NPSR1	2.0518e-09	NM_207172.2	9.0851e-13	2.05089149e-09
NPTN	0.99304	NM_012428.4	0.99999	0.006950000000000012
NPTX1	0.62501	NM_002522.4	0.96393	0.33892
NPTX2	0.030511	NM_002523.3	1.4596e-06	0.0305095404
NPTXR	0.71597	NM_014293.4	0.011146	0.704824
NPVF	0.00010444	NM_022150.3	1.0112e-05	9.4328e-05
NPW	0.00088233	NM_001099456.3	0.0016042	0.0007218700000000001
NPY	0.14294	NM_000905.4	0.001594	0.141346
NPY1R	0.042605	NM_000909.6	0.5078	0.465195
NPY2R	0.035526	NM_000910.4	5.2938e-05	0.035473062
NPY4R	8.2144e-07	NM_005972.6	0.29987	0.29986917856
NPY5R	0.0063686	NM_006174.4	9.6098e-07	0.00636763902
NQO1	1.1867e-09	NM_000903.3	2.341e-08	2.22233e-08
NQO2	8.7572e-07	NM_000904.6	7.7538e-06	6.8780800000000006e-06
NR1D1	0.81796	NM_021724.5	0.9943	0.17633999999999994
NR1D2	0.0061743	NM_005126.5	0.0046638	0.0015104999999999997
NR1H2	0.37506	NM_007121.7	1.7373e-07	0.37505982627
NR1H3	0.90374	NM_005693.4	0.76277	0.14097000000000004
NR1H4	0.00093892	NM_001206979.2	0.66876	0.6678210800000001
NR1I2	7.2668e-09	NM_003889.4	1.214e-13	7.2666786e-09
NR1I3	3.5259e-08	NM_005122.5	3.2512e-09	3.20078e-08
NR2C1	0.68284	NM_003297.4	0.0014957	0.6813443
NR2C2	0.99892	NM_001291694.2	1.0	0.0010799999999999699
NR2C2AP	0.24422	NM_176880.6	0.0013994	0.2428206
NR2E1	0.99864	NM_003269.5	1.0	0.0013600000000000279
NR2E3		NM_014249.4	7.8371e-15	
NR2F1	0.99482	NM_005654.6	1.0	0.005179999999999962
NR2F2	0.98972	NM_021005.4	1.0	0.010279999999999956
NR2F6	0.45111	NM_005234.4	8.7258e-07	0.45110912742000003
NR3C1	0.96958	NM_000176.3	1.0	0.030420000000000003
NR3C2	0.83739	NM_000901.5	1.0	0.16261000000000003
NR4A1	0.37074	NM_173157.3	0.0014929	0.3692471
NR4A2	0.99959	NM_006186.4	1.0	0.00041000000000002146
NR4A3	0.9126	NM_006981.4	0.99904	0.08644000000000007
NR5A1	0.9896	NM_004959.5	0.99998	0.010379999999999945
NR5A2	0.23807	NM_205860.3	0.05005	0.18802000000000002
NR6A1	0.98169	NM_033334.4	1.0	0.01831000000000005
NRAP	3.2576999999999996e-50	NM_198060.4	4.5822999999999997e-26	4.5822999999999997e-26
NRARP	0.20859	NM_001004354.3	0.23376	0.025169999999999998
NRAS	0.49009	NM_002524.5	0.93745	0.44736
NR0B2	8.3377e-06	NM_021969.3	4.2725e-06	4.0652e-06
NRBF2	0.00050432	NM_030759.5	0.32625	0.32574568
NRBP1	0.99998	NM_013392.4	1.0	2.0000000000020002e-05
NRBP2	0.015594	NM_178564.4	7.3007e-12	0.0155939999926993
NRCAM	0.015254	NM_001037132.4	4.1389e-07	0.01525358611
NRDC		NM_001101662.2	0.92378	
NRDE2	2.7953e-15	NM_017970.4	3.5603e-11	3.56002047e-11
NREP	0.0056013	NM_004772.4	0.020574	0.014972699999999999
NRF1	0.99922	NM_005011.5	1.0	0.0007800000000000029
NRG2	0.99925	NM_004883.3	0.14157	0.85768
NRG3	0.10947	NM_001010848.4	0.0027829	0.10668709999999999
NRGN	0.4819	NM_006176.3	0.48037	0.0015299999999999758
NRIP1	0.99394	NM_003489.4	0.98464	0.009300000000000086
NRIP2	1.6264e-10	NM_031474.3	1.2305e-07	1.2288736000000002e-07
NRIP3	2.219e-08	NM_020645.3	7.2492e-12	2.2182750799999998e-08
NRL	0.047637	NM_001354768.3	1.863e-11	0.04763699998137
NRM	0.021828	NM_001384369.1	1.7294e-06	0.0218262706
NRN1	0.8602	NM_016588.3	0.85263	0.007569999999999966
NRN1L	9.5233e-05	NM_198443.2	1.7331e-05	7.7902e-05
NRP1	0.98584	NM_003873.7	1.0	0.01415999999999995
NRP2	0.00080686	NM_003872.3	0.0059408	0.00513394
NRROS	0.32564	NM_198565.3	0.10908	0.21655999999999997
NRSN1	0.00030819	NM_080723.5	0.00013742	0.00017077000000000002
NRSN2	0.0042391	NM_001323682.2	7.8669e-07	0.00423831331
NRTN	0.030223	NM_004558.5	0.37433	0.344107
NRXN1	0.99964	NM_001330078.2	1.0	0.00036000000000002697
NRXN2	0.99934	NM_015080.4	1.0	0.0006599999999999939
NRXN3	1.0	NM_001330195.2	1.0	0.0
NSA2	0.010263	NM_014886.6	0.00089696	0.009366039999999999
NSD1	1.0	NM_022455.5	1.0	0.0
NSD2		NM_001042424.3	1.0	
NSD3		NM_023034.2	1.0	
NSF	0.018338	NM_006178.4	0.99792	0.9795820000000001
NSFL1C	0.049492	NM_016143.5	0.91544	0.865948
NSG1	0.0088286	NM_014392.5	0.1041	0.09527139999999999
NSG2	0.88363	NM_015980.5	0.95227	0.06863999999999992
NSL1	0.0039309	NM_015471.4	0.021898	0.0179671
NSMAF	7.6425e-12	NM_003580.4	2.8799e-12	4.7626e-12
NSMCE1	2.1753e-05	NM_145080.4	0.011419	0.011397247000000001
NSMCE2	0.037899	NM_173685.4	0.52197	0.48407100000000003
NSMCE3		NM_138704.4		
NSMCE4A	0.014523	NM_017615.3	1.8706e-07	0.01452281294
NSMF	0.26482	NM_001130969.3	0.00093631	0.26388369
NSRP1	0.012099	NM_032141.4	0.52682	0.514721
NSUN2	0.00025826	NM_017755.6	6.8367e-15	0.0002582599999931633
NSUN3	9.0405e-09	NM_022072.5	0.0062291	0.0062290909595
NSUN4	1.2267e-06	NM_199044.4	8.6226e-08	1.140474e-06
NSUN5	8.2394e-13	NM_148956.4	1.1452e-10	1.1369605999999999e-10
NSUN6	4.9452e-19	NM_182543.5	2.1855e-06	2.1854999999995054e-06
NSUN7	4.7893e-06	NM_024677.6	2.089e-07	4.5804e-06
NT5C	0.0027292	NM_014595.3	0.00063076	0.00209844
NT5C1A	8.335e-05	NM_032526.3	0.00011193	2.8579999999999987e-05
NT5C2	2.1385e-06	NM_001351169.2	1.0377e-07	2.0347299999999997e-06
NT5C3A	0.015053	NM_001002010.5	0.00092412	0.01412888
NT5C3B	3.662e-10	NM_052935.5	4.5143e-08	4.47768e-08
NT5DC1	5.1357e-07	NM_152729.3	0.036055	0.03605448643
NT5DC2	1.211e-05	NM_001134231.2	8.3577e-08	1.2026422999999998e-05
NT5DC3	1.4702e-07	NM_001031701.3	0.012197	0.012196852979999999
NT5DC4	9.7819e-09	NM_001393655.1	0.21548	0.2154799902181
NT5E	2.2881e-11	NM_002526.4	4.0083e-18	2.28809959917e-11
NT5M	1.0052e-08	NM_020201.4	4.9982e-09	5.053799999999999e-09
NTAN1	2.7337e-06	NM_173474.4	0.0034895	0.0034867663
NTAQ1		NM_018024.3	0.00013321	
NTF3	0.93201	NM_001102654.2	0.96565	0.03364
NTHL1	5.6607e-10	NM_002528.7	8.395e-12	5.576749999999999e-10
NTM	0.057798	NM_001352005.2	0.98715	0.929352
NTMT1	0.050783	NM_014064.4	0.1868	0.136017
NTMT2		ENST00000439373	1.7601e-07	
NTN1	0.99687	NM_004822.3	0.99816	0.0012900000000000134
NTN3	3.2291e-07	NM_006181.3	8.8641e-21	3.229099999999912e-07
NTN4	0.91585	NM_021229.4	0.83024	0.08561000000000007
NTN5	3.7923e-15	NM_145807.4	1.4684e-17	3.777616e-15
NTNG1	0.9167	NM_001113226.3	0.99906	0.08235999999999999
NTNG2	0.99866	NM_032536.4	0.98038	0.018279999999999963
NTPCR	0.0025124	NM_032324.3	0.00084052	0.0016718800000000002
NTRK1	1.9568e-06	NM_002529.4	1.1294e-16	1.95679999988706e-06
NTRK2	1.0	NM_006180.6	1.0	0.0
NTS	3.8527e-05	NM_006183.5	0.051478	0.051439473000000006
NTSR1	1.928e-08	NM_002531.3	6.7143e-10	1.860857e-08
NTSR2	0.0048692	NM_012344.4	1.8032e-09	0.0048691981968
NUAK1	0.098693	NM_014840.3	0.012967	0.085726
NUAK2	4.9899e-05	NM_030952.3	0.00023354	0.00018364099999999999
NUB1	0.00039037	NM_001243351.2	0.003219	0.00282863
NUBP1	8.7342e-14	NM_002484.4	2.0604e-18	8.733993960000001e-14
NUBP2	0.00092127	NM_012225.4	9.2366e-09	0.0009212607633999999
NUBPL	1.0705e-05	NM_025152.3	0.00035866	0.000347955
NUCB1	8.1576e-08	NM_006184.6	7.1774e-13	8.157528226e-08
NUCB2	2.0028e-10	NM_005013.4	0.058837	0.05883699979972
NUCKS1	0.96937	NM_022731.5	0.99962	0.03025
NUDC	0.88682	NM_006600.4	0.97144	0.08461999999999992
NUDCD1	2.6721e-11	NM_032869.4	6.6083e-07	6.608032789999999e-07
NUDCD2	0.0031978	NM_145266.6	0.0013352	0.0018626000000000003
NUDCD3	0.44788	NM_015332.4	0.98652	0.53864
NUDT1	7.4464e-12	NM_002452.4	1.2252e-08	1.22445536e-08
NUDT2	0.0057495	NM_001161.5	0.00032999	0.005419510000000001
NUDT3	0.42531	NM_006703.4	0.44977	0.024459999999999982
NUDT4	0.79724	NM_019094.6	0.38124	0.4159999999999999
NUDT5	0.001405	NM_014142.4	0.012878	0.011473
NUDT6	2.9113e-05	NM_007083.5	0.00015433	0.000125217
NUDT7	8.4378e-07	NM_001105663.3	7.0725e-10	8.4307275e-07
NUDT8	8.0897e-05	NM_001243750.2	8.9286e-06	7.19684e-05
NUDT9	9.1759e-06	NM_024047.5	4.5546e-06	4.621299999999999e-06
NUDT12	6.0014e-11	NM_031438.4	2.083e-09	2.022986e-09
NUDT13	6.6163e-12	NM_015901.6	2.7817e-12	3.834600000000001e-12
NUDT14	3.9537e-05	NM_177533.5	5.5937e-09	3.95314063e-05
NUDT15	0.0016748	NM_018283.4	1.7768e-05	0.001657032
NUDT16	0.0046241	NM_152395.3	5.6525e-05	0.004567575
NUDT17	1.1109e-07	NM_001012758.3	1.1208e-13	1.1108988792e-07
NUDT18	1.8736e-06	NM_024815.4	8.097e-11	1.87351903e-06
NUDT19	2.9701e-15	NM_001105570.2	8.166e-14	7.868990000000001e-14
NUDT21	0.98576	NM_007006.3	0.95026	0.035499999999999976
NUDT22	4.5224e-07	NM_032344.4	2.679e-08	4.2545e-07
NUF2	3.8169e-05	NM_145697.3	0.011545	0.011506831
NUFIP1	6.2929e-08	NM_012345.3	0.00060523	0.000605167071
NUFIP2	0.99891	NM_020772.3	1.0	0.0010900000000000354
NUGGC	3.387e-12	NM_001010906.2	7.0683e-06	7.068296613e-06
NUMA1	1.0	NM_006185.4	1.0	0.0
NUMB	0.0039959	NM_001005743.2	0.022922	0.0189261
NUMBL	0.99902	NM_004756.5	0.30414	0.6948799999999999
NUP35	0.022182	NM_138285.5	0.00015255	0.02202945
NUP37	1.0763e-05	NM_024057.4	0.00087221	0.000861447
NUP42		NM_007342.3	1.1691e-08	
NUP43	2.4136e-05	NM_198887.3	0.00019025	0.00016611399999999998
NUP50	0.28337	NM_007172.4	0.38236	0.09898999999999997
NUP54	0.21559	NM_017426.4	0.27619	0.06059999999999999
NUP58		NM_014089.4	0.99982	
NUP62	0.95006	NM_016553.5	0.99984	0.049779999999999935
NUP85	1.0	NM_024844.5	1.0	0.0
NUP88	1.9577e-08	NM_002532.6	1.1815e-07	9.857299999999999e-08
NUP93	1.7535e-06	NM_014669.5	9.3371e-07	8.1979e-07
NUP98	1.0	NM_016320.5	1.0	0.0
NUP107	2.5555e-09	NM_020401.4	2.8313e-09	2.757999999999998e-10
NUP133	9.2587e-05	NM_018230.3	0.015088	0.014995413
NUP153	1.0	NM_005124.4	1.0	0.0
NUP155	0.65349	NM_153485.3	0.99511	0.34162000000000003
NUP188	0.95428	NM_015354.3	6.3884e-05	0.954216116
NUP205	1.0	NM_015135.3	1.0	0.0
NUP210	1.0967e-22	NM_024923.4	1.7738e-38	1.0966999999999997e-22
NUP214	0.054748	NM_005085.4	0.99889	0.9441419999999999
NUPR1	0.0041502	NM_012385.3	0.00089607	0.0032541299999999996
NUPR2		NM_001145712.2	1.1043e-07	
NUS1	0.98117	NM_138459.5	0.99945	0.018279999999999963
NUSAP1	0.045674	NM_016359.5	4.0634e-05	0.045633366
NUTF2	0.93864	NM_005796.3	0.99043	0.05179
NUTM1	0.0023642	NM_001284292.2	0.49659	0.4942258
NUTM2A	5.3583e-07	NM_001099338.2	0.48807	0.48806946417
NUTM2D	0.37313	NM_001382304.1	0.95948	0.5863499999999999
NUTM2F	4.2727e-09	NM_017561.2	4.9602e-05	4.9597727299999996e-05
NUTM2G	5.6293e-10	NM_001170741.3	7.1374e-09	6.57447e-09
NVL	4.2587e-19	NM_002533.4	4.8987e-12	4.898699574129999e-12
NWD1	1.49e-26	NM_001007525.5	4.7061e-36	1.48999999952939e-26
NWD2		NM_001144990.2	1.0	
NXF1	0.9763	NM_006362.5	0.0004251	0.9758749
NXN	0.99725	NM_022463.5	0.37145	0.6257999999999999
NXNL1	0.011891	NM_138454.2	0.014931	0.0030399999999999993
NXNL2	0.67718	NM_001161625.2	0.0092091	0.6679709
NXPE2	1.1215e-08	NM_182495.6	0.00054072	0.000540708785
NXPE3	0.013439	NM_145037.4	6.0641e-05	0.013378359
NXPE4	6.8642e-16	NM_001077639.2	3.9861e-15	3.29968e-15
NXPH1	0.4837	NM_152745.3	0.99591	0.5122099999999999
NXPH2	0.92646	NM_007226.3	0.95344	0.026980000000000004
NXPH3	0.28443	NM_007225.4	0.48241	0.19798
NXPH4	0.22997	NM_007224.4	0.025021	0.204949
NXT1	0.64574	NM_013248.3	0.6961	0.05036000000000007
NYAP1	0.99917	NM_173564.4	0.03184	0.96733
NYNRIN	1.4848e-09	NM_025081.3	8.3869e-15	1.4847916131000001e-09
OAF	0.0034624	NM_178507.4	0.0092099	0.0057475
OARD1	0.0005506	NM_001329686.2	0.0020483	0.0014976999999999998
OAS1	3.4489e-05	NM_016816.4	0.000201	0.000166511
OAS2	2.6049999999999997e-21	NM_002535.3	7.6789e-20	7.4184e-20
OAS3	1.9653e-33	NM_006187.4	4.0397000000000005e-35	1.924903e-33
OAT	7.7182e-07	NM_000274.4	2.2793e-07	5.438899999999999e-07
OBI1		NM_024546.4	1.1821e-16	
OBP2A	1.5163e-06	NM_014582.3	0.0014761	0.0014745837
OBP2B	1.3223e-05	NM_014581.4	0.075118	0.075104777
OBSCN	1.8605e-164	NM_001386125.1	4.866000000000001e-246	1.8605e-164
OBSL1	9.9902e-26	NM_015311.3	2.7825000000000003e-57	9.9902e-26
OC90	5.6811e-12	NM_001080399.3	1.7756e-12	3.9055e-12
OCA2	2.9064e-13	NM_000275.3	1.9006e-14	2.71634e-13
OCEL1	0.00030592	NM_024578.3	1.4414e-07	0.00030577586
OCIAD1	9.9492e-07	NM_017830.4	0.10174	0.10173900508
OCIAD2	3.5288e-05	NM_001014446.3	0.00021588	0.000180592
OCLN	8.5583e-07	NM_001205254.2	0.016764	0.01676314417
OCM	1.0885e-08	NM_001097622.2	2.6576e-08	1.5690999999999998e-08
OCSTAMP	0.001282	NM_080721.3	9.1105e-05	0.001190895
ODAD1		NM_001364171.2	1.1861e-10	
ODAD2		NM_018076.5	2.9467e-18	
ODAD3		NM_145045.5	2.4574e-16	
ODAD4		NM_031421.5	1.0902e-10	
ODAM	1.5176e-15	NM_017855.4	4.1529e-08	4.15289984824e-08
ODAPH		NM_178497.5	0.071659	
ODC1	0.16966	NM_002539.3	0.23096	0.06129999999999999
ODF1	0.9721	NM_024410.4	0.22922	0.74288
ODF4	0.010768	NM_153007.5	0.0039465	0.0068214999999999994
ODR4		NM_017847.6	1.3777e-07	
OGA		NM_012215.5	1.0	
OGDH	0.99728	NM_002541.4	1.0	0.0027199999999999447
OGDHL	9.6942e-10	NM_018245.3	9.309400000000001e-19	9.694199990690599e-10
OGFOD1	3.3103e-17	NM_018233.4	7.3818e-11	7.3817966897e-11
OGFOD3	1.6332e-09	NM_024648.3	1.2076e-11	1.621124e-09
OGFR	0.033874	NM_007346.4	4.9674e-05	0.033824326
OGFRL1	0.003634	NM_024576.5	5.6953e-06	0.0036283047
OGG1	3.9314e-12	NM_002542.6	7.3876e-12	3.4562000000000006e-12
OGN	0.00074118	NM_014057.5	0.19317	0.19242882
OIP5	1.4649e-07	NM_007280.2	1.1679e-08	1.34811e-07
OIT3	3.392e-11	NM_152635.3	4.4064e-08	4.403008e-08
OLA1	0.058062	NM_013341.5	0.98202	0.9239580000000001
OLAH	4.5721e-10	NM_001039702.3	1.3619e-07	1.3573279e-07
OLFM1	0.99679	NM_001282611.2	0.99999	0.0032000000000000917
OLFM2	0.080225	NM_058164.4	0.0039955	0.0762295
OLFM3	0.0010163	NM_058170.4	0.35194	0.35092369999999995
OLFM4	2.7754e-06	NM_006418.5	6.7461e-09	2.7686539000000003e-06
OLFML1	1.5857e-08	NM_198474.4	2.7594e-10	1.558106e-08
OLFML2A	1.2885e-09	NM_182487.4	1.1711e-12	1.2873289e-09
OLFML2B	3.6491e-15	NM_015441.3	7.5129e-14	7.14799e-14
OLFML3	5.6198e-08	NM_020190.5	2.1458e-06	2.089602e-06
OLIG1	0.66074	NM_138983.3	9.5219e-05	0.660644781
OLIG2	0.094592	NM_005806.4	1.2292e-05	0.094579708
OLIG3	0.83391	NM_175747.2	0.00016087	0.8337491300000001
OLR1	0.007199	NM_002543.4	4.986e-06	0.0071940139999999994
OMD	1.243e-05	NM_005014.3	0.030978	0.030965569999999998
OMG	0.97114	NM_002544.5	0.89511	0.07603000000000004
OMP	0.00040499	NM_006189.1	0.13332	0.13291501
ONECUT1	0.52333	NM_004498.4	0.025697	0.49763299999999994
ONECUT2	0.90701	NM_004852.3	0.38719	0.51982
ONECUT3	0.0029219	NM_001080488.2	1.3739e-06	0.0029205260999999997
OOEP	0.00014291	NM_001080507.3	7.6706e-06	0.0001352394
OPA1	0.98636	NM_130837.3	0.92269	0.06367
OPA3	0.5657	NM_025136.4	0.00025087	0.56544913
OPALIN	0.0014919	NM_033207.5	0.00033779	0.00115411
OPCML	0.22804	NM_001012393.5	0.94621	0.71817
OPLAH	6.9736e-17	NM_017570.5	1.053e-35	6.9736e-17
OPN1SW	0.021134	NM_001385125.1	4.9625e-07	0.02113350375
OPN3	0.0012801	NM_014322.3	3.3178e-09	0.0012800966822
OPN4	9.0073e-13	NM_033282.4	2.4081e-14	8.76649e-13
OPRD1	0.0033233	NM_000911.4	1.8672e-06	0.0033214328
OPRK1	4.0625e-05	NM_000912.5	0.00093772	0.000897095
OPRL1	0.48172	NM_182647.4	0.30553	0.17618999999999996
OPRM1	7.8882e-11	NM_000914.5	4.1934e-07	4.19261118e-07
OPRPN		NM_021225.5	0.43923	
OPTC	4.8162e-10	NM_014359.4	5.2338e-07	5.228983800000001e-07
OPTN	5.91e-18	NM_001008212.2	9.8571e-10	9.8570999409e-10
OR1A1	0.00011603	NM_014565.3	0.010336	0.01021997
OR1A2	0.027183	NM_012352.3	0.39731	0.370127
OR1C1	0.057434	NM_012353.3	0.31519	0.25775600000000004
OR1D2	0.00092513	NM_002548.3	0.66904	0.6681148699999999
OR1D5	0.024783	NM_014566.1	0.41078	0.385997
OR1E1	0.0013426	NM_003553.3		
OR1E2	0.0015619	NM_003554.2	0.016892	0.015330100000000001
OR1G1	0.00036576	NM_003555.1	0.16537	0.16500424
OR1I1	5.7475e-06	NM_001004713.2		
OR1J1	6.8342e-05	NM_001004451.1	0.14199	0.141921658
OR1J2	0.093349	NM_054107.1		
OR1J4	0.079793	NM_001004452.1	0.34637	0.266577
OR1K1	0.0010697	NM_080859.1	0.18062	0.1795503
OR1L1	0.33258	NM_001005236.3	0.34431	0.011730000000000018
OR1L3	0.00017569	NM_001005234.1	0.30948	0.30930430999999997
OR1L4	3.1586e-05	NM_001005235.1	0.0015864	0.001554814
OR1L6	3.0047e-05	NM_001004453.3	3.0539e-05	4.920000000000014e-07
OR1L8	0.08669	NM_001004454.2	0.53283	0.44614000000000004
OR1M1		NM_001004456.2	0.31969	
OR1N1		NM_012363.1		
OR1N2	1.4852e-05	NM_001004457.2	0.12056	0.120545148
OR1Q1	0.00047324	NM_012364.1	0.33687	0.33639676
OR2A1	0.00025996	NM_001005287.2		
OR2A2	0.2055	NM_001005480.2		
OR2A4	0.11869	NM_030908.2		
OR2A5	1.7421e-05	NM_012365.2	0.010957	0.010939579
OR2A7	0.36959	NM_001005328.2	0.30261	0.06697999999999998
OR2A12	0.02453	NM_001004135.2	0.059805	0.035275
OR2A14	0.00013677	NM_001001659.3	0.00048718	0.00035041
OR2A25	0.0010007	NM_001386096.1	0.34512	0.34411929999999996
OR2AE1	0.011172	NM_001005276.1	0.069367	0.058195
OR2AG1	3.1156e-11	NM_001004489.3	0.00045404	0.00045403996884400003
OR2AG2	0.016296	NM_001004490.2		
OR2AP1	2.9797e-05	NM_001258285.2	2.2058e-10	2.979677942e-05
OR2B2	0.0099618	NM_033057.2	0.30693	0.29696819999999996
OR2B3	0.0068596	NM_001005226.2		
OR2B6	0.0034004	NM_012367.1	0.30417	0.30076959999999997
OR2B11	0.00022477	NM_001004492.2		
OR2C1	3.8058e-05	NM_012368.3	0.036618	0.036579942
OR2C3	0.0059489	NM_198074.6	0.3268	0.3208511
OR2D2	4.0212e-08	NM_003700.1	1.6848e-08	2.3364000000000003e-08
OR2D3	0.0084071	NM_001004684.1	0.0020191	0.006388000000000001
OR2F1	2.2802e-05	NM_012369.3	0.021682	0.021659198
OR2F2	2.9273e-05	NM_001004685.1	0.20669	0.20666072700000002
OR2G2	0.022995	NM_001001915.1	0.30447	0.28147500000000003
OR2G3	0.078577	NM_001001914.1	0.30447	0.225893
OR2G6	0.00049951	NM_001013355.2	0.36716	0.36666049
OR2H1	0.53455	NM_030883.5	0.38654	0.14800999999999997
OR2H2	1.9104e-05	NM_007160.4		
OR2J1	0.023156	NM_001348294.2	0.0033907	0.0197653
OR2J2	0.019489	NM_030905.3	0.00088249	0.01860651
OR2J3	0.0098541	NM_001005216.4	0.00063483	0.00921927
OR2K2	0.0011135	NM_205859.2	0.030725	0.0296115
OR2L2		NM_001385855.1	0.11518	
OR2L3		NM_001004687.2	0.31824	
OR2L5		NM_001258284.2	0.11589	
OR2L8	0.31779	NM_001001963.1	0.30783	0.009960000000000024
OR2M2		NM_001004688.2		
OR2M3		NM_001004689.2	0.33912	
OR2M4	0.0031458	NM_017504.2	0.0018517	0.0012940999999999999
OR2M5		NM_001004690.1	0.33992	
OR2M7		NM_001004691.1	0.30843	
OR2S2	0.00016621	NM_019897.2	0.49645	0.49628379
OR2T1	6.188e-10	NM_030904.2	0.13667	0.1366699993812
OR2T3		NM_001005495.1	0.32165	
OR2T4	0.19492	NM_001004696.2	0.34948	0.15456
OR2T5	0.47281	NM_001004697.2		
OR2T6	4.1385e-05	NM_001005471.2	0.1058	0.105758615
OR2T8		NM_001005522.2	0.1154	
OR2T10	0.00065559	NM_001004693.2		
OR2T11	5.2633e-07	NM_001001964.2	6.3587e-06	5.83237e-06
OR2T12		NM_001004692.2	0.3242	
OR2T27	1.2132e-05	NM_001001824.2	0.33894	0.338927868
OR2T29	0.099777	NM_001004694.3		
OR2T33	0.11612	NM_001004695.2	0.00049465	0.11562535
OR2T34		NM_001001821.1		
OR2T35	0.18682	NM_001001827.2		
OR2V1	1.6993e-07	NM_001258283.2	9.8296e-08	7.163399999999999e-08
OR2V2	0.081893	NM_206880.2	0.35888	0.276987
OR2W1	0.044066	NM_030903.3	0.32519	0.281124
OR2W3	0.00010132	NM_001001957.2	0.3262	0.32609868
OR2Y1		NM_001001657.1	0.31491	
OR2Z1	6.0814e-07	NM_001004699.3	0.37031	0.37030939185999995
OR3A1	0.023093	NM_002550.3		
OR4A5	1.2516e-05	NM_001005272.3		
OR4A16	0.00022787	NM_001005274.1		
OR4A47	8.3071e-08	NM_001005512.2	5.364e-07	4.5332899999999997e-07
OR4B1	0.0029268	NM_001005470.1	0.10485	0.1019232
OR4C3	2.39e-10	NM_001004702.2	0.14858	0.148579999761
OR4C6	0.005129	NM_001004704.2	3.2972e-09	0.0051289967028
OR4C11	5.6002e-06	NM_001004700.3	1.3328e-05	7.7278e-06
OR4C12	3.7877e-05	NM_001005270.4	0.00022591	0.00018803300000000002
OR4C13	2.5329e-10	NM_001001955.2	2.9407e-11	2.23883e-10
OR4C15	6.5425e-09	NM_001001920.3	0.29773	0.2977299934575
OR4C16	5.9911e-07	NM_001004701.2	1.3172e-11	5.990968279999999e-07
OR4C46	3.5175e-08	NM_001004703.1	4.8238e-09	3.03512e-08
OR4D1	0.00017181	NM_001386095.1	0.0059594	0.0057875900000000004
OR4D2	0.0009188	NM_001004707.4	0.0015819	0.0006631
OR4D5	9.0283e-06	NM_001001965.1		
OR4D6	0.0050885	NM_001004708.1	0.00116	0.0039285
OR4D9	0.00096084	NM_001004711.2	0.019913	0.01895216
OR4D10	0.0039123	NM_001004705.2	0.35432	0.35040770000000004
OR4D11	4.5606e-06	NM_001004706.1	0.0057328	0.0057282394
OR4E2	0.0053058	NM_001001912.3	0.00023762	0.00506818
OR4F5	0.030354	NM_001005484.2	0.34887	0.318516
OR4F6	1.1444e-05	NM_001005326.2	0.00015949	0.000148046
OR4F15	0.08518	NM_001001674.2	0.039254	0.04592600000000001
OR4F17	0.37614	NM_001005240.3	0.50506	0.12891999999999998
OR4K1	6.9454e-08	NM_001004063.3	7.729e-07	7.03446e-07
OR4K2	3.8826e-05	NM_001005501.2	0.0038905	0.003851674
OR4K5	9.9425e-05	NM_001005483.1	0.12359	0.123490575
OR4K13	9.93e-08	NM_001004714.2		
OR4K14	0.00094256	NM_001004712.2		
OR4K15	0.018946	NM_001005486.2	0.40245	0.38350399999999996
OR4K17	0.0017626	NM_001004715.5		
OR4L1	0.0052285	NM_001004717.1		
OR4M1	0.0015219	NM_001005500.2	0.0014888	3.31000000000001e-05
OR4N2	0.00041111	NM_001004723.3	0.29773	0.29731889
OR4N5	0.020486	NM_001004724.2		
OR4S1	0.0015718	NM_001004725.1	0.12618	0.12460819999999999
OR4S2	4.7442e-10	NM_001004059.3	0.070869	0.07086899952558
OR4X1	6.3135e-06	NM_001004726.1		
OR4X2	6.7397e-09	NM_001004727.1	0.29297	0.2929699932603
OR5A1	8.8011e-06	NM_001004728.2	0.00010095	9.21489e-05
OR5A2		NM_001001954.2	0.30843	
OR5AC2	0.013314	NM_054106.1	0.29296	0.279646
OR5AK2	0.00059331	NM_001005323.1		
OR5AN1	5.9253e-05	NM_001004729.2	0.31366	0.313600747
OR5AP2	0.0041572	NM_001002925.1	0.81199	0.8078328
OR5AR1	7.6881e-08	NM_001004730.1	4.614e-07	3.84519e-07
OR5AS1	0.0016835	NM_001001921.2		
OR5AU1	1.2459e-06	NM_001004731.3	0.083573	0.08357175409999999
OR5B2	0.072121	NM_001005566.3		
OR5B3	4.7001e-05	NM_001005469.2		
OR5B12	0.020305	NM_001004733.3		
OR5B17	0.44075	NM_001005489.2		
OR5B21	3.2629e-06	NM_001005218.3	0.40805	0.4080467371
OR5C1	0.00011562	NM_001001923.1	0.041257	0.041141380000000005
OR5D13		NM_001001967.1		
OR5D14	2.8827e-06	NM_001004735.1	0.12331	0.1233071173
OR5D16		NM_001005496.1		
OR5D18	0.00045902	NM_001001952.1	0.32949	0.32903098000000003
OR5F1	5.9115e-05	NM_003697.1		
OR5H1	4.6874e-05	NM_001005338.2	0.31348	0.313433126
OR5H2	0.00023505	NM_001005482.2		
OR5H6	0.00027368	NM_001005479.2	0.29275	0.29247632
OR5H14	4.4964e-07	NM_001005514.2		
OR5H15	8.68e-06	NM_001005515.2		
OR5I1	5.2554e-07	NM_006637.1	0.11077	0.11076947445999999
OR5J2	0.0023661	NM_001005492.1	0.11766	0.1152939
OR5K1	5.6457e-07	NM_001004736.4	0.046166	0.04616543543
OR5K2	0.00029208	NM_001004737.1		
OR5K3	8.0434e-05	NM_001005516.1		
OR5K4	3.9605e-06	NM_001005517.1	1.4436e-06	2.5168999999999996e-06
OR5L1		NM_001004738.2	0.29275	
OR5L2	2.2583e-05	NM_001004739.1		
OR5M1	0.0019124	NM_001004740.2	0.29773	0.2958176
OR5M3	3.5768e-09	NM_001004742.3	0.33177	0.3317699964232
OR5M8	0.025433	NM_001005282.1		
OR5M9	0.0036459	NM_001004743.1		
OR5M10	0.010843	NM_001004741.1		
OR5M11	0.00033488	NM_001005245.1	0.46654	0.46620512000000003
OR5P2	0.0036817	NM_153444.1	0.021659	0.0179773
OR5P3	0.09817	NM_153445.2	0.3978	0.29963
OR5T1		NM_001004745.2	0.00062988	
OR5T2	0.00037811	NM_001004746.4	0.00014417	0.00023394000000000003
OR5T3	0.0004197	NM_001004747.2	4.8707e-05	0.000370993
OR5V1	0.013153	NM_030876.6	0.32104	0.30788699999999997
OR5W2	0.00056247	NM_001001960.1		
OR6A2	0.11773	NM_003696.3	0.080381	0.03734900000000001
OR6B1	4.3351e-06	NM_001005281.3	8.0173e-06	3.6822e-06
OR6B2	0.022036	NM_001005853.1		
OR6C1	0.50471	NM_001005182.2	0.29297	0.21173999999999998
OR6C2	0.092283	NM_054105.2	0.31491	0.22262700000000002
OR6C3	0.0030733	NM_001388498.1	0.11111	0.1080367
OR6C4	5.633e-09	NM_001005494.2	8.6139e-09	2.9809e-09
OR6C6	0.022211	NM_001005493.2		
OR6C65	1.7684e-05	NM_001005518.1		
OR6C68	0.01338	NM_001005519.2		
OR6C70	4.983e-07	NM_001005499.1		
OR6C74	0.0033696	NM_001005490.2	0.02032	0.0169504
OR6C75	0.018817	NM_001005497.2	0.37695	0.35813300000000003
OR6C76	0.0023904	NM_001005183.1		
OR6F1	0.00069042	NM_001005286.2		
OR6K2	2.4185e-07	NM_001005279.3	0.00015908	0.00015883815
OR6K3	0.092932	NM_001005327.3		
OR6M1	8.2424e-05	NM_001005325.1	0.29411	0.29402757599999996
OR6N1	0.0001156	NM_001005185.2		
OR6N2	0.0018194	NM_001005278.2	0.29773	0.29591059999999997
OR6P1	5.8864e-05	NM_001160325.2	1.0971e-05	4.7893e-05
OR6Q1	0.0015367	NM_001005186.2	0.11106	0.1095233
OR6S1	0.028811	NM_001001968.1	0.31807	0.28925900000000004
OR6T1	0.0015036	NM_001005187.1	0.33888	0.3373764
OR6V1	0.0002477	NM_001001667.1	0.0022305	0.0019828
OR6X1	0.0011048	NM_001005188.1	0.36498	0.3638752
OR6Y1	0.00095201	NM_001005189.2	0.0021239	0.00117189
OR7A5		NM_017506.2	0.11217	
OR7A10	0.018154	NM_001005190.2	0.33697	0.318816
OR7A17	0.31571	NM_030901.2	0.29366	0.022050000000000014
OR7C2	0.056235	NM_012377.1	0.32919	0.272955
OR7D2		NM_175883.4	0.1057	
OR7D4	0.015502	NM_001005191.3	0.29804	0.282538
OR7E24		NM_001079935.2	0.32975	
OR7G1		NM_001005192.2		
OR7G2		NM_001005193.2	0.30261	
OR7G3		NM_001001958.1		
OR8A1	0.005028	NM_001005194.2	0.44808	0.443052
OR8B2	0.016474	NM_001005468.2	0.33067	0.31419600000000003
OR8B3	0.013798	NM_001005467.2	0.29296	0.279162
OR8B4	0.028169	NM_001005196.1	0.028509	0.00034
OR8B8	0.014312	NM_012378.2	0.0027116	0.0116004
OR8B12	0.25999	NM_001005195.1	0.062946	0.197044
OR8D1		NM_001002917.2		
OR8D2	0.21061	NM_001002918.1		
OR8D4	0.12338	NM_001005197.2		
OR8G1	0.0035718	NM_001002905.2		
OR8G5	0.016988	NM_001005198.2	0.11234	0.09535199999999999
OR8H1	8.1158e-05	NM_001005199.2	0.34084	0.34075884199999995
OR8H2	0.0011661	NM_001386064.1		
OR8H3	0.0114	NM_001005201.1		
OR8I2	9.3688e-06	NM_001003750.1		
OR8J1	1.0089e-06	NM_001005205.3		
OR8J3	0.07248	NM_001004064.2		
OR8K1	5.1722e-06	NM_001002907.1		
OR8K3	1.2144e-06	NM_001005202.2		
OR8K5	1.1097e-06	NM_001004058.2		
OR8U1	8.7306e-07	NM_001005204.1	0.085517	0.08551612693999999
OR8U3		NM_001004744.1		
OR9A2	0.00028864	NM_001001658.1	0.00028395	4.690000000000011e-06
OR9A4	1.1843e-07	NM_001001656.3	8.1061e-06	7.98767e-06
OR9G1	0.00044763	NM_001005213.2	3.6735e-10	0.00044762963265000005
OR9G4	1.8533e-06	NM_001005284.2	1.0554e-07	1.74776e-06
OR9I1	0.37773	NM_001005211.2	0.0042798	0.3734502
OR9K2	5.3659e-07	NM_001005243.2	2.4281e-06	1.89151e-06
OR9Q1	0.00083932	NM_001005212.4	0.16876	0.16792068
OR9Q2	6.1559e-09	NM_001005283.3	6.7591e-06	6.7529441000000005e-06
OR10A2	0.0031211	NM_001004460.2	3.6274e-06	0.0031174726
OR10A3	3.5206e-07	NM_001003745.2	7.5446e-07	4.024e-07
OR10A4	1.6786e-05	NM_207186.2	1.5261e-07	1.663339e-05
OR10A5	0.021733	NM_178168.1	0.0015274	0.020205599999999997
OR10A6	6.8327e-09	NM_001004461.2	0.034718	0.034717993167299996
OR10A7	0.43751	NM_001005280.1	0.18874	0.24877000000000002
OR10AG1	3.1694e-05	NM_001005491.2		
OR10C1	0.73963	NM_013941.4	0.3545	0.38513000000000003
OR10G2	0.0033388	NM_001005466.2	0.36743	0.3640912
OR10G3	0.0035194	NM_001005465.2	0.029758	0.0262386
OR10G4	2.1457e-05	NM_001004462.2	0.32942	0.329398543
OR10G7	0.00029385	NM_001004463.2		
OR10G8	0.016898	NM_001004464.2	0.1176	0.100702
OR10G9	3.4945e-05	NM_001001953.1	0.13384	0.13380505499999998
OR10H1	5.4696e-05	NM_013940.4	9.6567e-05	4.1871e-05
OR10H2	0.0024515	NM_013939.2	0.062472	0.0600205
OR10H3	0.0021689	NM_013938.2	1.6139e-06	0.0021672861
OR10H4	0.0048912	NM_001004465.1	0.0004451	0.0044461
OR10H5	0.071847	NM_001004466.2	0.053878	0.017968999999999992
OR10J1	6.3754e-07	NM_012351.3	0.11101	0.11100936246
OR10J5	0.027185	NM_001004469.1	0.037114	0.009929
OR10K1	0.31356	NM_001004473.2	0.13158	0.18198
OR10K2	2.7284e-06	NM_001004476.2	0.33679	0.3367872716
OR10P1	0.11405	NM_206899.1	0.11202	0.002030000000000004
OR10Q1	7.5216e-05	NM_001004471.2	0.29773	0.297654784
OR10T2	0.12008	NM_001004475.1		
OR10V1	0.00084587	NM_001005324.1	0.19484	0.19399413000000001
OR10W1	0.01572	NM_207374.3	0.35176	0.33604
OR10X1	0.00030581	NM_001004477.1	0.3115	0.31119419
OR10Z1	0.11093	NM_001004478.2	0.17206	0.06112999999999999
OR11A1	0.0025494	NM_001394828.1	0.38766	0.3851106
OR11G2	1.4116e-06	NM_001386033.1	0.00046468	0.0004632684
OR11H1	1.0253e-05	NM_001005239.2	0.47877	0.47875974699999996
OR11H2		NM_001197287.2	0.84635	
OR11H4	4.7248e-09	NM_001004479.2	0.19823	0.1982299952752
OR11H6	0.0010427	NM_001004480.1	0.046747	0.045704299999999996
OR11H12		NM_001013354.1	0.00052146	
OR11L1	0.050098	NM_001001959.1	0.31609	0.265992
OR12D2	0.6753	NM_013936.4	0.29411	0.38119000000000003
OR12D3	0.0078534	NM_030959.3	0.21262	0.2047666
OR13A1	0.0015701	NM_001004297.3	3.0675e-06	0.0015670325
OR13C2	0.014056	NM_001004481.1	0.0055738	0.0084822
OR13C4	1.5755e-08	NM_001001919.1		
OR13C5		NM_001004482.1	0.0036066	
OR13C8	5.5814e-05	NM_001004483.1	0.11972	0.11966418599999999
OR13C9	0.020568	NM_001001956.1	0.10516	0.084592
OR13D1	0.005877	NM_001004484.2	0.32732	0.321443
OR13F1	1.2757e-05	NM_001004485.1	0.21512	0.215107243
OR13G1	0.15033	NM_001005487.2	0.31549	0.16516
OR13J1	6.3322e-06	NM_001004487.1	1.831e-07	6.1491e-06
OR14A16		NM_001001966.2	0.11968	
OR14C36		NM_001001918.1	0.34252	
OR14J1	0.0016678	NM_030946.2	0.16413	0.1624622
OR51A2		NM_001004748.1		
OR51A4	0.0039172	NM_001005329.2	0.13519	0.1312728
OR51A7	2.5439e-06	NM_001004749.2	0.079067	0.0790644561
OR51B2	0.012734	NM_033180.5	0.32319	0.31045599999999995
OR51B4	0.00069519	NM_033179.2	0.36237	0.36167481
OR51B6	6.6815e-05	NM_001004750.1	0.30903	0.30896318500000003
OR51D1	0.0045855	NM_001004751.3	0.000603	0.0039825
OR51E1	0.0030352	NM_152430.4	9.8239e-05	0.002936961
OR51E2	0.00015308	NM_030774.4	2.2233e-05	0.000130847
OR51F1	0.030324	NM_001004752.2	0.4945	0.464176
OR51F2	4.1263e-07	NM_001004753.2	0.3563	0.35629958737
OR51G1	0.001192	NM_001005237.1	0.021552	0.020360000000000003
OR51G2	0.0036881	NM_001005238.2	1.0616e-05	0.003677484
OR51I1	0.00085828	NM_001005288.3	0.071956	0.07109772
OR51I2	0.036748	NM_001004754.3	0.031478	0.005270000000000004
OR51L1	0.00090531	NM_001004755.2	0.12514	0.12423469
OR51M1	0.0045344	NM_001004756.3	0.31641	0.31187560000000003
OR51Q1	7.9022e-05	NM_001004757.2	0.11508	0.115000978
OR51S1	0.00028152	NM_001004758.1	0.24122	0.24093847999999998
OR51T1	1.6162e-05	NM_001004759.3	0.049566	0.049549838
OR51V1	0.0015772	NM_001004760.3	6.0221e-06	0.0015711778999999999
OR52A1	0.0041328	NM_012375.3	1.9581e-05	0.0041132189999999996
OR52A5	6.906e-06	NM_001005160.3	1.658e-05	9.674000000000001e-06
OR52B2	1.4968e-08	NM_001004052.1	4.1862e-08	2.6894000000000002e-08
OR52B4	5.257e-07	NM_001005161.3	0.30241	0.30240947430000004
OR52B6	0.0039544	NM_001005162.2	0.071696	0.0677416
OR52D1	0.00055635	NM_001005163.2	0.016761	0.01620465
OR52E2	0.096208	NM_001005164.2		
OR52E4	5.593e-07	NM_001005165.2	0.00085488	0.0008543207
OR52E6	0.19683	NM_001005167.2	0.29275	0.09592
OR52E8	0.38077	NM_001005168.3	0.29275	0.08801999999999999
OR52H1	0.0046856	NM_001005289.5	0.054291	0.0496054
OR52I1	0.11857	NM_001005169.1	0.11077	0.007800000000000001
OR52J3	4.9269e-06	NM_001001916.2		
OR52K1	1.9319e-08	NM_001005171.3	3.1646e-06	3.1452810000000003e-06
OR52K2	5.6952e-07	NM_001005172.2	0.00032338	0.00032281048
OR52L1	1.8725e-05	NM_001005173.3	2.0412e-05	1.6869999999999993e-06
OR52M1	5.5596e-09	NM_001004137.1	4.7049e-06	4.699340399999999e-06
OR52N1	0.1118	NM_001001913.2	0.002373	0.109427
OR52N4	5.132e-06	NM_001005175.5	9.0407e-06	3.9086999999999995e-06
OR52N5	5.284e-05	NM_001385662.1	0.38974	0.38968716
OR52R1	2.6505e-08	NM_001005177.3	0.59298	0.592979973495
OR52W1	0.00066442	NM_001005178.1	0.013499	0.01283458
OR56A1	0.00055987	NM_001388488.1		
OR56A3	2.9344e-09	NM_001003443.3	6.0079e-10	2.33361e-09
OR56A4	0.0084121	NM_001005179.4	0.0083854	2.670000000000103e-05
OR56A5		NM_001146033.1	0.00178	
OR56B1	1.0582e-09	NM_001005180.3	7.0842e-06	7.0831418e-06
OR56B4	8.0533e-06	NM_001005181.2	0.12575	0.1257419467
ORAI2	0.20459	NM_001126340.3	0.0082549	0.19633509999999998
ORAI3	0.034454	NM_152288.3	4.4843e-06	0.034449515699999995
ORC1	1.7297e-14	NM_004153.4	8.5922e-10	8.59202703e-10
ORC2	0.84443	NM_006190.5	0.58481	0.25961999999999996
ORC3	1.617e-09	NM_012381.4	0.0034937	0.003493698383
ORC4	7.5667e-13	NM_181741.4	0.0050398	0.00503979999924333
ORC5	2.115e-06	NM_002553.4	0.61898	0.618977885
ORC6	3.3618e-07	NM_014321.4	1.3973e-10	3.3604026999999996e-07
ORM1	1.1456e-05	NM_000607.4	0.0017058	0.001694344
ORM2	2.0003e-06	NM_000608.4	3.3048e-05	3.10477e-05
ORMDL1	0.12321	NM_016467.5	0.012706	0.110504
ORMDL2	0.19417	NM_014182.5	0.00069964	0.19347036
ORMDL3	0.78329	NM_139280.4	0.16547	0.61782
OS9	2.8559e-09	NM_006812.4	8.3961e-13	2.85506039e-09
OSBP	0.99855	NM_002556.3	1.0	0.0014499999999999513
OSBP2	0.00043434	NM_030758.4	5.1782e-16	0.0004343399999994822
OSBPL1A	2.576e-07	NM_080597.4	1.0698e-12	2.575989302e-07
OSBPL2	0.13102	NM_144498.4	0.99659	0.86557
OSBPL3	1.585e-06	NM_015550.4	8.6411e-08	1.498589e-06
OSBPL5	4.6494e-06	NM_020896.4	2.1817e-18	4.649399999997818e-06
OSBPL6	0.99999	NM_032523.4	0.99304	0.006950000000000012
OSBPL7	0.0028675	NM_145798.3	2.5065e-11	0.002867499974935
OSBPL8	0.010518	NM_020841.5	0.017381	0.006863000000000001
OSBPL9	0.97558	NM_024586.6	0.99996	0.024379999999999957
OSBPL10	3.3256e-07	NM_017784.5	2.7662e-09	3.297938e-07
OSBPL11	0.83432	NM_022776.5	0.99263	0.15831000000000006
OSCAR	0.00033644	NM_133169.6	2.2293e-09	0.0003364377707
OSCP1	7.0317e-10	NM_145047.5	4.7894e-09	4.08623e-09
OSER1	0.0028566	NM_016470.8	0.018709	0.0158524
OSGEP	7.0838e-08	NM_017807.4	1.4701e-09	6.93679e-08
OSGEPL1	6.7346e-05	NM_022353.3	4.4549e-06	6.28911e-05
OSGIN1	1.5746e-11	NM_182981.3	6.647e-08	6.6454254e-08
OSGIN2	0.59345	NM_001126111.3	0.99534	0.40188999999999997
OSM	0.58916	NM_020530.6	0.55327	0.03588999999999998
OSMR	9.2144e-18	NM_003999.3	9.5168e-20	9.119232e-18
OSR1	0.86296	NM_145260.3	0.98054	0.11758000000000002
OSR2	0.13046	NM_001142462.3	0.66415	0.53369
OST4	0.38665	NM_001134693.2	0.027263	0.359387
OSTC	0.018353	NM_021227.4	0.00048532	0.01786768
OSTF1	0.001656	NM_012383.5	0.019356	0.0177
OSTM1	0.011293	NM_014028.4	2.6526e-05	0.011266473999999999
OSTN	0.00053727	NM_198184.2	0.014535	0.01399773
OTOA	3.0274e-10	NM_144672.4	8.5242e-16	3.0273914758e-10
OTOF	5.3804e-39	NM_194248.3	5.4095e-65	5.3804e-39
OTOG	6.6065e-37	NM_001292063.2	1.5276e-96	6.6065e-37
OTOGL	4.7009e-52	NM_001378609.3	3.7714999999999996e-65	4.700899999999623e-52
OTOL1	1.4999e-15	NM_001080440.1	4.5485e-11	4.5483500099999995e-11
OTOP1	4.8437e-24	NM_177998.3	6.9015e-25	4.15355e-24
OTOP2	3.5925e-14	NM_178160.3	5.0848e-13	4.72555e-13
OTOP3	3.6938e-11	NM_001272005.2	5.9693e-12	3.0968699999999997e-11
OTOR	0.0048775	NM_020157.4	0.00047268	0.00440482
OTOS	2.0966e-05	NM_148961.4	5.8315e-06	1.5134499999999999e-05
OTP	0.74039	NM_032109.3	0.59316	0.14722999999999997
OTUB1	0.97107	NM_017670.3	0.91903	0.052039999999999975
OTUB2	4.5366e-11	NM_023112.4	0.0006201	0.0006200999546339999
OTUD1	0.65091	NM_001145373.3	0.00034806	0.65056194
OTUD3	3.5645e-05	NM_015207.2	0.0029379	0.002902255
OTUD4	0.99997	NM_001366057.1	1.0	2.999999999997449e-05
OTUD6B	1.2841e-07	NM_016023.5	1.4689e-06	1.34049e-06
OTUD7A	0.95249	NM_001382637.1	1.0	0.04751000000000005
OTUD7B	0.011339	NM_020205.4	0.87046	0.859121
OTULIN		NM_138348.6	0.14159	
OTULINL		NM_019018.3	2.3018e-14	
OTX1	0.85508	NM_014562.4	0.97418	0.1191000000000001
OTX2	0.92344	NM_021728.4	0.9998	0.07635999999999998
OVCA2	1.2811e-06	NM_080822.3	3.314e-10	1.2807686e-06
OVCH2	2.5933e-35	NM_198185.7	4.7196e-31	4.71934067e-31
OVGP1	0.00067299	NM_002557.4	0.0002829	0.00039009000000000005
OVOL1	0.87808	NM_004561.4	0.007955	0.8701249999999999
OVOL2	0.70889	NM_021220.4	0.00024182	0.7086481800000001
OVOL3	0.0011868	NM_001302757.2	4.4035e-09	0.0011867955965
OXA1L	1.8749e-10	NM_005015.5	9.4745e-11	9.274499999999999e-11
OXCT1	0.0047279	NM_000436.4	0.96509	0.9603621
OXCT2	2.7337e-07	NM_022120.2		
OXGR1	4.9619e-05	NM_001346194.2	1.2165e-06	4.84025e-05
OXLD1	0.26634	NM_001039842.3	2.9748e-06	0.2663370252
OXNAD1	4.4226e-08	NM_138381.5	1.1721e-11	4.4214279e-08
OXR1	0.84148	NM_001198533.2	0.99064	0.14915999999999996
OXSM	2.4742e-05	NM_017897.3	7.5929e-05	5.1186999999999996e-05
OXSR1	0.77444	NM_005109.3	0.91366	0.13922
OXT	0.71197	NM_000915.4	2.0081e-06	0.7119679919
OXTR	0.00071066	NM_000916.4	3.1729e-07	0.00071034271
P2RX1	6.7632e-11	NM_002558.4	1.3244e-12	6.63076e-11
P2RX2	9.6508e-13	NM_170682.4	1.1818e-17	9.65068182e-13
P2RX3	1.0318e-06	NM_002559.5	3.0196e-11	1.031769804e-06
P2RX4	4.9835e-12	NM_002560.3	2.3455e-11	1.8471500000000002e-11
P2RX5	2.8546e-13	NM_002561.4	1.4475e-11	1.4189540000000001e-11
P2RX6	4.468e-09	NM_005446.5	4.5257e-26	4.468e-09
P2RX7	3.3344e-11	NM_002562.6	4.3245e-13	3.291155e-11
P2RY1	0.51522	NM_002563.5	0.0020437	0.5131763
P2RY2	0.084245	NM_002564.4	0.13659	0.05234499999999999
P2RY6	1.5307e-06	NM_001277204.2	1.5235e-08	1.515465e-06
P2RY11	0.0077062	NM_002566.5	0.0050183	0.0026879
P2RY12	0.0016859	NM_022788.5	0.082724	0.0810381
P2RY13	0.00030364	NM_176894.3	0.61354	0.6132363599999999
P2RY14	0.00054873	NM_014879.4	0.0012867	0.00073797
P3H1		NM_022356.4	2.1581999999999997e-22	
P3H2		NM_018192.4	3.7084000000000005e-19	
P3H3		NM_014262.5	3.0753e-22	
P3H4		NM_006455.3	2.5673e-15	
P3R3URF		NM_001328655.2	0.017658	
P4HA1	0.93166	NM_001017962.3	0.98488	0.053219999999999934
P4HA2	1.9699e-06	NM_001017974.2	2.73e-06	7.601000000000001e-07
P4HA3	7.8011e-10	NM_182904.5	5.9514e-14	7.80050486e-10
P4HB	0.99662	NM_000918.4	0.65156	0.3450599999999999
P4HTM	3.9204e-09	NM_177939.3	1.2041e-06	1.2001796e-06
PA2G4	0.99876	NM_006191.3	1.0	0.0012400000000000189
PAAF1	6.0412e-11	NM_025155.3	9.913e-10	9.308880000000001e-10
PABIR1		NM_138333.5	0.98981	
PABPC1	0.99601	NM_002568.4	1.0	0.003990000000000049
PABPC1L	0.00043212	NM_001372179.1	0.028055	0.02762288
PABPC3	8.4423e-15	NM_030979.3	2.3246e-15	6.117700000000001e-15
PABPC4	0.99905	NM_001135653.2	1.0	0.0009500000000000064
PABPC4L	0.00053305	NM_001114734.2	0.046094	0.04556095
PABPN1	0.39216	NM_004643.4	0.99939	0.6072299999999999
PACC1		NM_018252.3	1.4301e-09	
PACRG	2.4288e-07	NM_001080379.2	3.7175e-10	2.4250825e-07
PACRGL	1.2636e-12	NM_001258345.3	1.4703e-08	1.4701736399999999e-08
PACS1	0.99999	NM_018026.4	1.0	9.99999999995449e-06
PACS2	0.99583	NM_001100913.3	0.33356	0.6622699999999999
PACSIN1	0.99887	NM_020804.5	0.99961	0.0007399999999999629
PACSIN2	0.21345	NM_001184970.3	0.88079	0.6673399999999999
PACSIN3	0.0018909	NM_016223.5	1.4588e-07	0.00189075412
PADI1	2.0388e-15	NM_013358.3	1.911e-16	1.8477e-15
PADI2	4.9471e-11	NM_007365.3	1.2121e-18	4.94709987879e-11
PADI3	2.3615e-10	NM_016233.2	6.5376e-12	2.296124e-10
PADI4	4.6001e-16	NM_012387.3	2.3688e-10	2.3687953999000004e-10
PADI6		NM_207421.4	2.6604e-18	
PAEP	3.1109e-08	NM_002571.4	1.0089e-11	3.1098911e-08
PAF1	0.00016932	NM_019088.4	0.023941	0.02377168
PAFAH1B1	0.99995	NM_000430.4	1.0	4.999999999999449e-05
PAFAH1B2	0.93401	NM_002572.4	0.72615	0.20786000000000004
PAFAH1B3	0.0024816	NM_002573.4	0.00022528	0.00225632
PAFAH2	3.8282e-09	NM_000437.4	8.8135e-11	3.740065e-09
PAG1	0.017764	NM_018440.4	2.0274e-05	0.017743725999999998
PAGR1	0.74265	NM_024516.4	3.711e-08	0.7426499628900001
PAH	6.4046e-23	NM_000277.3	9.094700000000001e-20	9.0882954e-20
PAICS	2.7905e-05	NM_001079524.2	0.39724	0.397212095
PAIP1	0.99884	NM_006451.5	0.00086998	0.9979700199999999
PAIP2	0.55414	NM_016480.5	0.55472	0.0005800000000000249
PAIP2B	0.0014573	NM_020459.1	0.00043025	0.0010270499999999998
PAK1	0.0013306	NM_002576.5	0.05959	0.058259399999999996
PAK1IP1	0.36265	NM_017906.3	0.00015912	0.36249087999999996
PAK2	0.97169	NM_002577.4	0.83414	0.13755000000000006
PAK5		NM_177990.4	1.0	
PALB2	3.0379000000000004e-19	NM_024675.4	1.2379000000000001e-19	1.8000000000000003e-19
PALD1	3.065e-15	NM_014431.3	4.9448e-10	4.94476935e-10
PALLD	5.2547e-06	NM_001166108.2	1.3451e-05	8.196300000000001e-06
PALM	0.51902	NM_002579.3	0.0015446	0.5174754
PALM3	0.48446	NM_001145028.2	1.3748e-08	0.484459986252
PALMD	0.00033855	NM_017734.5	3.6804e-05	0.00030174600000000003
PALS1		NM_022474.4	0.0085292	
PALS2		NM_001303037.2	0.017152	
PAM	6.934e-06	NM_001177306.2	0.00064172	0.000634786
PAM16	0.23509	NM_016069.11	0.007929	0.227161
PAMR1	6.2624e-32	NM_001001991.3	2.4564e-23	2.4563999937376e-23
PAN2	0.93596	NM_014871.6	1.6351e-06	0.9359583649000001
PAN3	0.99999	NM_175854.8	1.0	9.99999999995449e-06
PANK1	0.0026757	NM_148977.3	0.0068689	0.004193199999999999
PANK2	7.4034e-07	NM_001386393.1	4.521e-11	7.4029479e-07
PANK3	4.5167e-05	NM_024594.4	0.021732	0.021686833000000003
PANK4	0.98325	NM_018216.4	0.00040408	0.9828459199999999
PANX1	2.4684e-06	NM_015368.4	1.1418e-06	1.3266e-06
PANX2	4.4188e-06	NM_052839.4	1.1548e-09	4.4176452e-06
PANX3	3.9672e-05	NM_052959.3	0.00066338	0.0006237079999999999
PAOX	4.8573e-09	NM_152911.4	5.4296e-13	4.85675704e-09
PAPLN	7.489499999999999e-38	NM_001365906.3	1.5708e-51	7.489499999999843e-38
PAPOLA	0.99998	NM_032632.5	1.0	2.0000000000020002e-05
PAPOLB	0.0023083	NM_020144.5	9.5374e-06	0.0022987626
PAPOLG	0.9979	NM_022894.4	0.99638	0.0015199999999999658
PAPPA	0.1613	NM_002581.5	0.99667	0.83537
PAPPA2	7.7879e-08	NM_020318.3	1.3615e-05	1.3537120999999999e-05
PAPSS1	6.3322e-08	NM_005443.5	4.8893e-10	6.283307000000001e-08
PAPSS2	1.9748e-10	NM_001015880.2	6.3954e-14	1.97416046e-10
PAQR3	3.7364e-05	NM_001040202.2	1.4395e-12	3.7363998560499995e-05
PAQR4	1.1796e-06	NM_152341.5	4.1625e-11	1.179558375e-06
PAQR5	0.037162	NM_017705.4	0.010978	0.026184
PAQR6	6.5548e-05	NM_198406.3	1.3398e-11	6.554798660200001e-05
PAQR7	0.00028797	NM_178422.6	0.0077009	0.00741293
PAQR8	0.15149	NM_133367.5	0.00020347	0.15128653
PAQR9	0.1367	NM_198504.4	0.025069	0.11163099999999998
PARD3	0.95577	NM_001184785.2	3.7908e-06	0.9557662092
PARD3B	7.2829e-13	NM_001302769.2	9.037999999999999e-21	7.28289990962e-13
PARD6A	0.0064719	NM_001037281.2	7.3702e-08	0.006471826298
PARD6B	0.92583	NM_032521.3	0.5539	0.3719300000000001
PARD6G	0.095027	NM_032510.4	0.010928	0.08409900000000001
PARG	0.39209	NM_003631.5	0.96455	0.57246
PARK7	0.75335	NM_007262.5	0.0013008	0.7520492
PARL	0.00019181	NM_018622.7	1.8076e-08	0.000191791924
PARM1	0.000869	NM_015393.4	0.0035532	0.0026842
PARN	0.00037303	NM_002582.4	0.002465	0.0020919700000000003
PARP1	0.00033366	NM_001618.4	0.99942	0.99908634
PARP2	2.3289e-13	NM_001042618.2	3.2864e-11	3.2631109999999996e-11
PARP3	1.9738e-14	NM_001003931.4	7.8457e-13	7.648319999999999e-13
PARP4	4.8204e-27	NM_006437.4	1.2271e-13	1.2270999999999517e-13
PARP6	0.99996	NM_001323532.2	0.99857	0.0013900000000000023
PARP8	0.059603	NM_024615.4	0.0044416	0.0551614
PARP9	4.998e-09	NM_001146105.2	9.0986e-10	4.08814e-09
PARP10	1.8208e-08	NM_032789.5	3.3075e-14	1.8207966925e-08
PARP11	6.1763e-09	NM_020367.6	1.9058e-08	1.2881700000000001e-08
PARP12	9.2524e-08	NM_022750.4	5.4256e-17	9.252399994574401e-08
PARP14	0.0067415	NM_017554.3	0.99997	0.9932285000000001
PARP15	6.7366e-09	NM_001113523.3	2.6998e-13	6.73633002e-09
PARP16	2.9939e-10	NM_001316943.2	4.8641e-10	1.8702e-10
PARPBP	1.1929e-16	NM_017915.5	0.00030809	0.0003080899999998807
PARS2	0.0041217	NM_152268.4	8.5003e-06	0.0041131996999999995
PARVA	0.40854	NM_018222.5	0.18884	0.2197
PARVB	2.3813e-13	NM_013327.5	1.505e-08	1.504976187e-08
PARVG	1.4217e-05	NM_022141.7	5.0676e-10	1.421649324e-05
PASK	1.952e-21	NM_015148.4	1.5221e-32	1.9519999999847793e-21
PATE1	7.3818e-09	NM_138294.3	1.7504e-10	7.20676e-09
PATE2	0.0005579	NM_212555.3	0.0071272	0.0065693
PATE3	0.047274	NM_001129883.4	0.015278	0.031996
PATE4	0.0014234	NM_001144874.1	1.8812e-06	0.0014215188
PATJ		NM_001350145.3	2.4724e-20	
PATL1	0.964	NM_152716.3	1.0	0.03600000000000003
PATL2	1.21e-11	NM_001387263.1	3.9477e-23	1.2099999999960524e-11
PATZ1	0.99598	NM_014323.3	0.99999	0.004010000000000069
PAWR	0.089515	NM_002583.4	0.00041854	0.08909646
PAX1	0.70019	NM_001257096.2	0.00067656	0.6995134399999999
PAX2	0.66999	NM_000278.5	0.99743	0.32744000000000006
PAX3	0.24063	NM_181458.4	0.99985	0.75922
PAX4	0.00042273	NM_001366110.1	1.3428e-09	0.0004227286572
PAX5	0.99798	NM_016734.3	0.99992	0.0019400000000000528
PAX6	0.99975	NM_001368894.2	1.0	0.00024999999999997247
PAX7	0.14469	NM_001135254.2	0.97674	0.8320500000000001
PAX8	0.99869	NM_003466.4	0.99965	0.0009600000000000719
PAX9	0.30866	NM_001372076.1	0.99608	0.6874199999999999
PAXBP1	0.99999	NM_016631.4	0.99979	0.000200000000000089
PAXIP1	1.0	NM_007349.4	1.0	0.0
PAXX		NM_183241.3	8.4169e-10	
PBK	1.2188e-06	NM_018492.4	0.43364	0.43363878120000005
PBLD	2.3448e-11	NM_022129.4	4.0552e-05	4.0551976552e-05
PBOV1		NM_021635.3	0.12331	
PBX1	0.99527	NM_002585.4	1.0	0.004730000000000012
PBX2	0.99532	NM_002586.5	0.99974	0.0044199999999999795
PBX3	0.36301	NM_006195.6	0.99981	0.6368
PBX4	5.2605e-05	NM_025245.3	1.1107e-07	5.2493930000000004e-05
PBXIP1	9.7925e-11	NM_020524.4	2.8842e-24	9.792499999999712e-11
PC	0.013834	NM_001040716.2	0.065118	0.051283999999999996
PCARE		NM_001029883.3	1.0024999999999999e-21	
PCBD1	0.00033216	NM_000281.4	1.3794e-05	0.000318366
PCBD2	0.026044	NM_032151.5	0.0013078	0.0247362
PCBP1	0.90945	NM_006196.4	0.99985	0.09040000000000004
PCBP2	0.99617	NM_031989.5	1.0	0.00383
PCBP3	0.84326	NM_001384156.1	0.030803	0.812457
PCBP4	0.0023713	NM_001174100.2	0.0010909	0.0012804
PCCA	3.1345e-15	NM_000282.4	4.8464e-05	4.84639999968655e-05
PCCB	1.53e-08	NM_000532.5	0.00011332	0.0001133047
PCDH1	0.99838	NM_032420.5	0.99937	0.0009899999999999354
PCDH8	3.424e-05	NM_002590.4	2.3378e-11	3.4239976621999995e-05
PCDH9	0.80865	NM_203487.3	0.99993	0.19128
PCDH10	0.89066	NM_032961.3	1.0	0.10933999999999999
PCDH12	2.8508e-13	NM_016580.4	2.2416e-08	2.241571492e-08
PCDH15	8.028300000000001e-25	NM_001384140.1	8.4349e-24	7.63207e-24
PCDH17	0.64056	NM_001040429.3	0.99988	0.35932
PCDH18	0.12675	NM_019035.5	6.7426e-05	0.126682574
PCDHA1	6.0001e-08	NM_018900.4	1.5523e-09	5.844869999999999e-08
PCDHA2	1.0354e-23	NM_018905.3	3.3883e-17	3.3882989646e-17
PCDHA3	8.3984e-16	NM_018906.3	1.0716e-08	1.071599916016e-08
PCDHA4	1.9754e-23	NM_018907.4	2.3389e-13	2.33889999980246e-13
PCDHA5	5.8373e-08	NM_018908.3	4.2578e-10	5.794722e-08
PCDHA6	3.6156e-11	NM_018909.4	3.6154e-16	3.615563846e-11
PCDHA7	4.98e-09	NM_018910.3	3.4728e-08	2.9748e-08
PCDHA8	1.2881e-18	NM_018911.3	2.1256e-15	2.1243119e-15
PCDHA9	1.8891e-24	NM_031857.2	1.0356000000000001e-20	1.03541109e-20
PCDHA10	4.0942e-14	NM_018901.4	2.6816e-11	2.6775057999999997e-11
PCDHA11	5.4635e-17	NM_018902.5	9.6197e-18	4.50153e-17
PCDHA12	2.4185e-13	NM_018903.4	2.8611e-11	2.8369150000000002e-11
PCDHA13	2.4469e-14	NM_018904.3	3.568e-15	2.0900999999999998e-14
PCDHAC1	7.5673e-11	NM_018898.5	7.3464e-10	6.589669999999999e-10
PCDHAC2	0.93114	NM_018899.6	0.98068	0.04954000000000003
PCDHB1	7.528e-11	NM_013340.4	6.2744e-15	7.52737256e-11
PCDHB2	6.7312e-07	NM_018936.4	0.29297	0.29296932688
PCDHB3	1.5891e-07	NM_018937.5	0.29912	0.29911984109
PCDHB4	7.0275e-12	NM_018938.4	0.11829	0.1182899999929725
PCDHB5	2.4736e-06	NM_015669.5	0.32512	0.3251175264
PCDHB6	1.7745e-10	NM_018939.4		
PCDHB7	8.0848e-18	NM_018940.4	0.32919	0.32919
PCDHB8	1.3226e-06	NM_019120.5	0.13135	0.1313486774
PCDHB9		NM_019119.5	0.32296	
PCDHB10	1.3058e-05	NM_018930.4	0.12112	0.12110694200000001
PCDHB11	5.8173e-10	NM_018931.3	0.29959	0.29958999941827
PCDHB12	1.2331e-07	NM_018932.4	0.29275	0.29274987669
PCDHB13	4.4828e-12	NM_018933.4	0.11322	0.1132199999955172
PCDHB14	4.5527e-14	NM_018934.4	0.055839	0.055838999999954474
PCDHB15	9.7376e-12	NM_018935.4	0.34754	0.3475399999902624
PCDHB16	5.5748e-08	NM_020957.4		
PCDHGA2	5.4715e-16	NM_018915.4	7.615e-09	7.614999452850001e-09
PCDHGA3	4.6058e-08	NM_018916.4	5.0749e-09	4.09831e-08
PCDHGA8	4.2794e-18	NM_032088.2	6.8147e-11	6.81469957206e-11
PCDHGA10	1.1725e-06	NM_018913.3	4.6437e-09	1.1678563e-06
PCDHGA11	1.267e-08	NM_018914.3	3.8701e-08	2.6030999999999997e-08
PCDHGA12	1.423e-06	NM_003735.3	3.0473e-10	1.42269527e-06
PCDHGB1	9.479e-05	NM_018922.3	1.7422e-06	9.304780000000001e-05
PCDHGB7	1.5509e-05	NM_018927.4	2.3595e-05	8.086e-06
PCDHGC3	0.12536	NM_002588.4	0.2063	0.08094000000000001
PCDHGC4	0.98025	NM_018928.3	1.0	0.019750000000000045
PCDHGC5	8.8338e-06	NM_018929.3	0.38545	0.3854411662
PCED1A	0.092448	NM_022760.6	0.013378	0.07907
PCED1B		NM_138371.3	0.12088	
PCGF1	0.99713	NM_032673.3	0.99754	0.00041000000000002146
PCGF2	0.86397	NM_007144.3	0.99687	0.13290000000000002
PCGF5	0.98007	NM_032373.5	0.98799	0.007920000000000038
PCGF6	5.1527e-05	NM_001011663.2	0.0001191	6.7573e-05
PCID2	5.2663e-13	NM_001127202.4	8.1105e-05	8.110499947337001e-05
PCIF1	0.99999	NM_022104.4	1.0	9.99999999995449e-06
PCK1	8.7476e-15	NM_002591.4	6.458e-13	6.370524000000001e-13
PCK2	1.7471e-23	NM_004563.4	1.2732e-16	1.27319982529e-16
PCLAF		NM_014736.6	0.014648	
PCLO	1.0	NM_033026.6	1.0	0.0
PCM1	3.7067e-16	NM_006197.4	2.9881e-12	2.98772933e-12
PCMT1	0.78453	NM_001360452.2	0.72993	0.05459999999999998
PCMTD1	0.26735	NM_052937.4	0.99682	0.7294700000000001
PCMTD2	0.0079948	NM_018257.3	0.014589	0.0065942
PCNA	0.97606	NM_182649.2	0.99498	0.018919999999999937
PCNP	0.78553	NM_020357.3	0.42966	0.35586999999999996
PCNT	4.0172e-58	NM_006031.6	1.9599e-84	4.0172e-58
PCNX1		NM_014982.3	1.0	
PCNX2		NM_014801.4	6.6644e-41	
PCNX3		NM_032223.4	1.0	
PCNX4		NM_001330177.2	1.3206999999999998e-28	
PCOLCE	5.8392e-05	NM_002593.4	7.4317e-09	5.83845683e-05
PCOLCE2	5.4571e-11	NM_013363.4	0.0004647	0.000464699945429
PCP2	3.0021e-05	NM_174895.3	3.1009e-10	3.002068991e-05
PCP4	0.0021696	NM_006198.3	0.11608	0.11391040000000001
PCP4L1	0.052717	NM_001102566.2	0.00021692	0.05250008
PCSK1	2.745e-09	NM_000439.5	3.1448e-06	3.1420549999999998e-06
PCSK2	0.99853	NM_002594.5	1.0	0.0014699999999999713
PCSK5	2.5352e-12	NM_001372043.1	2.8247e-16	2.53491753e-12
PCSK6	5.3148e-13	NM_002570.5	7.117100000000001e-20	5.31479928829e-13
PCSK7	0.0041859	NM_004716.4	9.311e-07	0.004184968900000001
PCSK9	2.7059e-17	NM_174936.4	1.1172e-20	2.7047828e-17
PCTP	8.7596e-12	NM_021213.4	4.9065e-07	4.906412404e-07
PCYOX1	2.2481e-15	NM_016297.4	2.4721e-12	2.4698519e-12
PCYOX1L	6.5627e-11	NM_024028.4	6.1124e-13	6.501576e-11
PCYT1A	2.024e-05	NM_001312673.2	0.019229	0.01920876
PCYT2	0.0008643	NM_002861.5	2.7339e-08	0.000864272661
PDAP1	0.049626	NM_014891.7	0.0035503	0.046075700000000004
PDC	0.00010134	NM_002597.5	0.00064098	0.00053964
PDCD1	0.41706	NM_005018.3	0.029638	0.387422
PDCD1LG2	1.203e-05	NM_025239.4	1.2809e-10	1.202987191e-05
PDCD2	3.8955e-07	NM_002598.4	1.656e-13	3.895498344e-07
PDCD2L	8.4791e-07	NM_032346.2	9.5048e-12	8.479004952e-07
PDCD4	3.3572e-07	NM_014456.5	0.0012743	0.00127396428
PDCD5	0.0036424	NM_004708.4	2.5921e-07	0.00364214079
PDCD6	0.0088799	NM_013232.4	0.17294	0.16406010000000001
PDCD6IP	0.70554	NM_013374.6	0.18774	0.5177999999999999
PDCD7	8.5544e-06	NM_005707.2	2.4442e-14	8.554399975558001e-06
PDCD10	0.96197	NM_007217.4	0.6364	0.32557
PDCD11	3.2929e-16	NM_014976.2	1.0676e-07	1.0675999967071e-07
PDCL	0.30486	NM_005388.5	0.44049	0.13562999999999997
PDCL2	0.0014645	NM_152401.3	0.0069177	0.0054532
PDCL3	8.2348e-06	NM_024065.5	1.1018e-07	8.12462e-06
PDE1B	0.33646	NM_000924.4	0.99998	0.66352
PDE1C	5.3913e-09	NM_001191057.4	1.1021e-09	4.2892e-09
PDE2A	0.631	NM_002599.5	0.015822	0.615178
PDE3A	0.00019291	NM_000921.5	3.0362e-05	0.000162548
PDE3B	5.7226e-05	NM_000922.4	6.909e-09	5.7219091e-05
PDE4A	0.98167	NM_001111307.2	0.99976	0.01808999999999994
PDE4B	0.4746	NM_002600.4	0.99999	0.52539
PDE4D	0.9998	NM_001104631.2	0.9999	9.999999999998899e-05
PDE5A	0.00010643	NM_001083.4	0.0064875	0.00638107
PDE6A	6.5775e-25	NM_000440.3	5.867e-17	5.866999934225e-17
PDE6B	2.6155e-27	NM_000283.4	7.352900000000001e-27	4.737400000000001e-27
PDE6C	2.323e-16	NM_006204.4	3.3177e-14	3.29447e-14
PDE6D	0.006423	NM_002601.4	0.22718	0.22075699999999998
PDE6G	0.013418	NM_002602.4	0.00062873	0.01278927
PDE6H	0.0082921	NM_006205.3	0.005109	0.0031831000000000003
PDE7A	0.0045645	NM_001242318.3	0.0019011	0.0026634
PDE7B	0.54578	NM_018945.4	0.19231	0.35347000000000006
PDE8A	0.00011503	NM_002605.3	0.030488	0.030372970000000003
PDE8B	0.99905	NM_003719.5	1.0	0.0009500000000000064
PDE9A	0.0045595	NM_002606.3	6.3141e-10	0.00455949936859
PDE10A	0.99986	NM_001385079.1	0.99932	0.0005399999999999849
PDE11A	8.6896e-37	NM_016953.4	2.8852e-08	2.8852e-08
PDE12	0.044374	NM_177966.7	0.0001511	0.044222899999999996
PDF	5.8706e-06	NM_022341.2	9.7694e-17	5.870599999902306e-06
PDGFB	0.77006	NM_002608.4	0.98841	0.21835000000000004
PDGFC	0.99374	NM_016205.3	0.97589	0.01784999999999992
PDGFD	0.0017145	NM_025208.5	5.6513e-07	0.00171393487
PDGFRA	1.0	NM_006206.6	1.0	0.0
PDGFRB	0.9041	NM_002609.4	0.93843	0.03432999999999997
PDGFRL	1.1787e-14	NM_001372073.1	1.4276e-15	1.03594e-14
PDHA2	3.9282e-09	NM_005390.5	0.52437	0.5243699960718
PDHB	0.15201	NM_000925.4	0.78728	0.63527
PDHX	9.7242e-05	NM_003477.3	0.0014274	0.001330158
PDIA2	8.4515e-33	NM_006849.4	3.7197e-32	2.8745499999999996e-32
PDIA3	0.99608	NM_005313.5	0.99706	0.0009799999999999809
PDIA4	0.077979	NM_004911.5	0.00086438	0.07711462000000001
PDIA5	1.1464e-09	NM_006810.4	2.9173e-09	1.7708999999999997e-09
PDIA6	0.24911	NM_005742.4	0.38281	0.13369999999999999
PDIK1L	0.26436	NM_152835.5	0.91865	0.65429
PDILT	1.2202e-05	NM_174924.2	7.6165e-12	1.2201992383499999e-05
PDK1	1.0963e-05	NM_002610.5	7.8521e-05	6.7558e-05
PDK2	3.7102e-06	NM_002611.5	1.9791e-07	3.51229e-06
PDK4	9.142e-12	NM_002612.4	0.0037822	0.003782199990858
PDLIM1	0.0014717	NM_020992.4	1.4863e-05	0.001456837
PDLIM3	3.032e-07	NM_014476.6	9.9167e-07	6.8847e-07
PDLIM4	0.98283	NM_003687.4	0.00084434	0.98198566
PDLIM5	0.0016769	NM_006457.5	0.014722	0.0130451
PDLIM7	0.70838	NM_005451.5	4.1395e-08	0.708379958605
PDP1	0.45106	NM_018444.4	0.93914	0.48807999999999996
PDP2	8.1837e-05	NM_020786.4	9.2777e-07	8.090923e-05
PDPK1	0.98013	NM_002613.5	0.9997	0.019570000000000087
PDPN	0.00032048	NM_006474.5	0.7337	0.7333795200000001
PDPR	9.3527e-09	NM_017990.5	4.2047e-10	8.932229999999999e-09
PDRG1	0.00025916	NM_030815.3	4.4277e-05	0.00021488299999999997
PDS5A	1.0	NM_001100399.2	0.95998	0.040019999999999945
PDS5B	1.0	NM_015032.4	0.98231	0.017689999999999984
PDSS1	3.2449e-08	NM_014317.5	5.7001e-07	5.37561e-07
PDSS2	4.3743e-08	NM_020381.4	0.0040573	0.004057256257
PDX1	0.017775	NM_000209.4	0.0033698	0.0144052
PDXDC1	3.4641e-12	NM_015027.4	0.00080327	0.0008032699965359
PDXK	0.74906	NM_003681.5	0.77098	0.02192000000000005
PDXP	0.25559	NM_020315.5	2.6827e-07	0.25558973173
PDYN	0.00017033	NM_024411.5	0.49225	0.49207967
PDZD2	0.99694	NM_178140.4	0.99236	0.0045800000000000285
PDZD7	7.6433e-10	NM_001195263.2	2.6172999999999998e-21	7.643299999973827e-10
PDZD8	0.99984	NM_173791.5	1.0	0.000160000000000049
PDZD9	0.0028043	NM_001363519.1	0.00020243	0.00260187
PDZK1	1.1586e-09	NM_001201325.2	5.3627e-07	5.351113999999999e-07
PDZK1IP1	0.00091769	NM_005764.4	0.0069255	0.006007810000000001
PDZRN3	0.98471	NM_015009.3	0.3861	0.59861
PDZRN4	9.1425e-07	NM_001164595.2	2.4936e-12	9.142475064e-07
PEA15	0.79212	NM_003768.5	0.99602	0.20389999999999997
PEAK1	0.00086831	NM_001385026.1	0.1001	0.09923169
PEAK3		NM_198532.3	1.1361e-08	
PEAR1	3.4806e-20	NM_001080471.3	1.4395e-34	3.480599999999986e-20
PEBP1	0.09167	NM_002567.4	0.0039754	0.0876946
PEBP4	4.575e-05	NM_144962.3	3.5887e-07	4.539113e-05
PECR	4.0029e-08	NM_018441.6	1.0018e-05	9.977970999999999e-06
PEDS1		NM_199129.4	0.22544	
PEF1	0.00015066	NM_012392.4	0.0045304	0.00437974
PEG3	2.6257e-05	NM_006210.3	3.7251e-05	1.0994e-05
PELI1	0.39038	NM_020651.4	0.9107	0.5203199999999999
PELI2	0.82955	NM_021255.3	0.0003422	0.8292078
PELI3	0.0094922	NM_145065.3	0.0036031	0.0058890999999999995
PELO	0.010494	NM_015946.5	3.5257e-05	0.010458743
PELP1	0.99998	NM_014389.3	0.1841	0.8158799999999999
PEMT	0.23456	NM_148172.3	2.4786e-06	0.2345575214
PENK	0.0002077	NM_001135690.3	3.4109e-09	0.0002076965891
PEPD	1.4633e-14	NM_000285.4	1.1194e-08	1.1193985367e-08
PER1	0.00029308	NM_002616.3	1.6085e-20	0.00029308
PER2	0.7148	NM_022817.3	6.8266e-08	0.714799931734
PER3	1.3661e-17	NM_001377275.1	1.1791e-17	1.87e-18
PERP	0.079462	NM_022121.5	0.0046942	0.07476780000000001
PES1	0.71904	NM_014303.4	0.50236	0.21667999999999998
PET100	0.00035883	NM_001171155.2	9.3657e-06	0.00034946429999999995
PET117	0.032067	NM_001164811.2	0.021293	0.010773999999999999
PEX1	1.0572e-14	NM_000466.3	3.6437e-11	3.6426427999999997e-11
PEX2	0.00025931	NM_000318.3	1.7994e-05	0.00024131600000000002
PEX3	0.016335	NM_003630.3	0.11603	0.09969499999999999
PEX5	5.5557e-05	NM_001351132.2	2.1956e-09	5.5554804399999996e-05
PEX5L	0.0079927	NM_016559.3	0.89353	0.8855373000000001
PEX6	6.253e-06	NM_000287.4	1.1594e-11	6.252988406e-06
PEX7	8.1798e-13	NM_000288.4	0.0018388	0.00183879999918202
PEX10	0.00054204	NM_002617.4	9.5794e-11	0.000542039904206
PEX11A	8.4537e-07	NM_003847.3	0.00011266	0.00011181463
PEX11B	0.00013346	NM_003846.3	0.00040379	0.00027033
PEX11G	5.4033e-08	NM_080662.4	3.5763e-09	5.04567e-08
PEX12	9.4838e-16	NM_000286.3	2.7901e-10	2.7900905162e-10
PEX13	5.8959e-05	NM_002618.4	2.8784e-07	5.8671160000000006e-05
PEX14	0.22566	NM_004565.3	0.90733	0.68167
PEX16	8.2934e-05	NM_004813.4	9.9638e-10	8.293300362e-05
PEX19	0.0003188	NM_002857.4	1.7331e-08	0.000318782669
PEX26	0.93189	NM_001127649.3	0.00037786	0.93151214
PF4	0.043062	NM_002619.4	4.7815e-05	0.043014185
PF4V1	0.00081618	NM_002620.4	0.044031	0.04321482
PFAS	9.8526e-18	NM_012393.3	2.7139000000000003e-19	9.58121e-18
PFDN1	0.84732	NM_002622.5	0.090008	0.757312
PFDN2	0.34971	NM_012394.4	0.63491	0.28519999999999995
PFDN4	0.47588	NM_002623.4	0.34682	0.12906
PFDN5	0.00056773	NM_002624.4	0.0052641	0.00469637
PFDN6	0.93592	NM_001185181.3	0.90338	0.03254000000000001
PFKFB2	2.3914e-07	NM_006212.2	4.0523e-12	2.391359477e-07
PFKFB3	0.24579	NM_004566.4	0.0053351	0.2404549
PFKFB4	2.1422e-09	NM_004567.4	5.8999e-09	3.7577e-09
PFKL	2.702e-17	NM_002626.6	8.2778e-20	2.6937222e-17
PFKM	3.7625e-18	NM_000289.6	9.8978e-10	9.897799962375e-10
PFKP	8.834200000000001e-25	NM_002627.5	3.0419e-26	8.530010000000002e-25
PFN1	0.73258	NM_005022.4	0.98025	0.24766999999999995
PFN2	0.4212	NM_053024.4	0.0038247	0.4173753
PFN3	0.50096	NM_001029886.3	0.00098062	0.49997938
PFN4	0.0016894	NM_199346.3	0.011404	0.009714599999999999
PGA3	0.10495	NM_001079807.4	0.9002	0.79525
PGA5	4.6125e-10	NM_014224.5	1.5257e-07	1.5210875e-07
PGAM1	2.5841e-07	NM_002629.4	3.6445e-07	1.0604000000000002e-07
PGAM2	1.3574e-07	NM_000290.4	1.3381e-08	1.22359e-07
PGAM5	6.4116e-05	NM_001170543.2	3.1519e-09	6.411284809999999e-05
PGAP1	3.1628e-08	NM_024989.4	0.020573	0.020572968372
PGAP2	0.93451	NM_014489.4	0.00010679	0.9344032099999999
PGAP3	0.00194	NM_033419.5	9.5295e-10	0.0019399990470500002
PGAP4		NM_032342.3	0.38151	
PGAP6		NM_021259.3	1.9714e-20	
PGBD1	4.7252e-10	NM_032507.4	6.1657e-07	6.1609748e-07
PGBD2	6.4382e-16	NM_170725.3	0.011675	0.011674999999999356
PGBD4	0.33709	NM_152595.5	0.019931	0.317159
PGBD5	0.0021166	NM_001258311.2	0.99841	0.9962934
PGC	6.752e-11	NM_002630.4	3.9342e-08	3.9274480000000006e-08
PGD	0.98788	NM_002631.4	0.84096	0.14691999999999994
PGF	0.1288	NM_002632.6	0.14869	0.01988999999999999
PGGHG		NM_025092.5	3.6333e-20	
PGGT1B	0.040841	NM_005023.4	0.00090483	0.03993617
PGK2	9.6757e-06	NM_138733.5	0.0049312	0.004921524300000001
PGLS	0.00075276	NM_012088.3	1.0959e-08	0.000752749041
PGLYRP1	1.7919e-05	NM_005091.3	9.3441e-07	1.698459e-05
PGLYRP2	2.6765e-11	NM_052890.4	1.4129e-11	1.2636e-11
PGLYRP3	9.6075e-08	NM_052891.3	5.3904e-15	9.60749946096e-08
PGLYRP4	2.9387e-15	NM_020393.4	1.0911e-10	1.091070613e-10
PGM1	5.0551e-15	NM_002633.3	6.9806e-17	4.9852939999999995e-15
PGM2	5.0352e-12	NM_018290.4	1.06e-06	1.0599949648e-06
PGM2L1	0.02591	NM_173582.6	0.00095241	0.024957589999999998
PGM3	1.4641e-05	NM_015599.3	1.368e-07	1.4504199999999999e-05
PGM5	0.00059096	NM_021965.4	0.015352	0.01476104
PGP	0.16263	NM_001042371.3	0.0085094	0.1541206
PGPEP1	0.0084969	NM_017712.4	1.9708e-05	0.008477192
PGPEP1L	8.7056e-09	NM_001167902.2	0.0014701	0.0014700912944
PGR	0.051042	NM_000926.4	0.72139	0.6703479999999999
PGRMC2	0.6801	NM_006320.6	0.62284	0.05726000000000009
PGS1	1.2572e-11	NM_024419.5	4.6959e-11	3.4387000000000004e-11
PHACTR1	0.63537	NM_030948.6	1.0	0.36463
PHACTR2	1.0378e-06	NM_001100164.2	0.31485	0.3148489622
PHACTR3	0.99687	NM_080672.5	1.0	0.003129999999999966
PHACTR4	2.8359e-06	NM_001048183.3	3.0235e-10	2.8355976499999997e-06
PHAF1		NM_025187.5	0.20176	
PHAX	3.0443e-06	NM_032177.4	3.2843e-08	3.0114569999999998e-06
PHB2	0.0039339	NM_001144831.2	0.16626	0.1623261
PHC1	0.99938	NM_004426.3	1.0	0.0006199999999999539
PHC2	0.54641	NM_001385109.1	0.98064	0.43423
PHC3	1.0	NM_024947.4	1.0	0.0
PHETA1		NM_144671.6	0.019357	
PHETA2		NM_001002034.3	0.00049288	
PHF1	0.99956	NM_024165.3	1.0	0.00043999999999999595
PHF2	1.0	NM_005392.4	1.0	0.0
PHF3	0.99256	NM_001370348.2	1.0	0.007440000000000002
PHF5A	0.86605	NM_032758.4	0.99864	0.13258999999999999
PHF7	0.0010828	NM_016483.7	0.29413	0.2930472
PHF10	0.0002878	NM_018288.4	0.0021125	0.0018246999999999998
PHF11	4.3505e-08	NM_001040443.3	0.054448	0.054447956495000005
PHF12	1.0	NM_001033561.2	1.0	0.0
PHF13	0.98042	NM_153812.3	0.99998	0.019560000000000022
PHF14	0.26533	NM_001007157.2	0.025917	0.23941300000000001
PHF19	0.99946	NM_015651.3	0.99528	0.0041799999999999615
PHF20	0.99875	NM_016436.5	1.0	0.0012499999999999734
PHF20L1	1.0	NM_016018.5	0.22922	0.77078
PHF21A	1.0	NM_001352027.3	1.0	0.0
PHF21B	0.98689	NM_138415.5	0.01104	0.97585
PHF23	0.99774	NM_024297.3	1.0	0.0022600000000000398
PHGDH	0.00013308	NM_006623.4	4.456e-14	0.00013307999995544
PHGR1	0.14245	NM_001145643.2	0.1286	0.013850000000000001
PHIP	1.0	NM_017934.7	1.0	0.0
PHKB	1.5809999999999998e-21	NM_000293.3	1.2179e-07	1.2178999999999842e-07
PHKG1	3.572e-15	NM_006213.5	3.3395e-16	3.23805e-15
PHKG2	0.0038581	NM_000294.3	5.9391e-07	0.00385750609
PHLDA2	0.15046	NM_003311.4	0.015658	0.134802
PHLDA3	0.25036	NM_012396.5	3.1822e-06	0.2503568178
PHLDB1	0.10667	NM_001144758.3	6.4246e-06	0.1066635754
PHLDB2	1.6748e-08	NM_001134438.2	6.546e-12	1.6741454e-08
PHLDB3	3.6204e-21	NM_198850.4	1.4327e-34	3.620399999999857e-21
PHLPP1	0.99927	NM_194449.4	0.22192	0.77735
PHLPP2	1.2128e-06	NM_015020.3	2.9721e-07	9.155900000000001e-07
PHOSPHO1	0.51421	NM_178500.4	0.024147	0.49006299999999997
PHOSPHO2	0.00020018	NM_001008489.4	6.2812e-05	0.00013736800000000002
PHOX2A	0.49018	NM_005169.4	4.5911e-06	0.4901754089
PHOX2B	0.93755	NM_003924.4	0.99227	0.05471999999999999
PHPT1	6.427e-05	NM_014172.6	2.1909e-06	6.20791e-05
PHRF1	0.056521	NM_001286581.2	0.0003517	0.0561693
PHTF1	9.6863e-26	NM_001323043.2	1.4289e-09	1.4289e-09
PHYH	2.3792e-06	NM_006214.4	1.4384e-06	9.408e-07
PHYHD1	4.0371e-13	NM_001100876.2	5.4777e-14	3.48933e-13
PHYHIP	0.85981	NM_014759.5	0.98398	0.12417
PHYHIPL	0.82096	NM_032439.4	0.99612	0.17515999999999998
PHYKPL	4.7744e-14	NM_153373.4	6.732e-12	6.684256e-12
PI3	0.16965	NM_002638.4	0.065968	0.103682
PI4K2B	2.1895e-07	NM_018323.4	1.3012e-07	8.883000000000001e-08
PI4KA	3.1234e-12	NM_058004.4	1.9549e-06	1.9548968766000002e-06
PI4KB	0.86607	NM_001369623.2	0.99993	0.13385999999999998
PI15	0.020554	NM_015886.5	0.0017086	0.018845399999999998
PI16	7.1384e-09	NM_153370.3	1.1496e-11	7.126904e-09
PIANP	0.37791	NM_001244014.2	0.00069196	0.37721804000000003
PIAS1	0.99999	NM_016166.3	1.0	9.99999999995449e-06
PIAS2	0.99718	NM_004671.5	1.0	0.0028200000000000447
PIAS3	0.98499	NM_006099.3	3.5277e-05	0.9849547230000001
PIAS4	0.99986	NM_015897.4	1.0	0.000140000000000029
PIBF1	1.9044e-11	NM_006346.4	1.0889e-07	1.0887095600000001e-07
PICALM	0.99896	NM_007166.4	0.74557	0.25339
PICK1	0.0081806	NM_012407.4	0.00025502	0.00792558
PID1	0.003148	NM_001100818.2	0.042908	0.039760000000000004
PIDD1		NM_145886.4	4.3995e-26	
PIEZO1	3.9379e-21	NM_001142864.4	3.0062e-100	3.9379e-21
PIEZO2	8.0992e-07	NM_001378183.1	2.1757e-15	8.099199978242999e-07
PIF1	1.8307e-16	NM_001286496.2	4.786200000000001e-25	1.8306999952138e-16
PIGB	3.8535e-11	NM_004855.5	0.00032992	0.000329919961465
PIGC	0.0055065	NM_153747.2	0.00095682	0.00454968
PIGF	0.00071995	NM_002643.4	0.67844	0.67772005
PIGG	5.4258e-15	NM_001127178.3	9.856e-20	5.42570144e-15
PIGH	0.2307	NM_004569.5	0.00031596	0.23038403999999998
PIGK	0.0001381	NM_005482.3	0.011288	0.011149899999999999
PIGL	6.178e-09	NM_004278.4	9.8416e-05	9.8409822e-05
PIGM	5.3861e-05	NM_145167.3	0.0073014	0.007247539000000001
PIGN	2.2899999999999997e-21	NM_176787.5	1.5077e-09	1.50769999999771e-09
PIGO	6.1434e-11	NM_032634.4	1.7784e-16	6.143382215999999e-11
PIGP	0.0018935	NM_153682.3	1.2246e-06	0.0018922754
PIGQ	1.3575e-06	NM_004204.5	6.7802e-18	1.3574999999932196e-06
PIGR	0.81331	NM_002644.4	0.99972	0.18641000000000008
PIGS	1.8127e-05	NM_033198.4	4.9218e-06	1.32052e-05
PIGT	7.2959e-10	NM_015937.6	1.0109e-16	7.295898989099999e-10
PIGU	1.9003e-05	NM_080476.5	0.033044	0.033024997
PIGV	1.5131e-08	NM_017837.4	1.771e-06	1.755869e-06
PIGW	1.172e-05	NM_001346754.2	2.9002e-05	1.7282e-05
PIGX	2.3843e-05	NM_017861.4	0.012884	0.012860156999999999
PIGY	0.09724	NM_001042616.3	0.08398	0.013259999999999994
PIGZ	1.2688e-05	NM_025163.4	3.7922e-07	1.230878e-05
PIH1D1	0.0001069	NM_017916.3	3.2174e-07	0.00010657826
PIH1D2	7.5463e-09	NM_138789.4	6.2618e-08	5.50717e-08
PIK3AP1	1.0	NM_152309.3	1.0	0.0
PIK3C2A	0.010126	NM_002645.4	0.0030616	0.0070644
PIK3C2B	0.99651	NM_001377334.1	2.1138e-05	0.996488862
PIK3C2G	9.501299999999998e-40	NM_001288772.2	4.0809e-17	4.0809e-17
PIK3C3	8.4165e-11	NM_002647.4	7.9249e-11	4.915999999999999e-12
PIK3CA	1.0	NM_006218.4	1.0	0.0
PIK3CB	0.99964	NM_006219.3	1.0	0.00036000000000002697
PIK3CD	0.99999	NM_005026.5	1.0	9.99999999995449e-06
PIK3CG	1.4076e-06	NM_001282426.2	6.0779e-06	4.6703e-06
PIK3IP1	0.015067	NM_052880.5	1.7049e-10	0.01506699982951
PIK3R1	0.99978	NM_181523.3	1.0	0.00021999999999999797
PIK3R2	0.016273	NM_005027.4	1.6831e-07	0.01627283169
PIK3R3	3.3583e-10	NM_003629.4	1.6966e-09	1.3607699999999998e-09
PIK3R4	0.024537	NM_014602.3	1.0	0.975463
PIK3R5	0.30013	NM_001142633.3	0.99972	0.69959
PIK3R6	1.5214999999999999e-28	NM_001010855.4	1.1980000000000001e-34	1.5214988019999998e-28
PIKFYVE	1.1074e-06	NM_015040.4	1.2773e-06	1.6990000000000006e-07
PILRA	1.726e-11	NM_013439.3	2.7982e-13	1.698018e-11
PILRB	0.00012455	NM_178238.4	2.3385e-07	0.00012431615
PIM1	0.84846	NM_002648.4	0.99777	0.14931000000000005
PIM3	0.98192	NM_001001852.4	0.001655	0.980265
PIMREG		NM_019013.3	7.0424e-06	
PIN1	0.74031	NM_006221.4	0.02169	0.71862
PINK1	1.8749e-10	NM_032409.3	3.1236e-21	1.874899999968764e-10
PINX1	4.5977e-09	NM_017884.6	2.2528e-07	2.206823e-07
PIP	0.00068286	NM_002652.3	0.31069	0.31000714
PIP4K2A	0.14155	NM_005028.5	0.74237	0.6008199999999999
PIP4K2B	0.99837	NM_003559.5	0.99998	0.0016100000000000003
PIP4K2C	0.0018314	NM_024779.5	0.014385	0.0125536
PIP4P1		NM_144568.4	0.099363	
PIP4P2		NM_018710.3	0.0020536	
PIP5K1A	0.0020938	NM_001135638.2	0.00026847	0.0018253299999999998
PIP5K1B	1.368e-07	NM_003558.4	0.00042217	0.0004220332
PIP5K1C	0.97704	NM_012398.3	5.8101e-08	0.977039941899
PIP5KL1	2.9295e-05	NM_001135219.2	2.7093000000000003e-19	2.929499999999973e-05
PIPOX	6.6433e-12	NM_016518.3	1.3966e-12	5.2467e-12
PIRT	0.5802	NM_001101387.2	0.010608	0.5695920000000001
PISD	0.2217	NM_001326411.2	9.6102e-08	0.221699903898
PITHD1	0.0080936	NM_020362.5	0.057679	0.0495854
PITPNA	0.96513	NM_006224.4	0.98739	0.022259999999999946
PITPNB	0.981	NM_012399.5	0.21658	0.76442
PITPNC1	0.99252	NM_012417.4	0.75545	0.23707
PITPNM1	0.0013838	NM_004910.3	4.5569e-14	0.001383799999954431
PITPNM2	1.0	NM_020845.3	1.0	0.0
PITPNM3	0.99992	NM_031220.4	1.0	7.999999999996898e-05
PITRM1	5.9266e-21	NM_014889.4	1.0799e-20	4.8724e-21
PITX1	0.88244	NM_002653.5	0.88196	0.00048000000000003595
PITX2	0.97618	NM_000325.6	0.99745	0.0212699999999999
PITX3	0.81276	NM_005029.4	0.76933	0.04343000000000008
PIWIL1	7.2798e-14	NM_004764.5	2.1889e-11	2.1816202e-11
PIWIL2	2.7078e-08	NM_018068.5	1.3546e-05	1.3518922e-05
PIWIL3	5.3547e-32	NM_001255975.1	4.2474e-33	4.9299599999999996e-32
PIWIL4	1.8323e-06	NM_152431.3	1.7672e-08	1.814628e-06
PJA2	0.02374	NM_014819.5	0.99319	0.96945
PJVK		NM_001042702.5	2.6728e-09	
PKD1	1.0	NM_001009944.3	1.0	0.0
PKD1L1	1.0852e-40	NM_138295.5	1.6951e-50	1.0851999998304899e-40
PKD1L3		NM_181536.2	2.1884e-83	
PKD2	0.00017271	NM_000297.4	0.00018979	1.708000000000002e-05
PKD2L1	1.5748e-27	NM_016112.3	9.7818e-19	9.781799984252e-19
PKD2L2	6.6526e-14	NM_001300921.2	0.0022459	0.0022458999999334737
PKDCC	2.1316e-05	NM_138370.3	2.0364e-10	2.131579636e-05
PKDREJ	2.0073e-09	NM_006071.2	0.2499	0.24989999799270002
PKHD1	1.1657e-47	NM_138694.4	2.8316e-48	8.8254e-48
PKHD1L1	1.3739e-109	NM_177531.6	8.1712e-97	8.171199999998625e-97
PKIA	0.1418	NM_006823.4	0.35878	0.21697999999999998
PKIB	0.046118	NM_181795.3	0.4773	0.431182
PKIG	0.51408	NM_001281445.2	0.54027	0.026190000000000047
PKLR	3.4869e-07	NM_000298.6	2.6449e-09	3.4604509999999997e-07
PKM	0.8549	NM_002654.6	0.96144	0.10653999999999997
PKMYT1	0.21858	NM_004203.5	2.6711e-10	0.21857999973289
PKN1	0.20442	NM_002741.5	9.6963e-11	0.204419999903037
PKN2	1.0	NM_006256.4	0.99967	0.0003300000000000525
PKN3	6.108100000000002e-19	NM_013355.5	6.813200000000001e-25	6.108093186800002e-19
PKNOX1	0.99401	NM_004571.5	0.78042	0.21358999999999995
PKNOX2	0.99174	NM_001382323.2	0.99996	0.008220000000000005
PKP1	0.00058339	NM_001005337.3	0.97273	0.97214661
PKP2	3.1147e-18	NM_001005242.3	1.2177e-19	2.99293e-18
PKP3	6.283e-05	NM_007183.4	2.2878e-24	6.283e-05
PKP4	5.269e-13	NM_003628.6	1.7627e-13	3.5063e-13
PLA1A	4.3709e-11	NM_015900.4	3.9925e-07	3.99206291e-07
PLA2G1B	1.0057e-10	NM_000928.3	0.0001946	0.00019459989942999999
PLA2G2C	0.035718	NM_001367969.2	1.1677e-05	0.035706323
PLA2G2D	1.8079e-05	NM_012400.4	1.4645e-07	1.793255e-05
PLA2G2E	2.4363e-05	NM_014589.3	6.8469e-05	4.4106e-05
PLA2G2F	2.7094e-06	NM_022819.4	9.9525e-05	9.681559999999999e-05
PLA2G3	3.5604e-11	NM_015715.5	1.0909e-10	7.348599999999999e-11
PLA2G4A	5.9817e-05	NM_024420.3	0.18985	0.189790183
PLA2G4B	1.0582e-40	NM_001114633.2	3.9724e-51	1.0581999999602759e-40
PLA2G4C	1.6781e-13	NM_003706.3	3.6305e-12	3.46269e-12
PLA2G4D	2.6287e-14	NM_178034.4	4.4939000000000004e-24	2.62869999955061e-14
PLA2G4F	1.1507e-27	NM_213600.4	1.8096e-37	1.15069999981904e-27
PLA2G5	5.3834e-05	NM_000929.3	0.0065224	0.006468566
PLA2G6	2.4837e-10	NM_003560.4	1.434e-15	2.48368566e-10
PLA2G7	5.3314e-22	NM_005084.4	1.0514e-10	1.0513999999946685e-10
PLA2G10	0.069507	NM_003561.3	0.00034248	0.06916452
PLA2G12A	0.00037886	NM_030821.5	0.0026239	0.0022450400000000002
PLA2G12B	0.00095391	NM_032562.5	1.3261e-06	0.0009525839
PLA2G15	0.37838	NM_012320.4	0.0029051	0.3754749
PLA2R1	3.2312e-30	NM_007366.5	1.8762e-20	1.87619999967688e-20
PLAA	0.46873	NM_001031689.3	0.0023759	0.4663541
PLAAT1		NM_020386.5	0.00023117	
PLAAT2		NM_017878.2	0.00038465	
PLAAT3		NM_001128203.2	4.8737e-06	
PLAAT4		NM_004585.5	1.7101e-05	
PLAAT5		NM_001146729.2	7.9387e-10	
PLAC8	0.11953	NM_016619.3	0.31983	0.2003
PLAC8L1	0.0083287	NM_001029869.3	0.00024229	0.00808641
PLAC9	0.002921	NM_001012973.3	9.3039e-05	0.002827961
PLAG1	0.99532	NM_002655.3	0.99959	0.004269999999999996
PLAGL1	0.9764	NM_001317162.2	0.57692	0.39948000000000006
PLAGL2	0.98253	NM_002657.3	0.99102	0.008489999999999998
PLAT	5.6593e-05	NM_000930.5	6.0806e-07	5.5984939999999996e-05
PLAU	2.3058e-06	NM_002658.6	2.192e-07	2.0866e-06
PLAUR	0.0053378	NM_002659.4	8.8029e-05	0.005249771
PLB1	1.7315e-72	NM_153021.5	7.1555e-75	1.7243445e-72
PLBD1	1.1759e-16	NM_024829.6	1.1452e-16	3.0699999999999937e-18
PLBD2	1.7226e-11	NM_173542.4	3.2266e-15	1.7222773399999998e-11
PLCB1	0.98337	NM_015192.4	1.0	0.016630000000000034
PLCB2	3.0661e-20	NM_004573.3	4.854e-28	3.0660999514599997e-20
PLCB3	0.93999	NM_000932.5	0.99465	0.05466000000000004
PLCB4	3.0437e-06	NM_001377142.1	0.97247	0.9724669562999999
PLCD1	1.7370000000000001e-19	NM_006225.4	1.642e-19	9.500000000000002e-21
PLCD3	1.3373e-07	NM_133373.5	7.4682e-21	1.3372999999999253e-07
PLCD4	1.2913e-13	NM_032726.4	1.2999e-13	8.600000000000085e-16
PLCE1	5.6754e-11	NM_016341.4	3.8869e-10	3.3193599999999996e-10
PLCG1	7.9288e-05	NM_002660.3	0.16795	0.16787071199999998
PLCG2	0.99562	NM_002661.5	0.9987	0.0030800000000000827
PLCH1	0.39649	NM_014996.4	0.00018921	0.39630079
PLCH2	1.8065e-18	NM_014638.4	5.9134e-28	1.80649999940866e-18
PLCL1	0.012059	NM_006226.4	8.0292e-05	0.011978708000000001
PLCL2	0.99999	NM_001144382.2	1.0	9.99999999995449e-06
PLCXD2	4.6567e-08	NM_001185106.1	1.1659e-05	1.1612433e-05
PLCXD3	0.0089141	NM_001005473.3	1.9725e-05	0.008894375
PLCZ1	1.5016e-12	NM_033123.4	2.5637e-14	1.475963e-12
PLD1	4.7758e-21	NM_002662.5	1.6495e-06	1.6494999999999952e-06
PLD2	4.1429e-27	NM_002663.5	1.5823e-23	1.5818857099999998e-23
PLD3	1.754e-05	NM_012268.4	4.4476e-05	2.6935999999999998e-05
PLD4	7.7337e-13	NM_138790.5	2.0155e-24	7.733699999979844e-13
PLD5	0.030678	NM_001372062.1	1.6032e-07	0.03067783968
PLD6	0.0023012	NM_178836.4	3.464e-05	0.0022665600000000004
PLEC	8.3469e-12	NM_201384.3	5.951e-44	8.3469e-12
PLEK	0.001067	NM_002664.3	0.012326	0.011259
PLEK2	5.2858e-09	NM_016445.3	2.1513e-05	2.15077142e-05
PLEKHA1	0.0002347	NM_001001974.4	5.5263e-07	0.00023414737000000002
PLEKHA2	0.83804	NM_021623.2	2.1705e-05	0.838018295
PLEKHA3	0.015972	NM_019091.4	0.10475	0.088778
PLEKHA4	1.7952e-12	NM_020904.3	1.3677e-15	1.7938323000000002e-12
PLEKHA5	1.0	NM_001256470.2	0.99999	9.99999999995449e-06
PLEKHA6	0.013746	NM_014935.5	2.0516e-08	0.013745979484
PLEKHA7	6.22e-09	NM_001329630.2	1.1987e-18	6.2199999988013e-09
PLEKHA8	2.1757e-09	NM_001197026.2	2.2705e-05	2.27028243e-05
PLEKHB1	0.00022133	NM_021200.3	3.9867e-09	0.0002213260133
PLEKHB2	6.6904e-11	NM_001100623.2	0.00021155	0.000211549933096
PLEKHD1	9.0931e-06	NM_001161498.2	3.6938e-13	9.09309963062e-06
PLEKHF1	0.012523	NM_024310.5	0.013304	0.0007810000000000004
PLEKHF2	0.86733	NM_024613.4	0.86623	0.0010999999999999899
PLEKHG2	1.3557e-09	NM_022835.3	1.1957e-17	1.355699988043e-09
PLEKHG3	4.6804e-08	NM_001308147.2	1.1544e-11	4.6792456e-08
PLEKHG4	1.0982e-16	NM_001129729.3	8.0019e-15	7.89208e-15
PLEKHG4B	1.0827e-32	NM_052909.5	6.2475e-36	1.08207525e-32
PLEKHG5	3.3605e-06	NM_020631.6	1.275e-08	3.34775e-06
PLEKHG6	3.717300000000001e-19	NM_001384598.1	3.9054999999999996e-28	3.717299996094501e-19
PLEKHG7	1.8917e-19	NM_001377329.1	1.636e-18	1.44683e-18
PLEKHH1	4.6782e-09	NM_020715.3	1.0601000000000001e-19	4.67819999989399e-09
PLEKHH2	4.8228e-34	NM_172069.4	4.7828e-23	4.7827999999517716e-23
PLEKHH3	4.8445e-07	NM_024927.5	2.5064e-17	4.84449999974936e-07
PLEKHJ1	0.065312	NM_018049.3	2.4576e-09	0.0653119975424
PLEKHM1	0.0081382	NM_014798.3	0.99991	0.9917718
PLEKHM2	1.7077e-05	NM_015164.4	1.5354999999999999e-22	1.7077e-05
PLEKHM3	0.00010037	NM_001080475.3	9.1582e-06	9.12118e-05
PLEKHN1	1.1549e-14	NM_032129.3	5.7016e-26	1.1548999999942985e-14
PLEKHO1	0.48341	NM_016274.6	0.024235	0.459175
PLEKHO2	0.033559	NM_025201.5	5.2883e-05	0.033506117
PLET1	6.8789e-06	NM_001145024.1	1.8877e-06	4.991200000000001e-06
PLG	0.010345	NM_000301.5	0.16673	0.156385
PLGRKT	4.604e-08	NM_018465.4	5.8431e-06	5.79706e-06
PLIN1	3.1486e-11	NM_002666.5	3.4483e-12	2.8037699999999998e-11
PLIN2	7.5281e-09	NM_001122.4	4.1272e-11	7.486828000000001e-09
PLIN3	1.179e-07	NM_005817.5	1.3806e-10	1.1776194e-07
PLIN4	5.578e-16	NM_001367868.2	2.5208999999999997e-21	5.577974791e-16
PLIN5	1.0481e-11	NM_001013706.3	2.6386e-12	7.8424e-12
PLK1	0.97851	NM_005030.6	1.0	0.02149000000000001
PLK2	0.9999	NM_006622.4	0.99572	0.0041799999999999615
PLK3	1.8504e-06	NM_004073.4	1.2881e-07	1.72159e-06
PLK4	7.0844e-06	NM_014264.5	0.17992	0.1799129156
PLK5	9.1971e-05	NM_001243079.2	4.7704e-10	9.197052296e-05
PLLP	0.0091916	NM_015993.3	3.1545e-05	0.009160055
PLN	0.44947	NM_002667.5	0.41691	0.03255999999999998
PLOD1	1.4837e-15	NM_000302.4	5.4923e-15	4.0086e-15
PLOD2	6.6965e-08	NM_182943.3	6.8068e-07	6.137149999999999e-07
PLOD3	6.1305e-13	NM_001084.5	1.6589e-17	6.13033411e-13
PLPBP		NM_007198.4	5.3167e-06	
PLPP1		NM_003711.4	5.0639e-07	
PLPP2		NM_003712.4	7.831e-09	
PLPP3		NM_003713.5	0.99866	
PLPP4		NM_001030059.3	0.00011131	
PLPP5		NM_001102559.2	1.5947e-13	
PLPP6		NM_203453.5	4.8487e-07	
PLPP7		NM_032728.4	0.00027358	
PLPPR1		NM_207299.2	0.94425	
PLPPR2		NM_001393892.1	0.99341	
PLPPR3		NM_001270366.2	0.00032969	
PLPPR4		NM_014839.5	0.40759	
PLPPR5		NM_001037317.2	0.089373	
PLRG1	0.99911	NM_002669.4	0.94501	0.05410000000000004
PLS1	1.1321e-05	NM_001145319.2	0.37457	0.374558679
PLSCR1	0.011923	NM_021105.3	0.72335	0.711427
PLSCR3		NM_020360.4	0.0030786	
PLSCR4	1.8979e-06	NM_020353.3	0.26595	0.26594810210000003
PLSCR5	3.0759e-10	NM_001085420.2	3.8801e-18	3.0758999611990003e-10
PLTP	8.9961e-09	NM_006227.4	2.8479e-12	8.9932521e-09
PLVAP	2.3021e-06	NM_031310.3	1.6527e-09	2.3004473e-06
PLXDC1	1.3423e-07	NM_020405.5	2.5302e-06	2.39597e-06
PLXDC2	0.13416	NM_032812.9	5.6718e-06	0.1341543282
PLXNA1	0.99951	NM_032242.4	0.62712	0.37239
PLXNA2	1.0768e-06	NM_025179.4	0.00046067	0.0004595932
PLXNA4	0.99999	NM_020911.2	1.0	9.99999999995449e-06
PLXNB1	0.00038291	NM_001130082.3	1.3824e-13	0.00038290999986175997
PLXNB2	0.99234	NM_012401.4	8.0925e-06	0.9923319075
PLXNC1	0.99811	NM_005761.3	0.00075738	0.99735262
PLXND1	1.0	NM_015103.3	1.0	0.0
PM20D1	1.8989e-18	NM_152491.5	2.4209e-15	2.4190011e-15
PM20D2	6.8342e-05	NM_001010853.3	3.5855e-09	6.83384145e-05
PMAIP1	0.11182	NM_021127.3	0.017886	0.093934
PMCH	0.11486	NM_002674.4	0.17359	0.05872999999999999
PMEL	3.0571e-18	NM_001384361.1	6.4794e-13	6.479369428999999e-13
PMEPA1	0.93577	NM_020182.5	0.26094	0.67483
PMF1	1.073e-08	NM_007221.4	2.4348e-06	2.42407e-06
PMFBP1	9.339e-34	NM_031293.3	2.9141e-38	9.33870859e-34
PML	0.21291	NM_033238.3	0.02183	0.19108
PMM1	1.6587e-06	NM_002676.3	1.0505e-06	6.082000000000002e-07
PMM2	1.4072e-17	NM_000303.3	5.5214e-08	5.5213999985928e-08
PMP2	0.0084728	NM_002677.5	0.012079	0.0036061999999999986
PMP22	0.90958	NM_000304.4	0.99479	0.0852099999999999
PMPCA	3.437e-11	NM_015160.3	1.8317e-09	1.79733e-09
PMPCB	4.5335e-08	NM_004279.3	1.4703e-09	4.38647e-08
PMS1	1.3178e-17	NM_000534.5	1.3838e-13	1.3836682200000002e-13
PMS2	4.5176e-27	NM_000535.7	5.3905e-09	5.3905e-09
PMVK	2.7113e-05	NM_006556.4	0.022763	0.022735887
PNISR	0.99998	NM_032870.4	0.99993	4.999999999999449e-05
PNKD	4.1392e-08	NM_015488.5	2.9216e-10	4.109984e-08
PNKP	3.662e-14	NM_007254.4	2.5733e-34	3.662e-14
PNLDC1	2.1216e-14	NM_001271862.2	2.4038e-20	2.1215975962e-14
PNLIP	1.604e-08	NM_000936.4	3.1358e-07	2.9754e-07
PNLIPRP1	1.0944e-13	NM_006229.4	2.1199e-14	8.8241e-14
PNLIPRP3	2.1705e-11	NM_001011709.3	8.963e-20	2.1704999910370002e-11
PNMA1	0.042869	NM_006029.5	1.8843e-06	0.0428671157
PNMA2	0.0015661	NM_007257.6	0.0010773	0.0004888
PNMA8A		NM_018215.4	0.0012105	
PNMA8B		NM_020709.3	0.31079	
PNMT	0.0050065	NM_002686.4	9.1552e-09	0.0050064908448
PNN	0.11262	NM_002687.4	0.42646	0.31384
PNO1	0.22652	NM_020143.4	0.058907	0.167613
PNOC	0.015028	NM_006228.5	0.0044672	0.010560799999999999
PNP	6.9987e-06	NM_000270.4	7.9454e-05	7.24553e-05
PNPLA1	0.00018528	NM_001374623.1	1.6659e-08	0.00018526334099999998
PNPLA2	0.0041069	NM_020376.4	2.7218e-09	0.0041068972782
PNPLA3	5.7409e-08	NM_025225.3	2.6851e-14	5.7408973149e-08
PNPLA5	1.1936e-06	NM_138814.4	7.2866e-16	1.19359999927134e-06
PNPLA6	1.94e-13	NM_001166114.2	1.0474e-24	1.939999999989526e-13
PNPLA7	5.3653e-37	NM_001098537.3	6.9718e-53	5.365299999999999e-37
PNPLA8	0.011024	NM_001256007.3	0.00092603	0.010097970000000001
PNPO	1.1024e-08	NM_018129.4	1.8868e-12	1.10221132e-08
PNPT1	0.00040072	NM_033109.5	0.00014785	0.00025287000000000004
PNRC1	0.90825	NM_006813.3	0.54904	0.35921000000000003
PNRC2	0.33763	NM_017761.4	0.96504	0.62741
POC1A	3.2977e-06	NM_015426.5	1.0342e-06	2.2635000000000004e-06
POC1B	3.0483e-08	NM_172240.3	2.3222e-07	2.01737e-07
POC5	1.2092e-07	NM_001099271.2	2.6214e-09	1.182986e-07
PODN	9.5675e-10	NM_153703.5	1.1927e-10	8.374800000000001e-10
PODNL1	4.4042e-13	NM_001370095.3	2.3078999999999997e-21	4.404199976921e-13
PODXL	0.0010333	NM_001018111.3	0.266	0.2649667
PODXL2	0.99936	NM_015720.4	0.95026	0.04910000000000003
POFUT1	0.96303	NM_015352.2	0.19922	0.7638100000000001
POFUT2	0.00021557	NM_133635.6	0.0019336	0.00171803
POGK	0.89187	NM_017542.5	0.99977	0.1079
POGLUT1	1.5575e-08	NM_152305.3	0.002194	0.002193984425
POGLUT2		NM_024089.3	1.2211e-09	
POGLUT3		NM_153705.5	7.219e-13	
POGZ	1.0	NM_015100.4	1.0	0.0
POLA2	8.7346e-07	NM_002689.4	0.00070727	0.00070639654
POLB	3.4002e-05	NM_002690.3	0.026155	0.026120998
POLD1	2.4179e-06	NM_002691.4	8.000000000000001e-19	2.4178999999992e-06
POLD2	0.00097201	NM_006230.4	4.5265e-08	0.0009719647350000001
POLD3	0.99776	NM_006591.3	0.99614	0.0016199999999999548
POLD4	0.1451	NM_021173.5	0.0068287	0.1382713
POLDIP2	0.41407	NM_015584.5	8.2864e-06	0.4140617136
POLDIP3	0.11779	NM_032311.5	0.98539	0.8675999999999999
POLE	8.0488e-27	NM_006231.4	2.7396e-38	8.048799999972604e-27
POLE2	2.8528e-07	NM_002692.4	0.0013434	0.00134311472
POLE3	0.030709	NM_017443.5	0.012824	0.017884999999999998
POLE4	0.00069897	NM_019896.4	0.00011549	0.00058348
POLG	2.0756e-09	NM_002693.3	2.1691e-26	2.0756e-09
POLG2	1.528e-10	NM_007215.4	1.5891e-08	1.57382e-08
POLH	3.5414e-09	NM_006502.3	3.0587e-09	4.827e-10
POLI	3.1764e-08	NM_007195.3	7.0899e-05	7.0867236e-05
POLL	1.5836e-10	NM_001174084.2	9.4042e-12	1.489558e-10
POLM	7.6227e-11	NM_013284.4	9.1588e-18	7.62269908412e-11
POLN	9.488e-41	NM_181808.4	1.5183000000000002e-20	1.5183000000000002e-20
POLQ	1.3079e-82	NM_199420.4	1.832e-46	1.832e-46
POLR1A	0.9998	NM_015425.6	0.90613	0.09367000000000003
POLR1B	0.99946	NM_019014.6	1.0	0.0005399999999999849
POLR1C	6.3221e-10	NM_203290.4	2.3003e-12	6.299097000000001e-10
POLR1D	0.36357	NM_015972.4	0.0035229	0.3600471
POLR1E	3.7381e-07	NM_022490.4	1.8161e-11	3.7379183899999996e-07
POLR1F		NM_001002926.2	4.7569e-09	
POLR1G		NM_012099.3	6.0077e-06	
POLR1H		NM_170783.4	0.91811	
POLR2B	0.52372	NM_000938.3	0.24489	0.27882999999999997
POLR2C	0.0014592	NM_032940.3	4.6539e-08	0.0014591534609999998
POLR2D	0.21392	NM_004805.4	0.0018559	0.2120641
POLR2E	7.2128e-09	NM_002695.5	2.7362e-12	7.210063799999999e-09
POLR2F	0.012528	NM_021974.5	0.0035222	0.0090058
POLR2G	1.257e-06	NM_002696.3	1.4127e-05	1.287e-05
POLR2H	0.65257	NM_006232.5	0.8258	0.17323
POLR2I	0.36015	NM_006233.5	0.00098116	0.35916884000000004
POLR2J	0.0071512	NM_006234.6	7.9495e-06	0.0071432505
POLR2L	0.00045417	NM_021128.5	0.0069583	0.0065041299999999995
POLR2M	0.031082	NM_015532.5	6.4997e-10	0.031081999350029997
POLR3A	1.2821e-23	NM_007055.4	6.179699999999999e-22	6.05149e-22
POLR3B	1.6812e-23	NM_018082.6	8.1416e-14	8.1415999983188e-14
POLR3C	5.0277e-12	NM_006468.8	0.00025367	0.0002536699949723
POLR3D	3.8286e-11	NM_001722.3	4.4082e-13	3.784518e-11
POLR3E	0.013199	NM_018119.4	0.19201	0.178811
POLR3F	1.038e-06	NM_006466.4	0.030764	0.030762962
POLR3G	1.7611e-10	NM_006467.3	1.0206e-06	1.02042389e-06
POLR3GL	2.3404e-05	NM_032305.3	6.5261e-07	2.2751390000000003e-05
POLR3H	0.0059858	NM_001018050.4	0.0019411	0.0040447
POLR3K	0.10849	NM_016310.5	0.0012972	0.1071928
POLRMT	1.739e-20	NM_005035.4	3.4243999999999997e-43	1.739e-20
POM121	0.057971	NM_001387691.1	0.0023151	0.0556559
POM121C	6.6064e-10	NM_001099415.3	0.81623	0.81622999933936
POM121L2	0.32747	NM_033482.4	0.22766	0.09980999999999998
POM121L12		NM_182595.4		
POMC	0.00011658	NM_000939.4	3.3898e-10	0.00011657966102
POMGNT1	1.9454e-20	NM_017739.4	6.937e-15	6.9369805459999996e-15
POMGNT2	5.5559e-06	NM_032806.6	1.3012e-08	5.5428879999999996e-06
POMK	1.9487e-08	NM_032237.5	9.6147e-07	9.41983e-07
POMP	0.90942	NM_015932.6	0.020209	0.889211
POMT1	4.2265e-17	NM_001077365.2	7.2486e-26	4.2264999927514e-17
POMT2	9.4315e-12	NM_013382.7	3.9110000000000003e-20	9.43149996089e-12
POMZP3	0.00052926	NM_012230.5	0.001899	0.00136974
PON1	9.8142e-11	NM_000446.7	8.4435e-12	8.96985e-11
PON2	5.4352e-05	NM_000305.3	2.4144e-07	5.411056e-05
PON3	2.1034e-07	NM_000940.3	1.1384e-12	2.1033886159999998e-07
POP1	2.8105e-13	NM_001145860.2	4.2471e-16	2.8062529e-13
POP4	1.8179e-05	NM_006627.3	2.1357e-11	1.8178978643e-05
POP5	4.142e-07	NM_015918.4	3.2485e-06	2.8343e-06
POP7	0.037473	NM_005837.3	0.04948	0.012007000000000004
POPDC2	4.0063e-05	NM_001369919.2	4.8129e-06	3.5250099999999996e-05
POPDC3	0.010916	NM_022361.5	5.6818e-05	0.010859182
POR	3.4212e-10	NM_000941.3	8.9788e-14	3.42030212e-10
POSTN	1.0666e-09	NM_006475.3	4.321e-09	3.2544000000000003e-09
POT1	0.85343	NM_015450.3	3.5567e-05	0.8533944330000001
POTEB3		NM_207355.5	0.98629	
POTEC	1.4383e-10	NM_001137671.2	1.2704e-05	1.270385617e-05
POTED	0.00041359	NM_174981.6	0.2301	0.22968641
POTEE	0.0011938	NM_001083538.3	0.8402	0.8390061999999999
POTEF	5.4522e-06	NM_001099771.2	0.16493	0.1649245478
POTEG	4.8749e-11	NM_001005356.3	0.99273	0.992729999951251
POTEH	5.1283e-11	NM_001136213.1	0.93496	0.934959999948717
POTEI	4.1618e-09	NM_001277406.2	0.0020179	0.0020178958382
POTEJ	2.0619e-08	NM_001277083.2	0.13995	0.13994997938099998
POTEM	0.00031637	NM_001145442.1	0.97309	0.9727736300000001
POU1F1	0.045046	NM_000306.4	0.00040797	0.04463803
POU2AF1	0.56553	NM_006235.3	0.11237	0.45316
POU2F1	0.90229	NM_002697.4	1.0	0.09770999999999996
POU2F2	0.99884	NM_001394376.1	1.0	0.0011600000000000499
POU2F3	1.0299e-06	NM_014352.4	0.36958	0.3695789701
POU3F1	0.56469	NM_002699.4	0.23672	0.32797
POU3F2	0.92007	NM_005604.4	0.040965	0.879105
POU3F3	0.88278	NM_006236.3	0.95144	0.06865999999999994
POU4F1	0.88762	NM_006237.4	0.62594	0.2616799999999999
POU4F2	0.074814	NM_004575.3	0.030675	0.044139000000000005
POU4F3	0.91964	NM_002700.3	0.91198	0.00766
POU5F1	0.95371	NM_002701.6	0.99997	0.04626000000000008
POU5F2	0.00040316	NM_153216.2	0.29411	0.29370683999999997
POU6F1	0.88028	NM_001330422.2	0.95309	0.07281000000000004
POU6F2	0.0015216	NM_001370959.1	0.030071	0.0285494
PP2D1	3.0461e-05	NM_001252657.2	1.3932e-07	3.032168e-05
PPA1	1.917e-05	NM_021129.4	0.00013625	0.00011708000000000001
PPA2	1.1789e-10	NM_176869.3	1.4061e-09	1.28821e-09
PPAN	1.7244e-12	NM_020230.7	1.4914e-11	1.3189599999999999e-11
PPARA	0.030182	NM_005036.6	0.0035263	0.0266557
PPARD	0.99497	NM_006238.5	0.99998	0.005009999999999959
PPARG	0.029194	NM_138711.6	0.21436	0.185166
PPARGC1A	0.9973	NM_013261.5	1.0	0.0027000000000000357
PPARGC1B	0.50321	NM_133263.4	0.99974	0.4965299999999999
PPAT	0.98606	NM_002703.5	0.96192	0.02414000000000005
PPBP	0.057739	NM_002704.3	0.00046542	0.05727358
PPCDC	0.00047853	NM_021823.5	1.0274e-06	0.0004775026
PPCS	0.0080389	NM_024664.4	6.3481e-05	0.007975419
PPDPF	0.00010213	NM_024299.4	6.2061e-06	9.59239e-05
PPDPFL		NM_001256597.2	0.13569	
PPEF2	9.3684e-15	NM_006239.3	1.1383000000000001e-25	9.36839999988617e-15
PPFIA1	1.0	NM_003626.5	1.0	0.0
PPFIA2	1.0	NM_003625.5	1.0	0.0
PPFIA3	1.0	NM_003660.4	1.0	0.0
PPFIA4	1.9863e-05	NM_001304331.2	1.4622e-25	1.9863e-05
PPFIBP1	5.1485e-16	NM_003622.4	1.5016999999999999e-21	5.148484983e-16
PPFIBP2	6.004e-34	NM_003621.5	1.0075e-34	4.9965e-34
PPHLN1	3.3043e-08	NM_201439.2	1.6204e-05	1.6170957e-05
PPIA	0.55734	NM_021130.5	0.98472	0.4273800000000001
PPIAL4A		NM_001143883.4	0.0053406	
PPIAL4C		NM_001135789.5	0.34412	
PPIAL4D		NM_001164261.2	0.58023	
PPIAL4G		NM_001123068.3	0.078713	
PPIAL4H		NM_001368128.3	0.022479	
PPIB	4.7242e-05	NM_000942.5	0.00015871	0.00011146800000000001
PPIC	0.00030514	NM_000943.5	3.7921e-06	0.0003013479
PPID	1.9309e-09	NM_005038.3	1.847e-13	1.9307153e-09
PPIE	0.72832	NM_006112.4	0.002522	0.7257979999999999
PPIF	0.0019919	NM_005729.4	7.0712e-10	0.00199189929288
PPIG	0.96292	NM_004792.3	0.99624	0.033320000000000016
PPIH	7.4626e-05	NM_006347.4	0.029509	0.029434374
PPIL1	0.12108	NM_016059.5	0.00042194	0.12065806
PPIL2	0.00082347	NM_014337.4	1.4135e-11	0.000823469985865
PPIL3	0.90243	NM_130906.3	0.039953	0.8624769999999999
PPIL4	1.6878e-09	NM_139126.4	0.0026694	0.0026693983122
PPIL6	1.7495e-09	NM_173672.5	4.1065e-09	2.357e-09
PPIP5K1	0.0026969	NM_001394395.1	0.24656	0.2438631
PPIP5K2	8.5759e-21	NM_001276277.3	1.2777000000000001e-19	1.191941e-19
PPL	1.5145e-42	NM_002705.5	1.4922e-67	1.5145e-42
PPM1A	0.99834	NM_021003.5	0.99908	0.0007399999999999629
PPM1B	0.0090829	NM_002706.6	0.2066	0.1975171
PPM1D	2.2321e-11	NM_003620.4	3.7145e-17	2.2320962855e-11
PPM1E	0.98758	NM_014906.5	0.99391	0.006329999999999947
PPM1F	0.0038754	NM_014634.4	0.00062672	0.0032486800000000003
PPM1G	0.9604	NM_177983.3	1.0	0.03959999999999997
PPM1H	0.79216	NM_020700.2	0.00022344	0.79193656
PPM1J	2.2494e-09	NM_005167.7	7.837e-12	2.241563e-09
PPM1K	0.00014736	NM_152542.5	0.0024223	0.00227494
PPM1L	0.47287	NM_139245.4	0.46877	0.0040999999999999925
PPM1M	0.00090639	NM_144641.4	1.3165e-12	0.0009063899986835
PPM1N	5.3345e-06	NM_001080401.2	1.3233e-16	5.33449999986767e-06
PPME1	0.99904	NM_016147.3	0.99651	0.0025300000000000322
PPOX	0.02829	NM_001122764.3	0.24179	0.2135
PPP1CA	0.98588	NM_002708.4	0.86386	0.12202000000000002
PPP1CB	0.99912	NM_002709.3	0.99993	0.0008099999999999774
PPP1CC	0.95777	NM_002710.4	0.82531	0.13246000000000002
PPP1R1A	0.021894	NM_006741.4	3.5504e-06	0.0218904496
PPP1R1B	0.24098	NM_032192.4	0.79688	0.5559000000000001
PPP1R1C	2.3484e-05	NM_001080545.3	0.018495	0.018471516
PPP1R2	0.06928	NM_006241.8	0.00035148	0.06892852
PPP1R2B		NM_206858.3	0.0044386	
PPP1R3A	9.3122e-16	NM_002711.4	2.5776e-05	2.5775999999068777e-05
PPP1R3B	0.065025	NM_024607.4	0.0084817	0.0565433
PPP1R3C	0.0026397	NM_005398.7	4.9181e-05	0.002590519
PPP1R3D	0.0047028	NM_006242.4	5.3461e-14	0.004702799999946539
PPP1R3E	0.23729	NM_001276318.2	5.2387e-10	0.23728999947613
PPP1R3G	4.4228e-05	NM_001145115.3	0.011335	0.011290772
PPP1R7	0.99458	NM_002712.3	0.90766	0.08692
PPP1R8	0.98791	NM_014110.5	0.99974	0.011830000000000007
PPP1R9A	1.0812e-05	NM_001166160.2	0.4455	0.445489188
PPP1R9B	0.99975	NM_032595.5	0.99761	0.0021400000000000308
PPP1R10	1.0	NM_002714.4	1.0	0.0
PPP1R11	0.35781	NM_021959.3	0.00067805	0.35713195000000003
PPP1R12A	1.0	NM_002480.3	1.0	0.0
PPP1R12B	0.00012038	NM_002481.4	1.1188e-12	0.0001203799988812
PPP1R12C	0.086713	NM_017607.4	1.6743e-09	0.0867129983257
PPP1R13B	0.99811	NM_015316.3	0.99745	0.000660000000000105
PPP1R13L	0.03206	NM_006663.4	9.3473e-13	0.03205999999906527
PPP1R14A	0.12672	NM_033256.3	5.4627e-05	0.126665373
PPP1R14B	0.0043794	NM_138689.3	0.79761	0.7932306
PPP1R14C	0.002032	NM_030949.3	2.2072e-05	0.002009928
PPP1R14D	2.3903e-06	NM_017726.8	0.00013319	0.0001307997
PPP1R15A	2.206e-12	NM_014330.5	4.8755e-13	1.7184500000000002e-12
PPP1R15B	0.15053	NM_032833.5	2.0711e-05	0.150509289
PPP1R16A	0.004389	NM_001329443.2	6.8375e-13	0.00438899999931625
PPP1R16B	0.99974	NM_015568.4	0.99998	0.00024000000000001798
PPP1R17	0.0010488	NM_006658.5	0.00026866	0.0007801399999999999
PPP1R18	0.00050298	NM_133471.4	1.131e-05	0.0004916699999999999
PPP1R21	1.3024e-10	NM_001135629.3	3.1806000000000004e-19	1.3023999968194001e-10
PPP1R26		NM_014811.5	0.93902	
PPP1R27	8.3279e-05	NM_001007533.4	1.9433e-05	6.3846e-05
PPP1R35	0.0071662	NM_145030.4	6.1591e-11	0.0071661999384090005
PPP1R36	1.7114e-10	NM_172365.3	6.416e-07	6.4142886e-07
PPP1R37	0.99448	NM_019121.2	0.94471	0.04976999999999998
PPP1R42	1.7442e-05	NM_001364910.1	0.0076847	0.007667258
PPP2CA	0.9893	NM_002715.4	0.99995	0.010650000000000048
PPP2CB	0.34419	NM_001009552.2	0.028328	0.315862
PPP2R1A	0.98389	NM_014225.6	1.0	0.016109999999999958
PPP2R1B	3.0047e-15	NM_002716.5	1.4293e-15	1.5754000000000001e-15
PPP2R2A	0.99495	NM_002717.4	0.99984	0.00488999999999995
PPP2R2B	0.98467	NM_181675.4	1.0	0.015329999999999955
PPP2R2C	0.89954	NM_020416.4	0.99993	0.10038999999999998
PPP2R2D	0.91708	NM_018461.5	0.82614	0.09094000000000002
PPP2R3A	0.62349	NM_002718.5	2.8102e-17	0.62349
PPP2R3C	6.818e-09	NM_017917.4	5.6221e-07	5.55392e-07
PPP2R5A	0.81558	NM_006243.4	0.0013907	0.8141893
PPP2R5B	0.98416	NM_006244.4	0.99059	0.006429999999999936
PPP2R5D	0.99993	NM_006245.4	1.0	7.00000000000145e-05
PPP2R5E	0.99997	NM_006246.5	1.0	2.999999999997449e-05
PPP3CA	0.99988	NM_000944.5	1.0	0.00012000000000000899
PPP3CB	0.99998	NM_021132.4	1.0	2.0000000000020002e-05
PPP3CC	0.26374	NM_005605.5	0.00010561	0.26363439
PPP3R1	0.41481	NM_000945.4	0.71308	0.29827000000000004
PPP3R2	0.0010651	NM_147180.4	0.30268	0.3016149
PPP4C	0.4554	NM_002720.3	0.99953	0.54413
PPP4R1	0.99958	NM_001042388.3	0.51479	0.48479000000000005
PPP4R2	0.99835	NM_174907.4	0.050066	0.9482839999999999
PPP4R3A		NM_001366432.2	1.0	
PPP4R3B		NM_001122964.3	2.2488e-07	
PPP4R4	2.2494e-09	NM_058237.2	9.5292e-07	9.506706e-07
PPP5C	0.99938	NM_006247.4	0.99867	0.0007100000000000994
PPP6C	0.85535	NM_002721.5	0.99814	0.14278999999999997
PPP6R1	0.98287	NM_014931.4	0.30599	0.67688
PPP6R2	0.16399	NM_001242898.2	8.8205e-14	0.1639899999999118
PPP6R3	0.99487	NM_001164161.2	0.99193	0.0029400000000000537
PPRC1	1.0	NM_015062.5	1.0	0.0
PPT1	4.862e-05	NM_000310.4	0.00077317	0.00072455
PPT2	0.0045415	NM_005155.7	0.003049	0.0014925000000000003
PPTC7	0.93813	NM_139283.2	0.99749	0.05935999999999997
PPWD1	3.9819e-05	NM_015342.4	4.0932e-09	3.98149068e-05
PPY	0.01181	NM_002722.5	0.024046	0.012236000000000002
PRAC1	0.01593	NM_032391.3	0.0033898	0.0125402
PRAC2		NM_001282275.2	0.17613	
PRADC1	1.4051e-05	NM_032319.3	6.7426e-07	1.337674e-05
PRAG1		NM_001080826.3	2.6233e-32	
PRAM1	0.0003004	NM_032152.5	5.7643e-12	0.0003003999942357
PRAME	2.394e-07	NM_206956.3	6.1112e-05	6.087259999999999e-05
PRAMEF1	3.2165e-11	NM_023013.4	0.00022147	0.000221469967835
PRAMEF2	4.7446e-10	NM_023014.1	3.3084e-12	4.711516000000001e-10
PRAMEF4	1.0209e-11	NM_001009611.4	0.00014851	0.000148509989791
PRAMEF6	2.6109e-11	NM_001010889.2	0.90863	0.908629999973891
PRAMEF9		NM_001010890.3	0.45634	
PRAMEF10	0.0011128	NM_001039361.4	0.61702	0.6159072
PRAMEF11	0.00061604	NM_001146344.3	0.00086817	0.00025213000000000004
PRAMEF12	5.2721e-05	NM_001080830.5	1.8819e-08	5.2702181e-05
PRAMEF14	0.29026	NM_001024661.2	1.3969e-06	0.2902586031
PRAMEF15	0.32928	NM_001098376.3	1.0111e-06	0.3292789889
PRAMEF17	5.3177e-08	NM_001099851.3	1.8965e-20	5.3176999999981035e-08
PRAMEF27		NM_001300891.2	0.31057	
PRAMEF33		NM_001291381.1	0.052995	
PRAP1	0.032463	NM_145202.5	1.3639e-05	0.032449360999999996
PRB2	1.2951e-08	NM_006248.4	5.4362e-06	5.423249e-06
PRB3	6.2362e-07	NM_001394862.1	0.00040346	0.00040283638
PRB4	1.2854e-09	NM_002723.6	5.606e-07	5.593146e-07
PRC1	2.6753e-07	NM_003981.4	2.0751e-08	2.46779e-07
PRCC	0.96281	NM_005973.5	0.99968	0.03686999999999996
PRCD	0.016018	NM_001077620.3	1.2465e-05	0.016005535
PRCP	8.7577e-12	NM_005040.4	2.2351e-12	6.522599999999999e-12
PRDM1	0.9565	NM_001198.4	1.0	0.04349999999999998
PRDM2	0.99996	NM_001393986.1	1.0	4.0000000000040004e-05
PRDM4	0.0013238	NM_012406.4	2.2307e-06	0.0013215693
PRDM5	3.6003e-10	NM_018699.4	3.7521e-12	3.562779e-10
PRDM6	0.60835	NM_001136239.4	0.010731	0.5976189999999999
PRDM7	7.3656e-18	NM_001098173.2	1.3491e-14	1.3483634399999999e-14
PRDM8	0.77626	NM_001099403.2	0.9829	0.20664000000000005
PRDM9	4.8301e-27	NM_020227.4	1.2689e-13	1.2688999999999518e-13
PRDM10	0.15304	NM_199437.2	1.8956e-05	0.15302104400000002
PRDM11	0.97355	NM_001384648.1	1.0	0.026449999999999974
PRDM12	0.93018	NM_021619.3	2.3682e-05	0.930156318
PRDM13	0.56307	NM_021620.4	0.077288	0.48578199999999994
PRDM14	0.019397	NM_024504.4	0.91886	0.899463
PRDM15	8.2172e-06	NM_001040424.3	1.3284e-06	6.8888e-06
PRDM16	0.99999	NM_022114.4	1.0	9.99999999995449e-06
PRDX1	7.6959e-10	NM_181697.3	9.9753e-07	9.967604099999999e-07
PRDX2	0.086513	NM_005809.6	0.044411	0.04210200000000001
PRDX3	0.0042426	NM_006793.5	3.4266e-05	0.004208334
PRDX5	0.00017921	NM_012094.5	1.0707e-06	0.00017813929999999998
PRDX6	4.8237e-05	NM_004905.3	0.0020946	0.002046363
PREB	0.00059272	NM_013388.6	3.6623e-06	0.0005890577000000001
PRELID1	0.11518	NM_013237.4	0.023328	0.091852
PRELID2	6.6487e-09	NM_205846.3	0.0014504	0.0014503933512999998
PRELID3A		NM_001142405.2	2.027e-08	
PRELID3B		NM_016045.3	0.014057	
PRELP	4.7067e-05	NM_002725.4	0.00013348	8.6413e-05
PREP	0.08025	NM_002726.5	1.0	0.91975
PREPL	2.1551e-13	NM_001171613.2	2.1658e-24	2.155099999978342e-13
PREX1	1.0	NM_020820.4	1.0	0.0
PREX2	3.3283e-16	NM_024870.4	2.0007e-07	2.0006999966717e-07
PRF1	5.4875e-06	NM_001083116.3	0.00029003	0.0002845425
PRG2	0.00019062	NM_002728.6	2.9517e-08	0.000190590483
PRG3	0.00033439	NM_006093.4	7.8367e-09	0.0003343821633
PRG4	1.7017e-08	NM_005807.6	1.2039e-12	1.7015796099999998e-08
PRH1	0.0072243	NM_001393989.1	0.0037167	0.0035076000000000005
PRH2	0.012493	NM_001110213.1	4.2832e-07	0.01249257168
PRICKLE1	0.99999	NM_153026.3	1.0	9.99999999995449e-06
PRICKLE2	0.99544	NM_198859.4	1.0	0.0045600000000000085
PRICKLE4	4.0289e-05	NM_013397.6	5.2732e-15	4.02889999947268e-05
PRIM1	0.0009938	NM_000946.3	0.00079834	0.00019545999999999995
PRIM2	1.1605e-07	NM_000947.5	0.0007145	0.00071438395
PRIMA1	0.62894	NM_178013.4	0.074863	0.554077
PRIMPOL	1.3322e-18	NM_152683.4	6.857e-07	6.856999999986678e-07
PRKAA1	0.13725	NM_006251.6	0.43183	0.29457999999999995
PRKAA2	3.5282e-08	NM_006252.4	3.2203e-07	2.86748e-07
PRKAB1	0.0052573	NM_006253.5	0.013187	0.007929700000000001
PRKAB2	0.72559	NM_005399.5	0.0010848	0.7245052
PRKACA	0.97142	NM_002730.4	0.99999	0.028570000000000095
PRKACB	0.35122	NM_182948.4	0.97102	0.6198
PRKACG		NM_002732.4	3.6555e-08	
PRKAG1	3.6224e-05	NM_002733.5	0.00019416	0.00015793600000000001
PRKAG2	0.99692	NM_016203.4	0.19664	0.80028
PRKAR1A	0.99985	NM_002734.5	1.0	0.00014999999999998348
PRKAR1B	0.17935	NM_001164760.2	0.0079626	0.17138740000000002
PRKAR2A	0.11865	NM_004157.4	0.0071401	0.11150990000000001
PRKAR2B	0.99713	NM_002736.3	0.54152	0.45560999999999996
PRKCA	0.3677	NM_002737.3	0.99999	0.63229
PRKCB	1.0	NM_002738.7	1.0	0.0
PRKCD	0.99995	NM_006254.4	1.0	4.999999999999449e-05
PRKCE	0.99988	NM_005400.3	1.0	0.00012000000000000899
PRKCG	0.99985	NM_002739.5	0.99433	0.005519999999999969
PRKCH	0.42878	NM_006255.5	0.99734	0.56856
PRKCI	0.067986	NM_002740.6	0.0089541	0.059031900000000005
PRKCQ	0.2972	NM_006257.5	0.010591	0.286609
PRKCSH	1.0122e-07	NM_001289104.2	2.2611e-06	2.1598799999999997e-06
PRKCZ	0.541	NM_002744.6	0.050019	0.49098100000000006
PRKD1	6.6485e-07	NM_002742.3	3.0028e-09	6.618472e-07
PRKD2	0.99995	NM_016457.5	1.0	4.999999999999449e-05
PRKD3	0.0052882	NM_005813.6	8.7191e-06	0.0052794808999999995
PRKDC	1.0	NM_006904.7	1.0	0.0
PRKG1	0.99938	NM_006258.4	0.663	0.33638
PRKG2	0.64685	NM_006259.3	0.99364	0.34678999999999993
PRKN		NM_004562.3	2.9081e-15	
PRKRA	0.41653	NM_003690.5	0.00011233	0.41641767
PRKRIP1	2.2336e-11	NM_024653.4	1.0724e-06	1.0723776640000002e-06
PRL	2.9015e-07	NM_000948.6	1.9129e-09	2.882371e-07
PRLH	0.10769	NM_015893.1	0.00032596	0.10736404
PRLHR	7.7094e-05	NM_004248.3	0.14397	0.143892906
PRLR	0.98732	NM_000949.7	0.99856	0.011240000000000028
PRM1	0.02677	NM_002761.3	0.017971	0.008798999999999998
PRM2	0.024644	NM_002762.4	0.11292	0.08827600000000001
PRM3	0.35959	NM_021247.3	0.14305	0.21654
PRMT1	0.99907	NM_001536.6	1.0	0.0009299999999999864
PRMT2	0.0016132	NM_206962.4	0.0035585	0.0019453
PRMT3	4.9032e-25	NM_005788.4	7.0776e-13	7.077599999995097e-13
PRMT5	0.99999	NM_006109.5	1.0	9.99999999995449e-06
PRMT6	0.0033368	NM_018137.3	1.315e-06	0.003335485
PRMT7	5.5036e-15	NM_019023.5	1.7205e-16	5.33155e-15
PRMT8	0.98023	NM_019854.5	1.0	0.019769999999999954
PRMT9		NM_138364.4	2.4579e-12	
PRND	0.012539	NM_012409.4	0.47665	0.464111
PRNP	0.00063182	NM_000311.5	0.00032327	0.00030854999999999994
PROB1	0.0054944	NM_001161546.2		
PROC	1.9118e-05	NM_000312.4	2.1926e-05	2.808000000000001e-06
PROCA1	4.4649e-08	NM_001366301.1	5.5764e-08	1.1115000000000004e-08
PROCR	0.0056256	NM_006404.5	1.769e-07	0.0056254231
PRODH2	2.452e-13	NM_021232.2	1.7331e-16	2.4502669e-13
PROK1	6.1702e-06	NM_032414.3	4.1642e-05	3.54718e-05
PROK2	0.013828	NM_001126128.2	0.023456	0.009628000000000001
PROKR1	1.1631e-07	NM_138964.4	3.729e-07	2.5659e-07
PROKR2	2.4388e-06	NM_144773.4	4.2632e-10	2.43837368e-06
PROM1	1.9485e-22	NM_006017.3	1.2262e-27	1.9484877379999998e-22
PROM2	9.4559e-15	NM_001165978.3	5.1103e-26	9.455899999948897e-15
PROP1	0.087746	NM_006261.5	0.013593	0.07415300000000001
PRORP		NM_014672.4	1.7105e-10	
PROS1	0.00047089	NM_000313.4	0.74691	0.74643911
PROSER1	0.71143	NM_025138.5	0.59975	0.11168
PROSER2	1.1594e-07	NM_153256.4	1.6034e-08	9.990600000000001e-08
PROX1	0.99884	NM_001270616.2	1.0	0.0011600000000000499
PROX2	5.5007e-12	NM_001243007.2	4.1871e-15	5.4965129e-12
PROZ	1.1759e-16	NM_003891.3	1.9563e-18	1.156337e-16
PRPF3	1.0	NM_004698.4	1.0	0.0
PRPF4	0.9993	NM_001244926.2	1.0	0.0007000000000000339
PRPF6	0.0032101	NM_012469.4	0.99982	0.9966099
PRPF8	1.0	NM_006445.4	1.0	0.0
PRPF18	0.00026823	NM_003675.4	2.8237e-09	0.0002682271763
PRPF19	0.99995	NM_014502.5	1.0	4.999999999999449e-05
PRPF31	0.98313	NM_015629.4	1.0	0.01687000000000005
PRPF38A	0.77227	NM_032864.4	0.99919	0.22692
PRPF38B	0.70194	NM_018061.4	0.99994	0.29800000000000004
PRPF39	0.99875	NM_017922.4	0.99263	0.006120000000000014
PRPF40B	0.99963	NM_001031698.3	0.015897	0.983733
PRPH	4.7898e-14	NM_006262.4	1.7093e-15	4.61887e-14
PRPH2	0.11554	NM_000322.5	0.0060809	0.1094591
PRPS1L1	0.28673	NM_175886.3	0.00072275	0.28600725
PRPSAP1	1.7124e-07	NM_002766.3	1.461e-06	1.28976e-06
PRPSAP2	0.0031244	NM_002767.4	0.0046764	0.001552
PRR3	0.0013939	NM_025263.4	0.0024861	0.0010922000000000002
PRR4	0.044222	NM_007244.3	0.011027	0.033194999999999995
PRR5	0.066916	NM_181333.4	3.1512e-08	0.06691596848800001
PRR5L	0.065457	NM_001160167.2	0.0068137	0.0586433
PRR7	0.86893	NM_030567.5	0.0038034	0.8651266
PRR9	3.2056e-06	NM_001195571.2	1.6158e-07	3.0440199999999997e-06
PRR11	8.4224e-07	NM_018304.4	1.6022e-07	6.8202e-07
PRR12	1.0	NM_020719.3	1.0	0.0
PRR13	0.013585	NM_018457.4	0.0099708	0.0036141999999999997
PRR14	0.16859	NM_024031.5	3.6736e-06	0.1685863264
PRR14L	0.99705	NM_173566.3	5.9458e-10	0.9970499994054199
PRR15	0.53532	NM_175887.3	0.00032522	0.53499478
PRR15L	0.51009	NM_024320.4	0.74906	0.2389699999999999
PRR16	0.078558	NM_001300783.2	0.8317	0.753142
PRR18	0.46086	NM_175922.4	0.29954	0.16132000000000002
PRR19	0.81244	NM_199285.3	0.11384	0.6986000000000001
PRR22	0.014248	NM_001134316.2	0.014476	0.00022799999999999904
PRR23A		NM_001134659.1	0.058469	
PRR23B		NM_001013650.2	0.36975	
PRR23C		NM_001134657.1	0.018539	
PRR23D1	0.4218	NM_001282479.1	0.35041	0.07139000000000001
PRR27		NM_214711.4	0.015241	
PRR29		NM_001164257.2	1.3424e-06	
PRR30		NM_178553.4	0.1747	
PRR35		NM_145270.3	2.0204e-06	
PRR36		NM_001190467.2	6.9187e-07	
PRRC1	2.091e-12	NM_130809.5	8.82e-08	8.8197909e-08
PRRC2A	1.0	NM_004638.4	1.0	0.0
PRRC2B	1.0	NM_013318.4	1.0	0.0
PRRC2C	1.0	NM_001387844.1	1.0	0.0
PRRG2	9.0627e-07	NM_000951.3	5.4127e-08	8.52143e-07
PRRG4	0.11277	NM_024081.6	0.03556	0.07721
PRRT1	0.29845	NM_030651.4	0.12829	0.17016
PRRT2	0.57919	NM_145239.3	0.65632	0.07713000000000003
PRRT3	5.3843e-05	NM_207351.5	4.4286e-19	5.384299999999956e-05
PRRX1	0.24291	NM_022716.4	0.89189	0.64898
PRRX2	0.13959	NM_016307.4	0.0030137	0.13657629999999998
PRSS1	4.1384e-11	NM_002769.5	2.2086e-08	2.2044616e-08
PRSS2		NM_002770.4	2.6369e-07	
PRSS3	3.5636e-12	NM_002771.4	2.7737e-06	2.7736964364e-06
PRSS8	0.10007	NM_002773.5	0.017312	0.082758
PRSS12	8.382000000000001e-29	NM_003619.4	6.5824e-23	6.582391617999999e-23
PRSS16	4.0615e-07	NM_005865.4	1.9666e-11	4.0613033400000004e-07
PRSS21	1.3247e-07	NM_006799.4	1.8696e-18	1.324699999981304e-07
PRSS22	0.0029749	NM_022119.4	4.6699e-09	0.0029748953301
PRSS23	1.9421e-05	NM_007173.6	1.9539e-06	1.74671e-05
PRSS27	8.0112e-05	NM_031948.5	1.0913e-09	8.011090869999999e-05
PRSS33	2.455e-07	NM_152891.3	3.8226e-14	2.45499961774e-07
PRSS35	3.28e-10	NM_153362.3	2.1432e-05	2.1431672e-05
PRSS36	4.51e-19	NM_173502.5	2.6139e-32	4.5099999999997395e-19
PRSS37	2.4898e-06	NM_001008270.3	9.1387e-08	2.398413e-06
PRSS50	0.0002253	NM_013270.5	2.6922e-06	0.0002226078
PRSS54	0.10056	NM_001305173.2	2.8799e-05	0.100531201
PRSS55	3.1731e-11	NM_198464.4	6.561399999999999e-21	3.17309999934386e-11
PRSS56	0.00034082	NM_001195129.2	3.8589e-16	0.0003408199999996141
PRSS57	2.8309e-05	NM_001308209.2	5.8448e-07	2.772452e-05
PRSS58	3.0681e-09	NM_001001317.5	7.5921e-12	3.0605079000000004e-09
PRTFDC1	2.3671e-13	NM_020200.7	1.4632e-14	2.22078e-13
PRTG	1.1959e-07	NM_173814.6	4.0853e-07	2.8894000000000004e-07
PRTN3	3.8044e-05	NM_002777.4	2.9672e-10	3.804370328e-05
PRUNE1		NM_021222.3	5.9061e-05	
PRUNE2	4.9601e-28	NM_015225.3	8.4693e-23	8.469250399e-23
PRX	2.1337e-14	NM_181882.3	2.7562e-10	2.7559866299999997e-10
PRXL2A		NM_032333.5	2.2834e-09	
PRXL2B		NM_152371.5	2.7601e-12	
PRXL2C		NM_153698.2	2.3208000000000004e-19	
PSAP	0.99051	NM_002778.4	0.95247	0.03803999999999996
PSAPL1		NM_001085382.2		
PSAT1	1.0621e-08	NM_058179.4	3.1767e-14	1.0620968233e-08
PSCA	0.16856	NM_005672.5	0.0011342	0.16742579999999999
PSD	0.90358	NM_002779.5	0.92099	0.017409999999999926
PSD2	0.00022099	NM_032289.4	9.6612e-06	0.00021132880000000002
PSD3	0.0094778	NM_015310.4	0.010829	0.0013512000000000003
PSD4	0.42272	NM_012455.3	4.4694e-08	0.422719955306
PSEN1	0.97322	NM_000021.4	0.99951	0.026290000000000036
PSEN2	0.00053736	NM_000447.3	3.9828e-07	0.0005369617199999999
PSENEN	0.87614	NM_172341.4	0.93551	0.05936999999999992
PSG1	1.6242e-29	NM_001184825.2	5.6440999999999995e-28	5.48168e-28
PSG2	1.382e-30	NM_031246.4	1.8643e-21	1.864299998618e-21
PSG3	2.9137e-25	NM_021016.4	4.1718e-26	2.49652e-25
PSG4	5.9115e-29	NM_002780.5	4.0333e-26	4.0273885e-26
PSG5	8.823899999999999e-22	NM_002781.4	1.2315e-23	8.700749999999999e-22
PSG6	4.8204e-22	NM_001031850.4	2.1366e-20	2.088396e-20
PSG7		NM_002783.3	4.1076e-23	
PSG8	1.6761e-23	NM_182707.3	3.9779000000000004e-25	1.6363210000000002e-23
PSG9	3.8689e-22	NM_002784.5	1.2958e-18	1.29541311e-18
PSG11	4.8498e-17	NM_002785.3	2.4243e-17	2.4255000000000002e-17
PSIP1	0.99668	NM_033222.5	0.99977	0.003090000000000037
PSKH1	0.26016	NM_006742.3	0.14793	0.11223
PSKH2	7.2081e-09	NM_033126.3	5.6904e-05	5.68967919e-05
PSMA1	0.98251	NM_002786.4	0.99758	0.015070000000000028
PSMA2	0.98234	NM_002787.5	0.99995	0.017610000000000015
PSMA3	0.98462	NM_002788.4	0.99651	0.011889999999999956
PSMA4	0.59959	NM_002789.6	0.99755	0.3979600000000001
PSMA5	0.99376	NM_002790.4	0.99958	0.005820000000000047
PSMA6	0.98619	NM_002791.3	0.99999	0.013800000000000034
PSMA7	0.98768	NM_002792.4	0.99942	0.011739999999999973
PSMA8	5.4953e-05	NM_001025096.2	0.013019	0.012964047
PSMB1	0.96996	NM_002793.4	0.93816	0.03180000000000005
PSMB2	0.91397	NM_002794.5	0.0072969	0.9066730999999999
PSMB3	0.95656	NM_002795.4	0.99165	0.035090000000000066
PSMB4	0.0026437	NM_002796.3	0.12792	0.1252763
PSMB5	0.95893	NM_002797.5	0.9999	0.04097000000000006
PSMB6	0.015779	NM_002798.3	0.17019	0.15441100000000002
PSMB7	0.89419	NM_002799.4	0.99394	0.09975
PSMB8	0.021795	NM_148919.4	0.00028809	0.021506909999999997
PSMB9	0.0027499	NM_002800.5	0.00075421	0.00199569
PSMB10	1.7692e-06	NM_002801.4	3.8082e-10	1.76881918e-06
PSMB11	2.4272e-06	NM_001099780.2	0.010617	0.0106145728
PSMC1	0.99945	NM_002802.3	1.0	0.0005500000000000504
PSMC2	0.99985	NM_002803.4	1.0	0.00014999999999998348
PSMC3	0.9547	NM_002804.5	0.99999	0.04529000000000005
PSMC3IP	3.7819e-05	NM_016556.4	6.2728e-07	3.719172e-05
PSMC4	0.30101	NM_006503.4	0.99984	0.69883
PSMC5	0.93308	NM_002805.6	0.99991	0.06682999999999995
PSMC6	0.99662	NM_002806.5	1.0	0.0033800000000000496
PSMD1	1.0	NM_002807.4	1.0	0.0
PSMD2	1.0	NM_002808.5	1.0	0.0
PSMD3	0.99997	NM_002809.4	1.0	2.999999999997449e-05
PSMD4	0.99726	NM_002810.4	0.99998	0.0027199999999999447
PSMD5	3.2398e-08	NM_005047.4	3.5019e-07	3.17792e-07
PSMD6	0.99518	NM_014814.3	0.99998	0.0048000000000000265
PSMD7	0.26367	NM_002811.5	0.32034	0.05667
PSMD8	0.068806	NM_002812.5	3.5902e-10	0.06880599964098001
PSMD9	4.8603e-06	NM_002813.7	1.9136e-07	4.66894e-06
PSMD11	0.99987	NM_002815.4	1.0	0.00012999999999996348
PSMD12	0.99984	NM_002816.5	1.0	0.000160000000000049
PSMD13	0.99901	NM_002817.4	1.0	0.0009900000000000464
PSMD14	0.97662	NM_005805.6	0.99752	0.02089999999999992
PSME1	0.13197	NM_006263.4	0.58452	0.45255
PSME2	0.015838	NM_002818.3	0.0023894	0.013448600000000002
PSME3	0.99714	NM_005789.4	0.99995	0.002809999999999979
PSME3IP1		NM_024946.4	0.19847	
PSME4	1.0	NM_014614.3	1.0	0.0
PSMF1	3.3092e-08	NM_006814.5	4.804e-11	3.304396e-08
PSMG1	0.00034234	NM_003720.4	0.00012272	0.00021962000000000001
PSMG2	2.3824e-07	NM_020232.5	0.096376	0.09637576176
PSMG3	0.2003	NM_032302.4	0.20076	0.0004599999999999882
PSMG4	0.0018651	NM_001128591.2	0.00015928	0.00170582
PSORS1C1	0.00026534	NM_014068.3	0.093988	0.09372266
PSORS1C2	0.0024913	NM_014069.3	2.2394e-05	0.0024689060000000003
PSPC1	0.99013	NM_001354909.2	0.99185	0.0017200000000000548
PSPH	0.00096703	NM_004577.4	0.00012448	0.0008425500000000001
PSPN	0.00011172	NM_004158.5	6.759e-08	0.00011165241
PSTK	7.3998e-06	NM_001363531.2	0.043271	0.043263600199999995
PSTPIP1	2.4606e-06	NM_003978.5	5.9235e-26	2.4606e-06
PSTPIP2	0.0028024	NM_024430.4	1.7106e-05	0.0027852940000000002
PTAFR	0.24232	NM_000952.5	0.025586	0.216734
PTAR1	0.86445	NM_001099666.2	0.97187	0.10741999999999996
PTBP1	0.99961	NM_002819.5	1.0	0.00039000000000000146
PTBP2	0.99883	NM_021190.4	0.99954	0.0007099999999999884
PTBP3	0.86295	NM_001163788.4	0.98259	0.11963999999999997
PTCD1	2.9087e-14	NM_015545.4	1.0113e-15	2.8075700000000003e-14
PTCD2	7.1321e-11	NM_024754.5	0.33924	0.339239999928679
PTCD3	2.487e-22	NM_017952.6	8.386299999999999e-21	8.137599999999999e-21
PTCH1	1.0	NM_000264.5	1.0	0.0
PTCH2	3.4086e-16	NM_003738.5	1.2554000000000001e-24	3.408599987446e-16
PTCHD4	0.00016171	NM_001384253.1	1.1578e-05	0.000150132
PTCRA	0.14449	NM_138296.3	0.0029372	0.1415528
PTDSS1	0.15093	NM_014754.3	5.0589e-08	0.15092994941100002
PTDSS2	1.3906e-05	NM_030783.3	4.8596e-08	1.3857404e-05
PTEN	0.25651	NM_000314.8	0.048668	0.20784200000000003
PTER	3.2773e-13	NM_001261836.2	9.8696e-14	2.29034e-13
PTF1A	0.16565	NM_178161.3	5.9082e-08	0.165649940918
PTGDR	3.58e-06	NM_000953.3	1.9206e-09	3.5780794e-06
PTGDR2	0.0027025	NM_004778.3		
PTGDS	0.0050922	NM_000954.6	5.2259e-06	0.0050869741
PTGER1	0.00097345	NM_000955.3	3.8641e-07	0.0009730635900000001
PTGER2	0.0074901	NM_000956.4	2.1826e-07	0.007489881740000001
PTGER3	0.37217	NM_198719.2	0.021246	0.350924
PTGER4	0.9755	NM_000958.3	0.9214	0.05410000000000004
PTGES	0.71317	NM_004878.5	0.39611	0.31705999999999995
PTGES2	2.361e-09	NM_025072.7	4.9812e-11	2.311188e-09
PTGES3	0.98536	NM_006601.7	0.50882	0.47653999999999996
PTGES3L	0.0051619	NM_001261430.2	0.0058545	0.0006926000000000007
PTGFR	0.066085	NM_000959.4	0.0040406	0.062044400000000006
PTGFRN	0.00047574	NM_020440.4	0.24324	0.24276426
PTGIR	0.00088819	NM_000960.4	5.8869e-08	0.0008881311309999999
PTGIS	1.197e-09	NM_000961.4	1.2317e-15	1.1969987683e-09
PTGR1	3.5375e-08	NM_001146108.2	0.0033849	0.003384864625
PTGR2	2.7131e-07	NM_001146154.2	0.00013521	0.00013493869
PTGS1	6.2425e-07	NM_000962.4	2.735e-09	6.21515e-07
PTGS2	0.99597	NM_000963.4	1.0	0.004029999999999978
PTH	0.012093	NM_000315.4	0.047138	0.035045
PTH1R	0.57253	NM_000316.3	0.00019329	0.57233671
PTH2	0.0026248	NM_178449.4	0.0065182	0.0038934
PTH2R	1.4112e-20	NM_005048.4	6.5346e-20	5.1234000000000003e-20
PTHLH	0.81146	NM_198965.2	0.92926	0.11780000000000002
PTK2B	0.93536	NM_173176.3	4.5186e-05	0.9353148139999999
PTK6	4.3468e-13	NM_005975.4	2.7574e-16	4.3440426e-13
PTK7	0.99721	NM_002821.5	0.99999	0.0027800000000000047
PTMA	0.034451	NM_002823.5	0.93312	0.8986689999999999
PTMS	0.19751	NM_002824.6	0.82137	0.6238600000000001
PTN	0.0075073	NM_002825.7	0.0059544	0.0015528999999999994
PTP4A1	0.28236	NM_003463.5	0.24336	0.03900000000000001
PTP4A2	0.96626	NM_080391.4	0.98416	0.017900000000000027
PTP4A3	0.045489	NM_032611.3	0.038746	0.006742999999999999
PTPA		NM_178000.3	0.94668	
PTPDC1	2.9858e-05	NM_001253829.2	4.1268e-09	2.98538732e-05
PTPMT1	0.012681	NM_175732.3	0.004294	0.008386999999999999
PTPN1	0.81293	NM_002827.4	1.0	0.18706999999999996
PTPN2	0.99953	NM_002828.4	0.51018	0.48935000000000006
PTPN3	6.706e-09	NM_002829.4	2.1222e-23	6.705999999999978e-09
PTPN4	0.99663	NM_002830.4	0.94902	0.04761000000000004
PTPN5	0.0014228	NM_006906.2	0.1447	0.1432772
PTPN6	0.99999	NM_002831.6	1.0	9.99999999995449e-06
PTPN7	9.4147e-14	NM_002832.4	1.4022e-07	1.40219905853e-07
PTPN9	0.10956	NM_002833.4	0.88832	0.77876
PTPN11	0.99998	NM_002834.5	1.0	2.0000000000020002e-05
PTPN12	0.99996	NM_002835.4	0.96525	0.03470999999999991
PTPN13	1.4172000000000002e-25	NM_080683.3	1.357e-27	1.4036300000000003e-25
PTPN14	0.22055	NM_005401.5	0.21248	0.008069999999999994
PTPN18	1.5e-09	NM_014369.4	3.3212999999999997e-22	1.4999999999996679e-09
PTPN20		NM_001042357.5	0.37345	
PTPN21	2.2052e-12	NM_007039.4	7.2782e-11	7.057679999999999e-11
PTPN23	0.031312	NM_015466.4	9.3323e-07	0.03131106677
PTPRA	0.99998	NM_001385305.1	1.0	2.0000000000020002e-05
PTPRB	0.50207	NM_001109754.4	0.9781	0.47602999999999995
PTPRC	1.0	NM_002838.5	1.0	0.0
PTPRCAP	0.54001	NM_005608.3	0.49794	0.042069999999999996
PTPRD	1.0	NM_002839.4	1.0	0.0
PTPRE	0.00081616	NM_006504.6	4.4967e-06	0.0008116633
PTPRF	1.0	NM_002840.5	1.0	0.0
PTPRG	5.0736e-06	NM_002841.4	5.3592e-15	5.0735999946408e-06
PTPRH	1.0298e-36	NM_002842.5	4.146e-32	4.14589702e-32
PTPRJ	1.2879e-11	NM_002843.4	1.3858e-35	1.2879e-11
PTPRK	0.90291	NM_002844.4	0.10948	0.79343
PTPRM	0.99998	NM_001105244.2	1.0	2.0000000000020002e-05
PTPRN	7.9561e-07	NM_002846.4	1.5985e-14	7.956099840150001e-07
PTPRN2	5.392e-07	NM_002847.5	5.035e-15	5.39199994965e-07
PTPRO	1.1875e-05	NM_030667.3	0.16709	0.167078125
PTPRQ	4.2188e-21	NM_001145026.2	9.7609e-48	4.2188e-21
PTPRR	8.7415e-07	NM_002849.4	0.0061569	0.00615602585
PTPRS	0.99983	NM_002850.4	1.0	0.00017000000000000348
PTPRT	1.0	NM_007050.6	1.0	0.0
PTPRU	0.39251	NM_133178.4	0.0057789	0.38673110000000005
PTPRZ1	0.98997	NM_002851.3	0.15488	0.83509
PTRH1	0.00016798	NM_001002913.3	3.1536e-05	0.000136444
PTRH2	0.00063822	NM_016077.5	0.0011805	0.0005422799999999999
PTRHD1	4.6245e-07	NM_001013663.2	0.00023781	0.00023734755
PTS	6.4613e-06	NM_000317.3	9.4801e-10	6.4603519900000006e-06
PTTG1	0.00042161	NM_004219.4	0.61383	0.61340839
PTTG1IP	0.0049827	NM_004339.4	0.00043855	0.004544149999999999
PTTG2		NM_006607.3	0.044482	
PTX3	6.9827e-05	NM_002852.4	6.2145e-10	6.982637855e-05
PTX4	3.758e-13	NM_001328608.2	1.8412e-07	1.841196242e-07
PUF60	0.99677	NM_078480.3	1.0	0.003229999999999955
PUM1	1.0	NM_001020658.2	1.0	0.0
PUM2	0.99492	NM_015317.5	0.00015334	0.99476666
PUM3		NM_014878.5	3.3276e-13	
PURA	0.94029	NM_005859.5	0.99996	0.05967
PURB	0.62543	NM_033224.5	0.001009	0.624421
PURG	0.961	NM_001323311.2	0.99948	0.03848000000000007
PUS1	0.0016656	NM_025215.6	6.4004e-08	0.001665535996
PUS3	1.4003e-08	NM_031307.4	1.6014e-10	1.384286e-08
PUS7	1.3457e-09	NM_019042.5	1.876e-05	1.87586543e-05
PUS7L	2.5859e-06	NM_031292.5	1.5885e-07	2.42705e-06
PUS10	7.8796e-14	NM_144709.4	6.0777e-08	6.0776921204e-08
PUSL1	2.6543e-20	NM_153339.3	8.0385e-27	2.6542991961500002e-20
PVALB	0.086602	NM_001315532.2	0.00086045	0.08574155
PVALEF		NM_001354639.2		
PVR	3.922e-10	NM_006505.5	5.3647e-11	3.38553e-10
PWP1	1.9862e-12	NM_007062.3	1.466e-08	1.46580138e-08
PWWP2A	0.98292	NM_001130864.2	0.36793	0.61499
PWWP2B	0.8409	NM_138499.4	0.00044598	0.84045402
PWWP3A		NM_001369789.1	1.7334e-11	
PXDC1	0.0043291	NM_183373.4	0.44029	0.43596090000000004
PXDN	2.5126e-07	NM_012293.3	1.9752e-10	2.5106247999999997e-07
PXDNL	2.2028e-35	NM_144651.5	6.5136e-32	6.511397200000001e-32
PXK	0.010847	NM_017771.5	0.1817	0.170853
PXMP2	0.009178	NM_018663.3	0.0011357	0.0080423
PXMP4	0.00075854	NM_007238.5	7.8804e-05	0.000679736
PXN	0.082342	NM_001385981.1	2.732e-13	0.0823419999997268
PXT1	2.5199e-06	NM_152990.4	0.041211	0.0412084801
PXYLP1		NM_001037172.3	0.16307	
PYCARD	0.00019768	NM_013258.5	0.00043053	0.00023285
PYCR1	0.00019947	NM_006907.4	1.677e-06	0.000197793
PYCR2	2.0652e-06	NM_013328.4	2.6343e-05	2.42778e-05
PYCR3		NM_023078.6	4.7954e-08	
PYDC1		NM_152901.4	0.14187	
PYDC2		NM_001083308.1	0.13815	
PYGB	1.4144e-14	NM_002862.4	7.705e-25	1.41439999992295e-14
PYGL	1.71e-17	NM_002863.5	4.2298e-27	1.70999999957702e-17
PYGM	2.033e-13	NM_005609.4	2.8946999999999997e-22	2.0329999971053e-13
PYGO1	0.98683	NM_001367806.1	0.99916	0.012330000000000063
PYGO2	0.96676	NM_138300.4	0.62291	0.34385
PYHIN1	7.7771e-10	NM_152501.5	1.0259e-08	9.481289999999999e-09
PYM1		NM_032345.3	0.7851	
PYROXD1	6.2976e-09	NM_024854.5	3.8839e-05	3.88327024e-05
PYROXD2	1.0027e-15	NM_032709.3	5.1418e-20	1.002648582e-15
PYURF	0.16154	NM_032906.5	0.00034362	0.16119638
PYY	0.011784	NM_001394028.1	2.0468e-05	0.011763532
PZP	6.8173e-36	NM_002864.3	1.8332e-32	1.83251827e-32
QARS1		NM_005051.3	6.106800000000001e-19	
QDPR	0.00015254	NM_000320.3	4.011e-06	0.000148529
QKI	0.75121	NM_006775.3	0.99613	0.24491999999999992
QPCT	1.1987e-15	NM_012413.4	1.4995e-14	1.37963e-14
QPCTL	1.5671e-08	NM_017659.4	9.2521e-11	1.5578479e-08
QPRT	0.0046997	NM_014298.6	2.5479e-05	0.004674221
QRFP		NM_198180.3	0.0062988	
QRFPR	7.8556e-11	NM_198179.3	6.2738e-12	7.22822e-11
QRICH1	0.99576	NM_198880.3	1.0	0.0042400000000000215
QRICH2	1.0765e-28	NM_001388453.1	2.4502e-28	1.3737e-28
QRSL1	4.8771e-08	NM_018292.5	4.1617e-15	4.87709958383e-08
QSER1	0.99999	NM_001076786.3	1.0	9.99999999995449e-06
QSOX1	2.5936e-05	NM_002826.5	9.7624e-06	1.61736e-05
QSOX2	9.8463e-08	NM_181701.4	2.0643e-12	9.84609357e-08
QTRT1	2.5932e-07	NM_031209.3	1.3125e-13	2.5931986875e-07
QTRT2		NM_024638.4	3.5695e-05	
R3HCC1	0.00014338	NM_001136108.3	1.9052e-10	0.00014337980948
R3HCC1L	1.2632e-09	NM_001351015.2	2.8738e-14	1.263171262e-09
R3HDM1	0.86068	NM_001378107.1	1.0	0.13932
R3HDM2	1.0	NM_001394031.1	1.0	0.0
R3HDM4	0.00046251	NM_138774.4	9.8108e-11	0.000462509901892
R3HDML	1.884e-06	NM_178491.4	3.4505e-06	1.5664999999999997e-06
RAB1A	0.82305	NM_004161.5	0.99666	0.17361000000000004
RAB1B	0.88438	NM_030981.3	0.19565	0.6887300000000001
RAB2A	0.98913	NM_002865.3	0.22908	0.7600499999999999
RAB2B	0.0028028	NM_032846.4	1.2975e-05	0.0027898249999999997
RAB3A	0.9463	NM_002866.5	0.98577	0.039470000000000005
RAB3B	0.31473	NM_002867.4	0.073523	0.241207
RAB3C	0.00028942	NM_138453.4	0.020995	0.02070558
RAB3D	1.3302e-05	NM_004283.4	4.9298e-06	8.372200000000001e-06
RAB3GAP1	1.4523e-07	NM_012233.3	5.1538e-17	1.45229999948462e-07
RAB3GAP2	0.98674	NM_012414.4	0.00071117	0.98602883
RAB3IL1	0.00036755	NM_013401.4	9.5409e-12	0.0003675499904591
RAB3IP	1.6698e-08	NM_022456.5	0.00019428	0.00019426330199999998
RAB4A	0.2026	NM_004578.4	0.087434	0.115166
RAB4B	0.67089	NM_016154.5	0.0043678	0.6665222
RAB5A	0.62452	NM_004162.5	0.99558	0.37106000000000006
RAB5B	0.026434	NM_002868.4	0.95294	0.926506
RAB5C	0.93717	NM_004583.4	0.99376	0.05659000000000003
RAB5IF		NM_018840.5	0.00043683	
RAB6A	0.95237	NM_198896.2	0.92737	0.025000000000000022
RAB6B	0.95879	NM_016577.4	0.9991	0.04030999999999996
RAB6C		NM_032144.3	0.060411	
RAB6D		NM_001077637.3	0.007658	
RAB7A	0.96933	NM_004637.6	0.99995	0.03061999999999998
RAB8A	0.97543	NM_005370.5	0.9996	0.024170000000000025
RAB8B	0.00069486	NM_016530.3	0.25433	0.25363514
RAB10	0.97213	NM_016131.5	0.95387	0.018260000000000054
RAB11A	0.99151	NM_004663.5	0.87729	0.11421999999999999
RAB11B	0.4442	NM_004218.4	0.66811	0.22391
RAB11FIP1	7.3324e-11	NM_001002814.3	3.7238e-09	3.650476e-09
RAB11FIP2	0.94451	NM_014904.3	0.9898	0.04529000000000005
RAB11FIP3	0.9982	NM_014700.4	0.99999	0.0017900000000000693
RAB11FIP4	0.99199	NM_032932.6	0.80963	0.18236000000000008
RAB11FIP5	0.0014636	NM_001371272.1	5.912e-11	0.00146359994088
RAB12	0.042786	NM_001025300.3	0.021293	0.021492999999999998
RAB13	0.02472	NM_002870.5	0.0096766	0.015043399999999998
RAB14	0.99047	NM_016322.4	0.99982	0.00935000000000008
RAB15	0.0059597	NM_001308154.2	0.2188	0.21284029999999998
RAB17	0.074599	NM_022449.4	2.7711e-05	0.074571289
RAB18	0.91006	NM_021252.5	0.95038	0.04032000000000002
RAB19	1.5787e-06	NM_001008749.3	1.1535e-08	1.567165e-06
RAB20	0.0038974	NM_017817.3	0.029064	0.0251666
RAB21	0.1111	NM_014999.4	0.020676	0.090424
RAB22A	0.10273	NM_020673.3	0.05011	0.05262
RAB23	0.0056143	NM_016277.5	0.033359	0.0277447
RAB24	0.14963	NM_001031677.4	0.99744	0.84781
RAB25	1.1227e-07	NM_020387.4	8.6891e-08	2.5379000000000005e-08
RAB26	1.6979e-08	NM_014353.5	3.2738e-16	1.697899967262e-08
RAB27A	3.0027e-07	NM_183235.3	1.5541e-05	1.5240729999999998e-05
RAB27B	0.038714	NM_004163.4	0.0082165	0.030497499999999997
RAB28	0.02487	NM_001017979.3	0.0011185	0.0237515
RAB29		NM_003929.3	0.027708	
RAB30	0.92132	NM_001286060.2	0.64387	0.27745
RAB31	0.0012566	NM_006868.4	1.1162e-06	0.0012554838
RAB32	0.00065061	NM_006834.5	8.5505e-07	0.00064975495
RAB33B	0.67523	NM_031296.3	0.39187	0.28336
RAB34	5.4311e-07	NM_031934.6	9.3255e-11	5.43016745e-07
RAB35	0.97845	NM_006861.7	0.99975	0.021299999999999986
RAB36	1.6531e-10	NM_004914.5	6.2716e-12	1.590384e-10
RAB37	8.1116e-08	NM_001006638.3	8.6364e-10	8.025235999999999e-08
RAB38	0.0019671	NM_022337.3	7.115e-05	0.0018959499999999998
RAB39A	0.00089193	NM_017516.3	1.623e-05	0.0008757
RAB40B	8.6559e-06	NM_006822.3	5.1222e-08	8.604677999999999e-06
RAB40C	0.01538	NM_021168.5	0.962	0.94662
RAB42	0.0029709	NM_001193532.3	0.00042505	0.0025458499999999997
RAB43	0.56224	NM_198490.3	0.51274	0.04949999999999999
RAB44	0.0018825	NM_001257357.2	4.265e-17	0.0018824999999999573
RABAC1	0.005291	NM_006423.3	0.0001047	0.0051863
RABEP1	0.99851	NM_004703.6	0.95782	0.040690000000000004
RABEP2	0.0011388	NM_024816.3	2.2711e-16	0.001138799999999773
RABEPK	2.8422e-11	NM_005833.4	1.2533e-07	1.25301578e-07
RABGAP1	1.0	NM_012197.4	1.0	0.0
RABGAP1L	0.00010938	NM_001366446.1	0.00067362	0.00056424
RABGEF1	0.00063083	NM_014504.3	0.0014205	0.0007896700000000001
RABGGTA	1.7504e-10	NM_182836.3	1.4214000000000002e-19	1.7503999985786e-10
RABGGTB	0.007867	NM_004582.4	0.022161	0.014294
RABIF	0.014371	NM_002871.5	1.3649e-05	0.014357351
RABL2A	7.2529e-08	NM_001306158.2	0.0012428	0.001242727471
RABL2B	7.7226e-07	NM_001130919.3	0.000174	0.00017322774
RABL3	0.00080229	NM_173825.5	0.071376	0.07057371
RABL6	0.99817	NM_024718.5	0.14851	0.84966
RAC1	0.76228	NM_006908.5	0.99948	0.23720000000000008
RAC2	0.96627	NM_002872.5	0.99996	0.03369
RAC3	0.0026125	NM_005052.3	0.28031	0.2776975
RACGAP1	0.0017041	NM_001319999.2	0.86929	0.8675859
RACK1		NM_006098.5	0.99999	
RAD1	0.00012252	NM_002853.4	0.00010675	1.5770000000000007e-05
RAD9A	4.0279e-06	NM_004584.3	1.3049e-05	9.0211e-06
RAD9B	3.0239e-13	NM_001286535.2	1.7796e-05	1.779599969761e-05
RAD17	0.0569	NM_133338.3	0.80639	0.7494900000000001
RAD18	1.5787e-08	NM_020165.4	5.9288e-09	9.858200000000002e-09
RAD21	0.99701	NM_006265.3	1.0	0.002990000000000048
RAD21L1	4.5316e-06	NM_001384355.1	0.0022904	0.0022858684
RAD23A	0.18355	NM_005053.4	0.86371	0.68016
RAD23B	0.9963	NM_002874.5	1.0	0.0037000000000000366
RAD50	3.4392000000000004e-27	NM_005732.4	1.1799000000000001e-33	3.4391988201e-27
RAD51	0.026578	NM_002875.5	0.99531	0.968732
RAD51AP1	0.011096	NM_006479.5	0.054529	0.043433
RAD51AP2	7.9703e-20	NM_001099218.3	6.1926e-17	6.1846297e-17
RAD51B	2.079e-15	NM_133510.4	1.7091e-10	1.7090792100000002e-10
RAD51C	6.1906e-14	NM_058216.3	3.0641e-13	2.44504e-13
RAD51D	1.0631e-09	NM_002878.4	1.7901e-11	1.045199e-09
RAD52	7.1128e-11	NM_134424.4	3.846e-16	7.11276154e-11
RAD54B	8.1173e-13	NM_012415.3	2.2964e-18	8.117277036e-13
RAD54L	2.3634e-15	NM_003579.4	1.7363000000000002e-19	2.3632263700000002e-15
RAD54L2	1.0	NM_015106.4	1.0	0.0
RADIL	6.2671e-23	NM_018059.5	1.27e-41	6.2671e-23
RAE1	0.99902	NM_003610.4	0.99963	0.0006099999999999994
RAET1E	2.3144e-07	NM_001394057.1	8.1008e-10	2.3062992000000002e-07
RAET1G	6.8212e-06	NM_001001788.4	6.7842e-08	6.753358e-06
RAET1L	2.4837e-10	NM_130900.3	0.00053592	0.0005359197516299999
RAF1	0.85295	NM_001354689.3	1.0	0.14705000000000001
RAG1	2.7659e-05	NM_000448.3	2.2369e-05	5.290000000000002e-06
RAG2	0.020287	NM_000536.4	0.022372	0.002085
RAI1	1.0	NM_030665.4	1.0	0.0
RAI14	0.99122	NM_015577.3	0.62734	0.36388
RALA	0.97289	NM_005402.4	0.94757	0.02532000000000001
RALB	0.020067	NM_002881.3	3.8361e-05	0.020028639
RALBP1	0.14667	NM_006788.4	0.79971	0.6530400000000001
RALGAPA1	0.99999	NM_001346249.2	1.0	9.99999999995449e-06
RALGAPA2	3.0325e-17	NM_020343.4	1.3082e-22	3.032486918e-17
RALGAPB	1.0	NM_020336.4	1.0	0.0
RALGDS	0.88814	NM_006266.4	0.0015824	0.8865576000000001
RALGPS1	0.99999	NM_014636.3	1.0	9.99999999995449e-06
RALGPS2	0.26225	NM_152663.5	0.024459	0.23779099999999997
RALY	0.13796	NM_016732.3	0.03265	0.10531
RALYL	0.45873	NM_173848.7	0.01159	0.44714000000000004
RAMAC		NM_031452.4	0.025959	
RAMP1	0.13181	NM_005855.4	0.00039711	0.13141289
RAMP2	0.051127	NM_005854.3	0.0074392	0.0436878
RAMP3	0.016373	NM_005856.3	4.6708e-06	0.0163683292
RAN	0.97576	NM_006325.5	0.99995	0.024190000000000045
RANBP1	0.82235	NM_001278639.2	0.012032	0.810318
RANBP2	1.0	NM_006267.5	1.0	0.0
RANBP3	0.99997	NM_007322.3	1.0	2.999999999997449e-05
RANBP3L	7.8033e-16	NM_145000.5	3.3469e-07	3.3468999921967e-07
RANBP6	0.00011385	NM_012416.4	0.99475	0.99463615
RANBP9	0.99999	NM_005493.3	1.0	9.99999999995449e-06
RANBP10	0.96855	NM_020850.3	0.99182	0.023270000000000013
RANBP17	7.1728e-45	NM_022897.5	1.7403e-29	1.7402999999999992e-29
RANGAP1	0.025531	NM_002883.4	6.3703e-08	0.025530936297
RANGRF	2.4357e-05	NM_016492.5	3.8612e-05	1.4255000000000002e-05
RAP1A	0.62227	NM_002884.4	0.99295	0.37068
RAP1B	0.90995	NM_001010942.3	0.99938	0.08943000000000001
RAP1GAP	0.84376	NM_002885.4	0.013631	0.830129
RAP1GAP2	0.96928	NM_015085.5	0.99988	0.03059999999999996
RAP1GDS1	0.93288	NM_001100427.2	0.00052151	0.93235849
RAP2A	0.85068	NM_021033.7	0.7568	0.09387999999999996
RAP2B	0.48658	NM_002886.4	0.23408	0.2525
RAPGEF1	0.99995	NM_001377935.1	1.0	4.999999999999449e-05
RAPGEF2	1.0	NM_001394067.2	1.0	0.0
RAPGEF3	7.0737e-23	NM_001098531.4	2.2375e-28	7.073677625e-23
RAPGEF4	0.99218	NM_007023.4	0.014611	0.9775689999999999
RAPGEF5	0.98099	NM_012294.5	3.3647e-10	0.9809899996635301
RAPGEF6	0.99644	NM_016340.6	1.0	0.0035600000000000076
RAPGEFL1	0.29662	NM_016339.6	0.0005375	0.29608249999999997
RAPH1	0.99985	NM_213589.3	0.99999	0.000140000000000029
RAPSN	0.0015148	NM_005055.5	6.3937e-10	0.0015147993606299999
RARA	0.96305	NM_000964.4	1.0	0.03695000000000004
RARB	0.99983	NM_000965.5	0.99414	0.005689999999999973
RARG	0.99478	NM_000966.6	0.38317	0.61161
RARRES1	2.6799e-09	NM_206963.2	5.4709e-12	2.6744291e-09
RARRES2	2.716e-05	NM_002889.4	0.00030936	0.00028220000000000003
RARS1		NM_002887.4	1.1875e-16	
RARS2	7.7352e-14	NM_020320.5	1.92e-12	1.842648e-12
RASA1	1.0	NM_002890.3	1.0	0.0
RASA2	7.391e-31	NM_006506.5	2.9677e-36	7.3909703230000005e-31
RASA3	1.9114e-10	NM_007368.4	1.3437e-14	1.91126563e-10
RASA4	0.115	NM_006989.6	0.014808	0.100192
RASA4B	0.0214	NM_001367767.2	0.28795	0.26655
RASAL1	1.2135e-14	NM_001301202.2	3.556e-19	1.21346444e-14
RASAL2	0.79641	NM_170692.4	0.0053813	0.7910286999999999
RASAL3	1.114e-10	NM_022904.3	1.0577e-21	1.1139999999894229e-10
RASD1	0.038736	NM_016084.5	0.00014827	0.03858773
RASD2	0.53733	NM_014310.4	0.25486	0.28247
RASEF	2.2309e-09	NM_152573.4	7.0386e-13	2.2301961399999998e-09
RASGEF1A	0.97444	NM_145313.4	0.97757	0.003130000000000077
RASGEF1B	0.92073	NM_152545.3	0.069272	0.851458
RASGEF1C	9.6077e-06	NM_175062.4	0.09815	0.0981403923
RASGRF1	0.99999	NM_001145648.3	1.0	9.99999999995449e-06
RASGRF2	0.15243	NM_006909.3	3.3565e-08	0.152429966435
RASGRP1	0.96554	NM_005739.4	0.47553	0.49000999999999995
RASGRP2	0.2436	NM_001098671.2	4.1031e-10	0.24359999958969
RASGRP3	0.0091132	NM_001139488.2	8.2531e-07	0.00911237469
RASGRP4	0.037579	NM_170604.3	3.3951e-11	0.037578999966049
RASIP1	0.99803	NM_017805.3	0.999	0.0009700000000000264
RASL10A	0.18418	NM_006477.5	6.4437e-06	0.1841735563
RASL10B	0.0041933	NM_033315.4	0.093119	0.0889257
RASL11A	1.592e-06	NM_206827.2	3.3912e-06	1.7991999999999999e-06
RASL11B	0.0074739	NM_023940.3	0.0070729	0.0004010000000000003
RASL12	0.00087102	NM_016563.4	2.6274e-05	0.0008447460000000001
RASSF1	4.9255e-06	NM_007182.5	2.2472e-12	4.9254977528e-06
RASSF2	5.0648e-07	NM_014737.3	2.8773e-09	5.036027e-07
RASSF3	1.7804e-05	NM_178169.4	4.2711e-05	2.4906999999999997e-05
RASSF4	1.7281e-13	NM_032023.4	1.2462e-11	1.228919e-11
RASSF5	0.043347	NM_182663.4	1.432e-05	0.04333268
RASSF6	2.7376e-26	NM_177532.5	0.00044016	0.00044016
RASSF7	2.252e-11	NM_003475.4	9.5453e-22	2.251999999904547e-11
RASSF8	0.94158	NM_001394098.1	0.028283	0.913297
RASSF9	1.4029e-08	NM_005447.4	1.7313e-08	3.2840000000000015e-09
RASSF10		NM_001080521.3	2.6794e-05	
RAVER1	0.91101	NM_133452.3	2.3279e-07	0.9110097672099999
RAX	0.10092	NM_013435.3	0.00058285	0.10033715
RAX2	0.0082874	NM_001319074.4	0.05374	0.0454526
RB1	1.0	NM_000321.3	1.0	0.0
RB1CC1	1.0	NM_014781.5	1.0	0.0
RBAK	1.1355e-08	NM_021163.4	7.3815e-07	7.267949999999999e-07
RBBP4	0.99565	NM_005610.3	1.0	0.004349999999999965
RBBP5	0.99981	NM_005057.4	1.0	0.00019000000000002348
RBBP6	1.0	NM_006910.5	1.0	0.0
RBBP8	3.0764e-12	NM_002894.3	3.0961999999999996e-21	3.0763999969038e-12
RBBP8NL	0.0098478	NM_080833.3	3.2997000000000003e-24	0.0098478
RBBP9	0.048641	NM_006606.3	4.203e-07	0.0486405797
RBCK1	0.13497	NM_031229.4	1.0642e-10	0.13496999989358
RBFA	9.5095e-05	NM_024805.3	0.0071405	0.007045405
RBFOX1	0.95263	NM_018723.4	1.0	0.04737000000000002
RBFOX3	0.99785	NM_001350451.2	0.59928	0.39857
RBIS		NM_001099673.3	0.32564	
RBKS	5.1575e-09	NM_022128.3	1.4931e-06	1.4879425e-06
RBL1	0.079639	NM_002895.5	1.7752e-14	0.07963899999998225
RBL2	0.99835	NM_005611.4	0.0002295	0.9981205
RBM4	0.99005	NM_002896.4	0.99805	0.008000000000000007
RBM4B	0.02359	NM_031492.4	0.1392	0.11560999999999999
RBM5	1.0	NM_005778.4	1.0	0.0
RBM6	1.0	NM_005777.3	1.0	0.0
RBM7	0.64753	NM_001286045.2	0.089473	0.558057
RBM8A	0.57268	NM_005105.5	0.93671	0.3640300000000001
RBM11	2.2392e-05	NM_144770.5	6.8464e-07	2.170736e-05
RBM12	0.0021086	NM_006047.6	1.9734e-05	0.002088866
RBM12B	0.0049816	NM_001377960.1	0.95913	0.9541484
RBM14	0.99843	NM_006328.4	1.0	0.0015699999999999603
RBM15	0.99474	NM_022768.5	1.0	0.005260000000000042
RBM15B	0.99557	NM_013286.5	0.99986	0.004290000000000016
RBM17	0.99981	NM_032905.5	1.0	0.00019000000000002348
RBM18	0.00040287	NM_033117.4	0.002575	0.00217213
RBM19	1.7215e-12	NM_016196.4	3.7938e-25	1.7214999999996206e-12
RBM20	0.98954	NM_001134363.3	0.011358	0.978182
RBM22	0.99947	NM_018047.3	1.0	0.0005300000000000304
RBM23	4.8221e-11	NM_001077351.2	5.354e-16	4.82204646e-11
RBM24	0.086409	NM_001143942.2	0.85074	0.7643310000000001
RBM25	1.0	NM_021239.3	1.0	0.0
RBM26	1.0	NM_001366735.2	0.99989	0.0001100000000000545
RBM27	0.99999	NM_018989.2	1.0	9.99999999995449e-06
RBM28	6.2318e-12	NM_018077.3	3.9531e-18	6.2317960469000004e-12
RBM33	1.0	NM_053043.3	1.0	0.0
RBM34	4.6408e-15	NM_015014.4	3.0592e-11	3.05873592e-11
RBM38	0.71583	NM_017495.6	0.023209	0.6926209999999999
RBM39	0.99981	NM_184234.3	1.0	0.00019000000000002348
RBM42	0.74791	NM_024321.5	0.00058001	0.74732999
RBM43	0.13251	NM_198557.3	4.4929e-05	0.132465071
RBM44	0.0010793	NM_001080504.3	1.3209e-10	0.00107929986791
RBM45	2.1132e-10	NM_152945.4	3.3932e-07	3.3910868e-07
RBM46	0.47301	NM_144979.5	0.98656	0.51355
RBM47	0.98493	NM_001098634.2	0.034549	0.9503809999999999
RBM48	1.5329e-07	NM_032120.4	8.8241e-08	6.504899999999999e-08
RBMS1	0.11929	NM_016836.4	0.99979	0.8805
RBMS2	1.3611e-06	NM_002898.4	1.2125e-08	1.348975e-06
RBMS3	0.2128	NM_001003793.3	0.25372	0.04092000000000001
RBMXL1	0.029284	NM_001162536.3	0.00014661	0.029137390000000003
RBMXL2	0.074817	NM_014469.5	0.032725	0.042092
RBP1	5.9233e-06	NM_002899.5	1.8399e-06	4.0834e-06
RBP2	0.22089	NM_004164.3	2.5247e-06	0.2208874753
RBP3	0.00010889	NM_002900.3	6.2936e-14	0.000108889999937064
RBP4	0.51951	NM_006744.4	0.86966	0.35014999999999996
RBP5	4.9181e-05	NM_031491.4	0.0001789	0.000129719
RBP7	0.54133	NM_052960.3	0.0036768	0.5376531999999999
RBPJ	0.99853	NM_015874.6	1.0	0.0014699999999999713
RBPJL	2.9189e-11	NM_014276.4	3.3413e-15	2.91856587e-11
RBPMS	0.97173	NM_001008710.3	0.49715	0.47458
RBPMS2	0.87683	NM_194272.3	0.001544	0.875286
RBSN		NM_022340.4	4.3732e-06	
RBX1	0.94689	NM_014248.4	0.57182	0.37507
RC3H1	0.99309	NM_172071.4	0.9982	0.005109999999999948
RC3H2	1.0	NM_001100588.3	1.0	0.0
RCAN1	0.016675	NM_004414.7	0.015326	0.0013489999999999995
RCAN2	0.83475	NM_001251974.2	0.55474	0.28001
RCAN3	0.00015715	NM_013441.4	2.3541e-07	0.00015691459
RCBTB1	1.5605e-06	NM_018191.4	4.5851e-05	4.42905e-05
RCBTB2	2.4857e-09	NM_001268.4	1.0169e-15	2.4856989830999998e-09
RCC1	0.93109	NM_001381865.2	0.99984	0.06874999999999998
RCC1L		NM_030798.5	7.7363e-13	
RCC2	0.95567	NM_018715.4	0.9685	0.012830000000000008
RCCD1	3.2679e-11	NM_001017919.2	7.0059e-21	3.26789999929941e-11
RCE1	0.15955	NM_005133.3	0.051947	0.107603
RCHY1	0.066203	NM_015436.4	0.058414	0.007788999999999997
RCL1	0.059378	NM_005772.5	0.014704	0.044674
RCN1	2.8821e-05	NM_002901.4	0.037737	0.037708179
RCN2	0.029405	NM_002902.3	3.8258e-05	0.029366742
RCN3	3.8085e-11	NM_020650.3	4.3575e-18	3.80849956425e-11
RCOR1	0.99992	NM_015156.4	0.47448	0.52544
RCOR2	0.2071	NM_173587.4	0.82281	0.61571
RCOR3	0.988	NM_001136223.3	0.99997	0.011970000000000036
RCSD1	0.036157	NM_052862.4	2.6274e-06	0.0361543726
RCVRN	1.7064e-09	NM_002903.3	3.3902e-06	3.3884936000000003e-06
RD3	2.5702e-05	NM_001164688.2	0.0021536	0.002127898
RD3L	0.048594	NM_001257268.2	0.11401	0.065416
RDH5	8.872e-11	NM_002905.5	7.1356e-11	1.7364e-11
RDH8	0.0011708	NM_015725.4	5.9359e-05	0.0011114410000000001
RDH10	0.98594	NM_172037.5	0.0044594	0.9814806
RDH11	1.0807e-07	NM_016026.4	0.0017239	0.00172379193
RDH12	2.2626e-09	NM_152443.3	0.0011151	0.0011150977374
RDH13	6.0402e-14	NM_001145971.2	5.4858e-14	5.5440000000000065e-15
RDH14	1.7034e-05	NM_020905.4	5.2462e-07	1.650938e-05
RDH16	4.3901e-07	NM_003708.5	1.4043e-09	4.3760570000000003e-07
RDM1	1.5827e-08	NM_145654.4	4.1932e-09	1.16338e-08
RDX	0.85245	NM_002906.4	0.65721	0.19524000000000008
REC8	5.5411e-06	NM_001048205.2	2.5641e-06	2.977e-06
REC114		NM_001042367.2	1.5058e-08	
RECK	1.9319e-10	NM_021111.3	3.1515e-10	1.2195999999999999e-10
RECQL	1.5345e-20	NM_002907.4	1.0681000000000001e-19	9.146500000000001e-20
RECQL4	3.3132e-35	NM_004260.4	5.7709e-69	3.3132e-35
RECQL5	3.1723e-18	NM_004259.7	3.0671999999999997e-26	3.172299969328e-18
REEP1	0.98632	NM_001371279.1	4.6394e-05	0.986273606
REEP2	0.43941	NM_001271803.2	0.98683	0.54742
REEP3	0.015097	NM_001001330.3	0.010628	0.004468999999999999
REEP4	0.027532	NM_025232.4	0.0046509	0.0228811
REEP5	0.00069737	NM_005669.5	5.2946e-08	0.000697317054
REEP6	1.6861e-05	NM_138393.4	1.875e-06	1.4986e-05
REG1A	1.3499e-05	NM_002909.5	6.7459e-07	1.2824410000000001e-05
REG1B	1.9522e-06	NM_006507.4	9.8205e-07	9.701500000000001e-07
REG3A	0.00062895	NM_002580.3	7.0483e-05	0.000558467
REG3G	1.2831e-07	NM_001008387.3	1.9216e-07	6.385e-08
REG4	0.00075276	NM_032044.4	5.5944e-05	0.000696816
REL	0.99836	NM_001291746.2	0.99918	0.0008199999999999319
RELA	0.99948	NM_021975.4	0.99992	0.00043999999999999595
RELB	0.994	NM_006509.4	0.96979	0.024209999999999954
RELCH		NM_001346231.2	0.99999	
RELL1	0.95869	NM_001085400.2	0.97907	0.020379999999999954
RELL2	0.084083	NM_173828.5	0.00024849	0.08383451
RELN	1.0	NM_005045.4	1.0	0.0
RELT	1.0729e-06	NM_152222.2	1.9588e-09	1.0709412e-06
REM1	5.3363e-08	NM_014012.6	0.00013837	0.00013831663699999998
REM2	1.0585e-05	NM_173527.3	1.1246e-09	1.05838754e-05
REN	2.4297e-07	NM_000537.4	1.8225e-12	2.429681775e-07
REP15	1.9073e-05	NM_001029874.3	0.016457	0.016437926999999998
REPIN1	0.09473	NM_001099695.2	0.04089	0.05383999999999999
REPS1	0.98506	NM_001286611.2	0.16623	0.8188300000000001
RER1	0.37879	NM_007033.5	0.80611	0.42732
RERE	1.0	NM_001042681.2	0.99882	0.0011799999999999589
RERG	1.2001e-05	NM_032918.3	1.0222e-06	1.09788e-05
RERGL	2.4541e-10	NM_001286201.2	0.00018532	0.00018531975459
RESF1		NM_018169.4	4.5845e-05	
RESP18	8.716e-10	NM_001007089.4	4.2393e-08	4.15214e-08
REST	0.99186	NM_005612.5	1.0	0.008140000000000036
RET	1.0	NM_020975.6	1.0	0.0
RETN	0.036545	NM_020415.4	0.0043233	0.0322217
RETNLB	0.04265	NM_032579.3	0.001248	0.041402
RETREG1		NM_001034850.3	3.8399e-05	
RETREG2		NM_024293.6	0.1758	
RETREG3		NM_178126.4	0.012923	
RETSAT	6.8328e-14	NM_017750.4	9.8376e-06	9.837599931672e-06
REV1	0.99989	NM_016316.4	1.0	0.0001100000000000545
REV3L	1.0	NM_001372078.1	1.0	0.0
REX1BD		NM_001100418.2	4.1463e-10	
REXO1	0.9864	NM_020695.4	0.00052252	0.9858774800000001
REXO2	0.023229	NM_015523.4	0.00026635	0.02296265
REXO4	8.7916e-07	NM_020385.4	2.3209e-06	1.44174e-06
REXO5		NM_030941.3	0.00026021	
RFC1	0.97305	NM_002913.5	1.0	0.02695000000000003
RFC2	2.2054e-06	NM_181471.3	0.00080984	0.0008076346
RFC3	9.576e-06	NM_002915.4	2.7289e-06	6.847099999999999e-06
RFC4	4.4992e-07	NM_002916.5	5.8032e-10	4.4933968e-07
RFC5	0.00050356	NM_007370.7	0.25851	0.25800644
RFESD	6.7235e-06	NM_001131066.2	0.0078552	0.0078484765
RFFL	0.40723	NM_001017368.2	0.41415	0.006920000000000037
RFK	0.063854	NM_018339.6	0.90892	0.845066
RFLNA		NM_001365156.1	0.0095663	
RFNG	3.7851e-09	NM_002917.2	1.7656e-16	3.78509982344e-09
RFPL2	3.5388e-07	NM_001394555.1	0.00030364	0.00030328612
RFPL3	1.6582e-05	NM_001098535.1	0.0011113	0.001094718
RFPL4A	0.042929	NM_001145014.2	0.106	0.06307099999999999
RFPL4AL1	0.21729	NM_001277397.2	0.2822	0.06491
RFPL4B		NM_001013734.3		
RFT1	3.7445e-13	NM_052859.4	3.3169e-09	3.31652555e-09
RFTN1	2.4248e-06	NM_015150.2	0.00010329	0.00010086519999999999
RFTN2	7.921e-06	NM_144629.3	3.1531e-05	2.361e-05
RFWD3	3.5331e-10	NM_018124.4	1.0781e-15	3.533089219e-10
RFX1	0.99724	NM_002918.5	0.0088013	0.9884387
RFX2	0.9997	NM_000635.4	1.0	0.00029999999999996696
RFX3	1.0	NM_001282116.2	1.0	0.0
RFX4	0.99999	NM_213594.3	1.0	9.99999999995449e-06
RFX5	1.9605e-11	NM_001025603.2	8.6214e-08	8.619439499999999e-08
RFX6	0.00040925	NM_173560.4	0.0001268	0.00028245
RFX7	1.0	NM_022841.7	1.0	0.0
RFX8	5.3224e-09	NM_001145664.2	1.3612e-07	1.307976e-07
RFXANK	8.6716e-06	NM_003721.4	0.00063839	0.0006297184
RFXAP	0.023275	NM_000538.4	9.5754e-06	0.0232654246
RGCC	0.0048149	NM_014059.3	9.2889e-08	0.004814807111000001
RGL1	0.95608	NM_001297671.3	1.0	0.04391999999999996
RGL2	0.026981	NM_004761.5	0.00032128	0.02665972
RGL3	9.9866e-32	NM_001035223.4	8.351000000000001e-29	8.3410134e-29
RGL4	7.1404e-13	NM_153615.2	2.6273e-10	2.6201596e-10
RGMA	0.16472	NM_020211.3	0.023728	0.140992
RGMB	0.071955	NM_001366508.1	0.00071154	0.07124346000000001
RGP1	3.2975e-09	NM_001080496.3	1.7064e-06	1.7031025e-06
RGPD1	0.0070125	NM_001382344.1	0.0066047	0.00040779999999999983
RGPD2	0.0013791	NM_001078170.3	0.72935	0.7279709000000001
RGPD3	1.4598e-50	NM_001144013.2	1.5344e-11	1.5344e-11
RGPD4	8.5288e-62	NM_182588.3	3.4485e-26	3.4485e-26
RGPD8	2.9332e-07	NM_001164463.1	0.99964	0.99963970668
RGR	2.4228e-10	NM_001012720.2	2.1086e-12	2.401714e-10
RGS1	0.78178	NM_002922.4	0.11032	0.6714600000000001
RGS2	5.6973e-06	NM_002923.4	2.077e-05	1.5072699999999999e-05
RGS4	5.1409e-08	NM_005613.6	6.4698e-05	6.4646591e-05
RGS5	0.00053488	NM_003617.4	0.00012789	0.00040699
RGS6	0.44191	NM_001204424.2	0.011979	0.429931
RGS7	0.77696	NM_001364886.1	0.99504	0.21808000000000005
RGS7BP	0.95778	NM_001029875.3	0.83115	0.1266299999999999
RGS9	1.1251e-14	NM_003835.4	4.4956e-14	3.3705e-14
RGS9BP	0.0023224	NM_207391.3	0.00086333	0.00145907
RGS10	0.75933	NM_001005339.2	0.53871	0.22061999999999993
RGS11	7.3266e-14	NM_183337.3	1.0725e-34	7.3266e-14
RGS12	4.0922e-09	NM_001394154.1	2.047e-10	3.8875e-09
RGS13	0.0004479	NM_002927.5	0.1407	0.1402521
RGS14	0.0023174	NM_006480.5	7.7187e-06	0.0023096812999999997
RGS16	1.0062e-05	NM_002928.4	0.011328	0.011317938
RGS17	0.26684	NM_012419.5	0.74369	0.47684999999999994
RGS18	0.0014903	NM_130782.3	0.00094156	0.0005487399999999999
RGS19	0.96134	NM_005873.3	0.066608	0.894732
RGS20	6.4013e-05	NM_170587.4	1.1076e-11	6.4012988924e-05
RGS21	3.8018e-05	NM_001039152.3	0.18291	0.182871982
RGS22	1.6387e-30	NM_015668.5	3.435e-26	3.43483613e-26
RGSL1	2.0941e-11	NM_001137669.2	2.1441e-20	2.0940999978559e-11
RHAG	0.010404	NM_000324.3	0.0049073	0.0054967
RHBDD1	1.0582e-12	NM_001167608.3	4.0295e-12	2.9713e-12
RHBDD2	0.63858	NM_001040456.3	0.0039406	0.6346394000000001
RHBDD3	4.9464e-05	NM_012265.3	2.2887e-17	4.946399999997711e-05
RHBDF1	5.4089e-15	NM_022450.5	4.855e-23	5.40889995145e-15
RHBDF2	0.0011919	NM_001005498.4	0.15213	0.1509381
RHBDL1	0.32394	NM_001278720.2	1.7594e-05	0.323922406
RHBDL2	8.9365e-08	NM_017821.5	1.4832e-05	1.4742635e-05
RHBDL3	1.0358e-07	NM_138328.3	0.001157	0.00115689642
RHBG	1.0751e-13	NM_020407.5	1.7995e-12	1.69199e-12
RHCE	0.0011629	NM_020485.8	0.022516	0.0213531
RHCG	0.00010016	NM_016321.3	9.009e-10	0.0001001590991
RHD	2.8534e-05	NM_016124.6	0.027691	0.027662466
RHEB	0.98119	NM_005614.4	0.13148	0.84971
RHEBL1	2.1883e-06	NM_144593.3	7.2719e-07	1.4611099999999997e-06
RHEX		NM_001007544.4	9.1142e-07	
RHNO1	0.0027455	NM_001252499.3	0.00019875	0.00254675
RHO	0.00013108	NM_000539.3	5.0269e-05	8.0811e-05
RHOA	0.60405	NM_001664.4	0.9896	0.38555000000000006
RHOB	0.12253	NM_004040.4	0.22627	0.10374
RHOBTB1	0.00024175	NM_014836.5	3.1709e-05	0.000210041
RHOBTB2	0.013306	NM_015178.3	1.8612e-06	0.0133041388
RHOBTB3	4.2416e-06	NM_014899.4	0.0025825	0.0025782584
RHOC	0.76766	NM_175744.5	0.0013124	0.7663476
RHOD	0.015921	NM_014578.4	0.0051073	0.0108137
RHOF	0.00017569	NM_019034.3	7.3857e-10	0.00017568926143
RHOG	0.42952	NM_001665.4	0.98923	0.55971
RHOH	0.14861	NM_004310.5	0.2549	0.10629000000000002
RHOJ	0.0064012	NM_020663.5	0.047065	0.0406638
RHOQ	0.85702	NM_012249.4	0.97697	0.11995
RHOT1	0.79851	NM_001033566.3	0.42639	0.37212000000000006
RHOT2	8.9033e-27	NM_138769.3	9.1717e-34	8.90329908283e-27
RHOU	0.077808	NM_021205.6	0.20765	0.129842
RHOV	0.76153	NM_133639.4	0.97331	0.21177999999999997
RHPN1	1.025e-12	NM_052924.3	3.8319e-33	1.025e-12
RHPN2	1.0678e-07	NM_033103.5	5.3382e-05	5.3275219999999996e-05
RIBC2	2.1427e-12	NM_015653.5	3.0131e-13	1.84139e-12
RIC1		NM_020829.4	2.7467e-05	
RIC3	2.1447e-06	NM_001206671.4	6.2031e-07	1.52439e-06
RIC8A	0.00063968	NM_001286134.2	2.7963e-10	0.00063967972037
RIC8B	0.99892	NM_001330145.2	0.99919	0.00026999999999999247
RICTOR	1.0	NM_152756.5	1.0	0.0
RIDA		NM_005836.3	0.03229	
RIF1	1.0	NM_018151.5	1.0	0.0
RIIAD1	3.1906e-05	NM_001144956.3	0.012807	0.012775094
RILP	4.3414e-11	NM_031430.3	6.599100000000001e-27	4.341399999999999e-11
RILPL1	0.38572	NM_178314.5	1.0089e-07	0.38571989911
RILPL2	0.00389	NM_145058.3	4.937e-07	0.0038895062999999997
RIMBP2	0.67813	NM_001393629.1	0.00072742	0.67740258
RIMBP3	9.0005e-09	NM_015672.2	1.0	0.9999999909995
RIMKLA	0.00063057	NM_173642.4	0.13918	0.13854943
RIMKLB	0.59273	NM_001297776.2	0.99305	0.40032
RIMS1	0.9902	NM_014989.7	0.94533	0.044869999999999965
RIMS3	0.00014932	NM_014747.3	0.025408	0.02525868
RIMS4	0.23281	NM_182970.4	0.98738	0.7545700000000001
RIN1	3.5054e-07	NM_004292.3	1.395e-16	3.5053999986050004e-07
RIN2	0.00081408	NM_018993.4	0.0013497	0.0005356199999999999
RIN3	4.2837e-10	NM_024832.5	1.615e-10	2.6687e-10
RING1	0.64854	NM_002931.4	0.99902	0.35048
RINL	5.2019e-05	NM_001195833.2	1.2544e-09	5.20177456e-05
RINT1	5.293e-13	NM_021930.6	3.8414e-15	5.254586e-13
RIOK1	2.2477e-14	NM_031480.3	3.6935e-12	3.671023e-12
RIOK2	0.00013402	NM_018343.3	2.6993e-08	0.000133993007
RIOK3	4.7708e-07	NM_003831.5	0.00017094	0.00017046292
RIOX1		NM_024644.5	8.4056e-10	
RIOX2		NM_153182.4	2.7061e-08	
RIPK1	0.0079441	NM_001354930.2	0.21054	0.2025959
RIPK2	0.39282	NM_003821.6	0.95415	0.5613300000000001
RIPK3	1.1874e-14	NM_006871.4	2.8615e-17	1.1845385e-14
RIPK4	0.0039646	NM_020639.3	0.62495	0.6209854
RIPOR1		NM_024519.4	2.8925e-06	
RIPOR2		NM_001286445.3	0.94064	
RIPOR3		NM_001290268.2	8.0338e-27	
RIPPLY2	0.0093945	NM_001009994.3	8.7072e-06	0.0093857928
RIPPLY3	0.083551	NM_018962.3	0.0016446	0.0819064
RIT1	0.13281	NM_006912.6	0.96123	0.82842
RIT2	0.00063244	NM_002930.4	8.6808e-07	0.0006315719199999999
RITA1	0.003797	NM_032848.3	8.2231e-09	0.0037969917769
RLBP1	1.1303e-05	NM_000326.5	1.0689e-06	1.02341e-05
RLF	1.0	NM_012421.4	1.0	0.0
RLN1	0.0065226	NM_006911.4	0.087815	0.0812924
RLN2	0.00090025	NM_134441.3	0.010721	0.00982075
RLN3	0.013378	NM_080864.4	2.648e-06	0.013375352
RMC1		NM_013326.5	0.053213	
RMDN1	5.8995e-10	NM_016033.3	2.5646e-05	2.564541005e-05
RMDN2	4.4061e-24	NM_001170791.3	2.7469e-07	2.7469e-07
RMDN3	5.1687e-05	NM_018145.3	1.3555e-07	5.155145e-05
RMI1	3.6565e-06	NM_001358291.2	6.7137e-10	3.65582863e-06
RMI2	0.018953	NM_152308.3	2.8964e-06	0.0189501036
RMND1	1.0863e-09	NM_017909.4	0.017418	0.017417998913699998
RMND5A	0.89983	NM_022780.4	0.54633	0.35350000000000004
RMND5B	1.9471e-13	NM_022762.5	2.5253e-11	2.505829e-11
RNASE1	0.025608	NM_002933.5	0.14061	0.11500200000000002
RNASE2		NM_002934.3	0.29357	
RNASE3		NM_002935.3	0.11027	
RNASE4	0.00017566	NM_002937.5	0.16228	0.16210434
RNASE6	0.082292	NM_005615.5	0.13662	0.05432799999999999
RNASE7	0.11606	NM_032572.4	0.30287	0.18680999999999998
RNASE8		NM_138331.2	0.36196	
RNASE13	0.31626	NM_001012264.4		
RNASEH1	0.011173	NM_002936.6	5.0476e-06	0.0111679524
RNASEH2A	0.0041807	NM_006397.3	1.502e-09	0.004180698498
RNASEH2B	3.2569e-09	NM_024570.4	0.00078377	0.0007837667431
RNASEH2C	0.0054985	NM_032193.4	1.0517e-08	0.005498489483
RNASEK	0.50355	NM_001004333.5	0.038565	0.46498500000000004
RNASEL	1.9513e-10	NM_021133.4	2.145e-06	2.14480487e-06
RNASET2	0.00026891	NM_003730.6	0.0020594	0.0017904899999999998
RND1	0.73701	NM_014470.4	0.92268	0.1856699999999999
RND2	0.00038579	NM_005440.5	0.0027424	0.00235661
RND3	0.96682	NM_005168.5	0.95082	0.016000000000000014
RNF2	0.99743	NM_007212.4	0.99993	0.0024999999999999467
RNF4	0.79973	NM_002938.5	0.87638	0.07665
RNF5	3.6989e-05	NM_006913.4	0.00022249	0.000185501
RNF6	0.01389	NM_005977.4	0.079065	0.065175
RNF7	0.032867	NM_014245.5	0.20979	0.176923
RNF8	0.99943	NM_003958.4	1.0	0.0005699999999999594
RNF10	0.16406	NM_014868.5	0.75885	0.59479
RNF11	0.57873	NM_014372.5	0.94383	0.3651
RNF13	0.00040292	NM_183381.3	0.58532	0.58491708
RNF14	0.0011129	NM_004290.5	0.011986	0.0108731
RNF17	1.0	NM_031277.3	1.0	0.0
RNF19A	0.025305	NM_183419.4	0.55482	0.529515
RNF19B	0.92372	NM_001300826.2	0.98873	0.06501000000000001
RNF20	1.7545e-10	NM_019592.7	1.5058e-17	1.75449984942e-10
RNF24	0.030685	NM_001134337.3	0.0042843	0.0264007
RNF25	0.017639	NM_022453.3	0.00032303	0.01731597
RNF26	0.65284	NM_032015.5	0.82269	0.16985000000000006
RNF31	1.0	NM_017999.5	1.0	0.0
RNF32	1.1058e-15	NM_030936.4	8.8628e-11	8.86268942e-11
RNF34	0.61057	NM_025126.4	0.99053	0.3799600000000001
RNF38	0.99995	NM_022781.5	0.99997	2.0000000000020002e-05
RNF39	2.0207e-05	NM_025236.4	6.5918e-10	2.0206340820000002e-05
RNF40	0.99987	NM_014771.4	1.0	0.00012999999999996348
RNF41	0.96847	NM_005785.4	0.99995	0.03147999999999995
RNF43	0.73452	NM_017763.6	0.00065215	0.73386785
RNF44	0.27044	NM_014901.5	0.00011855	0.27032145
RNF103	0.89697	NM_005667.4	0.99663	0.09965999999999997
RNF111	0.99987	NM_017610.8	1.0	0.00012999999999996348
RNF112	0.021835	NM_007148.5	6.1708e-06	0.0218288292
RNF113B	0.78928	NM_178861.5	0.010179	0.7791009999999999
RNF114	0.052109	NM_018683.4	0.99019	0.938081
RNF115	0.002366	NM_014455.4	5.989e-05	0.00230611
RNF121	0.31902	NM_018320.5	0.28906	0.029960000000000042
RNF122	0.14077	NM_024787.3	0.0042859	0.1364841
RNF123	8.4689e-05	NM_022064.5	3.3953e-10	8.468866047000001e-05
RNF125	4.6358e-05	NM_017831.4	0.19503	0.194983642
RNF126	0.95379	NM_194460.3	0.00011003	0.95367997
RNF130	0.00030327	NM_018434.6	0.030817	0.03051373
RNF133	0.037191	NM_139175.2	0.35044	0.313249
RNF135	2.1992e-09	NM_032322.4	2.3836e-18	2.1991999976164e-09
RNF138	0.67535	NM_016271.5	0.5688	0.10655000000000003
RNF139	0.53807	NM_007218.4	0.98574	0.4476699999999999
RNF141	9.0192e-05	NM_016422.4	0.0017407	0.001650508
RNF144A	0.94776	NM_014746.6	0.91118	0.03658000000000006
RNF144B	6.3516e-10	NM_182757.4	6.5795e-05	6.579436484000001e-05
RNF145	0.98031	NM_001199383.2	0.99989	0.01957999999999993
RNF146	0.81992	NM_001242850.2	0.78946	0.03045999999999993
RNF148	2.5966e-06	NM_198085.2	5.5122e-05	5.25254e-05
RNF149	0.00057831	NM_173647.4	0.09908	0.09850169
RNF150	0.00073035	NM_020724.2	1.4414e-05	0.000715936
RNF151	0.00017597	NM_174903.6	0.0001318	4.4170000000000006e-05
RNF152	0.12894	NM_173557.3	0.00049534	0.12844466
RNF157	6.3025e-09	NM_052916.3	1.9761e-08	1.3458500000000001e-08
RNF166	0.48668	NM_178841.4	1.2468e-06	0.4866787532
RNF167	0.032145	NM_015528.3	0.00049429	0.03165071
RNF168	2.0514e-13	NM_152617.4	6.2462e-14	1.42678e-13
RNF169	0.039503	NM_001098638.2	0.00021108	0.03929192
RNF170	0.51091	NM_030954.4	0.74312	0.23221000000000003
RNF175	6.8141e-13	NM_173662.4	4.6714e-05	4.671399931859e-05
RNF180	2.7621e-06	NM_001113561.2	2.1736e-06	5.885000000000004e-07
RNF181	3.239e-09	NM_016494.4	1.4745e-09	1.7645e-09
RNF182	0.0046762	NM_152737.4	6.7247e-06	0.0046694753
RNF183	0.001513	NM_001371237.1	0.020339	0.018826
RNF185	0.17727	NM_152267.4	0.043356	0.133914
RNF186	0.082589	NM_019062.2	0.084732	0.002143000000000006
RNF187	0.096678	NM_001010858.3	7.3761e-08	0.096677926239
RNF207	5.4736e-12	NM_207396.3	3.676e-24	5.473599999996323e-12
RNF208	0.82963	NM_031297.7	0.037787	0.791843
RNF212	0.0015645	NM_001131034.4	0.0004721	0.0010923999999999999
RNF212B		NM_001282322.3	0.010423	
RNF213	4.9078e-55	NM_001256071.3	3.0859e-62	4.90779969141e-55
RNF214	0.9096	NM_207343.4	0.99935	0.08975
RNF215	1.8704e-09	NM_001017981.2	1.8569e-13	1.8702143100000003e-09
RNF216	2.2561e-06	NM_207111.4	8.6887e-14	2.256099913113e-06
RNF217	2.0177e-05	NM_001286398.3	1.8718e-05	1.4590000000000008e-06
RNF220	0.99958	NM_018150.4	1.0	0.00041999999999997595
RNF222	0.00028079	NM_001146684.3	1.0196e-07	0.00028068804
RNF223	0.026565	NM_001205252.2	0.00011141	0.02645359
RNF224	0.03998	NM_001190228.2	0.24176	0.20178000000000001
RNF225		NM_001195135.2	0.20277	
RNFT1	1.0891e-06	NM_016125.4	6.2717e-05	6.16279e-05
RNFT2	1.2018e-05	NM_001382266.1	4.8083e-12	1.20179951917e-05
RNGTT	0.37382	NM_003800.5	0.80454	0.43072000000000005
RNH1	2.5541e-10	NM_203387.3	1.4828e-12	2.539272e-10
RNLS	3.796e-06	NM_001031709.3	3.3878e-10	3.7956612200000003e-06
RNMT	5.6565e-05	NM_003799.3	0.00076786	0.000711295
RNPC3	0.00019596	NM_017619.4	0.0073898	0.00719384
RNPEP	2.6051e-17	NM_020216.4	4.8388e-10	4.83879973949e-10
RNPEPL1	4.124e-05	NM_018226.6	1.9284e-11	4.1239980715999996e-05
RNPS1	0.9798	NM_080594.4	1.0	0.020199999999999996
RO60		NM_001173524.2	0.95018	
ROBO1	7.2696e-16	NM_002941.4	3.4299e-31	7.269599999999997e-16
ROBO3	1.9977e-15	NM_022370.4	2.7799e-19	1.99742201e-15
ROBO4	2.942e-15	NM_019055.6	4.498899999999999e-21	2.9419955011e-15
ROCK1	1.0	NM_005406.3	1.0	0.0
ROCK2	1.0	NM_004850.5	1.0	0.0
ROGDI	2.5516e-09	NM_024589.3	1.2141000000000001e-19	2.5515999998785903e-09
ROM1	0.00041221	NM_000327.4	2.0036e-05	0.00039217399999999996
ROMO1	0.234	NM_080748.3	0.00095183	0.23304817000000003
ROPN1	9.9631e-05	NM_001317774.2	6.5744e-05	3.3886999999999996e-05
ROPN1B	2.0225e-05	NM_001308313.2	0.004218	0.004197775000000001
ROPN1L	2.7455e-06	NM_031916.5	9.5274e-08	2.650226e-06
ROR1	0.99645	NM_005012.4	1.0	0.003550000000000053
ROR2	0.00012401	NM_004560.4	0.3497	0.34957599
RORA	0.40096	NM_134261.3	1.0	0.59904
RORB	0.99991	NM_006914.4	1.0	9.00000000000345e-05
RORC	0.99985	NM_005060.4	1.0	0.00014999999999998348
ROS1	1.6183999999999998e-72	NM_001378902.1	3.942099999999999e-52	3.942099999999999e-52
RP1	4.415e-13	NM_006269.2	7.8806e-07	7.880595585e-07
RP1L1	1.8205e-10	NM_178857.6	3.1979e-13	1.8173021e-10
RP9	0.018956	NM_203288.2	1.5961e-05	0.018940039000000002
RPA1	0.08777	NM_002945.5	6.0136e-10	0.08776999939864
RPA2	0.50461	NM_002946.5	3.6538e-05	0.504573462
RPA3	8.5529e-09	NM_002947.5	8.6429e-06	8.6343471e-06
RPAIN	5.5657e-11	NM_001033002.4	2.0727e-09	2.017043e-09
RPAP1	1.3781e-17	NM_015540.4	5.6421e-27	1.37809999943579e-17
RPAP2	2.5763e-07	NM_024813.3	3.1612e-08	2.26018e-07
RPAP3	6.9941e-05	NM_024604.3	7.2152e-07	6.921948e-05
RPE	0.00025152	NM_199229.3	0.00030082	4.9300000000000006e-05
RPE65	6.4889e-14	NM_000329.3	2.7238e-16	6.461662000000001e-14
RPEL1	0.011285	NM_001143909.1	0.07403	0.062745
RPF1	2.3931e-08	NM_025065.7	5.0356e-05	5.0332068999999994e-05
RPF2	0.046405	NM_032194.3	0.10806	0.061655
RPGRIP1	1.2632e-23	NM_020366.4	1.2162000000000001e-20	1.2149368e-20
RPGRIP1L	4.0830000000000014e-31	NM_015272.5	4.2917e-23	4.29169995917e-23
RPH3A	0.0016609	NM_001143854.2	1.9539e-05	0.001641361
RPH3AL	4.4376e-12	NM_006987.4	1.3228e-12	3.1148000000000004e-12
RPIA	0.00014309	NM_144563.3	3.0875e-07	0.00014278124999999998
RPL3	0.99441	NM_000967.4	1.0	0.005589999999999984
RPL3L	4.947e-16	NM_005061.3	6.7481e-16	1.8010999999999998e-16
RPL4	0.99984	NM_000968.4	1.0	0.000160000000000049
RPL5	0.99776	NM_000969.5	1.0	0.0022400000000000198
RPL6	0.99326	NM_000970.6	0.99999	0.006730000000000014
RPL7	0.99626	NM_000971.4	0.99998	0.0037199999999999456
RPL7A	0.99485	NM_000972.3	1.0	0.005149999999999988
RPL7L1	0.00015563	NM_001366481.3	0.010863	0.010707369999999999
RPL8	0.95531	NM_001317782.2	0.99996	0.04464999999999997
RPL9	0.96197	NM_000661.5	0.99998	0.03800999999999999
RPL10A	0.85357	NM_007104.5	0.17288	0.68069
RPL10L	0.0051677	NM_080746.3	0.0001991	0.0049686
RPL11	0.96088	NM_000975.5	0.99902	0.03814000000000006
RPL12	0.053094	NM_000976.4	0.071984	0.018890000000000004
RPL13	0.95062	NM_000977.4	0.99947	0.04884999999999995
RPL13A	0.83336	NM_012423.4	0.99992	0.16656000000000004
RPL14	0.89508	NM_001034996.3	0.9992	0.10411999999999999
RPL15	0.97146	NM_002948.5	0.99997	0.028510000000000035
RPL17	0.92412	NM_001035006.5	0.99998	0.07585999999999993
RPL18	0.96644	NM_000979.4	0.99901	0.03256999999999999
RPL18A	0.98228	NM_000980.4	0.99994	0.01766000000000001
RPL19	0.98197	NM_000981.4	0.99866	0.016689999999999983
RPL22	0.15619	NM_000983.4	0.84569	0.6895
RPL22L1	0.0010477	NM_001099645.2	0.00028397	0.00076373
RPL23	0.33031	NM_000978.4	0.99962	0.66931
RPL23A	0.90573	NM_000984.6	0.99636	0.09062999999999999
RPL24	0.64137	NM_000986.4	0.89431	0.25294000000000005
RPL26	0.9163	NM_000987.5	0.99381	0.07750999999999997
RPL26L1	0.00098764	NM_016093.4	0.023047	0.02205936
RPL27	0.85027	NM_000988.5	0.99376	0.14349
RPL27A	0.91072	NM_000990.5	0.99975	0.08903000000000005
RPL28	0.76854	NM_000991.5	0.67977	0.08877000000000002
RPL29	0.19534	NM_000992.3	0.033962	0.16137800000000002
RPL30	0.84674	NM_000989.4	0.99758	0.15083999999999997
RPL31	0.84958	NM_000993.5	0.99795	0.14837
RPL32	0.79962	NM_000994.4	0.99573	0.19611
RPL34	0.70885	NM_001319236.2	0.7891	0.08025000000000004
RPL35	0.54892	NM_007209.4	0.99253	0.44361000000000006
RPL35A	0.89535	NM_000996.4	0.99874	0.10338999999999998
RPL36	0.67802	NM_033643.3	0.93829	0.26027
RPL36AL	0.048413	NM_001001.5	0.0012625	0.0471505
RPL37	0.18273	NM_000997.5	0.98471	0.8019799999999999
RPL37A	0.0051255	NM_000998.5	0.30539	0.3002645
RPL38	0.8255	NM_000999.4	0.97501	0.14951000000000003
RPL39L		NM_052969.3	0.12977	
RPL41	0.18377	NM_001035267.2	0.1784	0.005369999999999986
RPLP0	0.76762	NM_001002.4	1.0	0.23238000000000003
RPLP1	0.37039	NM_001003.3	0.24731	0.12308
RPLP2	0.66744	NM_001004.4	0.97388	0.30643999999999993
RPN1	0.239	NM_002950.4	1.0	0.761
RPN2	0.11487	NM_002951.5	0.50938	0.39451
RPP14	0.22115	NM_007042.6	7.6336e-07	0.22114923664000002
RPP21	4.8992e-05	NM_024839.4	3.9321e-09	4.89880679e-05
RPP25	0.20939	NM_017793.3	0.0024635	0.20692649999999999
RPP25L	0.67629	NM_148178.3	0.16147	0.5148199999999999
RPP30	5.3582e-08	NM_006413.5	0.00018884	0.000188786418
RPP38	0.00020088	NM_183005.5	0.032375	0.03217412
RPP40	0.00013062	NM_006638.4	1.2088e-05	0.000118532
RPRD1A	0.2218	NM_018170.5	0.99647	0.77467
RPRD1B	0.041768	NM_021215.4	0.99983	0.958062
RPRD2	1.0	NM_015203.5	1.0	0.0
RPRM	0.14925	NM_019845.3	0.11918	0.03007
RPRML	0.46377	NM_203400.5	0.020675	0.443095
RPS2	0.8469	NM_002952.4	0.97864	0.13173999999999997
RPS3	0.92	NM_001005.5	0.99994	0.07994000000000001
RPS3A	0.97002	NM_001006.5	0.99803	0.02800999999999998
RPS5	0.94764	NM_001009.4	0.99898	0.05133999999999994
RPS6	0.9759	NM_001010.3	1.0	0.02410000000000001
RPS6KA1	0.0019056	NM_002953.4	3.5e-07	0.0019052499999999998
RPS6KA2	0.0094073	NM_021135.6	0.0093152	9.210000000000121e-05
RPS6KA4	0.99715	NM_003942.3	0.00045754	0.99669246
RPS6KA5	0.99909	NM_004755.4	0.99057	0.008520000000000083
RPS6KB1	0.97285	NM_003161.4	0.99926	0.026410000000000045
RPS6KB2	5.9587999999999995e-21	NM_003952.3	2.2777e-15	2.2776940412e-15
RPS6KC1	0.001257	NM_012424.6	0.00021123	0.0010457700000000001
RPS6KL1	1.2741e-07	NM_031464.5	4.1522e-11	1.27368478e-07
RPS7	0.95439	NM_001011.4	0.99613	0.04174
RPS8	0.99003	NM_001012.2	1.0	0.009970000000000034
RPS9	0.87956	NM_001013.4	0.99912	0.11956
RPS10	0.97108	NM_001014.5	0.99983	0.028749999999999942
RPS11	0.94396	NM_001015.5	0.99993	0.055969999999999964
RPS12	0.88531	NM_001016.4	0.96725	0.08194000000000001
RPS13	0.87646	NM_001017.3	0.99629	0.11982999999999999
RPS14	0.90388	NM_005617.4	0.99715	0.09326999999999996
RPS15	0.83284	NM_001018.5	0.1769	0.65594
RPS15A	0.802	NM_001019.5	0.68289	0.11911000000000005
RPS16	0.68713	NM_001020.6	0.99895	0.31182
RPS17	0.32566	NM_001021.6	0.99969	0.6740299999999999
RPS18	0.9759	NM_022551.3	0.99843	0.02253000000000005
RPS19	0.92111	NM_001022.4	0.99966	0.07855000000000001
RPS19BP1	2.6748e-05	NM_194326.4	8.0069e-05	5.3321e-05
RPS20	0.020686	NM_001023.4	0.9668	0.946114
RPS21	0.1406	NM_001024.4	0.17885	0.038250000000000006
RPS23	0.85944	NM_001025.5	0.9994	0.13995999999999997
RPS24	0.68141	NM_033022.4	0.99945	0.31804
RPS25	0.86346	NM_001028.3	0.98576	0.12229999999999996
RPS26	0.84833	NM_001029.5	0.99588	0.14754999999999996
RPS27	0.75663	NM_001030.6	0.93176	0.17513
RPS27A	0.91944	NM_002954.6	0.98731	0.06786999999999999
RPS27L	0.10011	NM_015920.4	0.089033	0.011077000000000004
RPS28	0.68259	NM_001031.5	0.56144	0.12114999999999998
RPS29	0.29053	NM_001032.5	0.98428	0.6937500000000001
RPSA	0.93037	NM_002295.6	0.99994	0.06957000000000002
RPTN	2.5475e-05	NM_001122965.1	0.0094882	0.009462725
RPTOR	1.0	NM_020761.3	1.0	0.0
RPUSD1	1.6742e-10	NM_058192.3	7.9311e-13	1.6662689e-10
RPUSD2	8.8012e-07	NM_152260.3	8.6639e-08	7.93481e-07
RPUSD4	4.7321e-07	NM_032795.3	2.5566e-12	4.732074434e-07
RRAD	0.43879	NM_004165.3	0.00013007	0.43865993000000003
RRAGA	0.3557	NM_006570.5	0.034085	0.32161500000000004
RRAGC	0.97538	NM_022157.4	0.94153	0.03385000000000005
RRAGD	0.81991	NM_021244.5	0.55965	0.26026000000000005
RRAS	0.004663	NM_006270.5	0.00016583	0.00449717
RRAS2	0.97463	NM_012250.6	0.031055	0.943575
RRBP1	2.2851e-11	NM_001365613.2	2.1791e-16	2.285078209e-11
RREB1	1.0	NM_001003699.4	1.0	0.0
RRH	2.0709e-09	NM_006583.5	6.2753e-11	2.008147e-09
RRM1	1.0	NM_001033.5	1.0	0.0
RRM2	0.74515	NM_001034.4	0.99999	0.25484000000000007
RRM2B	0.002357	NM_015713.5	0.27091	0.268553
RRN3	1.618e-05	NM_018427.5	3.1226e-05	1.5046000000000001e-05
RRP1	7.4869e-05	NM_003683.6	5.5683e-09	7.48634317e-05
RRP1B	3.0653e-09	NM_015056.3	7.149e-13	3.0645851e-09
RRP7A	0.00023832	NM_015703.5	1.8232e-09	0.00023831817680000002
RRP8	1.2303e-10	NM_015324.4	6.6251e-18	1.230299933749e-10
RRP9	0.28533	NM_004704.5	2.5407e-05	0.285304593
RRP12	5.7892e-11	NM_015179.4	8.9809e-05	8.980894210799999e-05
RRP15	0.00029428	NM_016052.4	0.0029375	0.00264322
RRP36	7.9308e-14	NM_033112.4	5.1852e-15	7.41228e-14
RRS1	0.17712	NM_015169.4	0.1892	0.012080000000000007
RSAD1	2.1726e-06	NM_018346.3	4.8361e-11	2.172551639e-06
RSAD2	9.4432e-15	NM_080657.5	2.4906e-12	2.4811568e-12
RSBN1	0.099107	NM_018364.5	0.96332	0.8642129999999999
RSBN1L	0.79546	NM_198467.3	0.66289	0.13256999999999997
RSC1A1	2.3498e-13	NM_006511.3	0.0069277	0.006927699999765021
RSF1	1.0	NM_016578.4	1.0	0.0
RSKR		NM_001174103.2	1.6011e-11	
RSL1D1	5.1679e-07	NM_015659.3	2.3145e-09	5.144755e-07
RSL24D1	0.87838	NM_016304.3	0.91599	0.03760999999999992
RSPH1	2.054e-06	NM_080860.4	0.0046663	0.004664246
RSPH3	9.8725e-08	NM_031924.8	0.018895	0.018894901274999997
RSPH4A	7.5712e-11	NM_001010892.3	4.7138e-08	4.7062288e-08
RSPH6A	2.3355e-10	NM_030785.4	4.5102e-13	2.3309898e-10
RSPH9	2.3881e-09	NM_152732.5	1.5639e-09	8.242000000000001e-10
RSPH14		NM_014433.3	4.7319e-08	
RSPO1	1.4418e-06	NM_001242908.2	1.9361e-05	1.79192e-05
RSPO2	0.024608	NM_178565.5	0.2904	0.265792
RSPO3	0.089252	NM_032784.5	0.01507	0.074182
RSPO4	8.5962e-08	NM_001029871.4	1.6255e-08	6.9707e-08
RSPRY1	0.99981	NM_133368.3	0.99768	0.0021299999999999653
RSRC1	7.4539e-05	NM_001271838.2	3.7132e-07	7.416768e-05
RSRC2	0.99905	NM_023012.6	1.0	0.0009500000000000064
RSRP1		NM_020317.5	1.0907e-11	
RSU1	0.00089071	NM_012425.4	0.0006121	0.00027861
RTBDN	3.0152e-10	NM_001270441.2	5.5316e-09	5.23008e-09
RTCA	3.0927e-09	NM_003729.4	2.0716e-09	1.0210999999999997e-09
RTCB	0.0052059	NM_014306.5	0.16535	0.16014409999999998
RTEL1	8.8674e-10	NM_001283009.2	1.271e-13	8.866129e-10
RTF1	1.0	NM_015138.5	1.0	0.0
RTF2		NM_016407.5	0.0050684	
RTKN	2.696e-06	NM_001015055.2	7.9349e-13	2.69599920651e-06
RTKN2	5.4633e-15	NM_145307.4	1.9468e-13	1.8921670000000001e-13
RTL1	0.0056135	NM_001134888.3	0.31636	0.3107465
RTL6		NM_032287.3	0.0048462	
RTL10		NM_024627.6		
RTN1	0.98593	NM_021136.3	0.034863	0.951067
RTN2	0.41643	NM_005619.5	4.9773e-06	0.41642502270000004
RTN3	6.6163e-05	NM_001265589.2	2.6365e-06	6.35265e-05
RTN4	0.45318	NM_020532.5	0.38154	0.07164000000000004
RTN4IP1	3.1428e-06	NM_032730.5	1.7126e-07	2.9715399999999997e-06
RTN4R	0.95882	NM_023004.6	0.99969	0.04086999999999996
RTN4RL1	0.96024	NM_178568.4	0.76771	0.19252999999999998
RTN4RL2	0.87694	NM_178570.3	0.20296	0.67398
RTP1	8.5587e-06	NM_153708.3	6.6137e-09	8.5520863e-06
RTP3	0.20085	NM_031440.2	0.4811	0.28025
RTP4	0.59616	NM_022147.3	0.23412	0.36204000000000003
RTP5		NM_173821.3	2.3832e-13	
RTRAF		NM_016039.3	0.70879	
RTTN	8.9747e-34	NM_173630.4	5.4931e-22	5.493099999991025e-22
RUBCN		NM_014687.4	2.3557e-13	
RUBCNL		NM_025113.5	1.5757e-16	
RUFY1	2.1203e-08	NM_025158.5	5.2645e-08	3.1442e-08
RUFY2	0.00067843	NM_001330103.2	3.112e-05	0.00064731
RUFY3	0.020593	NM_001037442.4	0.0048624	0.0157306
RUNDC1	0.0023691	NM_173079.5	1.6173e-07	0.00236893827
RUNDC3A	0.63623	NM_001144825.2	7.8319e-07	0.63622921681
RUNDC3B	0.00093163	NM_001134405.2	0.23983	0.23889837
RUNX1	0.65377	NM_001754.5	0.29231	0.36145999999999995
RUNX2	0.94884	NM_001024630.4	0.99998	0.05113999999999996
RUNX3	0.84295	NM_004350.3	0.3739	0.46904999999999997
RUSC1	0.9413	NM_001105203.2	1.3701e-06	0.9412986299
RUSC2	0.99949	NM_014806.5	1.0	0.0005100000000000104
RUSF1		NM_022744.4	1.8466e-20	
RUVBL1	0.99902	NM_003707.3	1.0	0.0009799999999999809
RUVBL2	0.99992	NM_006666.3	1.0	7.999999999996898e-05
RWDD1	0.91032	NM_015952.4	0.82284	0.08748
RWDD2A	3.7145e-07	NM_033411.5	0.00030054	0.00030016855000000004
RWDD2B	1.2057e-07	NM_016940.3	4.2838e-13	1.2056957162e-07
RWDD3	0.0014761	NM_015485.5	9.4526e-08	0.001476005474
RWDD4	0.017447	NM_152682.4	0.00018637	0.01726063
RXFP1	1.3875e-12	NM_021634.4	5.2854e-09	5.2840125e-09
RXFP2	9.8971e-16	NM_130806.5	1.4348e-10	1.4347901029e-10
RXFP3	1.6003e-13	NM_016568.3	2.2592e-12	2.09917e-12
RXFP4	6.008e-06	NM_181885.3	0.29411	0.294103992
RXRA	0.99852	NM_002957.6	1.0	0.0014800000000000368
RXRB	0.99719	NM_021976.5	0.96702	0.03017000000000003
RXRG	0.42421	NM_006917.5	0.87185	0.44764000000000004
RXYLT1		NM_014254.3	2.146e-12	
RYK	0.98922	NM_002958.4	0.9948	0.005580000000000029
RYR1	1.5944e-29	NM_000540.3	2.293e-56	1.5944e-29
RYR2	0.99999	NM_001035.3	1.0	9.99999999995449e-06
RYR3	0.70566	NM_001036.6	1.0	0.29434000000000005
S1PR1	0.73269	NM_001400.5	0.99867	0.26598
S1PR2	0.018286	NM_004230.4	0.055878	0.037592
S1PR3	0.046945	NM_005226.4	0.00016862	0.04677638
S1PR4	0.0023778	NM_003775.4	0.15822	0.1558422
S1PR5	0.15713	NM_030760.5		
S100A1	0.0060044	NM_006271.2	0.39562	0.3896156
S100A2	5.8403e-05	NM_005978.4	0.0041381	0.004079696999999999
S100A3	0.0079273	NM_002960.2	9.8798e-06	0.0079174202
S100A4	0.0061838	NM_002961.3	0.16079	0.1546062
S100A5	5.5111e-05	NM_001394232.1	0.034467	0.034411889
S100A6	0.17565	NM_014624.4	0.012439	0.163211
S100A7	0.45274	NM_002963.4	0.15231	0.30043
S100A7A	0.002523	NM_176823.4	0.010796	0.008272999999999999
S100A8	0.13761	NM_002964.5	0.039696	0.097914
S100A9	0.4777	NM_002965.4	0.22271	0.25499000000000005
S100A10	0.16843	NM_002966.3	0.53915	0.37072000000000005
S100A11	0.0084662	NM_005620.2	0.29075	0.28228380000000003
S100A12	0.48234	NM_005621.2	0.0092807	0.4730593
S100A13	0.049652	NM_001024211.2	0.020548	0.029104
S100A14	0.0018638	NM_020672.3	0.083406	0.0815422
S100A16	0.0010573	NM_080388.3	0.0025739	0.0015166000000000001
S100B	0.04387	NM_006272.3	0.05823	0.014359999999999998
S100P	0.033257	NM_005980.3	0.0007414	0.0325156
S100PBP	0.94509	NM_022753.4	0.96009	0.015000000000000013
S100Z	0.01321	NM_130772.4	0.04022	0.02701
SAA1	0.01493	NM_199161.5	0.02592	0.010989999999999998
SAA2	2.7019e-06	NM_030754.5	0.018245	0.018242298100000002
SAA4	0.012346	NM_006512.4	0.0084356	0.0039104
SAAL1	4.3242e-09	NM_138421.3	5.8089e-09	1.4847e-09
SAC3D1	0.0005748	NM_013299.4	2.1405e-05	0.000553395
SACM1L	0.69536	NM_014016.5	0.97168	0.27632
SACS	1.0852e-23	NM_014363.6	1.0713000000000001e-30	1.08519989287e-23
SAE1	0.9876	NM_005500.3	0.98366	0.003940000000000055
SAFB	1.0	NM_001201338.2	1.0	0.0
SAFB2	0.99979	NM_014649.3	0.98642	0.013369999999999993
SAG	1.4921e-16	NM_000541.5	1.2268e-05	1.226799999985079e-05
SALL1	0.99971	NM_002968.3	1.0	0.00029000000000001247
SALL2	0.00013767	NM_001364564.1	3.4625e-05	0.000103045
SALL3	0.40326	NM_171999.4	0.00041563	0.40284437
SALL4	0.99997	NM_020436.5	1.0	2.999999999997449e-05
SAMD3	1.5324e-15	NM_001017373.4	5.4119e-13	5.396576000000001e-13
SAMD4A	0.99958	NM_015589.6	5.1766e-05	0.999528234
SAMD4B	0.99996	NM_001384574.2	1.0	4.0000000000040004e-05
SAMD5	0.012095	NM_001030060.3	0.00085692	0.01123808
SAMD7	1.1415e-06	NM_001304366.2	1.9376e-06	7.960999999999999e-07
SAMD8	0.0017634	NM_001174156.2	0.023582	0.0218186
SAMD9	1.0521e-33	NM_017654.4	0.026071	0.026071
SAMD9L	5.5651e-15	NM_152703.5	1.1462e-16	5.450479999999999e-15
SAMD10	0.00065861	NM_080621.5	4.1348e-05	0.000617262
SAMD11	4.7681e-14	NM_001385641.1	4.0957e-33	4.7681e-14
SAMD12	0.0011661	NM_207506.3	0.010587	0.0094209
SAMD13	0.0062299	NM_001134663.2	0.33155	0.3253201
SAMD14	0.00073677	NM_001257359.2	4.8337e-06	0.0007319363
SAMD15	1.2383e-10	NM_001010860.4	2.8545e-08	2.8421169999999998e-08
SAMHD1	6.4524e-13	NM_015474.4	2.4032e-07	2.4031935476e-07
SAMM50	4.8795e-09	NM_015380.5	3.0153e-05	3.01481205e-05
SAMSN1	5.0417e-11	NM_022136.5	1.0946e-06	1.094549583e-06
SANBR		NM_001129993.3	2.0013e-06	
SAP25	0.08503	NM_001348680.2	8.4247e-08	0.085029915753
SAP30	0.30994	NM_003864.4	0.015804	0.294136
SAP30BP	0.00011365	NM_013260.8	1.8612e-05	9.5038e-05
SAP30L	0.0014279	NM_024632.6	0.10098	0.0995521
SAP130	1.0	NM_001330301.2	1.0	0.0
SAPCD2	0.0039417	NM_178448.4	7.7799e-16	0.003941699999999222
SAR1A	0.37178	NM_020150.5	0.99566	0.62388
SAR1B	0.002315	NM_016103.4	0.00031009	0.00200491
SARAF		NM_016127.6	0.00010245	
SARDH	5.2689e-16	NM_001134707.2	7.3262e-29	5.268899999999267e-16
SARM1	1.7007e-10	NM_015077.4	2.2792e-23	1.700699999999772e-10
SARNP	0.99574	NM_033082.4	0.91775	0.07799
SARS1		NM_006513.4	0.41084	
SARS2	9.77e-10	NM_017827.4	9.4058e-16	9.7699905942e-10
SART1	0.88163	NM_005146.5	1.0	0.11836999999999998
SART3	0.99661	NM_014706.4	0.99999	0.0033800000000000496
SASH1	0.001802	NM_015278.5	0.99999	0.9981880000000001
SASS6	1.7379e-07	NM_194292.3	0.070805	0.07080482621
SAT2	2.7832e-06	NM_133491.5	1.4741e-05	1.19578e-05
SATB1	0.99051	NM_002971.6	1.0	0.009489999999999998
SATB2	0.99999	NM_001172509.2	1.0	9.99999999995449e-06
SAV1	0.00090373	NM_021818.4	0.0026715	0.0017677699999999997
SAXO1		NM_153707.4	7.3286e-08	
SAXO2		NM_001348699.2	3.2797e-07	
SAYSD1	3.7399e-05	NM_018322.3	7.5955e-08	3.7323045e-05
SBDS	6.2076e-05	NM_016038.4	1.3519e-05	4.8557e-05
SBF1	0.99933	NM_002972.4	1.0	0.0006699999999999484
SBF2	6.3771e-10	NM_030962.4	5.3214e-09	4.68369e-09
SBK1	0.36812	NM_001024401.3	0.0017882	0.3663318
SBK2	3.9689e-05	NM_001370096.2	6.7316e-08	3.9621684e-05
SBK3	0.00067934	NM_001199824.2	1.1723e-07	0.00067922277
SBNO1	1.0	NM_001167856.3	1.0	0.0
SBNO2	0.0070655	NM_014963.3	2.8779e-26	0.0070655
SBSN	6.2352e-06	NM_001166034.2	1.0902e-09	6.2341098e-06
SBSPON	6.7083e-06	NM_153225.4	7.1874e-05	6.51657e-05
SC5D	0.0025941	NM_006918.5	5.8326e-06	0.0025882673999999997
SCAF1	0.99819	NM_021228.3	0.39674	0.60145
SCAF4	1.0	NM_020706.2	1.0	0.0
SCAF8	1.0	NM_014892.5	1.0	0.0
SCAF11	1.0	NM_004719.3	1.0	0.0
SCAI	0.99936	NM_001144877.3	0.45466	0.5447
SCAMP1	0.977	NM_004866.6	0.32147	0.65553
SCAMP2	0.16007	NM_005697.5	0.00024277	0.15982723
SCAMP3	0.0021904	NM_005698.4	4.9781e-07	0.0021899021899999998
SCAMP4	0.0045692	NM_079834.4	6.0349e-05	0.0045088509999999995
SCAMP5	0.65099	NM_138967.4	0.98907	0.33808000000000005
SCAND1	0.2222	NM_033630.3	0.0010756	0.2211244
SCAP	2.9094e-06	NM_012235.4	8.9919e-10	2.90850081e-06
SCAPER	0.0087953	NM_020843.4	2.1156e-11	0.008795299978844
SCARA3	2.9816e-08	NM_016240.3	1.4676e-11	2.9801324e-08
SCARA5	1.0417e-05	NM_173833.6	1.264e-14	1.041699998736e-05
SCARB1	0.066228	NM_005505.5	0.00021071	0.06601728999999999
SCARB2	8.9495e-05	NM_005506.4	0.0028612	0.0027717049999999997
SCARF1	5.2898e-07	NM_003693.4	3.4458e-15	5.289799965542e-07
SCARF2	0.9998	NM_182895.5	2.8576e-11	0.999799999971424
SCCPDH	4.5839e-09	NM_016002.3	0.00031604	0.00031603541610000004
SCD	0.96968	NM_005063.5	1.0	0.030320000000000014
SCD5	0.0010398	NM_001037582.3	9.457e-05	0.00094523
SCEL	4.5807e-21	NM_144777.3	5.1027e-07	5.102699999999955e-07
SCFD1	0.99962	NM_016106.4	0.23234	0.76728
SCFD2	6.0175e-13	NM_152540.4	8.6846e-17	6.016631540000001e-13
SCG2	2.1176e-05	NM_003469.5	0.034647	0.034625824
SCG3	0.0014883	NM_013243.4	0.00031419	0.00117411
SCG5	6.2865e-05	NM_001144757.3	0.0001161	5.3235e-05
SCGB1A1	0.00079919	NM_003357.5	0.00036334	0.00043585
SCGB1C1	2.1497e-05	NM_145651.3	0.44701	0.44698850300000004
SCGB1C2		NM_001097610.3	0.027852	
SCGB1D1	1.294e-07	NM_006552.2	2.5272e-05	2.5142600000000002e-05
SCGB1D2	0.2703	NM_006551.4	0.00018771	0.27011229
SCGB1D4	0.057471	NM_206998.2	0.038996	0.018475
SCGB2A1	0.23239	NM_002407.3	0.010428	0.22196200000000002
SCGB2A2	0.00017485	NM_002411.4	8.0551e-05	9.4299e-05
SCGB2B2	0.0010603	NM_001025591.4	1.5927e-06	0.0010587073
SCGB3A1	0.030493	NM_052863.3	0.00087174	0.02962126
SCGB3A2	0.0061075	NM_054023.5	0.2054	0.1992925
SCGN	2.3395e-11	NM_006998.4	3.2123e-06	3.2122766050000003e-06
SCHIP1	0.98715	NM_014575.4	0.12962	0.8575299999999999
SCIMP	0.0004268	NM_207103.3	0.00017044	0.00025636
SCIN	1.718e-36	NM_001112706.3	4.735299999999999e-22	4.735299999999982e-22
SCLT1	4.3816e-16	NM_144643.4	0.0024516	0.002451599999999562
SCLY	2.3341e-09	NM_016510.7	1.9781e-07	1.954759e-07
SCML4	7.5932e-06	NM_198081.5	6.2985e-10	7.59257015e-06
SCN1A	1.0	NM_001165963.4	1.0	0.0
SCN1B	0.10186	NM_001037.5	0.19763	0.09577
SCN2A	1.0	NM_001040142.2	1.0	0.0
SCN2B	0.0017119	NM_004588.5	0.00020525	0.00150665
SCN3A	1.0	NM_006922.4	1.0	0.0
SCN3B	0.05103	NM_001040151.2	0.31566	0.26463
SCN4A	0.01294	NM_000334.4	2.0645e-10	0.01293999979355
SCN4B	6.4529e-07	NM_174934.4	1.0751e-05	1.010571e-05
SCN5A	0.91291	NM_000335.5	1.0	0.08709
SCN7A	2.1568e-17	NM_002976.4	1.2949e-30	2.1567999999998707e-17
SCN8A	1.0	NM_001330260.2	1.0	0.0
SCN9A	4.7524e-19	NM_001365536.1	8.0099e-23	4.75159901e-19
SCN10A	9.9457e-38	NM_006514.4	7.6186e-48	9.945699999238142e-38
SCN11A	6.9339e-26	NM_001349253.2	3.9782e-18	3.978199930661e-18
SCNM1	2.9187e-06	NM_024041.4	1.8424e-06	1.0763000000000002e-06
SCNN1A	1.0835e-11	NM_001038.6	5.1789e-18	1.08349948211e-11
SCNN1B	5.7545e-08	NM_000336.3	1.4648e-09	5.6080199999999994e-08
SCNN1D	1.6507e-33	NM_001130413.4	5.5914e-38	1.6506440860000002e-33
SCNN1G	0.48199	NM_001039.4	0.81009	0.3281
SCO1	0.00022337	NM_004589.4	1.393e-05	0.00020944
SCO2	7.5473e-07	NM_005138.3	0.011755	0.01175424527
SCOC	0.011142	NM_001153484.2	0.11678	0.105638
SCP2	8.7451e-07	NM_002979.5	8.1505e-06	7.27599e-06
SCP2D1	0.0071644	NM_178483.3	0.0028303	0.0043341
SCPEP1	1.2284e-13	NM_021626.3	1.3353e-11	1.323016e-11
SCRG1	0.044451	NM_007281.4	0.20974	0.16528900000000002
SCRIB	0.92926	NM_182706.5	8.3323e-12	0.9292599999916676
SCRN1	0.002489	NM_014766.5	0.15559	0.15310100000000001
SCRN2	5.7373e-12	NM_138355.4	4.2372e-09	4.2314627e-09
SCRN3	1.4833e-07	NM_024583.5	8.332e-08	6.501000000000001e-08
SCRT1	0.22224	NM_031309.6	0.052918	0.169322
SCRT2	0.91009	NM_033129.4	0.044737	0.8653529999999999
SCT	1.4425e-07	NM_021920.4	2.1981e-09	1.4205190000000001e-07
SCTR	2.4257e-12	NM_002980.3	1.3105e-17	2.425686895e-12
SCUBE1	0.96076	NM_173050.5	7.6341e-08	0.960759923659
SCUBE2	3.5628999999999994e-21	NM_001367977.2	7.203200000000001e-29	3.5628999279679994e-21
SCUBE3	0.99939	NM_152753.4	1.0	0.0006099999999999994
SCX		NM_001080514.3	0.00045907	
SCYL1	2.5187e-08	NM_020680.4	2.4204e-28	2.5187e-08
SCYL2	0.077114	NM_017988.6	0.98694	0.909826
SCYL3	0.28151	NM_020423.7	0.0018893	0.2796207
SDAD1	1.8319e-20	NM_018115.4	7.1801e-12	7.180099981681e-12
SDC1	0.0084118	NM_002997.5	0.0042022	0.004209600000000001
SDC2	0.4049	NM_002998.4	0.0014725	0.4034275
SDC3	0.41455	NM_014654.4	0.26935	0.1452
SDC4	0.0041475	NM_002999.4	8.1329e-06	0.0041393671
SDCBP	0.00058136	NM_005625.4	0.062064	0.06148264
SDCBP2	3.6357e-07	NM_080489.5	7.445e-09	3.56125e-07
SDCCAG8	1.1809e-11	NM_006642.5	4.0107e-13	1.140793e-11
SDE2	1.2412e-06	NM_152608.4	2.2246e-05	2.10048e-05
SDF2	0.026377	NM_006923.4	0.0089288	0.0174482
SDF2L1	0.18957	NM_022044.3	3.0716e-08	0.189569969284
SDF4	0.0091042	NM_016176.6	0.00029865	0.00880555
SDHA	2.6088e-10	NM_004168.4	3.3694e-08	3.343312e-08
SDHAF1	0.087043	NM_001042631.3		
SDHAF2	2.8312e-06	NM_017841.4	1.4249e-08	2.816951e-06
SDHAF3		NM_020186.3	1.0373e-08	
SDHAF4		NM_145267.3	0.000296	
SDHB	0.00024397	NM_003000.3	0.027807	0.02756303
SDHC	0.00020065	NM_003001.5	0.048191	0.04799035
SDHD	0.33697	NM_003002.4	0.90513	0.56816
SDK1	4.1564e-06	NM_152744.4	3.1966000000000005e-30	4.1564e-06
SDK2	0.0041393	NM_001144952.2	2.9088e-08	0.004139270912
SDR9C7	0.012329	NM_148897.3	0.0071304	0.005198599999999999
SDR16C5	0.01224	NM_138969.4	0.0011791	0.011060899999999999
SDR39U1	1.5321e-11	NM_020195.3	8.4334e-10	8.28019e-10
SDR42E1	1.5615e-09	NM_145168.3	1.6478e-05	1.64764385e-05
SDS	0.00013923	NM_006843.3	8.9783e-06	0.0001302517
SDSL	1.3641e-11	NM_001304993.2	4.0004e-09	3.9867590000000005e-09
SEBOX		NM_001080837.4	8.351e-06	
SEC11A	0.0022542	NM_014300.4	0.090396	0.0881418
SEC11C	0.72415	NM_033280.4	0.28239	0.44176
SEC13	0.017926	NM_183352.3	0.00042011	0.01750589
SEC14L1	0.63264	NM_001143998.2	1.3874e-07	0.6326398612599999
SEC14L2	2.9195e-08	NM_012429.5	6.5367e-15	2.9194993463300002e-08
SEC14L3	3.6612e-23	NM_174975.5	3.7285e-18	3.728463388e-18
SEC14L4	1.3104e-11	NM_174977.4	7.6715e-10	7.54046e-10
SEC14L5	5.0927e-22	NM_014692.2	2.2946e-39	5.0927e-22
SEC14L6	2.4606e-08	NM_001193336.4	9.597e-11	2.451003e-08
SEC16A	0.36049	NM_014866.2	1.614e-14	0.3604899999999838
SEC16B	2.0871000000000003e-25	NM_033127.4	1.7135000000000002e-33	2.0870999828650006e-25
SEC22A	1.3936e-06	NM_012430.5	0.32683	0.3268286064
SEC22B		NM_004892.6	0.047343	
SEC22C	2.8553e-07	NM_032970.4	1.3391e-06	1.05357e-06
SEC23A	1.0698e-11	NM_006364.4	1.8029e-05	1.8028989302e-05
SEC23B	6.0973e-20	NM_006363.6	1.5717e-18	1.510727e-18
SEC23IP	1.9318e-05	NM_007190.4	4.3493e-13	1.9317999565070002e-05
SEC24A	8.7713e-09	NM_021982.3	4.2067e-11	8.729233e-09
SEC24B	1.0	NM_006323.5	0.99965	0.00034999999999996145
SEC24C	1.0	NM_198597.3	1.0	0.0
SEC24D	1.3348e-07	NM_014822.4	1.4974e-09	1.319826e-07
SEC31A	7.8773e-05	NM_001077207.4	0.023119	0.023040227
SEC31B	2.5856000000000004e-29	NM_015490.4	5.1784e-31	2.533816e-29
SEC61A1	0.98675	NM_013336.4	0.99986	0.013109999999999955
SEC61A2	0.0073737	NM_018144.4	0.055692	0.048318299999999995
SEC61B	0.02003	NM_006808.3	0.037822	0.017792000000000002
SEC61G	0.63104	NM_014302.4	0.30387	0.32717000000000007
SEC62	0.98295	NM_003262.4	0.99909	0.016140000000000043
SEC63	2.0818e-07	NM_007214.5	0.90762	0.90761979182
SECISBP2	2.1874e-18	NM_024077.5	6.2825e-32	2.1873999999999372e-18
SECISBP2L	0.285	NM_001193489.2	0.98207	0.6970700000000001
SECTM1	0.057603	NM_003004.3	0.017802	0.039801
SEH1L	0.14936	NM_001013437.2	0.25921	0.10985
SEL1L	0.98233	NM_005065.6	0.14416	0.8381700000000001
SEL1L2	7.3382e-20	NM_025229.2	1.5187e-10	1.5186999992661798e-10
SEL1L3	0.0035827	NM_015187.5	3.1647e-08	0.0035826683529999997
SELE	7.9058e-10	NM_000450.2	9.9087e-12	7.806713e-10
SELENBP1	3.2268e-16	NM_003944.4	1.014e-27	3.22679999998986e-16
SELENOF		NM_004261.5	0.0013844	
SELENOH		NM_170746.4	0.00015704	
SELENOI		NM_033505.4	0.0018885	
SELENOK		NM_021237.5	0.4144	
SELENOM		NM_080430.4	4.897e-08	
SELENON		NM_020451.3	2.6707e-12	
SELENOO		NM_031454.2	5.4477e-33	
SELENOP		NM_005410.4	2.6286e-05	
SELENOS		NM_018445.6	2.9322e-16	
SELENOT		NM_016275.5	0.20769	
SELENOW		NM_003009.4	1.0567e-08	
SELL	4.9624e-07	NM_000655.5	1.5412e-10	4.960858799999999e-07
SELP	5.0448e-32	NM_003005.4	4.8545e-21	4.854499999949552e-21
SELPLG	0.1768	NM_003006.4	0.0076375	0.16916250000000002
SEM1		NM_006304.2	0.77018	
SEMA3A	0.9779	NM_006080.3	0.99879	0.020889999999999964
SEMA3B		NM_001290060.2	7.1295e-24	
SEMA3C	0.00087445	NM_006379.5	1.8965e-05	0.000855485
SEMA3D	4.0219e-08	NM_001384900.1	4.5468e-10	3.976432e-08
SEMA3E	8.7148e-09	NM_012431.3	2.7748e-06	2.7660852e-06
SEMA3F	0.99989	NM_004186.5	0.99999	0.00010000000000010001
SEMA3G	6.2569e-18	NM_020163.3	5.2781e-20	6.204119e-18
SEMA4A	1.8394e-05	NM_022367.4	1.9068e-12	1.83939980932e-05
SEMA4B	0.00054103	NM_198925.4	3.5565e-13	0.00054102999964435
SEMA4C	1.0	NM_017789.5	1.0	0.0
SEMA4D	0.97472	NM_001371194.2	0.99876	0.02403999999999995
SEMA4F	9.1544e-13	NM_004263.5	4.8464e-11	4.754856e-11
SEMA5A	1.5403e-05	NM_003966.3	0.85824	0.858224597
SEMA5B	2.6361e-10	NM_001031702.4	2.4553e-08	2.4289390000000002e-08
SEMA6A	0.99976	NM_020796.5	1.0	0.00024000000000001798
SEMA6B	0.06227	NM_032108.4	2.516e-10	0.0622699997484
SEMA6C	1.238e-06	NM_030913.6	8.024e-05	7.9002e-05
SEMA6D	0.93948	NM_001358351.3	1.0	0.06052000000000002
SEMA7A	0.17976	NM_003612.5	0.99937	0.81961
SEMG1	0.35697	NM_003007.5	0.029453	0.327517
SEMG2	0.058203	NM_003008.3	0.44717	0.388967
SENP1	0.99358	NM_001267594.2	0.99958	0.006000000000000005
SENP2	0.98262	NM_021627.3	1.0	0.01737999999999995
SENP3	0.84821	NM_015670.6	1.0	0.15178999999999998
SENP5	0.99978	NM_152699.5	0.99785	0.0019299999999999873
SENP6	0.99998	NM_015571.4	1.0	2.0000000000020002e-05
SENP7	0.073339	NM_020654.5	0.96936	0.896021
SENP8	0.00054686	NM_145204.4	0.012692	0.01214514
SEPHS1	0.97637	NM_012247.5	0.99998	0.02361000000000002
SEPHS2	0.0022195	NM_012248.4	0.006327	0.0041075
SEPSECS	1.6143e-08	NM_016955.4	2.4531e-09	1.36899e-08
SEPTIN1		NM_001365977.2	9.6149e-17	
SEPTIN2		NM_004404.5	1.6175e-07	
SEPTIN3		NM_001363845.2	0.71138	
SEPTIN4		NM_001368771.2	3.7522e-05	
SEPTIN5		NM_002688.6	0.9886	
SEPTIN7		NM_001788.6	0.99646	
SEPTIN8		NM_001098811.2	0.29332	
SEPTIN9		NM_001113491.2	0.99992	
SEPTIN10		NM_144710.5	3.1573e-18	
SEPTIN11		NM_018243.4	0.017516	
SEPTIN12		NM_144605.5	6.1371e-16	
SEPTIN14		NM_207366.3	0.0040699	
SERAC1	3.9339e-06	NM_032861.4	0.00021364	0.0002097061
SERBP1	0.9995	NM_001018069.2	1.0	0.0004999999999999449
SERF2	0.023172	NM_001018108.4	0.66994	0.646768
SERGEF	5.2893e-14	NM_012139.4	4.5079e-09	4.507847107e-09
SERHL2	2.8325e-15	NM_014509.5	7.1789e-11	7.178616749999999e-11
SERINC1	0.0074634	NM_020755.4	0.15369	0.14622659999999998
SERINC2	3.9153e-13	NM_178865.5	1.9548e-18	3.915280452e-13
SERINC3	0.7788	NM_006811.4	0.11763	0.66117
SERINC4	5.5221e-18	NM_001258031.2	2.9636e-17	2.41139e-17
SERINC5	6.6351e-06	NM_001174072.3	2.4709e-07	6.38801e-06
SERP1	0.26523	NM_014445.4	0.029161	0.23606900000000003
SERP2	0.6681	NM_001010897.3	0.098739	0.569361
SERPINA1	6.8497e-08	NM_000295.5	8.2861e-07	7.60113e-07
SERPINA3	8.833e-14	NM_001085.5	1.1507e-12	1.0623699999999998e-12
SERPINA4	9.7276e-09	NM_006215.4	3.4582e-08	2.48544e-08
SERPINA5	6.2368e-09	NM_000624.6	7.7437e-09	1.5069000000000002e-09
SERPINA6	8.3448e-07	NM_001756.4	1.8469e-05	1.763452e-05
SERPINA9	1.2106e-13	NM_175739.4	9.0077e-15	1.1205229999999999e-13
SERPINA10	4.1522e-11	NM_001100607.3	9.9597e-08	9.955547800000001e-08
SERPINA11	8.5963e-10	NM_001080451.2	9.4636e-10	8.673000000000007e-11
SERPINA12	7.7169e-07	NM_001382267.1	2.1885e-06	1.41681e-06
SERPINB1	3.5486e-08	NM_030666.4	1.1997e-07	8.4484e-08
SERPINB2	6.3773e-12	NM_002575.3	9.5489e-07	9.548836227000001e-07
SERPINB3	8.2146e-16	NM_006919.3	4.1607e-09	4.16069917854e-09
SERPINB4	8.7622e-17	NM_002974.4	1.7257e-14	1.7169378000000002e-14
SERPINB5	0.0036486	NM_002639.5	1.7249e-07	0.0036484275100000002
SERPINB6	0.00011009	NM_004568.6	0.0033013	0.00319121
SERPINB7	7.3773e-09	NM_003784.4	0.0010283	0.0010282926227
SERPINB8	2.7764e-09	NM_002640.4	5.9764e-07	5.948636e-07
SERPINB9	0.012327	NM_004155.6	2.8756e-06	0.012324124399999999
SERPINB10	3.3122e-10	NM_005024.3	1.4713e-06	1.47096878e-06
SERPINB11	4.7328e-07	NM_001370475.1	4.9825e-06	4.5092200000000005e-06
SERPINB12	2.7720000000000004e-25	NM_001307928.2	5.2273e-23	5.19958e-23
SERPINB13	7.0156e-06	NM_012397.4	1.5825e-06	5.4331000000000005e-06
SERPINC1	0.99892	NM_000488.4	0.99866	0.000260000000000038
SERPIND1	2.5137e-10	NM_000185.4	1.996e-11	2.3140999999999998e-10
SERPINE1	0.043609	NM_000602.5	0.03467	0.008939000000000002
SERPINE2	0.7299	NM_001136528.2	0.45791	0.27199
SERPINE3	2.4978e-06	NM_001386375.1	2.9447e-12	2.4977970553e-06
SERPINF1	7.8044e-08	NM_002615.7	1.9188e-08	5.8855999999999994e-08
SERPINF2	0.013624	NM_000934.4	0.93446	0.920836
SERPING1	0.96351	NM_000062.3	0.99999	0.03648000000000007
SERPINH1	0.027553	NM_001235.5	3.2767e-05	0.027520233
SERPINI1	0.026631	NM_001122752.2	0.99206	0.9654290000000001
SERTAD1	0.32037	NM_013376.4	0.17678	0.14359
SERTAD2	0.8808	NM_014755.3	0.98686	0.10605999999999993
SERTAD3	0.018142	NM_203344.3	0.046839	0.028697
SERTAD4	0.033943	NM_019605.5	0.0015603	0.0323827
SERTM1	0.49156	NM_203451.3	0.68698	0.19542000000000004
SESN1	0.00059629	NM_014454.3	0.0018011	0.00120481
SESN2	4.1912e-07	NM_031459.5	1.4661e-09	4.176539e-07
SESN3	0.68496	NM_144665.4	0.99791	0.31294999999999995
SESTD1	0.99802	NM_178123.5	0.13513	0.86289
SET	0.99597	NM_003011.4	0.99973	0.0037599999999999856
SETBP1	1.0	NM_015559.3	1.0	0.0
SETD1A	1.0	NM_014712.3	1.0	0.0
SETD1B	1.0	NM_001353345.2	1.0	0.0
SETD2	1.0	NM_014159.7	1.0	0.0
SETD3	0.02084	NM_032233.3	0.99372	0.9728800000000001
SETD4	4.042e-13	NM_017438.5	2.6909e-11	2.6504799999999997e-11
SETD5	0.99997	NM_001080517.3	1.0	2.999999999997449e-05
SETD6	1.8383e-18	NM_001160305.4	4.712e-29	1.83829999995288e-18
SETD7	0.0042257	NM_030648.4	0.64817	0.6439443
SETD9	8.3912e-05	NM_153706.4	2.6473e-10	8.391173527e-05
SETDB1	1.0	NM_001366418.1	1.0	0.0
SETDB2	2.3171e-05	NM_001160308.3	1.0656e-08	2.3160344e-05
SETMAR	0.00010188	NM_006515.4	4.2385e-11	0.000101879957615
SETX	0.95483	NM_015046.7	0.99995	0.04512000000000005
SEZ6	1.7486e-06	NM_178860.5	7.2417e-09	1.7413583e-06
SEZ6L	0.50741	NM_021115.5	0.99958	0.49217
SEZ6L2	0.11743	NM_001243332.2	0.0014526	0.11597740000000001
SF1	0.99943	NM_004630.4	1.0	0.0005699999999999594
SF3A1	0.98752	NM_005877.6	1.0	0.012480000000000047
SF3A2	0.88315	NM_007165.5	0.99993	0.11678
SF3A3	1.0	NM_006802.4	1.0	0.0
SF3B1	1.0	NM_012433.4	1.0	0.0
SF3B2	0.99992	NM_006842.3	1.0	7.999999999996898e-05
SF3B3	1.0	NM_012426.5	1.0	0.0
SF3B4	0.99176	NM_005850.5	0.99997	0.00821000000000005
SF3B5	0.58354	NM_031287.3	0.34258	0.24095999999999995
SF3B6		NM_016047.4	0.91609	
SFI1	5.936899999999999e-44	NM_001007467.3	9.4736e-56	5.936899999990525e-44
SFMBT1	0.93588	NM_016329.4	1.0	0.06411999999999995
SFMBT2	0.99939	NM_001387889.1	0.99988	0.0004899999999999904
SFN	0.36544	NM_006142.5	0.965	0.59956
SFPQ	0.99992	NM_005066.3	1.0	7.999999999996898e-05
SFR1	4.7059e-10	NM_001002759.2	1.1557e-08	1.108641e-08
SFRP1	0.96457	NM_003012.5	0.48038	0.48419000000000006
SFRP2	0.0016693	NM_003013.3	0.0067216	0.0050523
SFRP4	9.2586e-05	NM_003014.4	0.00041757	0.00032498399999999995
SFRP5	5.1843e-06	NM_003015.3	3.0152e-07	4.8827799999999995e-06
SFSWAP	0.99999	NM_004592.4	1.0	9.99999999995449e-06
SFT2D1	0.0016186	NM_145169.3	1.1675e-06	0.0016174325
SFT2D2	0.011062	NM_199344.3	2.5873e-06	0.0110594127
SFT2D3	0.1013	NM_032740.4	0.29275	0.19145
SFTA2	0.036441	NM_205854.3	0.26969	0.23324899999999998
SFTPA1	0.0003678	NM_005411.5	0.00068885	0.00032104999999999997
SFTPA2	0.0092512	NM_001098668.4	5.3317e-08	0.009251146682999999
SFTPB	0.00025934	NM_000542.5	4.5919e-07	0.00025888081
SFTPC	0.00075276	NM_001317778.2	0.0031214	0.00236864
SFTPD	7.4927e-05	NM_003019.5	0.020521	0.020446073000000002
SFXN1	0.00097212	NM_022754.7	2.6288e-09	0.0009721173712000001
SFXN2	0.0010626	NM_178858.6	5.2595e-10	0.00106259947405
SFXN4	1.2428e-07	NM_213649.2	4.7692e-09	1.195108e-07
SFXN5	0.0001472	NM_144579.3	2.4668e-13	0.00014719999975332
SGCA	0.0027124	NM_000023.4	9.5209e-12	0.0027123999904790997
SGCB	9.5805e-07	NM_000232.5	6.751e-06	5.79295e-06
SGCD	0.0020725	NM_000337.6	0.054132	0.0520595
SGCE	0.023761	NM_003919.3	0.32039	0.29662900000000003
SGCG	4.821e-05	NM_000231.3	6.6559e-07	4.754441e-05
SGCZ	6.4001e-09	NM_139167.4	1.4098e-12	6.3986902e-09
SGF29		NM_138414.3	0.67382	
SGIP1	0.99997	NM_032291.4	0.99991	6.0000000000060005e-05
SGK1	0.0023046	NM_001143676.3	0.0020564	0.00024820000000000007
SGK2	2.1934e-12	NM_170693.3	3.153e-08	3.15278066e-08
SGK3	8.5621e-07	NM_001033578.3	2.4199e-10	8.5596801e-07
SGMS1	0.94507	NM_147156.4	0.99874	0.053669999999999995
SGMS2	0.056938	NM_001375905.1	0.19322	0.13628200000000001
SGO1		NM_001199251.3	2.0472e-09	
SGO2		NM_152524.6	2.3126e-11	
SGPL1	0.0036264	NM_003901.4	0.0024786	0.0011478
SGPP1	0.0001389	NM_030791.4	2.9648e-05	0.00010925199999999999
SGPP2	0.0028191	NM_152386.4	4.915e-10	0.0028190995085
SGSH	0.00010158	NM_000199.5	1.0282e-16	0.00010157999999989718
SGSM1	1.5957e-05	NM_001098497.3	3.5315e-11	1.5956964685e-05
SGSM2	4.2902e-09	NM_014853.3	1.238e-20	4.2901999999876195e-09
SGSM3	3.4061e-15	NM_015705.6	4.5618e-32	3.4061e-15
SGTA	0.94632	NM_003021.4	0.0029312	0.9433888
SGTB	0.040724	NM_019072.3	0.87233	0.8316060000000001
SH2B1	0.96861	NM_001387430.1	0.99999	0.031380000000000075
SH2B2	1.4932e-05	NM_001359228.2	8.7218e-18	1.493199999999128e-05
SH2B3	0.00010289	NM_005475.3	5.0447e-15	0.0001028899999949553
SH2D1B	0.013037	NM_053282.5	0.00065213	0.01238487
SH2D2A	8.2695e-07	NM_003975.4	1.236e-07	7.0335e-07
SH2D3A	3.6368e-08	NM_005490.3	4.7053e-17	3.6367999952947e-08
SH2D3C	0.00035085	NM_170600.3	0.90735	0.90699915
SH2D4A	3.1396e-22	NM_022071.4	2.5573e-19	2.5541604000000002e-19
SH2D4B	6.3396e-06	NM_001388272.1	8.2294e-13	6.3395991770600006e-06
SH2D5	6.4459e-08	NM_001103161.2	1.1525e-15	6.44589988475e-08
SH2D6	3.7712e-05	NM_001394463.1	4.3166e-11	3.7711956834000004e-05
SH2D7	2.3722e-08	NM_001101404.2	9.6388e-10	2.275812e-08
SH3BGR	0.0021831	NM_007341.3	3.3919e-07	0.00218276081
SH3BGRL2	1.5983e-07	NM_031469.4	3.039e-07	1.4407000000000002e-07
SH3BGRL3	0.149	NM_031286.4	0.0090593	0.1399407
SH3BP1	0.010463	NM_018957.6	4.1392e-10	0.01046299958608
SH3BP2	1.156e-11	NM_001122681.2	5.0141e-10	4.8985e-10
SH3BP4	0.0025338	NM_014521.3	0.0004536	0.0020802
SH3BP5	0.04833	NM_004844.5	1.8829e-05	0.048311171
SH3BP5L	0.04569	NM_030645.3	0.15894	0.11324999999999999
SH3D19	5.5622e-06	NM_001378122.1	0.0008085	0.0008029377999999999
SH3D21	8.7925e-12	NM_001162530.2	2.2105e-28	8.7925e-12
SH3GL1	0.011714	NM_003025.4	0.11444	0.102726
SH3GL2	0.00011862	NM_003026.5	0.0001022	1.6419999999999995e-05
SH3GL3	0.00010242	NM_003027.5	0.033115	0.03301258
SH3GLB1	0.99407	NM_016009.5	0.49074	0.50333
SH3GLB2	0.0014857	NM_020145.4	0.00016435	0.00132135
SH3PXD2A	0.98897	NM_001394015.1	1.0	0.011029999999999984
SH3PXD2B	0.0041589	NM_001017995.3	5.9917e-05	0.0040989830000000005
SH3RF1	0.010761	NM_020870.4	0.035613	0.024852
SH3RF2	1.2714e-13	NM_152550.4	1.6848e-09	1.68467286e-09
SH3RF3	0.028368	NM_001099289.3	0.00085651	0.02751149
SH3TC1	6.0939e-35	NM_018986.5	8.084200000000001e-54	6.0939e-35
SH3TC2	8.3409e-16	NM_024577.4	1.6409e-18	8.324491e-16
SH3YL1	5.3675e-08	NM_015677.4	1.2117e-08	4.1558e-08
SHANK1	1.0	NM_016148.5	1.0	0.0
SHANK2	8.4299e-07	NM_012309.5	0.99999	0.99998915701
SHARPIN	2.312e-05	NM_030974.4	1.0382e-05	1.2737999999999999e-05
SHB	0.96874	NM_003028.3	0.0035511	0.9651889
SHBG	1.2538e-06	NM_001040.5	3.3231e-11	1.253766769e-06
SHC1	0.0017351	NM_001130040.2	0.0003754	0.0013597000000000001
SHC2	2.1349e-14	NM_012435.3	1.1668e-24	2.1348999998833198e-14
SHC3	0.046457	NM_016848.6	0.99969	0.953233
SHC4	7.1127e-11	NM_203349.4	1.8197e-05	1.8196928872999998e-05
SHCBP1	9.3806e-08	NM_024745.5	4.1741e-15	9.38059958259e-08
SHCBP1L	1.5171e-17	NM_030933.4	1.9459e-18	1.32251e-17
SHD	8.3568e-06	NM_020209.4	6.1075e-12	8.356793892499999e-06
SHE	0.9885	NM_001010846.3	0.99987	0.011369999999999991
SHF	0.16039	NM_001394037.1	6.8301e-08	0.160389931699
SHFL		NM_018381.4	0.36879	
SHH	0.98258	NM_000193.4	0.97518	0.007399999999999962
SHISA2	0.073123	NM_001007538.2	1.0339e-05	0.073112661
SHISA3	3.6402e-05	NM_001080505.3	1.4869e-05	2.1533000000000002e-05
SHISA4	0.0009272	NM_198149.3	0.00029222	0.00063498
SHISA5	1.1126e-06	NM_016479.6	1.5594e-06	4.468000000000001e-07
SHISA6	0.85318	NM_207386.4	0.024104	0.829076
SHISA7	0.85388	NM_001145176.2	0.10931	0.74457
SHISA8	0.37777	NM_001207020.3	3.217e-11	0.37776999996783
SHISA9	0.87306	NM_001145204.3	0.79286	0.08019999999999994
SHISAL1		NM_001099294.2	0.42923	
SHISAL2A		NM_001042693.3	2.049e-08	
SHISAL2B		NM_001164442.2	7.2463e-05	
SHKBP1	7.8108e-08	NM_138392.4	1.5684e-20	7.810799999998432e-08
SHLD1		NM_152504.4	0.29147	
SHLD2		NM_001330112.2	0.0024209	
SHLD3		NM_001365341.2	0.00039075	
SHMT1	1.275e-14	NM_004169.5	8.5721e-10	8.571972499999999e-10
SHMT2	7.8195e-08	NM_005412.6	1.136e-07	3.540499999999999e-08
SHOC1		NM_001378211.1	7.1118e-14	
SHOC2	0.99946	NM_007373.4	1.0	0.0005399999999999849
SHOX2	0.016059	NM_001163678.2	0.084774	0.068715
SHPK	7.2212e-13	NM_013276.4	1.4064000000000002e-19	7.2211985936e-13
SHPRH	1.7017e-06	NM_001042683.3	4.8224e-10	1.70121776e-06
SHQ1	4.7806e-11	NM_018130.3	4.2227e-16	4.7805577729999996e-11
SHROOM1	0.045738	NM_001172700.2	1.6626e-18	0.045738
SHROOM3	0.31709	NM_020859.4	0.99977	0.6826800000000001
SHTN1		NM_001127211.3	0.32514	
SI	3.9353e-60	NM_001041.4	7.6861e-32	7.6861e-32
SIAE	7.7865e-12	NM_170601.5	7.7973e-10	7.719435e-10
SIAH1	0.69866	NM_003031.4	0.99939	0.30073000000000005
SIAH2	0.68669	NM_005067.7	0.987	0.30030999999999997
SIAH3	0.0009634	NM_198849.3	0.002	0.0010366
SIDT1	6.5084e-15	NM_017699.3	1.2937999999999999e-21	6.5083987061999995e-15
SIDT2	2.2006e-10	NM_001040455.2	4.3344e-11	1.76716e-10
SIGIRR	5.9288e-06	NM_001135054.2	4.9919e-15	5.9287999950081e-06
SIGLEC1	5.3298e-46	NM_023068.4	1.0970000000000001e-41	1.0969467020000001e-41
SIGLEC5	2.0969e-06	NM_003830.4	1.6752e-09	2.0952248e-06
SIGLEC6	0.0058774	NM_001245.7	1.3765e-08	0.0058773862349999996
SIGLEC7	2.388e-07	NM_014385.4	2.348e-09	2.36452e-07
SIGLEC8	3.2193e-07	NM_014442.3	2.7083e-08	2.9484700000000005e-07
SIGLEC9	2.5343e-05	NM_014441.3	7.9134e-06	1.74296e-05
SIGLEC10	6.8352e-06	NM_033130.5	9.082e-10	6.8342918e-06
SIGLEC11	7.8092e-22	NM_052884.3	2.5281e-16	2.5280921908e-16
SIGLEC12	1.2163e-13	NM_053003.4	1.1614e-10	1.1601836999999999e-10
SIGLEC14	0.0013412	NM_001098612.3	0.094701	0.09335979999999999
SIGLEC15	8.2148e-09	NM_213602.3	1.0649e-14	8.214789351e-09
SIGLECL1	7.6919e-08	NM_001385465.1	2.1826e-05	2.1749081e-05
SIGMAR1	0.1678	NM_005866.4	3.0863e-06	0.1677969137
SIK2	0.99651	NM_015191.3	0.99999	0.0034800000000000386
SIK3	1.0	NM_001366686.3	1.0	0.0
SIKE1	0.19572	NM_025073.3	0.94166	0.74594
SIL1	0.012265	NM_022464.5	2.4121e-11	0.012264999975879
SIM1	0.99828	NM_005068.3	1.0	0.0017200000000000548
SIM2	0.19959	NM_005069.6	0.0018214	0.1977686
SIMC1	3.9164e-06	NM_001308195.2	2.5876e-14	3.916399974124e-06
SIN3A	1.0	NM_001145358.2	1.0	0.0
SIN3B	0.99999	NM_001297595.2	1.0	9.99999999995449e-06
SINHCAF		NM_001135812.2	0.99315	
SIPA1	0.0045822	NM_006747.4	7.6125e-14	0.004582199999923875
SIPA1L1	1.0	NM_001386936.1	1.0	0.0
SIPA1L2	0.99215	NM_020808.5	1.0	0.007850000000000024
SIPA1L3	1.0	NM_015073.3	0.00048632	0.99951368
SIRPA	0.67197	NM_001040023.2	0.99999	0.3280200000000001
SIRPB1	2.3107e-12	NM_006065.5	2.0273e-08	2.02706893e-08
SIRPB2	0.00036633	NM_001122962.2	0.0004775	0.00011117000000000001
SIRPD	3.9148e-08	NM_178460.3	5.7834e-07	5.39192e-07
SIRPG	3.476e-15	NM_018556.4	4.7386e-12	4.735124e-12
SIRT1	0.087326	NM_012238.5	0.89959	0.812264
SIRT2	2.3295e-08	NM_012237.4	2.4119e-12	2.32925881e-08
SIRT3	0.00016261	NM_012239.6	1.1411e-07	0.00016249589
SIRT4	6.8625e-10	NM_012240.3	2.3977e-07	2.3908375e-07
SIRT5	8.6584e-10	NM_012241.5	4.7458e-05	4.745713416e-05
SIRT6	0.039119	NM_016539.4	4.5969e-06	0.0391144031
SIRT7	0.0005562	NM_016538.3	7.8685e-10	0.00055619921315
SIT1	0.00096493	NM_014450.3	2.2284e-06	0.0009627016
SIVA1	0.025729	NM_006427.4	0.007498	0.018230999999999997
SIX1	0.65297	NM_005982.4	0.25564	0.39733000000000007
SIX2	0.93869	NM_016932.5	1.0297e-06	0.9386889703
SIX3	0.94714	NM_005413.4	0.99311	0.045970000000000066
SIX4	0.69464	NM_017420.5	0.011121	0.683519
SIX5	0.006924	NM_175875.5	1.3448e-05	0.0069105519999999995
SIX6	0.51776	NM_007374.3	0.0023883	0.5153717
SKA1	1.7022e-05	NM_145060.4	0.11409	0.11407297799999999
SKA2	1.996e-07	NM_182620.4	0.0008041	0.0008039004
SKA3	1.5109e-07	NM_145061.6	7.2723e-08	7.836700000000002e-08
SKAP1	1.8196e-07	NM_003726.4	1.7955e-05	1.777304e-05
SKAP2	0.0012836	NM_003930.5	0.056312	0.0550284
SKI	0.99901	NM_003036.4	6.9663e-06	0.9990030337
SKIDA1	0.99193	NM_207371.4	0.36779	0.6241399999999999
SKIL	0.98512	NM_005414.5	0.96095	0.024170000000000025
SKOR1	6.8995e-09	NM_001365915.1	7.2893e-08	6.59935e-08
SKOR2	0.75359	NM_001278063.4	1.691e-13	0.7535899999998309
SKP1	0.37294	NM_170679.3	0.98017	0.6072299999999999
SKP2	0.96042	NM_005983.4	0.94345	0.01697000000000004
SLA	0.34325	NM_001045556.3	0.00033643	0.34291357
SLA2	0.076311	NM_032214.4	6.4052e-06	0.0763045948
SLAIN1	0.90094	NM_001242868.2	0.99691	0.09597
SLAIN2	0.79312	NM_020846.2	1.482e-06	0.793118518
SLAMF1	0.0070368	NM_003037.5	0.8406	0.8335632000000001
SLAMF6	0.018712	NM_001184714.2	0.0014631	0.0172489
SLAMF7	0.03635	NM_021181.5	1.3215e-05	0.036336785
SLAMF8	5.341e-06	NM_020125.3	5.22e-07	4.819e-06
SLAMF9	1.2303e-05	NM_033438.4	3.779e-06	8.524e-06
SLBP	0.068148	NM_006527.4	6.8727e-05	0.068079273
SLC1A1	8.6876e-06	NM_004170.6	1.3649e-08	8.673951e-06
SLC1A2	0.71036	NM_004171.4	0.83706	0.12670000000000003
SLC1A3	0.98914	NM_004172.5	0.30428	0.68486
SLC1A4	0.06559	NM_003038.5	0.0038535	0.06173649999999999
SLC1A5	0.16869	NM_005628.3	4.6558e-07	0.16868953442
SLC1A6	0.76237	NM_005071.3	0.71778	0.04459000000000002
SLC1A7	7.5281e-11	NM_006671.6	8.3396e-11	8.11499999999999e-12
SLC2A1	0.9941	NM_006516.4	1.0	0.005900000000000016
SLC2A2	3.4337e-08	NM_000340.2	5.1541e-06	5.119763e-06
SLC2A3	0.010333	NM_006931.3	0.069323	0.058989999999999994
SLC2A4	4.7123e-05	NM_001042.3	8.0617e-06	3.9061300000000005e-05
SLC2A4RG	0.21856	NM_020062.4	8.1402e-06	0.2185518598
SLC2A5	3.5691e-10	NM_003039.3	1.7411e-20	3.56909999982589e-10
SLC2A6	6.7106e-06	NM_017585.4	4.9492e-14	6.710599950508e-06
SLC2A7	5.5393e-21	NM_207420.3	1.1731e-18	1.1675607e-18
SLC2A8	8.0241e-07	NM_014580.5	3.0539e-22	8.024099999999997e-07
SLC2A9	6.9451e-10	NM_020041.3	3.6878e-10	3.2573e-10
SLC2A10	1.5672e-08	NM_030777.4	4.779e-08	3.2118e-08
SLC2A11	6.2349e-13	NM_001024939.4	2.4369e-14	5.99121e-13
SLC2A12	5.551e-05	NM_145176.3	3.1107e-06	5.2399300000000005e-05
SLC2A13	0.83307	NM_052885.4	2.1217e-05	0.833048783
SLC2A14	0.041173	NM_001286234.2	0.99905	0.957877
SLC3A1	7.2168e-27	NM_000341.4	1.7181e-33	7.2167982819e-27
SLC3A2	4.2163e-08	NM_001013251.3	8.1344e-08	3.9181000000000005e-08
SLC4A1	0.84602	NM_000342.4	0.99999	0.15397000000000005
SLC4A2	0.98521	NM_003040.4	0.99999	0.014780000000000015
SLC4A3	1.227e-05	NM_005070.4	0.008453	0.00844073
SLC4A4	0.99722	NM_001098484.3	1.0	0.0027800000000000047
SLC4A7	0.73616	NM_001321103.2	0.60532	0.13084000000000007
SLC4A8	0.99849	NM_001039960.3	0.99846	2.999999999997449e-05
SLC4A9	3.2089e-22	NM_031467.3	6.4074e-34	3.2088999999935924e-22
SLC4A10	0.13404	NM_001178015.2	1.0	0.8659600000000001
SLC4A11	4.6435e-15	NM_001174089.2	9.2641e-19	4.64257359e-15
SLC5A1	8.747e-08	NM_000343.4	1.3307e-05	1.321953e-05
SLC5A2	4.9184e-14	NM_003041.4	1.0666e-23	4.9183999989334e-14
SLC5A3	0.96739	NM_006933.7	0.99994	0.03255000000000008
SLC5A4	1.148e-16	NM_014227.3	5.4257e-07	5.425699998852001e-07
SLC5A5	0.0029492	NM_000453.3	1.3394e-14	0.002949199999986606
SLC5A6	0.0060821	NM_021095.4	0.01529	0.0092079
SLC5A7	0.015272	NM_021815.5	0.99738	0.9821080000000001
SLC5A8	4.9955e-16	NM_145913.5	5.5648e-13	5.5598045e-13
SLC5A9	9.2114e-27	NM_001011547.3	3.6183e-15	3.618299999990788e-15
SLC5A10	8.0689e-14	NM_001042450.4	2.1077e-15	7.85813e-14
SLC5A12	8.5695e-07	NM_178498.4	4.8816e-06	4.02465e-06
SLC6A1	0.99993	NM_003042.4	1.0	7.00000000000145e-05
SLC6A2	0.081524	NM_001172501.3	0.90046	0.818936
SLC6A3	0.99758	NM_001044.5	0.99999	0.0024100000000000232
SLC6A4	0.24602	NM_001045.6	0.99986	0.75384
SLC6A5	8.977e-15	NM_004211.5	6.4274e-09	6.427391023e-09
SLC6A6	0.98987	NM_003043.6	0.99994	0.010070000000000023
SLC6A7	5.5547e-10	NM_014228.5	5.5409e-16	5.554694459100001e-10
SLC6A9	2.1702e-05	NM_001024845.3	0.50591	0.505888298
SLC6A11	4.83e-05	NM_014229.3	0.84629	0.8462417
SLC6A12	1.2837e-08	NM_001122848.3	8.3552e-10	1.200148e-08
SLC6A13	1.2157e-11	NM_016615.5	2.1453e-19	1.215699978547e-11
SLC6A15	0.00060384	NM_182767.6	0.16179	0.16118616
SLC6A16	4.2922e-13	NM_014037.3	3.6806e-14	3.9241400000000003e-13
SLC6A17	0.50353	NM_001010898.4	0.99899	0.49546
SLC6A18	6.794999999999999e-22	NM_182632.3	1.3436e-17	1.34353205e-17
SLC6A19	1.7664e-24	NM_001003841.3	1.6171e-23	1.44046e-23
SLC6A20	2.6621e-17	NM_020208.4	1.2456e-27	2.66209999987544e-17
SLC7A1	0.99291	NM_003045.5	0.99999	0.007080000000000086
SLC7A2	2.3434e-11	NM_001370338.1	1.9433e-14	2.3414567e-11
SLC7A4	2.8317e-07	NM_004173.3	3.6279e-09	2.795421e-07
SLC7A5	0.23505	NM_003486.7	0.29194	0.05688999999999997
SLC7A6	0.0097291	NM_003983.6	0.00026683	0.009462269999999998
SLC7A6OS	0.16755	NM_032178.3	1.2188e-05	0.167537812
SLC7A7	7.9543e-07	NM_003982.4	1.3733e-10	7.9529267e-07
SLC7A8	5.1068e-08	NM_012244.4	1.5009e-06	1.4498320000000001e-06
SLC7A9	9.0644e-10	NM_014270.5	4.0655e-09	3.15906e-09
SLC7A10	0.00013879	NM_019849.3	1.3259e-05	0.000125531
SLC7A11	5.6817e-05	NM_014331.4	0.0015508	0.001493983
SLC7A13	1.483e-13	NM_138817.3	4.895e-11	4.88017e-11
SLC7A14	0.022116	NM_020949.3	3.4511e-07	0.02211565489
SLC8A2	0.99633	NM_015063.3	1.0	0.003669999999999951
SLC8A3	0.00073391	NM_182932.3	8.5972e-07	0.00073305028
SLC8B1	2.0302e-16	NM_001358345.2	7.4066e-15	7.20358e-15
SLC9A1	0.79049	NM_003047.5	0.99576	0.20526999999999995
SLC9A2	0.0024247	NM_003048.6	2.3591e-05	0.0024011090000000002
SLC9A3	0.97845	NM_004174.4	0.025833	0.952617
SLC9A4	8.286e-14	NM_001011552.4	4.9145e-17	8.2810855e-14
SLC9A5	1.7991e-08	NM_004594.3	3.8344e-09	1.4156599999999999e-08
SLC9A8	2.9146e-10	NM_015266.3	2.6103e-08	2.581154e-08
SLC9A9	5.3311e-12	NM_173653.4	6.506e-16	5.3304494e-12
SLC9B1	5.1677e-07	NM_139173.4	0.010418	0.01041748323
SLC9B2	7.5781e-06	NM_178833.7	2.7968e-09	7.575303200000001e-06
SLC9C1	3.0455e-15	NM_183061.3	2.2659e-15	7.795999999999999e-16
SLC9C2	0.00019485	NM_178527.4	4.6638e-08	0.000194803362
SLC10A1	4.7887e-16	NM_003049.4	7.6148e-17	4.02722e-16
SLC10A2	9.5802e-17	NM_000452.3	5.8838e-10	5.88379904198e-10
SLC10A4	0.027914	NM_152679.4	1.8063e-05	0.027895937000000003
SLC10A5	9.696e-08	NM_001010893.3	0.29296	0.29295990304
SLC10A6	4.5131e-09	NM_197965.3	7.7709e-08	7.31959e-08
SLC10A7	1.9761e-05	NM_001029998.6	1.9084e-05	6.770000000000005e-07
SLC11A1	1.5485000000000001e-19	NM_000578.4	2.8737e-16	2.8721515000000005e-16
SLC11A2	0.0066528	NM_000617.3	8.6394e-07	0.00665193606
SLC12A1	6.6809e-17	NM_000338.3	1.4594e-17	5.2215e-17
SLC12A2	0.96153	NM_001046.3	0.0039611	0.9575689
SLC12A3	3.0323999999999997e-32	NM_001126108.2	4.878099999999999e-28	4.8777967599999995e-28
SLC12A4	2.0528e-11	NM_005072.5	5.2393000000000005e-19	2.0527999476070002e-11
SLC12A5	1.0	NM_020708.5	1.0	0.0
SLC12A6	0.011377	NM_001365088.1	0.01086	0.0005170000000000001
SLC12A7	1.3921e-17	NM_006598.3	2.4022e-28	1.3920999999759778e-17
SLC12A8	5.3107e-19	NM_024628.6	2.4625e-18	1.9314300000000004e-18
SLC12A9	1.1806e-15	NM_020246.4	3.8495e-16	7.9565e-16
SLC13A1	1.2291e-17	NM_022444.4	9.7989e-14	9.7976709e-14
SLC13A2	1.2919e-13	NM_003984.4	3.1673e-09	3.16717081e-09
SLC13A3	9.4522e-07	NM_022829.6	5.6958e-08	8.88262e-07
SLC13A4	0.81559	NM_001318192.2	0.99685	0.18125999999999998
SLC13A5	0.00050598	NM_177550.5	0.70034	0.69983402
SLC14A1	5.7661e-14	NM_015865.7	2.4216e-11	2.4158338999999998e-11
SLC14A2	1.0646e-17	NM_007163.4	8.0481e-25	1.064599919519e-17
SLC15A1	4.9948e-13	NM_005073.4	1.5726e-19	4.9947984274e-13
SLC15A2	5.4803e-20	NM_021082.4	1.681e-20	3.799300000000001e-20
SLC15A3	7.7754e-12	NM_016582.3	9.15e-13	6.8604e-12
SLC15A4	1.9296e-06	NM_145648.4	3.6039e-05	3.4109399999999996e-05
SLC15A5	1.6745e-09	NM_001170798.1	7.9708e-17	1.674499920292e-09
SLC16A1	0.00073565	NM_003051.4	0.7322	0.73146435
SLC16A3	0.00029385	NM_004207.4	1.6337e-08	0.000293833663
SLC16A4	9.6707e-08	NM_004696.3	9.7679e-12	9.66972321e-08
SLC16A5	1.9979e-10	NM_004695.4	6.0627e-09	5.8629099999999996e-09
SLC16A6	0.0019063	NM_004694.5	0.07518	0.0732737
SLC16A7	0.0058162	NM_001270623.2	2.2786e-09	0.0058161977214
SLC16A8	0.0089726	NM_013356.3	6.7126e-10	0.00897259932874
SLC16A9	0.007078	NM_194298.3	0.015983	0.008905
SLC16A10	0.30853	NM_018593.5	1.4027e-06	0.30852859730000004
SLC16A11	4.9198e-06	NM_001370549.1	1.4363e-10	4.91965637e-06
SLC16A12	0.49267	NM_213606.4	0.16019	0.33248
SLC16A13	3.5696e-11	NM_201566.3	3.8125e-10	3.45554e-10
SLC16A14	0.013067	NM_152527.5	0.51696	0.5038929999999999
SLC17A1	4.1179e-16	NM_005074.5	1.3638e-14	1.322621e-14
SLC17A2	1.4228e-06	NM_001286123.3	1.7767e-08	1.405033e-06
SLC17A3	4.925899999999999e-22	NM_001098486.2	1.811e-17	1.810950741e-17
SLC17A4	1.5714e-09	NM_005495.3	4.734e-07	4.718286e-07
SLC17A5	6.8514e-10	NM_012434.5	1.1116e-09	4.2646e-10
SLC17A6	0.16199	NM_020346.3	0.0017186	0.1602714
SLC17A7	0.99988	NM_020309.4	0.99999	0.0001100000000000545
SLC17A8	0.0013196	NM_139319.3	0.00043781	0.0008817899999999999
SLC17A9	6.0979e-17	NM_022082.4	2.6545e-16	2.0447100000000001e-16
SLC18A1	2.8011999999999997e-21	NM_003053.4	1.02e-24	2.80018e-21
SLC18A2	0.075523	NM_003054.6	0.0031613	0.0723617
SLC18A3	0.45355	NM_003055.3	6.5353e-07	0.45354934647
SLC18B1	1.0193e-17	NM_052831.3	6.8375e-18	3.3554999999999996e-18
SLC19A1	6.4655e-06	NM_194255.4	1.1764e-15	6.4654999988236e-06
SLC19A2	0.00043398	NM_006996.3	2.0312e-06	0.0004319488
SLC19A3	0.1039	NM_025243.4	1.2033e-07	0.10389987967
SLC20A1	0.067227	NM_005415.5	0.011114	0.056112999999999996
SLC20A2	0.96545	NM_001257180.2	0.018553	0.946897
SLC22A1	1.4614e-22	NM_003057.3	1.7705e-15	1.77049985386e-15
SLC22A2	2.0202e-12	NM_003058.4	5.993e-08	5.99279798e-08
SLC22A3	7.7723e-10	NM_021977.4	5.3732e-14	7.77176268e-10
SLC22A4	1.8253e-08	NM_003059.3	8.9917e-08	7.1664e-08
SLC22A5	5.2651e-16	NM_003060.4	8.4286e-10	8.428594734900001e-10
SLC22A6	5.3222e-08	NM_153276.3	2.8393e-10	5.2938069999999996e-08
SLC22A7	4.5139e-11	NM_153320.2	1.1198e-12	4.4019200000000004e-11
SLC22A8	2.6004e-09	NM_004254.4	8.0775e-09	5.4771000000000005e-09
SLC22A9	4.2676e-19	NM_080866.3	2.0048999999999997e-21	4.247551e-19
SLC22A10	1.8871e-19	NM_001039752.4	3.2506e-17	3.231729e-17
SLC22A11	1.2995e-07	NM_018484.4	7.2786e-13	1.2994927214e-07
SLC22A12	1.6891e-13	NM_144585.4	7.281199999999999e-21	1.6890999271880002e-13
SLC22A13	5.3133e-14	NM_004256.4	1.831e-11	1.8256866999999998e-11
SLC22A14	3.1738e-13	NM_001320033.2	8.9083e-16	3.1648917e-13
SLC22A15	2.516e-09	NM_018420.3	2.8872e-08	2.6355999999999998e-08
SLC22A16	6.3118000000000006e-27	NM_033125.4	3.097e-17	3.09699999936882e-17
SLC22A23	0.82731	NM_015482.2	0.02435	0.80296
SLC22A24	1.7875e-14	NM_001136506.2	9.2011e-16	1.695489e-14
SLC22A25	1.2149e-16	NM_199352.6	1.3433e-12	1.34317851e-12
SLC22A31	7.91e-11	NM_001384763.1	9.5131e-19	7.909999904869e-11
SLC23A1	0.023504	NM_005847.5	0.0017123	0.0217917
SLC23A2	0.0062629	NM_005116.6	0.0040307	0.0022322
SLC23A3	7.3605e-07	NM_001144889.2	4.6964e-08	6.89086e-07
SLC24A1	9.2153e-05	NM_004727.3	1.5229e-08	9.2137771e-05
SLC24A2	0.0057133	NM_020344.4	0.0004051	0.0053082
SLC24A3	0.87946	NM_020689.4	0.99982	0.12036000000000002
SLC24A4	2.2032e-11	NM_153646.4	5.3093e-10	5.088980000000001e-10
SLC24A5	5.1503e-10	NM_205850.3	3.6963e-12	5.113337000000001e-10
SLC25A1	0.058829	NM_005984.5	2.362e-07	0.058828763799999996
SLC25A2	0.0022001	NM_031947.4	0.00048398	0.00171612
SLC25A3	0.074834	NM_002635.4	0.94326	0.868426
SLC25A4	0.45334	NM_001151.4	0.41728	0.036060000000000036
SLC25A10	4.8646e-07	NM_012140.5	2.4681e-10	4.8621319e-07
SLC25A11	0.53487	NM_003562.5	0.95535	0.4204800000000001
SLC25A12	0.21604	NM_003705.5	0.87613	0.66009
SLC25A13	1.2833e-24	NM_014251.3	5.0062e-18	5.0061987167e-18
SLC25A15	3.7038e-07	NM_014252.4	1.026e-06	6.5562e-07
SLC25A16	1.2089e-06	NM_152707.4	0.00061137	0.0006101610999999999
SLC25A17	2.7533e-05	NM_006358.4	0.00059686	0.0005693269999999999
SLC25A18	1.8732e-07	NM_031481.3	4.8452e-09	1.8247480000000001e-07
SLC25A19	0.64923	NM_001126121.2	4.8079e-05	0.6491819209999999
SLC25A20	1.1972e-07	NM_000387.6	4.4499e-08	7.522099999999998e-08
SLC25A21	1.4479e-11	NM_030631.4	3.4488e-11	2.0008999999999995e-11
SLC25A22	0.0066081	NM_001191061.2	6.4871e-07	0.00660745129
SLC25A23	0.0020617	NM_024103.3	5.406e-07	0.0020611594
SLC25A24	3.3527e-12	NM_013386.5	2.3198e-10	2.286273e-10
SLC25A25	0.023986	NM_001330988.2	6.9748e-06	0.0239790252
SLC25A26	2.5832e-07	NM_001379210.1	0.016298	0.01629774168
SLC25A27	0.00026907	NM_004277.5	9.8349e-05	0.00017072099999999998
SLC25A28	0.92954	NM_031212.4	0.85106	0.07848
SLC25A29	0.0010861	NM_001039355.3	3.5488e-06	0.0010825512
SLC25A30	6.1722e-09	NM_001010875.4	8.9523e-07	8.890578e-07
SLC25A31	7.3162e-10	NM_031291.4	6.0878e-12	7.255322e-10
SLC25A32	6.7625e-09	NM_030780.5	5.6939e-07	5.626275e-07
SLC25A33	0.0059223	NM_032315.3	0.027411	0.0214887
SLC25A34	4.7127e-07	NM_207348.3	4.8381e-10	4.7078619e-07
SLC25A35	1.8465e-08	NM_001320870.2	1.8515e-11	1.8446485e-08
SLC25A36	0.033543	NM_001104647.3	0.022171	0.011372000000000004
SLC25A37	0.27886	NM_016612.4	0.0011655	0.2776945
SLC25A38	9.4313e-06	NM_017875.4	8.6507e-08	9.344793e-06
SLC25A39	5.3953e-11	NM_001143780.3	1.7643e-15	5.39512357e-11
SLC25A40	3.9328e-07	NM_018843.4	5.0496e-05	5.010272e-05
SLC25A41	6.8621e-12	NM_173637.4	6.1122e-14	6.800978e-12
SLC25A42	0.48948	NM_178526.5	0.00033937	0.48914063
SLC25A44	0.00092458	NM_014655.4	0.0012333	0.00030872000000000007
SLC25A45	4.2329e-07	NM_182556.4	5.8624e-09	4.174276e-07
SLC25A46	1.3077e-05	NM_138773.4	7.2891e-06	5.7879e-06
SLC25A47	8.2217e-15	NM_207117.4	8.3227e-14	7.50053e-14
SLC25A48	0.00015155	NM_001349336.2	1.5819e-09	0.0001515484181
SLC25A51	0.0032782	NM_033412.4	0.014677	0.0113988
SLC25A52	0.0005017	NM_001034172.4	0.001084	0.0005822999999999999
SLC26A1	1.0564e-11	NM_022042.4	3.0436e-08	3.0425436e-08
SLC26A2	7.4963e-07	NM_000112.4	3.7099e-11	7.49592901e-07
SLC26A3	1.3699e-13	NM_000111.3	1.1356e-11	1.121901e-11
SLC26A4	8.989799999999999e-22	NM_000441.2	2.1801e-20	2.090202e-20
SLC26A5	6.9851e-08	NM_198999.3	5.0766e-08	1.9084999999999995e-08
SLC26A6	9.897e-13	NM_022911.3	1.238e-17	9.8968762e-13
SLC26A7	1.9125e-09	NM_052832.4	2.1383e-11	1.8911170000000003e-09
SLC26A8	4.2638e-12	NM_052961.4	1.9598e-13	4.0678199999999995e-12
SLC26A9	0.012733	NM_052934.4	9.7179e-06	0.0127232821
SLC26A11	3.0064000000000003e-19	NM_001166347.2	5.2618e-20	2.4802200000000004e-19
SLC27A1	2.5752e-16	NM_198580.3	5.3966e-23	2.57519946034e-16
SLC27A2	6.3647e-09	NM_003645.4	1.5474e-12	6.3631525999999995e-09
SLC27A3	5.2696e-22	NM_024330.4	3.9187e-23	4.87773e-22
SLC27A4	4.4885e-05	NM_005094.4	0.00053967	0.000494785
SLC27A5	8.3678e-15	NM_012254.3	2.0819e-14	1.24512e-14
SLC27A6	2.4339e-18	NM_001017372.3	8.8563e-18	6.4224e-18
SLC28A1	5.737e-20	NM_004213.5	5.419e-18	5.36163e-18
SLC28A2	1.1277e-27	NM_004212.4	2.4877e-14	2.4876999999998874e-14
SLC28A3	2.6549e-23	NM_001199633.2	1.8684e-16	1.86839973451e-16
SLC29A1	0.90069	NM_001372327.1	0.030873	0.869817
SLC29A2	3.2307e-14	NM_001532.3	2.2201e-10	2.21977693e-10
SLC29A3	1.2925e-07	NM_018344.6	0.00011015	0.00011002074999999999
SLC29A4	1.1358e-05	NM_153247.4	2.1802e-12	1.13579978198e-05
SLC30A1	0.98532	NM_021194.3	0.99831	0.012990000000000057
SLC30A2	0.080883	NM_001004434.3	0.023869	0.057013999999999995
SLC30A3	0.5421	NM_003459.5	0.00049267	0.54160733
SLC30A4	0.11544	NM_013309.6	0.65533	0.53989
SLC30A5	0.068068	NM_022902.5	0.017163	0.050905000000000006
SLC30A6	6.906e-09	NM_017964.5	8.4278e-07	8.358739999999999e-07
SLC30A7	4.4049e-07	NM_133496.5	5.1458e-07	7.409e-08
SLC30A8	7.4306e-12	NM_173851.3	1.2615e-05	1.2614992569400001e-05
SLC30A9	4.6685e-07	NM_006345.4	0.83592	0.83591953315
SLC30A10	0.97952	NM_018713.3	0.011378	0.968142
SLC31A1	0.065398	NM_001859.4	0.89314	0.8277420000000001
SLC31A2	8.5199e-05	NM_001860.3	1.0641e-06	8.41349e-05
SLC32A1	0.96675	NM_080552.3	0.99954	0.032789999999999986
SLC33A1	9.8902e-05	NM_004733.4	0.91612	0.9160210980000001
SLC34A1	8.9128e-27	NM_003052.5	3.0772e-21	3.0771910871999998e-21
SLC34A2	9.3992e-11	NM_006424.3	5.154e-11	4.2452e-11
SLC34A3	5.8863e-14	NM_001177316.2	1.5210000000000001e-27	5.886299999999848e-14
SLC35A1	0.68262	NM_006416.5	0.073907	0.6087130000000001
SLC35A3	0.0026044	NM_012243.3	0.004264	0.0016596000000000002
SLC35A4	8.8682e-05	NM_080670.4	0.1329	0.13281131799999998
SLC35A5	1.8916e-06	NM_017945.5	1.9182e-05	1.72904e-05
SLC35B1	1.7301e-05	NM_005827.4	3.7366e-05	2.0065000000000002e-05
SLC35B2	0.071488	NM_178148.4	0.012373	0.059114999999999994
SLC35B3	1.3646e-10	NM_001370476.2	0.00022821	0.00022820986354
SLC35B4	2.6127e-05	NM_032826.5	0.00053764	0.000511513
SLC35C1	0.023545	NM_018389.5	0.58493	0.5613849999999999
SLC35D1	0.00035546	NM_015139.3	4.2354e-06	0.0003512246
SLC35D2	5.8967e-13	NM_007001.3	7.1051e-05	7.105099941033e-05
SLC35D3	0.036075	NM_001008783.3	3.8995e-09	0.0360749961005
SLC35E1	0.1273	NM_024881.5	0.14503	0.017729999999999996
SLC35E2B	0.0026282	NM_001290264.2	1.0668e-05	0.0026175319999999997
SLC35E3	5.8322e-07	NM_018656.5	7.8441e-07	2.0119000000000002e-07
SLC35E4	0.015961	NM_001001479.4	4.4903e-06	0.0159565097
SLC35F1	0.95133	NM_001029858.4	0.99424	0.042910000000000004
SLC35F2	0.00026278	NM_017515.5	0.00013676	0.00012602
SLC35F3	0.0996	NM_173508.4	0.0025632	0.09703679999999999
SLC35F4	0.0085933	NM_001306087.2	0.00010041	0.00849289
SLC35F5	3.5033e-08	NM_025181.5	7.682e-10	3.42648e-08
SLC35F6	0.00011541	NM_017877.4	7.358e-09	0.000115402642
SLC35G1	0.16174	NM_001134658.3	0.008125	0.153615
SLC35G2	0.039734	NM_025246.3	1.3672e-05	0.039720328
SLC35G3		NM_152462.2	0.026687	
SLC35G4		NM_001282300.2	0.00027235	
SLC35G5		NM_054028.2	0.00012081	
SLC35G6	0.00053288	NM_001102614.2	1.4056e-06	0.0005314744
SLC36A1	1.397e-06	NM_078483.4	0.00069058	0.000689183
SLC36A2	6.1509e-10	NM_181776.3	6.6887e-11	5.48203e-10
SLC36A3	0.0020296	NM_181774.4	5.6597e-09	0.0020295943403
SLC36A4	1.8141e-17	NM_152313.4	3.1831e-09	3.1830999818589997e-09
SLC37A1	0.00058122	NM_001320537.2	6.2661e-10	0.00058121937339
SLC37A2	1.2292e-14	NM_001145290.2	8.8476e-17	1.2203524000000001e-14
SLC37A3	1.124e-13	NM_207113.3	1.4909e-14	9.7491e-14
SLC38A1	0.93067	NM_030674.4	0.9677	0.03703000000000001
SLC38A2	0.99709	NM_018976.5	1.0	0.002909999999999968
SLC38A3		NM_006841.6	0.99947	
SLC38A4	0.56028	NM_018018.5	0.96473	0.40445
SLC38A6	2.3820000000000003e-20	NM_153811.3	5.2176e-15	5.2175761800000006e-15
SLC38A7	2.8965e-05	NM_018231.3	6.1062e-06	2.2858800000000002e-05
SLC38A8	3.3217e-24	NM_001080442.3	2.0536e-29	3.321679464e-24
SLC38A9	0.28628	NM_173514.4	1.6869e-07	0.28627983130999995
SLC38A10	2.426e-10	NM_001037984.3	1.3501e-11	2.29099e-10
SLC38A11	6.0327e-15	NM_001351537.2	1.3991e-12	1.3930672999999999e-12
SLC39A1	0.12586	NM_001271958.2	1.2934e-05	0.125847066
SLC39A2	7.204e-05	NM_014579.4	3.14e-05	4.064e-05
SLC39A3	0.1197	NM_144564.5	0.30161	0.18191
SLC39A4	0.00031401	NM_130849.4	7.5913e-18	0.0003140099999999924
SLC39A5	7.3793e-11	NM_173596.3	7.4697e-13	7.304602999999999e-11
SLC39A6	4.9368e-07	NM_012319.4	2.1596e-09	4.915204e-07
SLC39A7	0.082078	NM_006979.3	2.6654e-05	0.082051346
SLC39A8	0.66924	NM_001135146.2	0.62115	0.048089999999999966
SLC39A9	0.72946	NM_018375.5	0.08798	0.64148
SLC39A10	0.9927	NM_020342.3	1.0	0.007299999999999973
SLC39A11	2.3522e-18	NM_139177.4	1.7045e-10	1.704499976478e-10
SLC39A12	8.3413e-07	NM_001145195.2	2.0614e-18	8.341299999979386e-07
SLC39A13	0.0025092	NM_001128225.3	0.065931	0.0634218
SLC39A14	0.15001	NM_001128431.4	0.37345	0.22344
SLC40A1	0.98835	NM_014585.6	0.999	0.010650000000000048
SLC41A1	0.65493	NM_173854.6	0.37118	0.28375
SLC41A2	0.96597	NM_001352171.3	0.0041707	0.9617993
SLC41A3	2.0709e-13	NM_017836.4	1.087e-14	1.9622e-13
SLC43A1	8.0343e-06	NM_003627.6	0.00037722	0.0003691857
SLC43A2	0.0055443	NM_152346.3	1.3155e-08	0.005544286845
SLC43A3	2.232e-06	NM_199329.3	2.8757e-06	6.436999999999999e-07
SLC44A1	0.99676	NM_080546.5	0.99889	0.0021299999999999653
SLC44A2	0.00011917	NM_020428.4	1.8268e-12	0.0001191699981732
SLC44A3	3.5957e-27	NM_001114106.3	4.9599e-23	4.9595404299999996e-23
SLC44A4	1.0036e-14	NM_025257.3	3.3897000000000004e-19	1.003566103e-14
SLC44A5	7.6779e-05	NM_001130058.2	1.4031e-06	7.537590000000001e-05
SLC45A1	2.4761e-05	NM_001080397.3	0.00056167	0.000536909
SLC45A2	1.6634e-06	NM_016180.5	1.8671e-10	1.66321329e-06
SLC45A3	0.0052658	NM_033102.3	0.016935	0.011669199999999998
SLC45A4	0.00010424	NM_001286646.2	0.00018565	8.141000000000001e-05
SLC46A1	0.021858	NM_080669.6	0.0010626	0.0207954
SLC46A2	1.3414e-11	NM_033051.4	3.3336e-07	3.33346586e-07
SLC46A3	6.9222e-09	NM_181785.4	1.7565e-06	1.7495778e-06
SLC47A1	1.9605e-14	NM_018242.3	4.9539e-17	1.9555460999999998e-14
SLC47A2	9.2836e-15	NM_001099646.3	2.9739e-14	2.0455399999999997e-14
SLC48A1	0.7342	NM_017842.3	0.087852	0.6463479999999999
SLC49A3		NM_032219.4	1.4229e-19	
SLC49A4		NM_032839.3	7.6301e-07	
SLC50A1	0.0019259	NM_018845.4	1.9511e-06	0.0019239488999999999
SLC51A	0.069643	NM_152672.6	6.5749e-06	0.0696364251
SLC51B	0.24475	NM_178859.4	0.00783	0.23692
SLC52A1	3.5163e-06	NM_017986.4	4.0354e-06	5.191000000000002e-07
SLC52A2	0.0024777	NM_001363118.2	0.00025725	0.00222045
SLC52A3	0.019348	NM_033409.4	2.5009e-06	0.0193454991
SLC66A1		NM_001040125.2	4.7046e-06	
SLC66A2		NM_025078.5	7.2762e-09	
SLC66A3		NM_152391.5	3.7458e-06	
SLCO1A2	1.0581e-16	NM_001386879.1	1.0038e-08	1.0037999894190001e-08
SLCO1B1	1.1085999999999998e-21	NM_006446.5	9.9771e-18	9.975991400000001e-18
SLCO1B3	5.3210000000000005e-24	NM_019844.4	1.7083e-08	1.7082999999999995e-08
SLCO1C1	3.9889e-12	NM_017435.5	7.6069e-22	3.988899999239309e-12
SLCO2A1	2.2804e-13	NM_005630.3	1.5976e-17	2.28024024e-13
SLCO2B1	1.1159e-05	NM_007256.5	1.6767e-07	1.099133e-05
SLCO3A1	0.38961	NM_013272.4	0.023554	0.366056
SLCO4A1	1.0328e-10	NM_016354.4	1.0063e-15	1.032789937e-10
SLCO4C1	1.0568e-08	NM_180991.5	1.1228e-12	1.05668772e-08
SLCO5A1	1.5378e-06	NM_030958.3	3.4106e-10	1.5374589399999998e-06
SLCO6A1	2.8807e-11	NM_173488.5	1.9361e-13	2.8613389999999997e-11
SLF1		NM_032290.4	5.7661e-23	
SLF2		NM_018121.4	4.7302e-06	
SLFN5	1.7046e-12	NM_144975.4	4.2529e-08	4.2527295400000006e-08
SLFN11	8.2249e-19	NM_001376007.1	7.7347e-10	7.7346999917751e-10
SLFN12	4.6915e-07	NM_018042.5	5.7839e-08	4.1131099999999997e-07
SLFN12L	7.6581e-11	NM_001363830.2	1.7102e-10	9.443899999999999e-11
SLFN13	1.9958e-16	NM_144682.6	2.9474e-13	2.9454042000000003e-13
SLFN14	3.5128e-09	NM_001129820.2	8.5512e-13	3.51194488e-09
SLFNL1	3.8491e-05	NM_144990.4	5.4183e-10	3.849045817e-05
SLIRP	9.7265e-07	NM_031210.6	0.0001388	0.00013782735000000002
SLIT1	0.99999	NM_003061.3	0.99999	0.0
SLIT2	1.0	NM_004787.4	1.0	0.0
SLIT3	0.75233	NM_003062.4	0.97145	0.21911999999999998
SLITRK1	0.95737	NM_001281503.2	0.99995	0.04257999999999995
SLITRK3	0.93906	NM_001318810.2	1.0	0.060939999999999994
SLITRK5	0.87019	NM_001384609.1	0.60505	0.26514000000000004
SLITRK6	5.6989e-14	NM_032229.3	2.7526e-07	2.75259943011e-07
SLK	0.37441	NM_014720.4	3.7623e-06	0.37440623770000003
SLMAP	0.99976	NM_001377540.1	0.85993	0.13983
SLN	0.28701	NM_003063.3	0.44575	0.15874
SLPI	0.00089665	NM_003064.4	7.3221e-09	0.0008966426779
SLTM	0.99785	NM_024755.4	0.99983	0.0019799999999999818
SLU7	1.6328e-09	NM_006425.5	2.3595e-06	2.3578672e-06
SLURP1	0.25934	NM_020427.3	0.22368	0.035660000000000025
SLURP2		NM_177458.3	0.17684	
SLX1A	0.12268	NM_001014999.3	0.63988	0.5172
SLX4	1.5676e-22	NM_032444.4	5.1228e-29	1.5675994877199999e-22
SLX4IP	1.7889e-12	NM_001009608.3	1.4573e-10	1.4394109999999998e-10
SLX9		ENST00000291634	2.2165e-08	
SMAD1	0.98803	NM_005900.3	0.99999	0.011960000000000082
SMAD2	0.99661	NM_005901.6	1.0	0.003390000000000004
SMAD3	0.79796	NM_005902.4	0.99998	0.20201999999999998
SMAD4	0.99881	NM_005359.6	1.0	0.0011900000000000244
SMAD5	0.99838	NM_005903.7	0.99999	0.0016100000000000003
SMAD6	3.6282e-20	NM_005585.5	8.1308e-55	3.6282e-20
SMAD7	0.54854	NM_005904.4	0.99661	0.44806999999999997
SMAD9	6.4444e-05	NM_001127217.3	1.5457e-09	6.44424543e-05
SMAGP	0.25441	NM_001031628.2	0.0068956	0.24751440000000002
SMAP1	0.99357	NM_001044305.3	0.98702	0.006549999999999945
SMAP2	0.017751	NM_022733.3	0.99287	0.9751190000000001
SMARCA2	1.0	NM_003070.5	1.0	0.0
SMARCA4	1.0	NM_003072.5	1.0	0.0
SMARCA5	1.0	NM_003601.4	1.0	0.0
SMARCAD1	1.0	NM_020159.5	1.0	0.0
SMARCAL1	2.2554e-06	NM_014140.4	5.0365e-12	2.2553949635000002e-06
SMARCB1	0.9971	NM_003073.5	1.0	0.0029000000000000137
SMARCC1	1.0	NM_003074.4	1.0	0.0
SMARCC2	1.0	NM_001330288.2	1.0	0.0
SMARCD1	0.99947	NM_003076.5	1.0	0.0005300000000000304
SMARCD2	6.4893e-05	NM_001098426.2	2.6057e-07	6.463243e-05
SMARCD3	0.40464	NM_001003801.2	0.99998	0.59534
SMARCE1	0.99915	NM_003079.5	0.99994	0.0007900000000000684
SMC1B	0.1041	NM_148674.5	0.071311	0.032789
SMC2	0.9999	NM_006444.3	0.99999	9.00000000000345e-05
SMC3	1.0	NM_005445.4	1.0	0.0
SMC4	1.68e-05	NM_001002800.3	9.2029e-14	1.6799999907970997e-05
SMC5	3.1326e-06	NM_015110.4	1.7399e-10	3.13242601e-06
SMC6	2.659e-06	NM_001142286.2	7.7425e-09	2.6512575e-06
SMCHD1	1.0	NM_015295.3	1.0	0.0
SMCO1	0.00015503	NM_001077657.3	0.0023067	0.00215167
SMCO3	0.014367	NM_001013698.2	0.13489	0.120523
SMCO4	0.00019629	NM_020179.3	0.012906	0.01270971
SMCP		NM_030663.3	0.29275	
SMCR8	0.001598	NM_144775.3	0.00040448	0.00119352
SMDT1	0.18284	NM_033318.5	0.0052465	0.17759350000000002
SMG1	1.0	NM_015092.5	1.0	0.0
SMG5	0.012768	NM_015327.3	0.059163	0.046395
SMG6	0.98164	NM_017575.5	0.00046249	0.98117751
SMG7	0.99998	NM_001375584.1	1.0	2.0000000000020002e-05
SMG8	0.0072559	NM_018149.7	8.6251e-08	0.007255813749
SMG9	3.4628e-13	NM_019108.4	5.4857e-15	3.407943e-13
SMIM1	0.032962	NM_001288583.2	0.0040235	0.0289385
SMIM2	0.041965	NM_024058.3	0.016116	0.025849000000000004
SMIM3	0.00013765	NM_032947.5	0.0073447	0.00720705
SMIM5	0.13265	NM_001162995.3	0.0059795	0.1266705
SMIM7	0.004848	NM_024104.4	0.00018849	0.0046595099999999995
SMIM8	0.0055617	NM_001042493.3	0.0010633	0.0044984
SMIM10L1		NM_001271592.2	0.00091775	
SMIM12	0.56679	NM_138428.6	0.024329	0.542461
SMIM13	0.19183	NM_001135575.2	0.080123	0.111707
SMIM14	0.79188	NM_174921.3	0.077915	0.7139650000000001
SMIM15	0.15518	NM_001048249.4	0.03039	0.12479000000000001
SMIM17	0.014713	NM_001193628.2	0.13157	0.11685699999999999
SMIM18	0.16897	NM_001206847.2	0.066257	0.10271300000000001
SMIM19	0.34399	NM_001135674.2	0.24166	0.10233
SMIM20	0.57531	NM_001145432.3	0.45768	0.11763000000000001
SMIM21	2.1196e-05	NM_001037331.3	0.0033242	0.003303004
SMIM22	6.5039e-05	NM_001253794.2	7.4455e-10	6.503825545e-05
SMIM23	0.0068348	NM_001289970.2	0.0018791	0.0049557
SMIM24		NM_001136503.2	0.027275	
SMIM27		NM_001387564.1	0.046856	
SMIM29		NM_001008703.4	0.50294	
SMIM43		NM_001384332.1		
SMKR1	0.43635	NM_001195243.2	0.014612	0.421738
SMLR1	0.19896	NM_001195597.2	0.16854	0.030420000000000003
SMN1	0.015829	NM_000344.4	0.61792	0.602091
SMNDC1	0.63777	NM_005871.4	0.99757	0.3598
SMO	4.2771e-07	NM_005631.5	5.4431e-06	5.01539e-06
SMOC1	0.0094673	NM_001034852.3	0.17366	0.1641927
SMOC2	0.0025279	NM_001166412.2	3.0705e-07	0.00252759295
SMOX	0.39964	NM_175839.3	0.064814	0.334826
SMPD1	3.8932e-10	NM_000543.5	7.3388e-14	3.89246612e-10
SMPD2	3.5507e-18	NM_003080.3	2.116e-10	2.115999964493e-10
SMPD3	0.59429	NM_018667.4	0.21266	0.38163
SMPD4	1.7125e-19	NM_017951.5	3.7277e-11	3.727699982875e-11
SMPDL3A	6.2787999999999994e-21	NM_006714.5	9.9086e-10	9.908599999937213e-10
SMPDL3B	2.4146e-09	NM_014474.4	3.5095e-08	3.26804e-08
SMR3A	0.39147	NM_012390.4	0.43574	0.04427000000000003
SMR3B	0.38712	NM_006685.4	0.62779	0.24066999999999994
SMTN	1.5966e-07	NM_134269.3	9.4973e-11	1.5956502699999998e-07
SMTNL1	2.6675e-12	NM_001105565.3	8.3941e-13	1.82809e-12
SMTNL2	0.00023793	NM_001114974.2	3.8751e-17	0.00023792999999996123
SMU1	0.99994	NM_018225.3	1.0	5.999999999994898e-05
SMUG1	0.00045154	NM_001243787.2	0.016921	0.01646946
SMURF1	0.6118	NM_181349.3	0.00047239	0.61132761
SMURF2	0.87235	NM_022739.4	0.577	0.29535
SMYD1	2.1406e-07	NM_198274.4	9.0981e-16	2.1405999909019e-07
SMYD2	2.4631e-06	NM_020197.3	4.8684e-14	2.463099951316e-06
SMYD3	1.4438e-07	NM_001167740.2	3.3877e-07	1.9439e-07
SMYD4	8.7782e-15	NM_052928.3	4.8405e-21	8.778195159500001e-15
SMYD5	0.013063	NM_006062.3	1.9217e-06	0.0130610783
SNAI1	0.21754	NM_005985.4	0.0019219	0.2156181
SNAI2	0.79531	NM_003068.5	0.99965	0.20434000000000008
SNAI3	0.013249	NM_178310.4	2.9197e-08	0.013248970803
SNAP23	0.92412	NM_003825.4	0.24017	0.6839500000000001
SNAP25	0.98653	NM_130811.4	0.99953	0.013000000000000012
SNAP29	0.013567	NM_004782.4	0.056356	0.04278900000000001
SNAP47	2.0687e-05	NM_053052.4	0.00046111	0.000440423
SNAP91	0.99993	NM_001242792.2	0.9997	0.00022999999999995246
SNAPC1	2.3628e-16	NM_003082.4	0.0002276	0.00022759999999976373
SNAPC2	0.10137	NM_003083.4	8.9744e-13	0.10136999999910257
SNAPC3	4.5455e-07	NM_001039697.2	9.017e-10	4.536483e-07
SNAPC4	2.6507e-29	NM_003086.4	1.6392e-33	2.6505360800000004e-29
SNAPC5	0.00020115	NM_001329615.2	0.0094371	0.00923595
SNAPIN	0.0015332	NM_012437.6	1.2435e-05	0.0015207649999999999
SNCA	0.8829	NM_000345.4	0.79673	0.08616999999999997
SNCAIP	0.00032848	NM_005460.4	0.00052694	0.00019846000000000002
SNCB	0.068062	NM_003085.5	0.486	0.417938
SNCG	0.0008475	NM_003087.3	9.4276e-05	0.0007532239999999999
SND1	0.98213	NM_014390.4	1.0	0.017870000000000053
SNED1	0.66246	NM_001080437.3	3.4646e-10	0.6624599996535401
SNF8	0.00045727	NM_007241.4	0.00076679	0.00030952000000000003
SNIP1	0.42167	NM_024700.4	4.0072e-05	0.421629928
SNN	0.144	NM_003498.6	0.012145	0.131855
SNPH	0.97082	NM_001318234.2	0.98419	0.013369999999999993
SNRK	0.99961	NM_017719.5	1.0	0.00039000000000000146
SNRNP25	0.0013382	NM_024571.4	3.739e-07	0.0013378261
SNRNP27	0.00019763	NM_006857.3	0.00016304	3.458999999999998e-05
SNRNP35	7.1094e-09	NM_022717.4	0.00037921	0.0003792028906
SNRNP40	0.85265	NM_004814.3	0.83202	0.020630000000000037
SNRNP48	7.5727e-09	NM_152551.4	5.2847e-08	4.5274299999999995e-08
SNRNP70	0.99926	NM_003089.6	0.99999	0.0007300000000000084
SNRNP200	1.0	NM_014014.5	1.0	0.0
SNRPA	2.8099e-05	NM_004596.5	0.3285	0.328471901
SNRPA1	0.98984	NM_003090.4	0.8824	0.10744000000000009
SNRPB	0.70858	NM_003091.4	0.99857	0.28998999999999997
SNRPB2	0.050625	NM_003092.5	0.17418	0.123555
SNRPC	0.72303	NM_003093.3	0.35469	0.36833999999999995
SNRPD1	0.79903	NM_006938.4	0.5851	0.21393000000000006
SNRPD2	0.80129	NM_001384647.1	0.98301	0.1817200000000001
SNRPD3	0.85838	NM_004175.5	0.99892	0.14054
SNRPE	0.90614	NM_003094.4	0.68047	0.22566999999999993
SNRPF	0.79498	NM_003095.5	0.4903	0.30468
SNRPG	0.80443	NM_003096.4	0.53236	0.2720699999999999
SNRPN	0.043181	NM_003097.6	0.97559	0.9324089999999999
SNTA1	0.0056417	NM_003098.3	1.3438e-08	0.005641686562
SNTB1	0.0010263	NM_021021.4	3.155e-09	0.001026296845
SNTB2	0.00042801	NM_006750.4	1.37e-09	0.00042800863
SNTG1	0.1634	NM_018967.5	0.031212	0.132188
SNTG2	1.3092e-14	NM_018968.4	8.6822e-24	1.30919999913178e-14
SNTN	0.00010257	NM_001080537.2	0.00021462	0.00011205
SNU13		NM_001003796.2	0.96168	
SNUPN	1.1094e-14	NM_005701.4	0.023554	0.023553999999988903
SNW1	0.99961	NM_012245.3	1.0	0.00039000000000000146
SNX1	0.93179	NM_003099.5	0.010707	0.921083
SNX2	0.98462	NM_003100.4	0.95905	0.025570000000000093
SNX3	0.24928	NM_003795.6	0.93341	0.6841299999999999
SNX4	5.6768e-08	NM_003794.4	5.8295e-08	1.5269999999999977e-09
SNX5	0.001446	NM_014426.4	1.7121e-06	0.0014442879
SNX6	0.49898	NM_152233.4	0.011928	0.487052
SNX7	3.7323e-05	NM_015976.5	3.409e-06	3.3914e-05
SNX8	0.062391	NM_013321.4	0.0033897	0.0590013
SNX9	0.7061	NM_016224.5	3.0706e-05	0.706069294
SNX10	3.3891e-10	NM_013322.3	8.2933e-05	8.293266109e-05
SNX11	7.3043e-07	NM_013323.3	0.00076256	0.00076182957
SNX13	0.40328	NM_015132.5	0.9618	0.5585199999999999
SNX14	6.0711e-17	NM_153816.6	4.2755e-12	4.275439289e-12
SNX15	3.97e-06	NM_013306.5	3.3983e-09	3.9666017e-06
SNX16	1.416e-11	NM_152836.3	6.5224e-09	6.50824e-09
SNX17	0.0022034	NM_014748.4	2.0949e-05	0.0021824509999999997
SNX18	0.95637	NM_001102575.2	2.6608e-10	0.95636999973392
SNX19	8.8349e-12	NM_014758.3	1.7382e-14	8.817518e-12
SNX20	1.2791e-05	NM_182854.4	3.8885e-09	1.27871115e-05
SNX21	2.3202e-07	NM_033421.4	1.6532e-15	2.320199983468e-07
SNX22	0.0047609	NM_024798.3	3.4261e-09	0.0047608965739
SNX24	9.5459e-06	NM_014035.4	0.0096572	0.0096476541
SNX25	8.178e-05	NM_001378034.2	1.3801e-07	8.164199e-05
SNX27	0.99977	NM_001330723.2	0.93423	0.06554000000000004
SNX29	2.6167e-10	NM_032167.5	1.7174e-20	2.61669999982826e-10
SNX30	0.58843	NM_001012994.2	0.015949	0.572481
SNX31	3.6683e-13	NM_152628.4	4.2943e-13	6.26e-14
SNX32	1.8347e-18	NM_152760.3	5.0597e-20	1.784103e-18
SNX33	0.08407	NM_153271.2	0.0068598	0.0772102
SOAT1	7.3621e-10	NM_003101.6	7.968e-08	7.894379e-08
SOAT2	5.5830000000000005e-28	NM_003578.4	1.9195e-34	5.582998080500001e-28
SOBP	0.99972	NM_018013.4	1.0	0.00027999999999994696
SOCS1	0.58544	NM_003745.2	0.12165	0.46379
SOCS2	0.62999	NM_001270471.2	0.024986	0.6050040000000001
SOCS3	0.74613	NM_003955.5	0.19047	0.5556599999999999
SOCS4	1.4208e-05	NM_199421.2	0.00055732	0.000543112
SOCS5	0.54156	NM_144949.3	1.381e-08	0.54155998619
SOCS6	0.98865	NM_004232.4	0.99993	0.011279999999999957
SOCS7	0.99807	NM_014598.4	0.97242	0.02565000000000006
SOD1	0.1773	NM_000454.5	0.011977	0.16532300000000003
SOD2	0.15499	NM_000636.4	0.0324	0.12258999999999999
SOD3	0.00072272	NM_003102.4	1.9931e-05	0.000702789
SOHLH1	0.00226	NM_001101677.2	7.9286e-06	0.0022520713999999997
SOHLH2	0.0012421	NM_017826.3	0.2478	0.2465579
SON	1.0	NM_138927.4	1.0	0.0
SORBS1	1.534e-12	NM_001034954.3	1.2689e-09	1.2673660000000001e-09
SORBS3	8.2277e-12	NM_005775.5	2.2311e-16	8.227476890000001e-12
SORCS1	0.55937	NM_052918.5	0.48239	0.07698000000000005
SORCS2	0.0031696	NM_020777.3	1.3638e-27	0.0031696
SORCS3	3.7354e-05	NM_014978.3	0.54413	0.544092646
SORD	4.4938e-08	NM_003104.6	0.011614	0.011613955062
SORL1	7.6609e-11	NM_003105.6	7.384e-08	7.3763391e-08
SORT1	0.99987	NM_002959.7	0.83052	0.16935
SOS1	1.0	NM_005633.4	1.0	0.0
SOS2	0.99955	NM_006939.4	0.99989	0.00033999999999989594
SOST	0.86731	NM_025237.3	7.5286e-06	0.8673024714
SOSTDC1	0.16334	NM_015464.3	0.20087	0.03752999999999998
SOWAHA	0.68222	NM_175873.6	2.9345e-07	0.6822197065500001
SOWAHB	0.00071474	NM_001029870.3	1.8719e-06	0.0007128681
SOWAHC	0.14271	NM_023016.4	0.00017991	0.14253009
SOX1	0.62322	NM_005986.3	0.041257	0.581963
SOX2	0.70662	NM_003106.4	0.99931	0.29269
SOX4	0.92656	NM_003107.3	0.78917	0.13739
SOX5	0.99995	NM_006940.6	1.0	4.999999999999449e-05
SOX6	0.99984	NM_001367873.1	1.0	0.000160000000000049
SOX7	3.4831e-07	NM_031439.4	6.2976e-07	2.814500000000001e-07
SOX8	0.67167	NM_014587.5	0.043256	0.628414
SOX9	0.99772	NM_000346.4	1.0	0.0022799999999999487
SOX10	0.99166	NM_006941.4	0.99999	0.00833000000000006
SOX11	0.85844	NM_003108.4	0.08649	0.77195
SOX12	0.85589	NM_006943.4	0.079935	0.7759550000000001
SOX13	0.94185	NM_005686.3	0.017046	0.924804
SOX14	0.85558	NM_004189.4	0.60931	0.24627
SOX15	0.21474	NM_006942.2	2.3632e-05	0.214716368
SOX17	0.88495	NM_022454.4	0.86139	0.023560000000000025
SOX18	0.15103	NM_018419.3	0.21823	0.06720000000000001
SOX21	0.71344	NM_007084.4	0.031701	0.681739
SOX30	0.99825	NM_178424.2	0.98586	0.012390000000000012
SP1	0.99997	NM_138473.3	1.0	2.999999999997449e-05
SP2	0.99721	NM_003110.6	1.0	0.002789999999999959
SP3	0.99995	NM_003111.5	1.0	4.999999999999449e-05
SP4	0.99288	NM_003112.5	1.0	0.007120000000000015
SP5	0.51846	NM_001003845.3	0.0011049	0.5173551000000001
SP6	0.14961	NM_001258248.2	0.013065	0.136545
SP7	0.58269	NM_001173467.3	0.031855	0.5508350000000001
SP8	0.9658	NM_182700.6	0.0037252	0.9620748
SP9	0.94003	NM_001145250.2	0.58234	0.35769000000000006
SP100	2.7583e-12	NM_001080391.2	2.1555e-09	2.1527417e-09
SP110	1.4595e-14	NM_080424.4	2.8523e-07	2.8522998540500003e-07
SP140	4.9994e-08	NM_007237.5	1.3579e-07	8.579600000000001e-08
SP140L	6.7873e-09	NM_138402.6	2.294e-17	6.7872999770600006e-09
SPA17	0.0066161	NM_017425.4	0.052275	0.0456589
SPACA1	0.022692	NM_030960.3	0.0008637	0.021828300000000002
SPACA3	0.00011484	NM_173847.5	7.3884e-07	0.00011410116000000001
SPACA4	0.28303	NM_133498.3	0.29275	0.009720000000000006
SPACA7	1.329e-06	NM_145248.5	6.8162e-05	6.6833e-05
SPACA9		NM_001316897.2	2.2312e-06	
SPAG1	1.445e-09	NM_003114.5	2.1275e-11	1.423725e-09
SPAG4	2.7163e-07	NM_003116.3	5.5083e-20	2.7162999999994495e-07
SPAG5	1.3955e-15	NM_006461.4	1.3256000000000001e-20	1.395486744e-15
SPAG6	1.298e-13	NM_012443.4	8.7274e-10	8.726102e-10
SPAG7	0.0006849	NM_004890.3	8.1232e-05	0.000603668
SPAG8	1.6843e-12	NM_001039592.2	5.7645e-11	5.59607e-11
SPAG9	1.0	NM_001130528.3	1.0	0.0
SPAG11B	0.027751	NM_058201.4	0.017717	0.010034000000000001
SPAG16	1.4037e-34	NM_024532.5	8.4313e-14	8.4313e-14
SPAG17	1.1892e-24	NM_206996.4	2.0851000000000003e-25	9.8069e-25
SPAM1	1.8621e-10	NM_153189.3	0.00012308	0.00012307981379
SPARC	0.89148	NM_003118.4	6.426e-05	0.89141574
SPARCL1	5.6374e-10	NM_004684.6	1.6474e-10	3.9899999999999997e-10
SPART		NM_015087.5	7.5315e-07	
SPAST	0.99939	NM_014946.4	0.11467	0.88472
SPATA2	0.97889	NM_006038.4	0.99937	0.020479999999999943
SPATA2L	0.040562	NM_152339.4	0.00041497	0.04014703
SPATA4	1.1841e-09	NM_144644.4	2.5973e-12	1.1815027000000001e-09
SPATA6	3.4184999999999986e-21	NM_019073.4	1.7877e-12	1.7876999965815e-12
SPATA6L	1.0446e-16	NM_001353486.2	6.4854e-21	1.044535146e-16
SPATA7	5.1769e-13	NM_018418.5	6.0519e-09	6.05138231e-09
SPATA9	3.4805e-05	NM_031952.4	2.5989e-06	3.22061e-05
SPATA12		NM_181727.2	0.32036	
SPATA13	0.0026387	NM_001166271.3	0.00019305	0.0024456499999999997
SPATA16	1.4475e-10	NM_031955.6	2.0376e-06	2.03745525e-06
SPATA17	1.4658e-07	NM_138796.4	7.3764e-13	1.4657926236000002e-07
SPATA18	1.0088e-13	NM_145263.4	6.2924e-13	5.2836e-13
SPATA19	3.5133e-08	NM_174927.3	1.8017e-05	1.7981867e-05
SPATA20	1.9878e-09	NM_022827.4	3.8511e-18	1.9877999961489003e-09
SPATA21	1.1342e-17	NM_198546.1	7.7633e-13	7.763186579999999e-13
SPATA22	0.00042457	NM_001170698.2	0.0015091	0.00108453
SPATA24	0.0026214	NM_194296.2	3.0497e-06	0.0026183503
SPATA25	0.0014577	NM_080608.4	2.6355e-06	0.0014550645
SPATA31A1	0.37761	NM_001085452.4	0.8156	0.43799
SPATA31A6	2.5549e-05	NM_001145196.1	0.00083988	0.000814331
SPATA31C2		NM_001350978.3	0.004851	
SPATA31D1	0.0038158	NM_001001670.3	0.2051	0.2012842
SPATA31D3		NM_207416.3	0.31823	
SPATA31D4		NM_001145197.1	0.11234	
SPATA31E1	0.026776	NM_178828.5	0.03418	0.007404000000000001
SPATA32	1.3702e-09	NM_152343.3	1.3202e-08	1.1831799999999999e-08
SPATA33	0.0001257	NM_001271907.2	2.0552e-05	0.00010514799999999999
SPATA45		NM_001024601.3	0.38119	
SPATA46		NM_182581.4	0.4551	
SPATC1	3.2793e-09	NM_198572.3	6.6077e-13	3.27863923e-09
SPATC1L	1.7055e-08	NM_001142854.2	4.5039e-11	1.7009961e-08
SPATS1	8.9551e-07	NM_001372081.1	0.00056224	0.00056134449
SPATS2	0.97239	NM_023071.4	1.5893e-06	0.9723884106999999
SPATS2L	0.55833	NM_001100423.2	0.0057912	0.5525388
SPC24	0.00014316	NM_182513.4	1.1943e-13	0.00014315999988057
SPC25	0.025506	NM_020675.4	4.8638e-05	0.025457362
SPCS1	0.013927	NM_014041.5	0.011333	0.002594000000000001
SPCS2	0.92879	NM_014752.3	0.99277	0.06398000000000004
SPCS3	0.81991	NM_021928.4	0.8382	0.018289999999999917
SPDEF	0.97178	NM_012391.3	0.79839	0.17338999999999993
SPDL1	8.5955e-17	NM_017785.5	1.1288000000000001e-24	8.59549988712e-17
SPDYA	0.551	NM_182756.4	0.85678	0.30577999999999994
SPDYE1	3.5518e-11	NM_001378423.2	5.2548e-08	5.2512482e-08
SPDYE3	0.00015103	NM_001004351.5	0.025942	0.02579097
SPDYE4	0.001569	NM_001394956.1	2.3705e-09	0.0015689976295
SPDYE5		NM_001306141.4	0.17345	
SPDYE6		NM_001146210.4	0.98546	
SPDYE16		NM_001394943.1	0.67033	
SPDYE18		NM_001394953.1	0.91893	
SPDYE21		NM_001382715.2	0.040279	
SPECC1	0.00086772	NM_001243439.2	1.4993e-11	0.000867719985007
SPECC1L	0.85887	NM_015330.6	0.99995	0.14107999999999998
SPEF1	1.5956e-05	NM_015417.5	2.8117e-10	1.5955718830000002e-05
SPEF2	3.1152000000000005e-25	NM_024867.4	1.2592e-40	3.115199999999999e-25
SPEG	0.92315	NM_005876.5	1.5704e-05	0.9231342960000001
SPEGNB		NM_001286811.2	0.00029678	
SPEM1	1.3289e-05	NM_199339.3	6.8497e-05	5.5208000000000004e-05
SPEM2		NM_175734.5	7.0556e-07	
SPEN	1.0	NM_015001.3	1.0	0.0
SPESP1	0.39465	NM_145658.4	0.011544	0.383106
SPG7	1.9683e-36	NM_003119.4	1.8134e-39	1.9664866e-36
SPG11	1.6013e-39	NM_025137.4	2.0022e-51	1.6012999999979978e-39
SPG21	0.00066076	NM_016630.7	0.00038913	0.00027163
SPHK1	3.0327e-07	NM_001142601.2	0.00017336	0.00017305673
SPHK2	1.28e-07	NM_020126.5	1.7938e-05	1.781e-05
SPHKAP	0.93594	NM_001142644.2	2.3954e-06	0.9359376046
SPI1	0.98206	NM_003120.3	0.99981	0.017749999999999932
SPIB	0.91231	NM_003121.5	0.9106	0.0017099999999999893
SPIC	0.30668	NM_152323.3	0.10887	0.19781
SPICE1	4.407e-15	NM_144718.4	8.9211e-16	3.51489e-15
SPIDR	2.3847e-17	NM_001080394.4	1.0108000000000001e-19	2.374592e-17
SPIN1	0.97049	NM_006717.3	0.99991	0.02942
SPINDOC		NM_138471.3	0.0036468	
SPINK1	0.31476	NM_001379610.1	0.22443	0.09033
SPINK2	0.069796	NM_001271718.2	0.0087782	0.0610178
SPINK4	0.29634	NM_014471.3	0.0008792	0.29546079999999997
SPINK5	4.846e-28	NM_006846.4	1.2594e-31	4.8447406e-28
SPINK6	3.5317e-07	NM_205841.4	0.00077669	0.00077633683
SPINK7	0.078398	NM_032566.3	0.14516	0.06676200000000002
SPINK8	6.3692e-05	NM_001080525.3	5.4153e-05	9.538999999999998e-06
SPINK9	0.015591	NM_001040433.2	0.542	0.526409
SPINK13	0.00047605	NM_001040129.3	0.00049962	2.3569999999999993e-05
SPINK14	0.024203	NM_001001325.2	0.39267	0.36846700000000004
SPINT1	1.0175e-05	NM_003710.4	3.8391e-09	1.01711609e-05
SPINT2	0.00075147	NM_021102.4	0.0001066	0.00064487
SPINT3	0.01729	NM_006652.2	0.015809	0.0014809999999999997
SPINT4	0.084396	NM_178455.3	0.014945	0.069451
SPIRE1	0.042486	NM_001128626.2	0.0086679	0.033818100000000004
SPIRE2	2.4375e-09	NM_032451.2	1.0708e-27	2.4375e-09
SPN	0.014408	NM_003123.6	0.01118	0.003228
SPNS1	0.020414	NM_032038.3	0.025388	0.004973999999999999
SPNS2	1.2449e-05	NM_001124758.3	9.7236e-10	1.2448027640000001e-05
SPNS3	1.7173e-12	NM_182538.5	2.9752e-17	1.717270248e-12
SPO11	1.4473e-08	NM_012444.3	8.3167e-05	8.3152527e-05
SPOCD1	2.491e-12	NM_144569.7	2.046e-15	2.488954e-12
SPOCK1	0.82592	NM_004598.4	0.38361	0.44231
SPOCK2	0.24144	NM_001244950.2	1.4994e-09	0.2414399985006
SPOCK3	0.013583	NM_001040159.2	0.15471	0.14112699999999997
SPON1		NM_006108.4	7.0301e-08	
SPON2	2.6609e-15	NM_012445.4	4.5057e-15	1.8448e-15
SPOP	0.99922	NM_001007228.2	0.99995	0.0007300000000000084
SPOPL	0.011897	NM_001001664.3	0.24828	0.236383
SPOUT1		NM_016390.4	2.2699e-11	
SPP1	2.146e-06	NM_001040058.2	1.7465e-07	1.9713499999999998e-06
SPP2	1.693e-14	NM_006944.3	1.3577e-12	1.34077e-12
SPPL2A	0.028995	NM_032802.4	0.020326	0.008669
SPPL2B		NM_152988.3	2.862e-12	
SPPL2C	0.00018192	NM_175882.3	3.5772e-10	0.00018191964228
SPPL3	0.99656	NM_139015.5	0.99999	0.003430000000000044
SPR	0.0434	NM_003124.5	5.9067e-06	0.0433940933
SPRED1	0.97246	NM_152594.3	0.98383	0.011369999999999991
SPRED2	2.8684e-07	NM_181784.3	1.6444e-15	2.868399983556e-07
SPRED3	0.21151	NM_001394336.1	4.155e-09	0.211509995845
SPRING1		NM_024738.4	0.0064908	
SPRN	0.29377	NM_001391974.1		
SPRR1B	0.00063211	NM_003125.3	0.09139	0.09075789
SPRR2A		NM_005988.3	0.009856	
SPRR2B		NM_001388198.1	0.02299	
SPRR2D	0.015926	NM_006945.5	0.34225	0.326324
SPRR2E	0.060135	NM_001024209.4	0.28314	0.223005
SPRR2F	0.08518	NM_001014450.3	0.049398	0.03578200000000001
SPRR2G		NM_001014291.4	0.03209	
SPRR3		NM_001097589.2	0.17943	
SPRR4	0.038928	NM_173080.3	0.65383	0.6149020000000001
SPRTN	0.97354	NM_032018.7	0.94923	0.024309999999999943
SPRY1	0.0030398	NM_001258038.2	1.2335e-06	0.0030385665
SPRY2	0.97126	NM_005842.4	0.35533	0.6159300000000001
SPRY4	0.0004821	NM_001127496.3	0.44221	0.4417279
SPRYD3	0.14961	NM_032840.3	0.95892	0.80931
SPRYD4	0.0079114	NM_207344.4	0.0015236	0.006387800000000001
SPRYD7	0.00020923	NM_020456.4	0.23074	0.23053077
SPSB1	0.51982	NM_025106.4	0.67059	0.15077000000000007
SPSB2	0.02137	NM_032641.4	9.337e-11	0.02136999990663
SPSB3	0.036104	NM_080861.4	6.9201e-05	0.036034799
SPSB4	0.00041849	NM_080862.3	7.8168e-10	0.00041848921831999996
SPTA1	2.6001e-18	NM_003126.4	2.9842999999999997e-21	2.5971157e-18
SPTAN1	1.0	NM_001130438.3	1.0	0.0
SPTB	1.0	NM_001355436.2	1.0	0.0
SPTBN1	1.0	NM_003128.3	1.0	0.0
SPTBN2	9.9268e-05	NM_006946.4	0.9987	0.998600732
SPTBN4	1.0	NM_020971.3	1.3288e-05	0.999986712
SPTBN5	8.2224e-118	NM_016642.4	3.2513000000000004e-210	8.2224e-118
SPTLC1	4.1945e-11	NM_006415.4	1.2797e-10	8.6025e-11
SPTLC2	0.78035	NM_004863.4	0.98335	0.20299999999999996
SPTLC3	3.2277e-07	NM_018327.4	1.7396e-08	3.0537400000000005e-07
SPTSSA	0.64582	NM_138288.4	0.00034995	0.6454700499999999
SPTSSB	0.00086955	NM_001040100.2	0.049309	0.04843945
SPTY2D1	0.94476	NM_194285.3	0.99876	0.05399999999999994
SPX		NM_030572.4	1.1818e-07	
SPZ1		NM_032567.4	0.3562	
SQLE	0.97594	NM_003129.4	0.078892	0.8970480000000001
SQOR		NM_021199.4	4.519e-09	
SQSTM1	0.00086035	NM_003900.5	3.3287e-11	0.000860349966713
SRA1	5.19e-06	NM_001035235.4	7.9956e-10	5.18920044e-06
SRARP		NM_178840.4	0.0021192	
SRBD1	1.6921e-20	NM_018079.5	6.249200000000001e-19	6.079990000000001e-19
SRC	0.99691	NM_198291.3	0.99997	0.0030600000000000627
SRCAP	1.0	NM_006662.3	1.0	0.0
SRCIN1	0.99987	NM_025248.3	1.2672e-07	0.99986987328
SRD5A1	1.1557e-05	NM_001047.4	7.5263e-06	4.030699999999999e-06
SRD5A2		NM_000348.4	7.6192e-10	
SRD5A3	0.00024941	NM_024592.5	1.4849e-06	0.0002479251
SREBF1	0.014708	NM_004176.5	4.0463e-06	0.014703953700000001
SREBF2	0.20734	NM_004599.4	0.00011341	0.20722659
SREK1	0.9148	NM_001077199.3	1.0	0.08520000000000005
SREK1IP1	0.3871	NM_173829.4	0.018626	0.368474
SRF	0.97545	NM_003131.4	0.99988	0.024429999999999952
SRFBP1	7.1253e-12	NM_152546.3	6.7824e-11	6.069870000000001e-11
SRGAP1	0.99845	NM_020762.4	0.99643	0.0020199999999999108
SRGAP2	0.97679	NM_015326.5	0.87482	0.10197
SRGAP2C		NM_001329984.2	0.027615	
SRGAP3	0.9997	NM_014850.4	1.0	0.00029999999999996696
SRGN	0.69656	NM_002727.4	0.58819	0.10836999999999997
SRI	3.4837e-10	NM_003130.4	1.091e-10	2.3927e-10
SRL	8.0004e-08	NM_001098814.2	0.00015008	0.000149999996
SRM	0.23479	NM_003132.3	0.63719	0.40240000000000004
SRMS	1.2721e-12	NM_080823.4	2.8232e-16	1.27181768e-12
SRP9	0.41934	NM_003133.6	0.86277	0.44343000000000005
SRP14	0.87497	NM_003134.6	0.9956	0.12063000000000001
SRP19	0.0069014	NM_003135.3	0.065134	0.058232599999999995
SRP54	0.99895	NM_003136.4	0.99999	0.001040000000000041
SRP68	0.045673	NM_014230.4	1.0	0.954327
SRP72	0.0017104	NM_006947.4	0.018406	0.016695599999999998
SRPK1	1.91e-05	NM_003137.5	2.7984e-06	1.63016e-05
SRPK2	0.99697	NM_182692.3	1.0	0.003029999999999977
SRPRA		NM_003139.4	0.0042071	
SRPRB	0.0058306	NM_001379313.1	3.851e-05	0.00579209
SRR	0.0057964	NM_021947.3	0.00036232	0.00543408
SRRD	1.8029e-08	NM_001013694.3	1.5211e-08	2.817999999999999e-09
SRRM1	1.0	NM_005839.4	1.0	0.0
SRRM2	1.0	NM_016333.4	1.0	0.0
SRRM3	0.20868	NM_001110199.3	1.9941e-06	0.2086780059
SRRM4	0.46456	NM_194286.4	0.0015872	0.46297279999999996
SRRM5		NM_001145641.2	0.087066	
SRRT	0.59362	NM_015908.6	1.0	0.40637999999999996
SRSF1	0.98268	NM_006924.5	0.99999	0.017310000000000048
SRSF2	0.47898	NM_001195427.2	0.93085	0.45186999999999994
SRSF3	0.96323	NM_003017.5	0.99993	0.036699999999999955
SRSF4	0.86723	NM_005626.5	0.99996	0.13273000000000001
SRSF5	0.69255	NM_001320214.2	0.99995	0.3074
SRSF6	0.91099	NM_006275.6	0.16195	0.7490399999999999
SRSF7	0.98203	NM_001031684.3	0.88629	0.09573999999999994
SRSF8		NM_032102.4	0.00070527	
SRSF9	0.63924	NM_003769.3	0.99941	0.36017
SRSF10	0.42275	NM_054016.4	0.98143	0.5586800000000001
SRSF11	0.99806	NM_001350605.2	1.0	0.0019400000000000528
SRSF12	0.033102	NM_080743.5	0.0021197	0.0309823
SRXN1	0.069723	NM_080725.3	5.0985e-05	0.06967201499999999
SS18	0.74566	NM_001007559.3	0.99529	0.24963000000000002
SS18L1	0.98229	NM_198935.3	0.011264	0.971026
SS18L2	0.01548	NM_001370300.1	0.036379	0.020899
SSB	0.089615	NM_003142.5	0.99973	0.910115
SSBP1	0.0036396	NM_003143.3	0.098404	0.0947644
SSBP2	0.99777	NM_012446.5	0.91712	0.08065
SSBP4	0.37022	NM_032627.5	0.00029521	0.36992479
SSC4D		NM_080744.2	1.4195e-20	
SSC5D	8.1581e-23	NM_001144950.2	2.8131e-38	8.158099999999997e-23
SSH1	0.00033003	NM_018984.4	9.2647e-08	0.000329937353
SSH2	0.99684	NM_001282129.2	1.0	0.0031600000000000517
SSH3	3.4726e-14	NM_017857.4	2.8685e-20	3.4725971315000004e-14
SSMEM1	2.777e-14	NM_145268.4	4.3496e-06	4.34959997223e-06
SSNA1	0.00033383	NM_003731.3	9.598e-06	0.00032423200000000004
SSPN	0.039646	NM_005086.5	1.1334e-05	0.039634666
SSR1	0.2706	NM_003144.5	0.62387	0.35327000000000003
SSR2	0.21478	NM_003145.4	0.02085	0.19393
SSR3	0.74736	NM_007107.5	0.068475	0.6788850000000001
SSRP1	0.99585	NM_003146.3	1.0	0.004149999999999987
SST	0.34128	NM_001048.4	0.0051051	0.3361749
SSTR1	0.7473	NM_001049.3	0.075878	0.671422
SSTR2	0.44416	NM_001050.3	0.14424	0.29991999999999996
SSTR3	9.9007e-05	NM_001051.5	0.16857	0.16847099299999999
SSTR4	3.6978e-13	NM_001052.4		
SSTR5	0.00095544	NM_001172560.3	0.12092	0.11996456
SSU72	0.77861	NM_014188.3	0.061665	0.716945
SSUH2	3.9939e-10	NM_001256748.3	5.9982e-12	3.933918e-10
SSX2IP	2.307e-09	NM_001166293.2	1.4968e-10	2.15732e-09
ST3GAL1	0.58269	NM_173344.3	0.025036	0.5576540000000001
ST3GAL2	0.9417	NM_006927.4	0.33864	0.6030599999999999
ST3GAL3	0.0025598	NM_006279.5	0.47529	0.4727302
ST3GAL4	0.039802	NM_001254757.2	0.00032585	0.039476149999999995
ST3GAL5	0.0013115	NM_003896.4	0.0016954	0.00038389999999999995
ST3GAL6	2.3272e-08	NM_001323368.2	0.00023032	0.000230296728
ST6GAL1	0.2341	NM_173216.2	0.0064971	0.2276029
ST6GAL2	0.005662	NM_001142351.2	8.2973e-06	0.005653702700000001
ST6GALNAC1	1.3809e-11	NM_018414.5	1.8045e-12	1.20045e-11
ST6GALNAC2	7.472e-15	NM_006456.3	2.3576e-14	1.6104e-14
ST6GALNAC3	0.00026424	NM_152996.4	2.2889e-05	0.000241351
ST6GALNAC4	3.5202e-07	NM_175039.4	2.6678e-07	8.523999999999999e-08
ST6GALNAC5	0.16967	NM_030965.3	5.5112e-08	0.169669944888
ST6GALNAC6	0.0022236	NM_013443.5	0.010832	0.008608399999999999
ST7	0.99703	NM_001369598.1	0.92163	0.07540000000000002
ST7L	2.2024e-09	NM_017744.5	2.3909e-10	1.9633100000000003e-09
ST8SIA1	0.493	NM_003034.4	0.064234	0.428766
ST8SIA2	0.058099	NM_006011.4	8.0685e-05	0.058018315
ST8SIA3	0.85912	NM_015879.3	0.021235	0.837885
ST8SIA4	0.00040145	NM_005668.6	0.09754	0.09713855
ST8SIA5	0.00056385	NM_013305.6	5.8542e-05	0.000505308
ST8SIA6	7.1568e-10	NM_001004470.3	6.5704e-12	7.091095999999999e-10
ST13	0.66074	NM_003932.5	0.7046	0.04386000000000001
ST14	0.56042	NM_021978.4	0.0012046	0.5592154
ST18	0.99459	NM_001352837.2	0.016907	0.977683
STAB1	8.679199999999999e-50	NM_015136.3	7.5504e-63	8.679199999999243e-50
STAB2	9.2343e-62	NM_017564.10	1.3792e-74	9.23429999999862e-62
STAC	1.435e-07	NM_003149.3	2.4647e-12	1.434975353e-07
STAC2	8.4083e-07	NM_198993.5	8.2886e-10	8.4000114e-07
STAC3	0.00017244	NM_145064.3	6.1295e-06	0.0001663105
STAG1	1.0	NM_005862.3	1.0	0.0
STAG3	8.7188e-13	NM_001282717.2	2.1269e-20	8.71879978731e-13
STAM	0.85048	NM_003473.4	0.9814	0.13092000000000004
STAM2	1.0416e-05	NM_005843.6	1.4878e-09	1.04145122e-05
STAMBP	5.4496e-05	NM_213622.4	3.8599e-06	5.06361e-05
STAMBPL1	1.1971e-14	NM_020799.4	3.1159e-11	3.1147028999999995e-11
STAP1	1.6993e-05	NM_012108.4	0.0011209	0.001103907
STAP2	1.6296e-16	NM_001013841.2	1.2509999999999998e-21	1.62958749e-16
STAR	8.7679e-11	NM_000349.3	3.2677e-11	5.500200000000001e-11
STARD3	7.8915e-05	NM_006804.4	1.1314e-08	7.8903686e-05
STARD3NL	0.0048432	NM_032016.4	0.08496	0.08011679999999999
STARD4	6.9854e-11	NM_139164.3	2.9166e-11	4.0688000000000006e-11
STARD5	6.1762e-05	NM_181900.3	1.6808e-10	6.176183191999999e-05
STARD6	0.00026527	NM_139171.2	0.013639	0.01337373
STARD7	0.47179	NM_020151.4	1.0458e-06	0.4717889542
STARD9	1.0335999999999999e-38	NM_020759.3	5.2269e-87	1.0335999999999999e-38
STARD10	8.1718e-05	NM_006645.3	9.2324e-06	7.248560000000001e-05
STARD13	2.3524e-08	NM_178006.4	5.739e-10	2.29501e-08
STAT1	0.99999	NM_007315.4	1.0	9.99999999995449e-06
STAT2	0.93065	NM_005419.4	0.80697	0.12368000000000001
STAT3	1.0	NM_139276.3	1.0	0.0
STAT4	0.7662	NM_003151.4	0.93457	0.16837000000000002
STAT5A	0.99994	NM_001288718.2	1.0	5.999999999994898e-05
STAT5B	0.99988	NM_012448.4	1.0	0.00012000000000000899
STAT6	0.98849	NM_003153.5	0.56138	0.42711
STATH	7.9792e-05	NM_003154.3	0.00094422	0.000864428
STAU1	0.99976	NM_017453.4	1.0	0.00024000000000001798
STAU2	0.97269	NM_001164380.2	0.99359	0.02089999999999992
STBD1		NM_003943.5	9.7892e-07	
STC1	0.20364	NM_003155.3	0.92309	0.7194499999999999
STC2	0.26588	NM_003714.3	0.1391	0.12678
STEAP1	5.27e-06	NM_012449.3	1.287e-06	3.983000000000001e-06
STEAP1B	1.2368e-05	NM_001382447.1	0.055998	0.055985632
STEAP2	2.2453e-07	NM_001244944.2	1.5892e-06	1.3646699999999998e-06
STEAP3	5.3195e-09	NM_182915.3	3.6907e-13	5.31913093e-09
STEAP4	1.1959e-07	NM_024636.4	1.1152e-10	1.1947848e-07
STH		NM_001007532.3	0.038032	
STIL	0.20105	NM_001048166.1	0.0050023	0.19604770000000002
STIM1	0.77534	NM_001382567.1	0.99496	0.21961999999999993
STIM2	0.9906	NM_020860.4	0.96228	0.028320000000000012
STIMATE		NM_198563.5	0.18195	
STING1		NM_198282.4	0.0014813	
STIP1	0.99987	NM_006819.3	1.0	0.00012999999999996348
STK3	6.2043e-07	NM_006281.4	5.4429e-10	6.1988571e-07
STK4	0.014598	NM_006282.5	0.068878	0.054279999999999995
STK10	1.2774e-14	NM_005990.4	1.376e-18	1.2772624e-14
STK11	0.9934	NM_000455.5	0.99991	0.006510000000000016
STK11IP	8.598e-20	NM_052902.4	1.7213e-29	8.5979999982787e-20
STK16	0.0001182	NM_001330213.2	1.769e-07	0.0001180231
STK17A	0.040434	NM_004760.3	3.6122e-05	0.040397878
STK17B	0.013619	NM_004226.4	0.00070021	0.01291879
STK24	0.011293	NM_001032296.4	0.91399	0.902697
STK25	0.051875	NM_001271977.2	0.00025893	0.05161607
STK31	0.006616	NM_031414.5	6.9048e-14	0.006615999999930952
STK32A	1.9819e-07	NM_001112724.2	8.701e-12	1.98181299e-07
STK32B	4.9116e-08	NM_018401.3	7.3915e-14	4.9115926085e-08
STK32C	0.20408	NM_173575.4	4.7901e-07	0.20407952099
STK33	2.1656e-06	NM_001352389.2	1.8398e-07	1.98162e-06
STK35	0.48076	NM_080836.4	0.0067778	0.4739822
STK36	7.1492e-22	NM_015690.5	1.0773000000000001e-30	7.149199989226999e-22
STK38	0.00076687	NM_007271.4	0.022333	0.02156613
STK38L	0.93427	NM_015000.4	0.01266	0.92161
STK39	0.99916	NM_013233.3	0.99999	0.0008299999999999974
STK40	0.99624	NM_001282547.2	0.99971	0.003469999999999973
STKLD1		NM_153710.5	2.9429e-25	
STMN1	0.075244	NM_005563.4	0.9946	0.9193560000000001
STMN2	0.97687	NM_007029.4	0.99992	0.023050000000000015
STMN3	0.083885	NM_015894.4	6.5027e-11	0.083884999934973
STMN4	0.090756	NM_030795.4	0.4589	0.36814399999999997
STMND1	9.8701e-05	NM_001190766.2	1.2541e-05	8.616e-05
STMP1		NM_001130929.2	0.19497	
STN1		NM_024928.5	3.0373e-05	
STOM	2.7047e-05	NM_004099.6	1.5582e-05	1.1465e-05
STOML1	2.4189e-11	NM_004809.5	4.8083e-08	4.8058811e-08
STOML2	0.0024144	NM_013442.3	0.016713	0.014298599999999998
STOML3	2.5754e-14	NM_145286.3	1.1697e-11	1.1671246e-11
STON1	1.4867e-11	NM_006873.4	1.2197e-31	1.4867e-11
STON2	0.00016537	NM_001394390.1	0.030792	0.03062663
STOX1	1.4404e-16	NM_152709.5	6.7687e-15	6.62466e-15
STOX2	0.48409	NM_020225.3	0.26259	0.22150000000000003
STPG1	1.2043e-09	NM_001199013.2	3.8079e-07	3.795857e-07
STPG2	9.3325e-17	NM_174952.3	2.515e-09	2.514999906675e-09
STPG3		NM_001004353.4	8.992e-17	
STPG4		NM_001163561.2	4.7118e-11	
STRA6	1.5068e-10	NM_022369.4	2.3028e-08	2.287732e-08
STRA8	0.00060861	NM_001394401.1	0.033805	0.03319639
STRADA	4.4847e-06	NM_001003787.4	0.0078763	0.0078718153
STRADB	0.0010128	NM_018571.6	3.1627e-05	0.000981173
STRAP	0.90143	NM_007178.4	0.84411	0.05731999999999993
STRBP	0.99958	NM_018387.5	1.0	0.00041999999999997595
STRC	1.7748e-15	NM_153700.2	3.8356e-06	3.8355999982252e-06
STRIP1	1.2538e-05	NM_033088.4	2.1509e-12	1.2537997849099998e-05
STRIP2	1.6433e-15	NM_020704.3	1.3236000000000002e-19	1.64316764e-15
STRN	0.66061	NM_003162.4	2.9917e-06	0.6606070083000001
STRN3	0.82925	NM_001083893.2	0.99997	0.17071999999999998
STRN4	0.99376	NM_013403.3	0.84878	0.14498
STT3A	0.002045	NM_152713.5	0.90081	0.898765
STT3B	0.99896	NM_178862.3	0.99332	0.005639999999999978
STUB1	0.018667	NM_005861.4	5.2088e-13	0.01866699999947912
STUM		NM_001003665.4	0.022182	
STX1A	0.9785	NM_004603.4	0.99999	0.02149000000000001
STX1B	0.98766	NM_052874.5	0.99999	0.012330000000000063
STX2	2.1087e-07	NM_194356.4	1.5773e-06	1.36643e-06
STX3	0.041297	NM_004177.5	0.0045126	0.0367844
STX4	1.3021e-07	NM_004604.5	4.6968e-05	4.683779e-05
STX5	0.84297	NM_003164.5	0.86847	0.025499999999999967
STX6	0.010265	NM_005819.6	0.021545	0.011280000000000002
STX7	5.0273e-06	NM_003569.3	0.0031771	0.0031720727
STX8	1.3184e-08	NM_004853.3	5.1704e-05	5.1690816e-05
STX10	1.3079e-09	NM_003765.3	1.6834e-10	1.13956e-09
STX11	0.00047412	NM_003764.4	3.5849e-08	0.00047408415100000004
STX12	0.95624	NM_177424.3	0.88373	0.07250999999999996
STX16	0.48261	NM_001001433.3	6.7458e-07	0.48260932541999996
STX17	9.4629e-05	NM_017919.3	2.5822e-08	9.460317800000001e-05
STX18	2.4881e-07	NM_016930.4	4.1116e-07	1.6234999999999997e-07
STX19	2.5612e-07	NM_001001850.3	9.9168e-10	2.5512832e-07
STXBP1	1.0	NM_001032221.6	1.0	0.0
STXBP2	3.0444e-08	NM_006949.4	1.7926e-11	3.0426074e-08
STXBP3	5.1597e-05	NM_007269.4	0.0002314	0.00017980299999999997
STXBP4	2.5154e-14	NM_178509.6	2.8829e-08	2.8828974846e-08
STXBP5	0.99956	NM_001127715.4	1.0	0.00043999999999999595
STXBP5L	0.99926	NM_001308330.2	0.86622	0.13304000000000005
STXBP6	7.8743e-05	NM_001394410.1	2.0625e-06	7.66805e-05
STYK1	9.1009e-11	NM_018423.3	1.5315e-14	9.0993685e-11
STYX	0.37747	NM_145251.4	0.024365	0.353105
STYXL1	1.3247e-08	NM_001317785.2	1.3529e-09	1.18941e-08
STYXL2		NM_001080426.3	5.0923e-13	
SUB1	0.89245	NM_006713.4	0.95593	0.06347999999999998
SUCLA2	0.0023488	NM_003850.3	0.00012137	0.00222743
SUCLG1	0.00048193	NM_003849.4	3.412e-06	0.000478518
SUCLG2	5.7163e-14	NM_003848.4	4.1402e-12	4.083037e-12
SUCNR1	0.00076877	NM_033050.6	0.0012491	0.00048032999999999995
SUCO	0.97455	NM_014283.5	0.99985	0.02529999999999999
SUDS3	0.0045448	NM_022491.3	0.0029071	0.0016376999999999997
SUFU	0.99992	NM_016169.4	1.0	7.999999999996898e-05
SUGCT	2.8168e-09	NM_001193313.2	3.4678e-07	3.439632e-07
SUGP1	0.99568	NM_172231.4	0.0072966	0.9883834
SUGP2	0.99995	NM_001017392.5	1.0	4.999999999999449e-05
SUGT1	0.45272	NM_006704.5	0.99996	0.54724
SULF1	0.0013751	NM_001128205.2	0.9961	0.9947249
SULF2	0.010585	NM_001387048.1	3.4123e-05	0.010550877
SULT1A1	3.039e-11	NM_001055.4	1.4601e-12	2.8929899999999998e-11
SULT1A2	3.6786e-12	NM_001054.4	4.0563e-11	3.68844e-11
SULT1B1	3.2594e-08	NM_014465.4	3.3119e-06	3.279306e-06
SULT1C2	2.646e-10	NM_001056.4	6.6392e-08	6.61274e-08
SULT1C3	4.4266e-18	NM_001320878.2	1.3041e-08	1.30409999955734e-08
SULT1C4	4.9677e-06	NM_006588.4	1.0845e-10	4.96759155e-06
SULT1E1	1.9701e-07	NM_005420.3	2.4726e-07	5.0250000000000017e-08
SULT2A1	1.2523e-15	NM_003167.4	2.8659e-16	9.6571e-16
SULT2B1	0.43553	NM_177973.2	0.0013174	0.43421259999999995
SULT4A1	0.96563	NM_014351.4	0.48396	0.48167
SULT6B1	3.056e-20	NM_001367551.1	4.4771e-12	4.47709996944e-12
SUMF1	2.2828e-08	NM_182760.4	1.2003e-16	2.282799987997e-08
SUMF2	9.9738e-09	NM_015411.4	8.6031e-14	9.973713968999999e-09
SUMO1	0.86128	NM_003352.8	0.63811	0.2231700000000001
SUMO2	0.86943	NM_006937.4	0.98348	0.11404999999999998
SUMO3	0.32841	NM_006936.3	0.92202	0.59361
SUMO4		NM_001002255.2	0.084142	
SUN1	9.1868e-06	NM_001130965.3	1.432e-09	9.185368e-06
SUN2	1.9389e-08	NM_015374.3	1.156e-11	1.937744e-08
SUN3	3.0029e-12	NM_001030019.2	8.1483e-07	8.148269971e-07
SUN5	7.7476e-14	NM_080675.4	1.2388e-14	6.5088e-14
SUOX	9.399e-07	NM_001032386.2	3.7606e-12	9.398962394e-07
SUPT3H	3.2442e-11	NM_003599.4	4.1971e-06	4.197067558e-06
SUPT4H1	0.0008774	NM_003168.3	0.0037258	0.0028484
SUPT5H	1.0	NM_001111020.3	1.0	0.0
SUPT6H	1.0	NM_003170.5	1.0	0.0
SUPT7L	0.048542	NM_014860.3	0.39318	0.344638
SUPT16H	1.0	NM_007192.4	1.0	0.0
SUPT20H	2.7313e-14	NM_001014286.3	3.4971e-11	3.4943687e-11
SUPV3L1	0.032006	NM_003171.5	0.064492	0.032485999999999994
SURF1	1.5883e-13	NM_003172.4	4.5412e-18	1.588254588e-13
SURF2	6.9279e-06	NM_017503.5	2.2591e-15	6.9278999977409e-06
SURF4	0.60564	NM_033161.4	0.99996	0.39432
SURF6	6.449e-07	NM_006753.6	7.3517e-09	6.375482999999999e-07
SUSD1	2.169e-13	NM_022486.5	1.0367e-12	8.198e-13
SUSD2	1.8143999999999997e-21	NM_019601.4	6.7708e-29	1.814399932292e-21
SUSD3	0.00060938	NM_145006.4	4.4973e-06	0.0006048827
SUSD4	0.00014466	NM_017982.4	8.6651e-12	0.0001446599913349
SUSD5	4.0003e-11	NM_015551.2	8.5472e-10	8.14717e-10
SUSD6		NM_014734.4	0.0043693	
SUV39H2	0.92921	NM_001193424.2	0.99993	0.07072
SUZ12	0.99998	NM_015355.4	1.0	2.0000000000020002e-05
SV2A	0.22782	NM_014849.5	0.9999	0.77208
SV2B	5.7007e-05	NM_001323032.3	1.4273e-05	4.2734e-05
SV2C	2.4354e-05	NM_014979.4	4.7088e-07	2.388312e-05
SVBP		NM_199342.4	0.016886	
SVEP1	0.99995	NM_153366.4	6.7303e-07	0.99994932697
SVIL	0.00086302	NM_021738.3	0.12248	0.12161698
SVIP	0.00030038	NM_148893.3	0.0058185	0.00551812
SVOP	0.99938	NM_018711.5	1.0	0.0006199999999999539
SVOPL	5.1844e-09	NM_001139456.2	1.2515e-13	5.184274849999999e-09
SWAP70	0.049628	NM_015055.4	0.11397	0.06434200000000001
SWSAP1	0.0042206	NM_175871.4	0.026702	0.0224814
SWT1	0.99759	NM_017673.7	0.99829	0.0007000000000000339
SYBU	9.7732e-05	NM_001099754.2	6.9109e-05	2.8623e-05
SYCE1	7.0153e-08	NM_001143764.3	2.727e-09	6.742600000000001e-08
SYCE1L	2.4274e-14	NM_001129979.3	4.2609e-22	2.427399957391e-14
SYCE2	0.28077	NM_001105578.2	0.99973	0.71896
SYCE3	0.5999	NM_001123225.3	0.67353	0.07362999999999997
SYCN	4.4492e-05	NM_001080468.4	3.2453e-07	4.416747e-05
SYCP1	0.99997	NM_003176.4	0.9998	0.00017000000000000348
SYCP2	1.0	NM_014258.4	1.0	0.0
SYCP2L	3.0126999999999997e-23	NM_001040274.3	9.9003e-22	9.59903e-22
SYCP3	9.1772e-05	NM_001177949.2	2.2031e-06	8.95689e-05
SYDE1	0.7662	NM_033025.6	3.1545e-09	0.7661999968455
SYDE2	2.3083e-17	NM_032184.2	3.0897e-16	2.8588700000000004e-16
SYF2	0.0056136	NM_015484.5	0.0004857	0.0051278999999999995
SYK	0.99986	NM_003177.7	1.0	0.000140000000000029
SYMPK	1.0	NM_004819.3	0.94686	0.053139999999999965
SYN2		NM_133625.6	0.8993	
SYN3	0.0018871	NM_003490.4	5.3384e-05	0.001833716
SYNC	1.8569e-05	NM_030786.3	1.2257e-10	1.856887743e-05
SYNCRIP	0.99939	NM_006372.5	1.0	0.0006099999999999994
SYNDIG1	0.30249	NM_024893.3	0.11421	0.18827999999999998
SYNDIG1L	0.0087901	NM_001105579.2	0.00068047	0.00810963
SYNE1	3.1899e-52	NM_182961.4	2.1789e-73	3.1899e-52
SYNE2	1.6503e-25	NM_182914.3	3.2265e-30	1.6502677350000002e-25
SYNE3	1.7571e-25	NM_152592.6	3.2665e-32	1.75709967335e-25
SYNE4	4.188e-12	NM_001039876.3	1.0452e-13	4.08348e-12
SYNGAP1	1.0	NM_006772.3	1.0	0.0
SYNGR1	0.45121	NM_004711.5	0.0030998	0.4481102
SYNGR2	5.1893e-05	NM_004710.7	0.00043046	0.000378567
SYNGR3	0.52946	NM_004209.6	0.0031652	0.5262948000000001
SYNGR4	1.1085e-09	NM_012451.4	8.3166e-07	8.305515e-07
SYNJ1	0.42709	NM_203446.3	0.0018295	0.42526050000000004
SYNJ2	8.5042e-14	NM_003898.4	5.8264e-30	8.5042e-14
SYNJ2BP	0.51218	NM_018373.3	0.0074547	0.5047252999999999
SYNM	3.0339e-24	NM_145728.3	5.901300000000001e-30	3.0338940987000002e-24
SYNPO	0.98573	NM_007286.6	0.51057	0.47516
SYNPO2	8.5623e-08	NM_133477.3	2.2694e-10	8.539606e-08
SYNPO2L	2.7515e-10	NM_001114133.3	2.6974e-09	2.42225e-09
SYNPR	0.0041913	NM_001130003.2	3.1179e-06	0.0041881821
SYNRG	0.93079	NM_007247.6	1.0	0.06921
SYPL1	0.046723	NM_182715.4	0.94285	0.896127
SYPL2	1.8911e-05	NM_001040709.2	1.8519e-07	1.872581e-05
SYS1	0.070915	NM_033542.4	0.040411	0.030504000000000003
SYT1	0.60038	NM_005639.3	0.99999	0.39961
SYT2	0.98133	NM_177402.5	0.68874	0.29259
SYT3	0.80772	NM_001160329.2	0.0026625	0.8050575
SYT4	0.43924	NM_020783.4	0.99993	0.5606899999999999
SYT5	0.001902	NM_003180.3	3.0719e-10	0.00190199969281
SYT6	0.0081153	NM_001253772.2	0.01308	0.004964699999999999
SYT7	0.96342	NM_001365809.2	0.36235	0.60107
SYT8	9.8941e-25	NM_001394072.1	6.6028e-23	6.503859e-23
SYT9	0.30911	NM_175733.4	0.02187	0.28724
SYT10	6.2437e-05	NM_198992.4	2.1026e-06	6.0334399999999996e-05
SYT11	0.92676	NM_152280.5	0.96553	0.03876999999999997
SYT12	1.7402e-05	NM_177963.4	1.5504e-06	1.58516e-05
SYT13	0.68807	NM_020826.3	0.00088822	0.68718178
SYT15	2.4168e-15	NM_031912.5	0.86677	0.8667699999999976
SYT16	2.0162e-06	NM_001367656.1	3.9926e-10	2.01580074e-06
SYT17	1.0974e-05	NM_016524.4	0.016333	0.016322026
SYTL1	1.1537e-11	NM_001193308.2	1.4801e-15	1.15355199e-11
SYTL2	4.2571999999999986e-21	NM_206927.4	7.5287e-40	4.2571999999999986e-21
SYTL3	2.2377e-20	NM_001242394.2	1.2834000000000001e-27	2.2376998716600002e-20
SYVN1	0.9997	NM_172230.3	0.99978	7.999999999996898e-05
SZRD1	0.59651	NM_001114600.3	0.65821	0.06169999999999998
SZT2	2.3263e-14	NM_001365999.1	4.7088999999999997e-26	2.326299999995291e-14
TAAR1	0.00039183	NM_138327.4	7.3726e-06	0.0003844574
TAAR2	7.64e-11	NM_001033080.1	6.4515e-12	6.99485e-11
TAAR5	6.2057e-11	NM_003967.3	1.9547e-11	4.2510000000000004e-11
TAAR6	0.016668	NM_175067.1	5.0117e-05	0.016617883
TAB1	3.2186e-07	NM_006116.3	6.9196e-05	6.887414e-05
TAB2	0.99998	NM_001292034.3	1.0	2.0000000000020002e-05
TAC1	0.74608	NM_003182.3	0.30564	0.44043999999999994
TAC3	0.01165	NM_013251.4	0.035006	0.023356000000000002
TAC4	3.6126e-05	NM_001077506.2	2.566e-06	3.356e-05
TACC1	5.4901e-05	NM_006283.3	1.145e-07	5.47865e-05
TACC2	4.819e-24	NM_206862.4	5.6357e-22	5.58751e-22
TACC3	2.7082e-07	NM_006342.3	3.8119e-10	2.7043881e-07
TACO1	0.0014606	NM_016360.4	0.0066187	0.0051581
TACR1	0.00038437	NM_001058.4	4.0795e-06	0.0003802905
TACR2	8.8349e-05	NM_001057.3	5.2339e-08	8.8296661e-05
TACR3	1.8068e-17	NM_001059.3	2.8788e-12	2.8787819319999997e-12
TACSTD2	0.0046571	NM_002353.3	3.6277e-06	0.0046534723
TADA1	0.090708	NM_053053.4	0.00014709	0.09056091
TADA2A	9.2222e-09	NM_001166105.3	0.0013533	0.0013532907778
TADA2B	0.72366	NM_152293.3	0.045539	0.678121
TADA3	5.6509e-05	NM_006354.5	5.4824e-05	1.6849999999999949e-06
TAF1A	1.235e-09	NM_005681.4	6.732e-07	6.71965e-07
TAF1B	7.9823e-15	NM_005680.3	1.7732e-06	1.7731999920177e-06
TAF1C	1.4604e-24	NM_001243156.2	1.3055000000000001e-30	1.4603986945000001e-24
TAF1D	8.4009e-06	NM_024116.4	3.5768e-06	4.824099999999999e-06
TAF1L	0.96182	NM_153809.2	1.0	0.03817999999999999
TAF2	0.0025958	NM_003184.4	0.0073885	0.0047927
TAF3	0.99997	NM_031923.4	1.0	2.999999999997449e-05
TAF4	1.0	NM_003185.4	1.0	0.0
TAF4B	0.23446	NM_005640.3	0.00057549	0.23388451
TAF5	0.99973	NM_006951.5	1.0	0.00026999999999999247
TAF6	8.2703e-09	NM_139315.3	2.3535e-10	8.03495e-09
TAF6L	0.070105	NM_006473.4	4.2495e-07	0.07010457505
TAF7	0.89371	NM_005642.3	0.83209	0.06162000000000001
TAF8	7.3155e-13	NM_138572.3	3.7858e-16	7.311714200000001e-13
TAF9	4.2231e-07	NM_003187.5	0.010439	0.01043857769
TAF10	0.88076	NM_006284.4	0.9911	0.11034
TAF11	0.11202	NM_005643.4	0.55152	0.4395
TAF12	0.95008	NM_005644.4	0.9974	0.04731999999999992
TAF13	0.015944	NM_005645.4	0.22464	0.208696
TAF15	0.16517	NM_139215.3	0.99986	0.8346899999999999
TAFA1		NM_213609.4	0.99018	
TAFA2		NM_178539.5	0.28924	
TAFA3		NM_182759.3	9.6442e-06	
TAFA4		NM_182522.5	8.9848e-07	
TAFA5		NM_001082967.3	0.48335	
TAGAP	0.84621	NM_054114.5	0.01694	0.8292700000000001
TAGLN	0.08527	NM_003186.5	0.00012627	0.08514373
TAGLN2	0.0093548	NM_003564.3	0.0074837	0.0018710999999999997
TAGLN3	0.18493	NM_001008272.2	0.089575	0.09535500000000001
TAL2	0.47392	NM_005421.3	0.39806	0.07585999999999998
TALDO1	2.5234e-06	NM_006755.2	2.3753e-08	2.499647e-06
TAMALIN		NM_181711.4	0.78254	
TAMM41	1.0996e-06	NM_001284401.2	3.333e-09	1.096267e-06
TANC1	2.1625e-05	NM_033394.3	6.4374e-10	2.162435626e-05
TANGO2	0.00014769	NM_152906.7	8.371e-05	6.398e-05
TANGO6	6.3244e-14	NM_024562.2	1.5834999999999998e-22	6.324399984165e-14
TANK	0.83828	NM_001199135.3	0.997	0.15871999999999997
TAOK1	0.99787	NM_020791.4	1.0	0.0021299999999999653
TAOK2	0.99976	NM_016151.4	0.99888	0.0008799999999999919
TAOK3	0.99975	NM_016281.4	1.0	0.00024999999999997247
TAP1	5.3431e-06	NM_000593.6	1.4922e-13	5.343099850779999e-06
TAP2	6.8911e-11	NM_001290043.2	2.2008e-11	4.690300000000001e-11
TAPBP	6.6044e-09	NM_003190.5	1.8386e-11	6.586014e-09
TAPBPL	2.3058e-10	NM_018009.5	9.7313e-09	9.500719999999999e-09
TAPT1	0.032078	NM_153365.3	0.13378	0.10170200000000001
TARBP1	1.3937e-23	NM_005646.4	1.5286999999999998e-28	1.393684713e-23
TARBP2	0.46644	NM_134323.2	1.6151e-05	0.466423849
TARDBP	0.98542	NM_007375.4	1.0	0.014580000000000037
TARM1	1.2154e-07	NM_001135686.3	4.9509e-07	3.7355e-07
TARS1		NM_152295.5	1.8636e-08	
TARS2	1.2185e-12	NM_025150.5	1.9711e-12	7.526e-13
TARS3		NM_152334.3	9.6349e-20	
TAS1R1	7.3432e-14	NM_138697.4	2.4749e-07	2.47489926568e-07
TAS1R3	6.7868e-25	NM_152228.3	2.1202e-25	4.6666e-25
TAS2R1		NM_019599.3	0.34944	
TAS2R3	0.00046636	NM_016943.2	0.0065427	0.00607634
TAS2R4	5.089e-06	NM_016944.2	2.965e-07	4.7925e-06
TAS2R5	0.0011523	NM_018980.3	3.215e-05	0.0011201499999999999
TAS2R7	0.032062	NM_023919.2		
TAS2R8		NM_023918.3		
TAS2R9		NM_023917.2	0.29366	
TAS2R13		NM_023920.2	0.23445	
TAS2R16		NM_016945.3	0.0059484	
TAS2R19		NM_176888.2		
TAS2R20		NM_176889.4	0.11077	
TAS2R31		NM_176885.2	0.32418	
TAS2R38	0.1303	NM_176817.5	0.0013993	0.1289007
TAS2R39	1.0789e-07	NM_176881.2	1.424e-08	9.365e-08
TAS2R40	0.028878	NM_176882.2	8.8592e-05	0.028789408000000002
TAS2R41	1.3825e-12	NM_176883.2	4.4508e-14	1.337992e-12
TAS2R42		NM_181429.2	0.10802	
TAS2R43		NM_176884.2	0.30859	
TAS2R46		NM_176887.2	0.34057	
TAS2R50		NM_176890.2		
TAS2R60		NM_177437.1	4.8856e-05	
TASOR		NM_001365635.2	1.0	
TASP1	0.60781	NM_017714.3	0.96491	0.3571000000000001
TAT	0.0068998	NM_000353.3	9.3349e-08	0.006899706651
TATDN1	6.4923e-16	NM_032026.4	3.9244e-07	3.9243999935077e-07
TATDN2	3.0137e-07	NM_014760.4	5.2669e-11	3.01317331e-07
TATDN3	5.4402e-07	NM_001042552.3	1.5295e-05	1.4750979999999998e-05
TAX1BP1	1.2061e-07	NM_006024.7	1.3766e-11	1.20596234e-07
TAX1BP3	0.0052431	NM_014604.4	5.7897e-05	0.005185202999999999
TBATA	4.7461e-10	NM_001318241.2	5.7834e-16	4.7460942166e-10
TBC1D1	1.8584e-13	NM_015173.4	3.9393e-20	1.85839960607e-13
TBC1D2	2.9932e-10	NM_001267571.2	2.7722e-12	2.965478e-10
TBC1D2B	1.438e-08	NM_144572.2	6.1407e-10	1.376593e-08
TBC1D3B	0.21949	NM_001001417.7	0.92758	0.70809
TBC1D3L		NM_001369500.1	0.5743	
TBC1D4	8.473e-24	NM_014832.5	7.174e-32	8.47299992826e-24
TBC1D7	2.9441e-12	NM_016495.6	5.9197e-11	5.62529e-11
TBC1D8	5.5998e-13	NM_001330348.2	3.8256e-10	3.8200002e-10
TBC1D9	2.8039e-05	NM_015130.3	0.00023584	0.000207801
TBC1D9B	5.0231e-12	NM_015043.4	1.4212e-22	5.02309999985788e-12
TBC1D10A	0.0042922	NM_031937.3	0.0013848	0.0029074
TBC1D10B	0.99922	NM_015527.4	0.84432	0.15490000000000004
TBC1D10C	0.15364	NM_001369496.1	2.7405e-18	0.15364
TBC1D12	1.715e-05	NM_015188.2	1.9743e-08	1.7130257e-05
TBC1D13	0.00065868	NM_018201.5	1.577e-10	0.0006586798423
TBC1D14	0.039267	NM_020773.3	0.99982	0.960553
TBC1D15	0.06152	NM_001146213.3	0.089338	0.027818000000000002
TBC1D16	2.5682e-07	NM_019020.4	1.4637e-17	2.56819999985363e-07
TBC1D17	8.038699999999999e-21	NM_024682.3	1.9944e-21	6.044299999999999e-21
TBC1D19	0.00063144	NM_018317.4	0.43202	0.43138856000000003
TBC1D20	0.93074	NM_144628.4	0.99504	0.06430000000000002
TBC1D21	3.1602e-07	NM_153356.3	4.5746e-11	3.15974254e-07
TBC1D22A	0.41937	NM_014346.5	1.5307e-09	0.4193699984693
TBC1D22B	0.025486	NM_017772.4	0.0036579	0.021828100000000003
TBC1D23	1.782e-05	NM_001199198.3	4.9269e-05	3.1449e-05
TBC1D24	1.2788e-08	NM_001199107.2	8.508e-16	1.27879991492e-08
TBC1D26	1.086e-05	NM_001388465.1	0.12079	0.12077914
TBC1D30	0.88919	NM_015279.2	0.0065488	0.8826412
TBC1D31	8.6043e-20	NM_145647.4	3.0632e-16	3.06233957e-16
TBC1D32	8.002e-27	NM_152730.6	1.5692000000000001e-24	1.561198e-24
TBCA	0.16004	NM_004607.3	0.19591	0.03587000000000001
TBCB	0.011028	NM_001281.3	2.9028e-05	0.010998972
TBCC	3.7118e-06	NM_003192.3	0.0099083	0.0099045882
TBCCD1	0.0019751	NM_018138.5	0.0038435	0.0018684
TBCD	1.0032e-07	NM_005993.5	2.6388e-20	1.0031999999997361e-07
TBCE	1.7455e-08	NM_003193.5	2.2119e-12	1.74527881e-08
TBCEL	0.97472	NM_001363644.2	0.96889	0.005830000000000002
TBCK	2.0935e-15	NM_001163435.3	3.1309e-14	2.9215499999999997e-14
TBK1	0.075174	NM_013254.4	0.97193	0.896756
TBKBP1	0.27032	NM_001394755.1	1.5853e-13	0.27031999999984146
TBL1XR1	0.99995	NM_024665.7	1.0	4.999999999999449e-05
TBL2	0.00018452	NM_012453.4	1.3839e-09	0.0001845186161
TBL3	9.4054e-11	NM_006453.3	1.1365e-17	9.4053988635e-11
TBP	0.015031	NM_003194.5	0.99914	0.984109
TBPL1	0.37902	NM_004865.4	0.99194	0.61292
TBR1	0.99901	NM_006593.4	1.0	0.0009900000000000464
TBRG1	0.00017381	NM_032811.3	8.2222e-08	0.000173727778
TBRG4	1.225e-06	NM_004749.4	2.2794e-09	1.2227206e-06
TBX1	0.83661	NM_001379200.1	0.123	0.71361
TBX2	0.99329	NM_005994.4	0.00067978	0.99261022
TBX3	0.98907	NM_005996.4	0.99465	0.005580000000000029
TBX4	0.5048	NM_001321120.2	0.99997	0.49517
TBX5	0.99954	NM_181486.4	1.0	0.00046000000000001595
TBX6	0.0068128	NM_004608.4	2.4438e-07	0.00681255562
TBX10	2.0686e-08	NM_005995.5	1.2895e-07	1.08264e-07
TBX15	0.65773	NM_001330677.2	0.99587	0.33814
TBX18	0.99905	NM_001080508.3	0.70069	0.29835999999999996
TBX19	7.1102e-06	NM_005149.3	1.567e-08	7.09453e-06
TBX20	0.97302	NM_001077653.2	0.9998	0.026780000000000026
TBX21	0.99636	NM_013351.2	0.99994	0.0035800000000000276
TBXA2R	0.00012823	NM_001060.6	8.0489e-06	0.00012018110000000001
TBXAS1	1.4088e-20	NM_001061.7	1.189e-12	1.1889999859120001e-12
TBXT		NM_001366285.2	0.029337	
TC2N	1.1879e-09	NM_001128596.3	2.3888e-06	2.3876121e-06
TCAF1		NM_014719.3	0.59061	
TCAF2		NM_001363538.2	0.2087	
TCAIM	2.2334e-05	NM_173826.4	7.7203e-06	1.46137e-05
TCAP	0.18939	NM_003673.4	3.7212e-05	0.189352788
TCEA1	0.89541	NM_006756.4	0.0060722	0.8893378000000001
TCEA2	0.00056849	NM_003195.6	0.0036114	0.00304291
TCEA3	0.0045078	NM_003196.3	5.7263e-10	0.00450779942737
TCEANC2	2.7615e-07	NM_153035.3	3.6305e-06	3.35435e-06
TCERG1	0.99996	NM_001382548.1	1.0	4.0000000000040004e-05
TCERG1L	6.8376e-09	NM_174937.4	5.0013e-12	6.832598699999999e-09
TCF3	0.025824	NM_003200.5	5.0910000000000005e-19	0.025824
TCF4	0.99981	NM_001083962.2	1.0	0.00019000000000002348
TCF7	0.0053732	NM_003202.5	0.15264	0.1472668
TCF7L1	0.36022	NM_031283.3	0.99574	0.63552
TCF7L2	0.99537	NM_001146274.2	0.99554	0.00017000000000000348
TCF12	0.67602	NM_207037.2	0.020297	0.655723
TCF15	0.51981	NM_004609.4	0.00029466	0.51951534
TCF19	0.00093832	NM_007109.3	0.018062	0.017123680000000002
TCF20	1.0	NM_001378418.1	1.0	0.0
TCF21	0.82553	NM_003206.4	0.94901	0.12348000000000003
TCF23	4.424e-05	NM_175769.3	0.022232	0.022187759999999997
TCF24	0.025682	NM_001193502.2	0.13033	0.104648
TCF25	0.41572	NM_014972.3	1.0025e-05	0.41570997499999995
TCFL5	0.99128	NM_006602.4	0.99985	0.008569999999999967
TCHH	4.7135e-24	NM_007113.4	4.037e-05	4.037e-05
TCHHL1	0.58371	NM_001008536.2	0.017717	0.565993
TCHP	1.8026e-16	NM_001143852.2	1.9238000000000002e-25	1.8025999980762e-16
TCIM		NM_020130.5	0.16135	
TCIRG1	2.3981e-13	NM_006019.4	6.660000000000001e-30	2.3981e-13
TCL1A	5.7357e-10	NM_021966.3	0.0369	0.036899999426430005
TCL1B	0.010127	NM_004918.4	0.00048892	0.00963808
TCN1	2.3229e-17	NM_001062.4	4.9102e-17	2.5873000000000004e-17
TCN2	1.0478e-06	NM_000355.4	4.267e-08	1.00513e-06
TCOF1	0.9541	NM_001371623.1	1.0	0.04590000000000005
TCP1	0.99527	NM_030752.3	1.0	0.004730000000000012
TCP10L	0.0032979	NM_144659.7	0.018163	0.0148651
TCP11	1.0587e-07	NM_001370687.1	2.9237e-08	7.6633e-08
TCP11L1	0.0043702	NM_018393.4	3.7871e-05	0.004332329
TCP11L2	1.4743e-12	NM_152772.3	7.6965e-11	7.54907e-11
TCTA	0.00046337	NM_022171.3	5.593e-05	0.00040744
TCTN1	1.0708e-15	NM_001082538.3	8.6642e-18	1.0621358e-15
TCTN2	1.8379e-14	NM_024809.5	6.054e-18	1.8372946e-14
TCTN3	4.1528e-12	NM_015631.6	1.3321e-13	4.01959e-12
TDG	0.00056268	NM_003211.6	5.1537e-05	0.0005111429999999999
TDO2	2.0378e-10	NM_005651.4	6.5746e-12	1.972054e-10
TDP1	1.2652e-17	NM_018319.4	1.3401e-12	1.340087348e-12
TDP2	1.134e-08	NM_016614.3	1.8372e-10	1.1156279999999999e-08
TDRD3	4.1011e-06	NM_001146070.2	2.5017e-06	1.5993999999999995e-06
TDRD5	0.97247	NM_001199085.3	1.0	0.027530000000000054
TDRD6	5.4437000000000004e-45	NM_001010870.3	7.15e-64	5.4437000000000004e-45
TDRD7	0.00061106	NM_014290.3	0.37004	0.36942894
TDRD9	7.2697e-15	NM_153046.3	3.8491e-22	7.269699615090001e-15
TDRD10	1.1461e-05	NM_182499.4	7.3247e-11	1.1460926753e-05
TDRKH	0.032356	NM_001083965.2	0.040038	0.007681999999999994
TDRP	1.5111e-09	NM_001384899.1	3.7875e-05	3.78734889e-05
TEAD1	0.9998	NM_021961.6	1.0	0.00019999999999997797
TEAD2	1.5226e-06	NM_001256660.2	8.8891e-15	1.5225999911109e-06
TEAD4	3.233e-05	NM_003213.4	1.2781e-08	3.2317218999999995e-05
TEC	5.3575e-08	NM_003215.3	2.2863e-14	5.3574977137e-08
TECPR1	2.7083e-07	NM_015395.3	1.6802e-37	2.7083e-07
TECPR2	0.58003	NM_014844.5	2.1398e-07	0.58002978602
TECR	0.10845	NM_138501.6	0.84508	0.73663
TECRL	3.1983e-12	NM_001010874.5	1.9485e-06	1.9484968017e-06
TECTA	2.9863e-16	NM_005422.4	1.9954e-20	2.98610046e-16
TECTB	4.7666e-10	NM_058222.3	1.7939e-14	4.766420609999999e-10
TEDC1		NM_001367178.1	7.380900000000001e-20	
TEDC2		NM_025108.3	5.863e-20	
TEDDM1	0.0022029	NM_172000.4	0.41045	0.4082471
TEF	0.63291	NM_003216.4	0.99626	0.36335000000000006
TEFM	0.51424	NM_024683.4	0.0048713	0.5093687
TEK	1.0	NM_000459.5	1.0	0.0
TEKT1	8.9486e-07	NM_053285.2	5.0316e-12	8.948549684e-07
TEKT2	7.4313e-12	NM_014466.3	9.1338e-14	7.339962e-12
TEKT3	1.9845e-17	NM_031898.3	3.6457e-14	3.6437155e-14
TEKT4	5.2301e-15	NM_144705.4	1.0678e-17	5.219422e-15
TEKT5	3.0810000000000004e-20	NM_144674.2	9.6647e-20	6.5837e-20
TELO2	7.2029e-14	NM_016111.4	9.415099999999999e-21	7.20289905849e-14
TEN1	0.015092	NM_001113324.3	0.00096242	0.01412958
TENM3	0.99955	NM_001080477.4	1.0	0.00044999999999995044
TENM4	1.0	NM_001098816.3	1.0	0.0
TENT2		NM_001114394.3	2.7715e-05	
TENT4A		NM_006999.6	1.0	
TENT4B		NM_001365324.3	1.0	
TENT5A		NM_017633.3	0.93427	
TENT5B		NM_052943.4	0.00028078	
TENT5C		NM_017709.4	0.99248	
TEP1	4.383e-49	NM_007110.5	6.3725e-61	4.3829999999936274e-49
TEPSIN		NM_001363764.2	1.3152e-20	
TERB1		NM_001136505.2	5.3978e-11	
TERB2		NM_152448.3	0.00018431	
TERF1	0.90655	NM_017489.3	0.87074	0.03581000000000001
TERF2	0.99237	NM_005652.5	0.99897	0.00660000000000005
TERF2IP	2.6683e-05	NM_018975.4	1.8467e-13	2.6682999815329997e-05
TERT	0.99046	NM_198253.3	0.0019285	0.9885315
TES	1.0234e-15	NM_015641.4	1.044e-12	1.0429766e-12
TESC	0.10778	NM_017899.4	8.945e-06	0.107771055
TESK1	0.99255	NM_006285.3	0.99994	0.007390000000000008
TESK2	4.4552e-07	NM_007170.3	8.6059e-09	4.3691409999999996e-07
TESMIN		NM_004923.3	4.1669e-08	
TESPA1	4.6856e-06	NM_001136030.3	4.4045e-06	2.8109999999999973e-07
TET1	1.0	NM_030625.3	1.0	0.0
TET2	4.3334e-54	NM_001127208.3	1.057e-154	4.3334e-54
TET3	1.0	NM_001287491.2	1.0	0.0
TEX2	0.00014978	NM_001288732.2	2.4728e-05	0.00012505199999999998
TEX10	1.0	NM_017746.4	1.0	0.0
TEX12	0.00045664	NM_031275.4	0.1112	0.11074336
TEX14	9.139000000000001e-36	NM_031272.5	1.1578e-32	1.1568861e-32
TEX15	4.9939e-25	NM_001350162.2	1.046e-34	4.993899998954e-25
TEX19		NM_207459.4	0.29954	
TEX22	0.00069502	NM_001195082.2	8.3176e-09	0.0006950116823999999
TEX26	3.1421e-09	NM_152325.3	4.752e-10	2.6669000000000004e-09
TEX29	7.7723e-06	NM_152324.3	2.3893e-09	7.7699107e-06
TEX30	0.00060198	NM_138779.5	0.0036014	0.00299942
TEX35	9.433e-08	NM_032126.5	0.00043197	0.00043187567
TEX36	0.00021489	NM_001128202.3	0.00025344	3.8550000000000015e-05
TEX38	2.2724e-07	NM_001145474.4	0.0022838	0.0022835727599999998
TEX44		NM_152614.3	0.31563	
TEX46		NM_001242521.2	0.043501	
TEX47		NM_152706.4	1.0758e-06	
TEX48		NM_001199233.2	0.00036498	
TEX50		NM_001195190.3	0.42511	
TEX52		NM_001365174.2	1.957e-09	
TEX55		NM_152539.3	4.1418e-07	
TEX101	0.00079525	NM_001130011.3	0.034988	0.03419275
TEX261	0.0012246	NM_144582.3	0.033943	0.0327184
TEX264	0.16412	NM_015926.6	0.023643	0.140477
TF	4.1001e-08	NM_001063.4	1.0745e-12	4.09999255e-08
TFAM	0.17259	NM_003201.3	0.086803	0.08578699999999999
TFAP2A	0.98964	NM_001372066.1	0.99993	0.010290000000000021
TFAP2B	0.99023	NM_003221.4	0.99997	0.009739999999999971
TFAP2C	0.92204	NM_003222.4	0.99884	0.07679999999999998
TFAP2D	0.99199	NM_172238.4	0.99978	0.007789999999999964
TFAP2E	2.4455e-05	NM_178548.4	2.8874e-11	2.4454971126e-05
TFAP4	0.99731	NM_003223.3	0.99989	0.0025799999999999157
TFB1M	6.3927e-10	NM_016020.4	1.3285e-06	1.32786073e-06
TFB2M	8.7667e-06	NM_022366.3	8.1498e-10	8.76588502e-06
TFCP2	3.5836e-06	NM_005653.5	0.5773	0.5772964164000001
TFCP2L1	0.99996	NM_014553.3	1.0	4.0000000000040004e-05
TFDP1	0.97174	NM_007111.5	1.0	0.028259999999999952
TFDP2	0.9995	NM_001178139.2	0.99873	0.0007700000000000484
TFEB	0.89931	NM_001271944.2	0.9954	0.0960899999999999
TFEC	4.2824e-08	NM_012252.4	0.00030824	0.00030819717599999996
TFF1	0.00088929	NM_003225.3	0.001184	0.0002947099999999999
TFF2	2.2197e-07	NM_005423.5	3.1472e-08	1.90498e-07
TFF3	0.01591	NM_003226.4	0.037395	0.021484999999999997
TFG	0.14061	NM_006070.6	0.49485	0.35424
TFIP11	1.6636e-12	NM_012143.4	4.3201e-25	1.6635999999995681e-12
TFPI	0.2477	NM_006287.6	0.90136	0.65366
TFPI2	0.00084274	NM_006528.4	7.5726e-08	0.000842664274
TFPT	0.00010562	NM_013342.4	3.0757e-09	0.0001056169243
TFR2	1.2918e-09	NM_003227.4	2.6889e-16	1.29179973111e-09
TFRC	6.9902e-05	NM_001128148.3	0.98392	0.983850098
TG	2.8802e-59	NM_003235.5	2.3266e-70	2.8801999999767337e-59
TGDS	2.4826e-09	NM_014305.4	1.7318e-05	1.73155174e-05
TGFA	0.71981	NM_003236.4	0.0032594	0.7165505999999999
TGFB1	0.03685	NM_000660.7	0.026363	0.010487
TGFB1I1	0.027032	NM_001042454.3	9.8658e-08	0.027031901342000002
TGFB2	0.99905	NM_003238.6	0.99612	0.002929999999999988
TGFB3	0.98727	NM_003239.5	1.0	0.012730000000000019
TGFBI	5.9686e-08	NM_000358.3	1.214e-11	5.967385999999999e-08
TGFBR1	0.85379	NM_004612.4	0.96403	0.11024
TGFBR2	0.12535	NM_003242.6	0.90792	0.78257
TGFBR3	0.0030577	NM_003243.5	3.4901e-05	0.003022799
TGFBR3L	0.084471	NM_001195259.2	1.2287e-09	0.0844709987713
TGFBRAP1	0.1651	NM_004257.6	1.0	0.8349
TGIF1	0.010454	NM_003244.4	0.98151	0.971056
TGIF2	0.13641	NM_021809.7	0.7356	0.59919
TGM1	2.2509e-13	NM_000359.3	1.0536e-14	2.1455400000000002e-13
TGM2	6.8118e-18	NM_004613.4	1.554e-13	1.553931882e-13
TGM3	2.9739e-06	NM_003245.4	7.1097e-13	2.97389928903e-06
TGM4	3.796e-20	NM_003241.4	1.6779e-17	1.674104e-17
TGM5	2.4183000000000004e-25	NM_201631.4	6.2413e-20	6.241275817e-20
TGM6	1.1154e-24	NM_198994.3	6.4362e-24	5.3208e-24
TGM7	7.8438e-20	NM_052955.3	1.1740999999999998e-21	7.72639e-20
TGOLN2	0.0028483	NM_006464.4	0.00015155	0.00269675
TGS1	1.1034e-12	NM_024831.8	6.0219e-12	4.918499999999999e-12
TH	1.6878e-06	NM_000360.4	3.3283e-17	1.6877999999667169e-06
THADA	4.6208e-41	NM_022065.5	1.1886e-66	4.6208e-41
THAP1	0.80123	NM_018105.3	0.90189	0.10065999999999997
THAP2	1.5504e-07	NM_031435.4	5.6607e-05	5.6451960000000005e-05
THAP3	0.0072819	NM_001195753.2	0.00020365	0.00707825
THAP4	0.27636	NM_015963.6	0.50119	0.22483000000000003
THAP5	8.6157e-06	NM_001130475.3	2.3067e-08	8.592633e-06
THAP6	0.00055657	NM_144721.6	0.00035261	0.00020396000000000005
THAP7	0.013291	NM_030573.3	6.9513e-07	0.01329030487
THAP8	1.4014e-06	NM_152658.3	7.6622e-10	1.4006337800000001e-06
THAP9	9.9922e-13	NM_024672.6	4.4584e-06	4.458399000780001e-06
THAP10	0.045791	NM_020147.4	0.0029128	0.0428782
THAP11	0.82624	NM_020457.3	0.51537	0.31087
THAP12		NM_004705.4	0.96105	
THBD	0.053769	NM_000361.3	0.04961	0.004158999999999996
THBS1	0.99985	NM_003246.4	1.0	0.00014999999999998348
THBS2	0.55641	NM_003247.5	0.99984	0.44343
THBS3	2.5794999999999996e-21	NM_007112.5	7.7007e-15	7.7006974205e-15
THBS4	1.5117e-18	NM_003248.6	7.4057e-24	1.5116925943e-18
THEM4	3.8919e-07	NM_053055.5	7.6629e-07	3.771e-07
THEM5	3.7917e-11	NM_182578.4	2.687e-11	1.1046999999999997e-11
THEM6	0.04608	NM_016647.3	1.9574e-05	0.046060426
THEMIS	1.9597e-06	NM_001010923.3	1.9661e-08	1.940039e-06
THEMIS2	0.0020207	NM_001105556.3	1.7947e-06	0.0020189052999999998
THG1L	5.2821e-05	NM_017872.5	2.1821e-06	5.06389e-05
THNSL1	1.3403e-17	NM_024838.5	6.0131e-18	7.389900000000001e-18
THNSL2	1.4828e-06	NM_018271.5	3.5286e-10	1.48244714e-06
THOC1	0.99955	NM_005131.3	0.86926	0.13029000000000002
THOC3	0.028748	NM_032361.4	0.35748	0.328732
THOC5	0.045294	NM_003678.5	0.0003911	0.0449029
THOC6	0.00047835	NM_024339.5	3.8005e-09	0.0004783461995
THOC7	0.0060818	NM_025075.4	0.00058249	0.00549931
THOP1	0.0001213	NM_003249.5	5.1721e-12	0.0001212999948279
THPO	0.19714	NM_000460.4	0.00055086	0.19658914000000002
THRA	0.32748	NM_199334.5	0.99892	0.67144
THRAP3	0.99998	NM_005119.4	1.0	2.0000000000020002e-05
THRB	0.99676	NM_001354712.2	0.9992	0.0024399999999999977
THRSP	0.0029238	NM_003251.4	0.0017717	0.0011520999999999999
THSD1	5.5521e-08	NM_018676.4	9.5202e-08	3.9680999999999996e-08
THSD4	4.8082e-07	NM_024817.3	1.8906e-12	4.808181094e-07
THSD7A	1.0	NM_015204.3	0.013145	0.986855
THSD7B	2.6474000000000004e-19	NM_001316349.2	4.8175999999999995e-28	2.6473999951824003e-19
THTPA	2.7667e-06	NM_024328.6	1.3096e-05	1.03293e-05
THUMPD1	3.9721e-12	NM_017736.5	1.3268e-11	9.295900000000001e-12
THUMPD2	1.5442e-09	NM_025264.5	3.0024e-14	1.544169976e-09
THUMPD3	8.1727e-14	NM_001114092.2	1.1352e-09	1.1351182729999999e-09
THY1	0.049895	NM_006288.5	0.0054408	0.0444542
THYN1	1.9691e-16	NM_014174.3	1.3157e-11	1.315680309e-11
TIA1	0.27493	NM_022173.4	0.9488	0.67387
TIAL1	0.99992	NM_003252.4	1.0	7.999999999996898e-05
TIAM1	0.95662	NM_001353694.2	0.99063	0.034009999999999985
TIAM2	3.2439e-05	NM_012454.4	2.4305e-06	3.00085e-05
TICAM1		NM_182919.4	0.36621	
TICAM2	0.0025936	NM_021649.7	0.00036189	0.00223171
TICRR	7.2142e-14	NM_152259.4	3.8472e-32	7.2142e-14
TIE1	1.2446000000000002e-19	NM_005424.5	4.4818e-20	7.964200000000003e-20
TIFA	0.12501	NM_052864.3		
TIFAB	1.4279e-05	NM_001099221.2	0.31491	0.314895721
TIGAR		NM_020375.3	0.13166	
TIGD1	0.0036808	NM_145702.4	0.013665	0.0099842
TIGD2	5.29e-05	NM_145715.3	0.0015586	0.0015057
TIGD3	2.63e-10	NM_145719.3	5.4883e-05	5.4882737000000003e-05
TIGD4	5.3397e-08	NM_145720.4	1.9516e-06	1.8982030000000002e-06
TIGD5	0.0011744	NM_032862.5	7.3736e-11	0.001174399926264
TIGD6	4.7979e-06	NM_030953.4	0.0020314	0.0020266021
TIGD7	2.0699e-12	NM_033208.4	8.6705e-11	8.463509999999999e-11
TIGIT	0.017915	NM_173799.4	0.020017	0.0021019999999999997
TIMD4	2.6444e-10	NM_138379.3	8.8093e-08	8.782855999999999e-08
TIMELESS	9.8476e-35	NM_003920.5	1.0936e-30	1.093501524e-30
TIMM8B	0.0086544	NM_012459.4	0.023498	0.014843600000000002
TIMM9	0.020827	NM_012460.4	0.018125	0.0027019999999999995
TIMM10	0.0014821	NM_012456.3	3.0101e-06	0.0014790899000000001
TIMM10B	8.5093e-07	NM_012192.4	1.3341e-09	8.495958999999999e-07
TIMM13	0.062511	NM_012458.4	0.0023249	0.0601861
TIMM17A	0.21724	NM_006335.3	0.0092003	0.2080397
TIMM21	9.3324e-05	NM_014177.3	1.0612e-10	9.332389388000001e-05
TIMM22	3.9658e-05	NM_013337.4	0.0032028	0.003163142
TIMM23	0.0049452	NM_006327.4	0.014778	0.0098328
TIMM23B	0.12671	NM_001290117.2	1.8411e-06	0.12670815889999998
TIMM29		NM_138358.4	1.796e-11	
TIMM44	0.0015924	NM_006351.4	8.0556e-07	0.00159159444
TIMM50	0.0017835	NM_001001563.5	2.1053e-08	0.001783478947
TIMMDC1	1.1142e-08	NM_016589.4	7.7468e-06	7.735658e-06
TIMP2	0.78893	NM_003255.5	0.99246	0.20353
TIMP3	0.63037	NM_000362.5	0.46415	0.16621999999999998
TIMP4	0.00038342	NM_003256.4	5.4175e-10	0.00038341945825
TINAG	3.4300000000000004e-25	NM_014464.4	1.6633e-23	1.6289999999999998e-23
TINAGL1	0.00032933	NM_022164.3	5.1992e-07	0.00032881008
TINF2	0.0012666	NM_001099274.3	0.0010977	0.00016890000000000004
TIPARP	0.99991	NM_015508.5	1.0	9.00000000000345e-05
TIPIN	0.00016045	NM_017858.3	4.6252e-07	0.00015998748
TIPRL	0.95372	NM_152902.5	0.84236	0.11136000000000001
TIRAP	0.00076118	NM_001318777.2	1.6015e-07	0.00076101985
TJP1	1.0	NM_001330239.4	1.0	0.0
TJP2	3.236e-11	NM_004817.4	4.407e-19	3.23599995593e-11
TJP3	6.7101e-23	NM_001267560.2	7.9544e-26	6.7021456e-23
TK1	0.13731	NM_003258.5	0.0049763	0.1323337
TK2	3.9054e-07	NM_004614.5	6.1251e-11	3.90478749e-07
TKFC		NM_015533.4	1.549e-11	
TKT	0.006748	NM_001064.4	5.2193e-12	0.0067479999947807
TKTL2	1.1378e-07	NM_032136.5	0.45391	0.45390988622
TLCD1	0.0044281	NM_138463.4	2.631e-07	0.0044278369
TLCD2	6.0895e-06	NM_001164407.2	0.00017937	0.0001732805
TLCD3A		NM_024792.3	0.00033622	
TLCD3B		NM_031478.6	0.55108	
TLCD4		NM_152487.3	0.95939	
TLCD5		NM_001198671.2	0.00027742	
TLDC2	0.016515	NM_080628.3	6.23e-07	0.016514376999999997
TLE1	0.99922	NM_005077.5	1.0	0.0007800000000000029
TLE2	1.643e-07	NM_003260.5	1.8430999999999997e-21	1.6429999999999816e-07
TLE3	1.0	NM_001105192.3	1.0	0.0
TLE4	0.99999	NM_007005.6	1.0	9.99999999995449e-06
TLE5		NM_001130.6	0.7874	
TLE6	3.0216e-06	NM_001143986.2	1.2909e-22	3.0216e-06
TLK1	0.99999	NM_012290.5	1.0	9.99999999995449e-06
TLK2	1.0	NM_006852.6	1.0	0.0
TLL1	0.17306	NM_012464.5	0.99721	0.82415
TLL2	2.1374e-31	NM_012465.4	9.6799e-30	9.46616e-30
TLN1	1.0	NM_006289.4	1.0	0.0
TLN2	0.99231	NM_015059.3	0.99454	0.0022299999999999542
TLNRD1		NM_022566.3	6.2764e-06	
TLR1	5.8704e-23	NM_003263.4	7.947e-11	7.94699999999413e-11
TLR2	1.0152e-06	NM_001318789.2	5.8343e-05	5.7327800000000004e-05
TLR3	1.6349e-07	NM_003265.3	1.2954e-08	1.50536e-07
TLR4	4.6131e-09	NM_138554.5	0.00041066	0.0004106553869
TLR5	2.4773e-13	NM_003268.6	0.33601	0.33600999999975223
TLR9	9.8117e-06	NM_017442.4	1.0483e-06	8.7634e-06
TLR10	3.4787e-09	NM_030956.4	0.10117	0.1011699965213
TLX1	0.74161	NM_005521.4	0.97536	0.23375
TLX2	0.2548	NM_016170.5	3.3968e-05	0.25476603200000003
TLX3	0.25993	NM_021025.4	0.0055397	0.2543903
TM2D1	0.00010999	NM_032027.3	0.032715	0.032605010000000004
TM2D2	0.0064454	NM_078473.3	2.9177e-05	0.0064162229999999995
TM2D3	7.9392e-09	NM_078474.3	2.0744e-13	7.93899256e-09
TM4SF1	0.0015619	NM_014220.3	3.7272e-06	0.0015581727999999999
TM4SF4	7.2513e-08	NM_004617.4	9.816e-09	6.2697e-08
TM4SF5	0.0079243	NM_003963.3	1.6011e-05	0.007908289
TM4SF18	2.1148e-06	NM_138786.4	3.9852e-07	1.71628e-06
TM4SF19	2.9569e-06	NM_138461.4	4.1058e-05	3.81011e-05
TM4SF20	0.0001862	NM_024795.4	5.1072e-05	0.00013512799999999998
TM6SF1	1.0194e-07	NM_023003.5	5.238e-11	1.0188762e-07
TM6SF2	3.6097e-05	NM_001001524.3	1.3601e-07	3.5960989999999996e-05
TM7SF2	1.366e-07	NM_003273.6	2.3129e-18	1.365999999976871e-07
TM7SF3	9.558e-08	NM_016551.3	2.214e-17	9.557999997786e-08
TM9SF1	2.4599e-15	NM_006405.7	0.023345	0.02334499999999754
TM9SF2	1.0	NM_004800.3	1.0	0.0
TM9SF3	0.99999	NM_020123.4	1.0	9.99999999995449e-06
TM9SF4	0.999	NM_014742.4	1.0	0.0010000000000000009
TMA7	0.0023931	NM_015933.6	0.25877	0.2563769
TMA16	9.6522e-05	NM_018352.3	2.3549e-09	9.651964509999999e-05
TMBIM1	1.3647e-08	NM_022152.6	1.7335e-09	1.19135e-08
TMBIM4	3.8876e-06	NM_016056.4	0.00033826	0.0003343724
TMBIM6	0.015024	NM_003217.3	0.4641	0.44907600000000003
TMC1	9.1808e-19	NM_138691.3	1.2771e-18	3.5901999999999984e-19
TMC2	2.083e-27	NM_080751.3	1.8266e-27	2.5639999999999983e-28
TMC3	3.8941e-22	NM_001080532.3	1.5926e-24	3.8781739999999998e-22
TMC4	1.7195e-13	NM_144686.4	1.4422e-20	1.7194998557799999e-13
TMC5	6.9877e-08	NM_001261841.2	4.9238e-20	6.987699999995076e-08
TMC6	5.8557e-10	NM_001127198.5	1.4928e-20	5.85569999985072e-10
TMC7	4.5498e-10	NM_024847.4	3.4171e-10	1.1327000000000001e-10
TMC8	1.1401e-14	NM_152468.5	1.2654e-24	1.14009999987346e-14
TMCC1	0.84526	NM_001017395.5	0.99937	0.15410999999999997
TMCC2	0.29466	NM_014858.4	0.99129	0.6966300000000001
TMCC3	2.7391e-05	NM_020698.4	6.2278e-06	2.11632e-05
TMCO1	9.41e-10	NM_019026.6	4.8145e-07	4.805089999999999e-07
TMCO2	5.4723e-05	NM_001008740.4	0.013755	0.013700277
TMCO3	4.936e-16	NM_017905.6	3.1226e-13	3.1176640000000004e-13
TMCO4	1.6674e-20	NM_181719.7	1.4631e-16	1.46293326e-16
TMCO5A	4.4861e-06	NM_152453.4	4.9075e-10	4.48560925e-06
TMCO6	1.2724e-09	NM_018502.5	1.8968e-12	1.2705032e-09
TMED1	1.1564e-06	NM_006858.4	1.5616e-07	1.00024e-06
TMED2	0.89231	NM_006815.4	0.98634	0.09402999999999995
TMED3	0.022622	NM_007364.4	0.0021216	0.0205004
TMED4	0.24339	NM_182547.4	6.2707e-06	0.2433837293
TMED5	5.2721e-09	NM_016040.5	1.5541e-07	1.5013790000000003e-07
TMED6	8.6323e-05	NM_144676.4	0.00045631	0.000369987
TMED7	0.47966	NM_181836.6	0.5672	0.08754000000000006
TMED8	0.085258	NM_213601.3	0.72507	0.639812
TMED9	0.0059542	NM_017510.6	2.517e-06	0.005951683
TMED10	0.86011	NM_006827.6	0.89062	0.030509999999999926
TMEFF1	0.53799	NM_003692.5	0.035537	0.5024529999999999
TMEFF2	7.3885e-05	NM_016192.4	0.012506	0.012432115
TMEM8B	2.7974e-06	NM_001042590.4	3.2319e-06	4.344999999999998e-07
TMEM9	0.0036291	NM_001288565.2	0.0076176	0.003988500000000001
TMEM9B	0.53075	NM_020644.3	0.45246	0.07829000000000008
TMEM11	0.87922	NM_003876.3	0.99899	0.11977000000000004
TMEM14A	0.023377	NM_014051.4	0.010659	0.012717999999999998
TMEM14B	9.7154e-09	NM_030969.5	0.036344	0.0363439902846
TMEM14C	0.0061054	NM_016462.4	5.997e-05	0.00604543
TMEM17	0.0094291	NM_198276.3	0.0060735	0.0033555999999999994
TMEM18	0.0022182	NM_152834.4	0.00013602	0.00208218
TMEM19	0.0052014	NM_018279.4	6.4877e-05	0.0051365230000000005
TMEM25	2.6304e-11	NM_032780.4	1.2976e-12	2.5006400000000002e-11
TMEM26	2.0721e-08	NM_178505.8	2.1053e-11	2.0699947e-08
TMEM30A	0.0031923	NM_018247.4	0.0029093	0.00028299999999999983
TMEM30B	2.7589e-05	NM_001017970.3	1.7907e-07	2.740993e-05
TMEM33	0.0052903	NM_018126.3	0.10839	0.1030997
TMEM37	0.0023933	NM_183240.3	4.266e-05	0.00235064
TMEM38A	0.00058271	NM_024074.4	2.6823e-05	0.0005558869999999999
TMEM38B	0.019501	NM_018112.3	4.1644e-07	0.01950058356
TMEM39A	0.95467	NM_018266.3	0.49719	0.45748
TMEM39B	0.0065082	NM_018056.4	0.2099	0.2033918
TMEM40	2.4842e-08	NM_018306.4	5.9284e-10	2.424916e-08
TMEM41A	0.00029269	NM_080652.4	1.9309e-06	0.0002907591
TMEM41B	0.28842	NM_015012.4	0.26872	0.019699999999999995
TMEM42	0.080845	NM_144638.3	0.028715	0.052129999999999996
TMEM43	1.1608e-12	NM_024334.3	4.0338e-14	1.120462e-12
TMEM44	7.1934e-16	NM_001011655.3	2.8277e-14	2.755766e-14
TMEM45A	0.0047645	NM_018004.3	2.5964e-07	0.00476424036
TMEM45B	1.266e-11	NM_138788.5	1.9191e-11	6.5309999999999995e-12
TMEM50A	0.16293	NM_014313.4	0.2771	0.11417000000000002
TMEM50B	0.029357	NM_006134.7	0.015638	0.013719000000000002
TMEM51	0.30495	NM_001136218.2	0.093948	0.211002
TMEM52	0.014909	NM_178545.4	1.6773e-06	0.0149073227
TMEM52B	0.0010679	NM_001384896.1	0.005904	0.0048361
TMEM53	0.021392	NM_024587.4	0.0011847	0.0202073
TMEM54	0.0030921	NM_033504.4	1.2017e-09	0.0030920987983
TMEM59	2.4058e-12	NM_004872.5	3.2604e-10	3.236342e-10
TMEM59L	0.0006	NM_012109.3	1.549e-10	0.0005999998450999999
TMEM60	0.75498	NM_032936.4	0.49341	0.26156999999999997
TMEM61	6.0832e-05	NM_182532.3	1.5106e-05	4.5726e-05
TMEM62	1.5846e-11	NM_024956.4	0.00011682	0.000116819984154
TMEM63A	1.3865e-12	NM_014698.3	1.6245e-16	1.38633755e-12
TMEM63B	0.99999	NM_018426.3	1.0	9.99999999995449e-06
TMEM63C	0.24344	NM_020431.4	0.99988	0.75644
TMEM64	0.49005	NM_001008495.4	7.5379e-07	0.49004924621
TMEM65	0.11083	NM_194291.3	6.2337e-05	0.110767663
TMEM67	2.0654e-24	NM_153704.6	3.1439e-18	3.1438979346e-18
TMEM68	0.0069895	NM_001286657.2	5.1618e-05	0.006937882
TMEM69	0.0001867	NM_016486.4	1.9713e-07	0.00018650287
TMEM70	0.029285	NM_017866.6	6.1756e-07	0.02928438244
TMEM71	7.986e-11	NM_001382403.1	3.557e-15	7.985644299999999e-11
TMEM72	0.78369	NM_001123376.3	0.0054463	0.7782437
TMEM74	0.00034376	NM_153015.3	0.00082313	0.00047937000000000007
TMEM74B	0.00030413	NM_001304748.2	8.5445e-05	0.00021868499999999998
TMEM79	4.3888e-06	NM_032323.3	1.5907e-10	4.38864093e-06
TMEM80	4.5227e-09	NM_001042463.3	3.1161e-07	3.0708730000000003e-07
TMEM81	0.0030983	NM_203376.2		
TMEM82	3.0094e-07	NM_001013641.3	7.6925e-13	3.0093923075e-07
TMEM86A	0.019183	NM_153347.3	0.0012977	0.0178853
TMEM86B	5.0655e-06	NM_173804.5	8.4127e-07	4.22423e-06
TMEM87A	0.081488	NM_015497.5	1.5321e-05	0.081472679
TMEM87B	3.741e-13	NM_032824.3	1.1266e-20	3.74099988734e-13
TMEM88	0.27743	NM_203411.2	0.00089708	0.27653292
TMEM89	0.76981	NM_001008269.3	0.023842	0.745968
TMEM91	0.026278	NM_001098821.2	0.16149	0.135212
TMEM92	0.0063256	NM_153229.3	2.6563e-06	0.0063229437
TMEM94		NM_014738.6	5.0575e-09	
TMEM95	2.2408e-08	NM_001320436.2	3.4308e-07	3.2067200000000003e-07
TMEM97	0.00031267	NM_014573.3	0.00074799	0.00043532
TMEM98	0.01189	NM_015544.3	2.9227e-05	0.011860773
TMEM100	0.53437	NM_018286.3	0.92591	0.39154
TMEM101	0.0017385	NM_032376.4	0.0018185	7.999999999999999e-05
TMEM102	8.5749e-06	NM_178518.3	3.7185e-12	8.5748962815e-06
TMEM104	3.8156e-05	NM_017728.4	1.9265e-11	3.8155980734999996e-05
TMEM106A	1.8357e-07	NM_145041.4	9.188e-08	9.169e-08
TMEM106B	0.32576	NM_001134232.2	0.046186	0.279574
TMEM106C	1.5025e-08	NM_001143842.2	3.3691e-08	1.8666e-08
TMEM107	3.0521e-08	NM_183065.4	5.4756e-07	5.17039e-07
TMEM108	0.99555	NM_023943.4	0.75903	0.23652000000000006
TMEM109	7.507e-05	NM_024092.3	3.3325e-05	4.1745e-05
TMEM114	0.033213	NM_001146336.2	0.00063702	0.03257598
TMEM115	0.79454	NM_007024.5	0.50692	0.28762
TMEM116	5.1196e-13	NM_001193531.2	5.2576e-10	5.2524804e-10
TMEM117	2.9608e-06	NM_032256.3	0.027093	0.0270900392
TMEM119	0.62503	NM_181724.3	0.35209	0.27293999999999996
TMEM120A		NM_031925.3	1.6528e-15	
TMEM120B	0.0071229	NM_001080825.2	6.9768e-06	0.0071159232
TMEM121	0.59413	NM_025268.4	0.012339	0.5817910000000001
TMEM121B		NM_031890.4	1.8203e-06	
TMEM123	0.64643	NM_052932.3	1.0006e-05	0.6464199939999999
TMEM125	1.0028e-06	NM_144626.3	7.4681e-06	6.4653e-06
TMEM126A	0.002157	NM_032273.4	0.26159	0.25943299999999997
TMEM126B	0.00018551	NM_018480.7	1.449e-08	0.00018549551
TMEM127	0.012865	NM_017849.4	1.6977e-08	0.012864983023
TMEM128	0.00019994	NM_001297551.2	5.0826e-06	0.00019485740000000002
TMEM129	2.3074e-11	NM_001127266.2	1.1121e-15	2.30728879e-11
TMEM130	1.4003e-08	NM_152913.3	4.6765e-11	1.3956235e-08
TMEM131	0.99995	NM_015348.2	1.0	4.999999999999449e-05
TMEM131L		NM_001131007.2	1.0	
TMEM132A	2.041e-09	NM_178031.3	4.6824e-14	2.040953176e-09
TMEM132B	0.99876	NM_001366854.1	1.0	0.0012400000000000189
TMEM132C	0.63879	NM_001136103.3	0.00014626	0.63864374
TMEM132D	0.99907	NM_133448.3	0.97654	0.02253000000000005
TMEM132E	4.4887e-05	NM_001304438.2	1.3716e-11	4.4886986284e-05
TMEM134	2.0372e-10	NM_025124.4	9.9376e-18	2.037199900624e-10
TMEM135	0.7786	NM_022918.4	0.0013852	0.7772148
TMEM138	0.047034	NM_016464.5	0.22846	0.181426
TMEM139	0.0075458	NM_001282876.2	0.022045	0.014499199999999999
TMEM140	0.053997	NM_018295.5	0.13061	0.076613
TMEM141	0.0010816	NM_032928.4	6.2632e-08	0.001081537368
TMEM143	3.7891e-12	NM_018273.4	5.5967e-17	3.7890440329999994e-12
TMEM144	4.3842e-11	NM_018342.5	3.5824e-10	3.14398e-10
TMEM145	1.4675e-07	NM_173633.3	1.6857e-10	1.4658142999999998e-07
TMEM147	0.00014005	NM_032635.4	5.4682e-10	0.00014004945317999998
TMEM150A	0.023588	NM_001031738.3	0.00085428	0.022733720000000002
TMEM150B	3.5074e-08	NM_001282011.2	6.2008e-15	3.50739937992e-08
TMEM150C	0.013116	NM_001080506.3	0.66761	0.654494
TMEM151A	0.0029247	NM_153266.4	1.9881e-07	0.00292450119
TMEM151B	0.13582	NM_001137560.2	1.3651e-05	0.135806349
TMEM154	3.8695e-07	NM_152680.3	2.3537e-09	3.845963e-07
TMEM156	3.3366e-10	NM_024943.3	4.6658e-07	4.6624634e-07
TMEM158	0.14862	NM_015444.3	0.00021088	0.14840912
TMEM160	0.099858	NM_017854.2	4.0023e-07	0.09985759977
TMEM161A	1.1047e-06	NM_017814.3	1.4883e-13	1.10469985117e-06
TMEM161B	1.2449e-05	NM_153354.5	9.0147e-05	7.7698e-05
TMEM163	0.039734	NM_030923.5	0.00036872	0.039365279999999996
TMEM165	0.28339	NM_018475.5	0.00011331	0.28327669
TMEM167A	0.00042515	NM_174909.5	0.045143	0.04471785
TMEM167B	0.68405	NM_020141.4	0.76777	0.0837199999999999
TMEM168	0.0042658	NM_022484.6	1.6435e-10	0.00426579983565
TMEM169	0.011752	NM_001142311.2	0.00023274	0.01151926
TMEM170A	5.716e-07	NM_145254.3	1.2981e-08	5.586189999999999e-07
TMEM170B	0.78657	NM_001100829.3	0.11354	0.67303
TMEM171	7.7679e-09	NM_173490.8	2.3851e-05	2.3843232099999998e-05
TMEM174	0.17659	NM_153217.3	0.00010554	0.17648446
TMEM175	3.0549e-09	NM_032326.4	5.0942e-13	3.05439058e-09
TMEM176A	0.0093723	NM_018487.3	6.097e-06	0.009366203
TMEM176B	1.4172e-10	NM_001101312.2	1.6313e-09	1.48958e-09
TMEM177	0.0089914	NM_030577.3	0.16159	0.1525986
TMEM178A	0.66946	NM_152390.3	0.017706	0.6517540000000001
TMEM178B	0.95458	NM_001195278.2	0.99338	0.03880000000000006
TMEM179	0.67923	NM_001286389.2	1.6607e-06	0.6792283393
TMEM179B	0.00098906	NM_199337.3	5.2204e-05	0.0009368559999999999
TMEM181	0.0074859	NM_001376852.1	0.0008824	0.0066035
TMEM182	0.05562	NM_144632.5	5.8484e-06	0.0556141516
TMEM183A	0.70022	NM_138391.6	0.036447	0.663773
TMEM184A	3.66e-11	NM_001097620.2	1.342e-14	3.658658e-11
TMEM184B	0.37295	NM_012264.5	0.31658	0.05637000000000003
TMEM184C	0.068601	NM_018241.3	0.30533	0.236729
TMEM185B	0.96815	NM_024121.3	0.16442	0.8037299999999999
TMEM186	5.1994e-05	NM_015421.4	0.022318	0.022266006
TMEM190	0.0012621	NM_139172.3	2.3843e-06	0.0012597157
TMEM191B		NM_001242313.1	0.02993	
TMEM191C		NM_001388354.1	5.8261e-06	
TMEM192	2.9274e-06	NM_001100389.2	2.311e-06	6.164000000000001e-07
TMEM196	4.2115e-06	NM_001363562.2	3.6943e-06	5.172000000000003e-07
TMEM198	0.40662	NM_001005209.3	0.00010615	0.40651384999999995
TMEM200A	0.85062	NM_001258277.2	0.06166	0.78896
TMEM200B	0.0018333	NM_001003682.4	0.00018856	0.00164474
TMEM201	0.99004	NM_001130924.3	0.042998	0.947042
TMEM202	2.9827e-08	NM_001080462.3	3.6021e-09	2.62249e-08
TMEM203	0.63351	NM_053045.2	0.1236	0.50991
TMEM204	0.91273	NM_024600.6	4.7558e-05	0.912682442
TMEM205	0.030328	NM_198536.3	0.021287	0.009041
TMEM207	4.2258e-11	NM_207316.3	0.002906	0.002905999957742
TMEM208	0.0015059	NM_014187.4	2.9327e-05	0.001476573
TMEM209	6.0536e-13	NM_032842.4	5.4837e-17	6.05305163e-13
TMEM210	0.64464	NM_001282477.2	0.0091118	0.6355282
TMEM212	1.833e-08	NM_001164436.2	4.0334e-09	1.42966e-08
TMEM213	0.086669	NM_001085429.2	0.0067101	0.0799589
TMEM214	6.4957e-10	NM_017727.5	1.1915e-18	6.495699988085e-10
TMEM215	0.0041235	NM_212558.3	0.00028773	0.0038357700000000005
TMEM216	0.0018855	NM_001173990.3	0.00011783	0.00176767
TMEM218	0.0016754	NM_001258244.2	0.12399	0.12231460000000001
TMEM219	8.1671e-05	NM_001083613.2	1.7071e-07	8.150029e-05
TMEM220	1.3033e-06	NM_001004313.3	3.8046e-07	9.228400000000001e-07
TMEM221	0.0067947	NM_001190844.2	0.00098575	0.00580895
TMEM222	3.9417e-06	NM_032125.3	1.6996e-05	1.3054300000000001e-05
TMEM223	1.5027e-05	NM_001080501.3	2.9272e-06	1.20998e-05
TMEM225	0.0016225	NM_001013743.3	0.017177	0.0155545
TMEM225B		NM_001195541.3	0.00032178	
TMEM229A	0.58955	NM_001136002.2	7.7917e-07	0.58954922083
TMEM229B	0.13003	NM_001348543.2	0.24534	0.11531
TMEM230	0.00018056	NM_001009923.2	0.0064164	0.00623584
TMEM231	3.1399e-07	NM_001077418.3	2.6458e-09	3.113442e-07
TMEM232	7.9307e-12	NM_001039763.4	9.2937e-24	7.930699999990706e-12
TMEM233	0.090614	NM_001136534.3	0.13904	0.048426
TMEM234	4.7801e-08	NM_019118.5	6.6328e-10	4.713772e-08
TMEM236	0.017249	NM_001098844.3	0.00095279	0.016296210000000002
TMEM237	1.8704e-12	NM_001044385.3	1.0116e-14	1.860284e-12
TMEM238	0.29387	NM_001190764.2		
TMEM239	0.00081616	NM_001167670.3	0.0006288	0.00018736000000000002
TMEM240	0.22904	NM_001114748.2	0.96857	0.73953
TMEM241	8.471e-07	NM_032933.6	2.8865e-11	8.47071135e-07
TMEM242	4.8272e-05	NM_018452.6	0.032992	0.032943728
TMEM243	1.0471e-06	NM_024315.4	4.7081e-05	4.60339e-05
TMEM244	0.010646	NM_001010876.2	0.00043447	0.01021153
TMEM245	3.6257e-06	NM_032012.4	5.4112e-14	3.6256999458879997e-06
TMEM248	0.7422	NM_017994.5	0.97965	0.23745000000000005
TMEM250		NM_152833.3	0.002538	
TMEM252	0.19897	NM_153237.2	0.020461	0.178509
TMEM254	0.0013335	NM_025125.4	9.78e-10	0.001333499022
TMEM255B	7.7218e-12	NM_182614.4	4.0159e-13	7.32021e-12
TMEM256	0.00061452	NM_152766.5	1.401e-05	0.0006005100000000001
TMEM258	0.0018504	NM_014206.4	8.0041e-05	0.001770359
TMEM259	0.99408	NM_001033026.2	1.4641e-06	0.9940785359
TMEM260	4.729900000000002e-19	NM_017799.4	1.3893e-15	1.3888270099999999e-15
TMEM262	0.0002911	NM_001282448.2	3.5143e-05	0.00025595699999999996
TMEM263		NM_152261.4	0.63298	
TMEM265		NM_001256829.2	0.0014704	
TMEM266		NM_152335.3	8.9558e-09	
TMEM267		NM_022483.5	9.2491e-07	
TMEM268		NM_153045.4	0.0062345	
TMEM269		NM_001354602.2	9.2545e-06	
TMEM270		NM_182504.4	4.1762e-11	
TMEM273		NM_001288740.3	1.5891e-07	
TMF1	1.4543e-05	NM_007114.3	4.1579e-06	1.03851e-05
TMIE	7.749e-05	NM_147196.3	1.9426e-05	5.8064000000000005e-05
TMIGD1	2.1298e-07	NM_206832.3	1.6993e-07	4.3050000000000005e-08
TMIGD3		NM_020683.7	0.00060882	
TMOD1	0.47845	NM_003275.4	0.52073	0.04228000000000004
TMOD2	0.019553	NM_014548.4	0.00094973	0.01860327
TMOD3	0.06636	NM_014547.5	0.010555	0.055805
TMOD4	1.8344e-08	NM_013353.3	2.3356e-09	1.60084e-08
TMPO	1.5453e-07	NM_001032283.3	0.0039603	0.00396014547
TMPPE	0.0008517	NM_001039770.3	7.4218e-05	0.000777482
TMPRSS2	2.4044e-10	NM_005656.4	2.594e-15	2.40437406e-10
TMPRSS3	6.0739e-11	NM_001256317.3	2.1224e-16	6.073878776000001e-11
TMPRSS4	1.2055e-08	NM_019894.4	6.81e-11	1.19869e-08
TMPRSS5	2.2562e-09	NM_030770.4	1.234e-16	2.2561998766000002e-09
TMPRSS6	4.1369e-10	NM_001374504.1	7.5568e-14	4.13614432e-10
TMPRSS11A	1.8331e-15	NM_001114387.2	1.7154e-13	1.697069e-13
TMPRSS11B	4.2885000000000003e-19	NM_182502.3	2.3421e-15	2.34167115e-15
TMPRSS11D	1.1964e-05	NM_004262.3	1.0646e-07	1.1857539999999999e-05
TMPRSS11E	3.9622e-07	NM_014058.4	2.3529e-12	3.962176471e-07
TMPRSS11F	1.2382e-09	NM_207407.2	2.707e-09	1.4688e-09
TMPRSS12	5.6068e-06	NM_182559.3	1.0431e-09	5.6057569000000005e-06
TMPRSS13	1.4759e-08	NM_001077263.3	3.1961e-13	1.475868039e-08
TMPRSS15	4.5847e-32	NM_002772.3	2.5099e-34	4.559601e-32
TMSB10	0.018038	NM_021103.4	0.012573	0.005464999999999998
TMTC1	1.329e-09	NM_001193451.2	5.59e-13	1.3284410000000001e-09
TMTC2	0.022549	NM_152588.3	0.0016871	0.0208619
TMTC3	4.6335e-05	NM_181783.4	1.0951e-06	4.52399e-05
TMTC4	2.8555e-09	NM_032813.5	1.0652e-13	2.8553934799999998e-09
TMUB1	0.036741	NM_001136044.2	0.0011582	0.035582800000000005
TMUB2	1.4091e-05	NM_001076674.3	7.889e-06	6.201999999999999e-06
TMX1	0.00074607	NM_030755.5	1.8835e-07	0.00074588165
TMX2	0.64745	NM_015959.4	2.2454e-05	0.647427546
TMX3	0.0044014	NM_019022.5	0.16822	0.1638186
TMX4	0.044153	NM_021156.4	2.0903e-06	0.0441509097
TNC	1.2592e-07	NM_002160.4	5.9321e-13	1.2591940679000002e-07
TNF	0.8033	NM_000594.4	0.8577	0.054400000000000004
TNFAIP1	0.13509	NM_021137.5	0.00010708	0.13498291999999998
TNFAIP2	8.2527e-05	NM_006291.4	1.2029e-12	8.25269987971e-05
TNFAIP3	0.99972	NM_001270508.2	1.0	0.00027999999999994696
TNFAIP6	1.0939e-06	NM_007115.4	1.1757e-08	1.0821430000000001e-06
TNFAIP8	0.38452	NM_014350.4	0.014403	0.370117
TNFAIP8L1	0.5379	NM_152362.3	0.11145	0.42645000000000005
TNFAIP8L2	0.038364	NM_024575.5	0.64396	0.605596
TNFAIP8L3	1.8707e-05	NM_001311175.2	0.016263	0.016244293
TNFRSF1A	0.9949	NM_001065.4	0.99985	0.00495000000000001
TNFRSF1B	0.50201	NM_001066.3	0.10187	0.40013999999999994
TNFRSF4	0.00015133	NM_003327.4	4.0101e-08	0.000151289899
TNFRSF6B	3.874e-06	NM_003823.4	5.6524e-11	3.873943476e-06
TNFRSF8	0.86407	NM_001243.5	0.7056	0.15847
TNFRSF9	0.32153	NM_001561.6	0.017637	0.30389299999999997
TNFRSF10A	5.0697e-15	NM_003844.4	4.2138e-14	3.70683e-14
TNFRSF10B	0.00019928	NM_003842.5	4.3337e-10	0.00019927956663000002
TNFRSF10C	3.1588e-06	NM_003841.5	0.00024374	0.0002405812
TNFRSF10D	3e-08	NM_003840.5	4.1838e-06	4.1538e-06
TNFRSF11A	0.0087667	NM_003839.4	5.4719e-08	0.008766645281000001
TNFRSF11B	0.16171	NM_002546.4	0.88327	0.72156
TNFRSF12A	0.017995	NM_016639.3	3.9133e-05	0.017955867
TNFRSF13B	2.0908e-15	NM_012452.3	4.2736e-16	1.66344e-15
TNFRSF13C	0.26993	NM_052945.4	0.0020915	0.2678385
TNFRSF14	0.80752	NM_003820.4	0.001254	0.806266
TNFRSF17	1.3715e-06	NM_001192.3	0.00023471	0.00023333850000000002
TNFRSF18	1.4516e-06	NM_004195.3	4.7513e-14	1.451599952487e-06
TNFRSF19	0.032926	NM_148957.4	2.6752e-05	0.032899248
TNFRSF21	0.040615	NM_014452.5	0.27172	0.231105
TNFRSF25	0.0086475	NM_003790.3	3.1532e-06	0.008644346800000001
TNFSF4	0.049378	NM_003326.5	0.59353	0.544152
TNFSF8	0.75809	NM_001244.4	0.96417	0.20607999999999993
TNFSF9	0.31823	NM_003811.4	3.1472e-05	0.31819852800000004
TNFSF10	0.13495	NM_003810.4	0.020416	0.11453399999999998
TNFSF11	0.0049159	NM_003701.4	0.66126	0.6563441
TNFSF12	0.76997	NM_003809.3	0.0003806	0.7695894000000001
TNFSF13	0.81724	NM_003808.4	0.00078283	0.81645717
TNFSF13B	0.98193	NM_006573.5	0.9934	0.01146999999999998
TNFSF14	0.051663	NM_001376887.1	0.0024671	0.0491959
TNFSF15	0.0028159	NM_005118.4	0.00058728	0.00222862
TNFSF18	0.00019152	NM_005092.4	0.046565	0.04637348
TNIK	1.0	NM_015028.4	1.0	0.0
TNIP1	0.47559	NM_006058.5	1.0	0.52441
TNIP2	0.0015926	NM_024309.4	1.2494e-09	0.0015925987506
TNIP3	0.01544	NM_024873.6	3.1877e-08	0.015439968123000001
TNK1	2.6405e-08	NM_003985.6	7.101e-17	2.640499992899e-08
TNK2	8.22e-12	NM_001382273.1	3.0832e-24	8.219999999996918e-12
TNKS	0.011406	NM_003747.3	1.1512e-06	0.011404848799999999
TNKS1BP1	0.082629	NM_033396.3	0.99995	0.917321
TNKS2	3.6661e-05	NM_025235.4	8.2242e-09	3.66527758e-05
TNN	1.5729e-28	NM_022093.2	2.4247e-36	1.5728999757529999e-28
TNNC1	0.67833	NM_003280.3	0.049557	0.628773
TNNC2	0.01624	NM_003279.3	0.00055183	0.01568817
TNNI1	7.0162e-05	NM_003281.4	0.0050179	0.004947737999999999
TNNI2	0.14351	NM_003282.4	0.010025	0.133485
TNNI3	0.096284	NM_000363.5	6.5705e-07	0.09628334294999999
TNNI3K	3.0654e-48	NM_015978.3	1.244e-51	3.064156e-48
TNNT1	7.0202e-14	NM_003283.6	1.1036e-19	7.020188964e-14
TNNT2	0.0020041	NM_001276345.2	0.0002824	0.0017217
TNNT3	2.0758e-07	NM_006757.4	2.5681e-08	1.81899e-07
TNP1	0.037552	NM_003284.4	0.74742	0.7098679999999999
TNP2	0.0091467	NM_005425.5	0.00018439	0.008962310000000001
TNPO1	1.0	NM_002270.4	1.0	0.0
TNPO2	1.0	NM_001382241.1	1.0	0.0
TNPO3	1.7546e-06	NM_012470.4	7.2667e-08	1.6819329999999998e-06
TNR	0.52437	NM_003285.3	1.0	0.47563
TNRC6A	1.0	NM_014494.4	1.0	0.0
TNRC6B	1.0	NM_001162501.2	1.0	0.0
TNRC18	0.99093	NM_001080495.3	5.9773e-05	0.9908702269999999
TNS1	0.059861	NM_001387777.1	0.99984	0.9399789999999999
TNS2		NM_170754.4	5.9314e-09	
TNS3	1.0	NM_022748.12	0.99999	9.99999999995449e-06
TNS4	3.525e-07	NM_032865.6	2.3784e-10	3.5226216e-07
TNXB	0.018547	NM_001365276.2	7.7924000000000005e-31	0.018547
TOB1	0.95365	NM_005749.4	0.99983	0.04618
TOB2	0.88658	NM_016272.4	0.99204	0.10546
TOE1	6.0443e-16	NM_025077.4	5.2565e-17	5.51865e-16
TOGARAM1		NM_001308120.2	4.9374e-15	
TOGARAM2		NM_199280.4	2.0708999999999997e-28	
TOLLIP	0.081141	NM_019009.4	0.037468	0.043673000000000003
TOM1	1.4544e-11	NM_005488.3	2.5877e-09	2.5731560000000002e-09
TOM1L1	4.5993e-10	NM_005486.3	6.3292e-17	4.5992993670799996e-10
TOM1L2	0.0015723	NM_001082968.2	0.0089929	0.007420599999999999
TOMM5	0.49975	NM_001001790.3	0.43863	0.06112000000000001
TOMM6	0.19403	NM_001382294.1	0.0057817	0.1882483
TOMM7	0.0097668	NM_019059.5	0.0041728	0.005594000000000001
TOMM20	0.026672	NM_014765.3	0.13087	0.10419799999999999
TOMM20L	5.0571e-05	NM_207377.3	1.0486e-05	4.0085e-05
TOMM22	0.60847	NM_020243.5	0.98326	0.37479000000000007
TOMM34	0.014459	NM_006809.5	1.4314e-05	0.014444686
TOMM40	0.99218	NM_001128917.2	0.99576	0.0035800000000000276
TOMM40L	0.66713	NM_032174.6	0.18348	0.48365
TOMM70		NM_014820.5	1.0	
TONSL	2.5965e-13	NM_013432.5	2.6737000000000003e-33	2.5965e-13
TOP1	1.0	NM_003286.4	1.0	0.0
TOP1MT	2.4353e-34	NM_052963.3	3.3326999999999997e-28	3.3326975646999997e-28
TOP2A	0.99086	NM_001067.4	1.0	0.009140000000000037
TOP2B	0.99989	NM_001330700.2	1.0	0.0001100000000000545
TOP3A	5.0983e-11	NM_004618.5	2.6987e-10	2.1888700000000003e-10
TOP3B	0.00021389	NM_001282112.2	8.6922e-05	0.00012696799999999998
TOPAZ1	0.97746	NM_001145030.2	0.030716	0.946744
TOPBP1	1.0	NM_007027.4	1.0	0.0
TOPORS	0.99904	NM_005802.5	0.99997	0.0009299999999999864
TOR1A	0.00050557	NM_000113.3	0.00098008	0.00047450999999999993
TOR1AIP1	1.2719e-09	NM_015602.4	0.0049037	0.0049036987281
TOR1AIP2	3.2484e-09	NM_001199260.2	0.00091299	0.0009129867516
TOR1B	0.064206	NM_014506.3	0.02525	0.038956
TOR2A	0.13617	NM_001085347.3	1.8933e-09	0.13616999810670002
TOR3A	2.3045e-12	NM_022371.4	1.2688e-14	2.291812e-12
TOR4A	0.56079	NM_017723.3	4.6079e-07	0.56078953921
TOX	0.99869	NM_014729.3	1.0	0.0013100000000000334
TOX2	0.031987	NM_001098797.2	0.97646	0.944473
TOX3	0.9995	NM_001080430.4	0.99501	0.004490000000000105
TOX4	0.95637	NM_014828.4	1.0	0.04362999999999995
TP53	0.53235	NM_000546.6	0.99798	0.46563
TP53AIP1	1.3043e-05	NM_022112.3	4.1003e-10	1.3042589970000001e-05
TP53BP1	0.99985	NM_001141980.3	1.0	0.00014999999999998348
TP53BP2	0.0025482	NM_001031685.3	7.226e-05	0.00247594
TP53I3	5.9516e-11	NM_004881.5	1.6645e-13	5.934954999999999e-11
TP53I11	0.30718	NM_006034.5	0.6744	0.36722
TP53I13	0.00011241	NM_138349.4	3.2025e-08	0.000112377975
TP53INP1	0.00046552	NM_033285.4	0.015762	0.015296480000000001
TP53INP2	0.8117	NM_021202.3	0.00016829	0.81153171
TP53RK	0.00077469	NM_033550.4	1.6819e-07	0.0007745218099999999
TP53TG5	4.443e-07	NM_014477.3	0.0043851	0.0043846557
TP63	0.99728	NM_003722.5	1.0	0.0027199999999999447
TP73	0.99696	NM_005427.4	0.2873	0.70966
TPBG	0.012627	NM_001376922.1	0.00088859	0.01173841
TPBGL	0.43003	NM_001195528.2		
TPCN1	0.003978	NM_017901.6	0.00087598	0.0031020199999999996
TPCN2	3.1241e-10	NM_139075.4	1.5596000000000002e-25	3.1240999999999985e-10
TPD52	8.4929e-05	NM_001025253.3	0.0089221	0.008837171000000001
TPD52L1	1.4908e-05	NM_003287.4	0.0011815	0.0011665920000000001
TPD52L2	0.00020188	NM_003288.4	3.2858e-06	0.0001985942
TPD52L3	0.19798	NM_001001874.3	2.4999e-06	0.19797750009999998
TPGS1	0.061557	NM_033513.3	4.5331e-12	0.0615569999954669
TPGS2	0.00014656	NM_015476.4	4.6962e-08	0.000146513038
TPH1	3.1872e-07	NM_004179.3	1.6919e-08	3.01801e-07
TPH2	2.5364e-07	NM_173353.4	0.72159	0.72158974636
TPI1	0.030193	NM_000365.6	0.87484	0.8446469999999999
TPK1	0.09146	NM_022445.4	1.9608e-06	0.0914580392
TPM1	0.0010165	NM_001018005.2	0.00059633	0.0004201700000000001
TPM2	0.00023947	NM_003289.4	6.6608e-06	0.00023280920000000001
TPM3	0.0066522	NM_152263.4	0.97188	0.9652278
TPM4	0.38852	NM_003290.3	0.0055354	0.38298459999999995
TPMT	7.1064e-06	NM_000367.5	0.00082605	0.0008189436
TPO	1.8182e-21	NM_001206744.2	1.5267999999999998e-21	2.914000000000002e-22
TPP1	6.2564e-07	NM_000391.4	1.5534e-08	6.10106e-07
TPP2	0.99912	NM_001330588.2	1.0	0.0008799999999999919
TPPP	0.20334	NM_007030.3	0.43874	0.23540000000000003
TPPP2	0.023554	NM_173846.5	0.02461	0.0010560000000000014
TPPP3	0.37331	NM_015964.4	0.081041	0.292269
TPR	1.0	NM_003292.3	1.0	0.0
TPRA1	0.014654	NM_001136053.4	4.3632e-07	0.01465356368
TPRG1	1.9365e-10	NM_198485.4	4.0517e-10	2.1152e-10
TPRG1L	8.4721e-07	NM_182752.4	2.1895e-08	8.25315e-07
TPRKB	0.00821	NM_016058.5	0.3101	0.30189
TPRN	0.0072201	NM_001128228.3	1.1294e-09	0.0072200988706
TPSAB1	1.2733e-13	NM_003294.4	2.4474e-06	2.44739987267e-06
TPSB2	5.3313e-09	NM_024164.6	0.0002734	0.0002733946687
TPSD1	8.0398e-12	NM_012217.3	4.4377e-13	7.596029999999999e-12
TPSG1	7.5883e-15	NM_012467.4	1.7948e-22	7.58829982052e-15
TPST1	0.29239	NM_003596.4	0.00041979	0.29197021
TPST2	0.27109	NM_003595.5	0.00045626	0.27063374
TPT1	0.80548	NM_003295.4	0.9628	0.15732000000000002
TPTE	5.551e-24	NM_199261.4	3.1287e-22	3.07319e-22
TPX2	0.99981	NM_012112.5	1.0	0.00019000000000002348
TRA2A	0.0095214	NM_013293.5	1.24e-06	0.00952016
TRA2B	0.99312	NM_004593.3	0.95587	0.037250000000000005
TRABD	0.022862	NM_001320485.2	9.6574e-07	0.02286103426
TRABD2A	2.2361e-09	NM_001277053.2	4.8347e-16	2.23609951653e-09
TRABD2B	0.84273	NM_001194986.2	0.10745	0.7352799999999999
TRADD	0.099502	NM_003789.4	0.0037951	0.0957069
TRAF1	0.0035639	NM_005658.5	0.003142	0.0004219000000000002
TRAF2	0.99979	NM_021138.4	1.0	0.00021000000000004349
TRAF3	0.99869	NM_145725.3	1.0	0.0013100000000000334
TRAF3IP1	1.9085e-08	NM_015650.4	4.227e-08	2.3185000000000002e-08
TRAF3IP2	1.615e-09	NM_147686.4	2.2933e-05	2.2931384999999998e-05
TRAF3IP3	2.1912e-12	NM_025228.4	1.039e-13	2.0873000000000002e-12
TRAF4	0.93602	NM_004295.4	0.99999	0.06397000000000008
TRAF5	1.6736e-12	NM_001033910.3	1.1206e-11	9.532400000000001e-12
TRAF6	0.99739	NM_004620.4	0.99997	0.0025800000000000267
TRAF7	0.021819	NM_032271.3	1.7117e-06	0.0218172883
TRAFD1	1.9412e-08	NM_006700.3	1.1898e-06	1.170388e-06
TRAIP	1.5879e-05	NM_005879.3	1.7835e-06	1.40955e-05
TRAK1	0.00037311	NM_001042646.3	0.9985	0.9981268900000001
TRAK2	1.9123e-14	NM_015049.3	8.2754e-17	1.9040246e-14
TRAM1	0.92506	NM_014294.6	0.93457	0.009510000000000018
TRAM1L1	0.0066436	NM_152402.3	0.4456	0.43895639999999997
TRAM2	0.94418	NM_012288.4	0.99999	0.055810000000000026
TRANK1	2.0096e-25	NM_001329998.2	1.757e-41	2.0095999999999999e-25
TRAP1	1.5965000000000002e-29	NM_016292.3	8.698499999999999e-40	1.596499999913015e-29
TRAPPC1	0.086507	NM_021210.5	0.020092	0.066415
TRAPPC2B		NM_001355204.2	0.050113	
TRAPPC3	0.25083	NM_014408.5	0.84512	0.59429
TRAPPC3L	1.5719e-05	NM_001139444.3	2.4947e-07	1.546953e-05
TRAPPC4	4.1207e-06	NM_016146.6	1.8799e-11	4.120681201e-06
TRAPPC5	0.22841	NM_001042462.2	0.025126	0.203284
TRAPPC6A	5.145e-08	NM_001270891.2	1.4337e-11	5.1435663e-08
TRAPPC6B	0.00015283	NM_001079537.2	0.0080596	0.00790677
TRAPPC8	1.0	NM_014939.5	1.0	0.0
TRAPPC9	2.2898e-14	NM_001160372.4	1.2947e-16	2.276853e-14
TRAPPC10	0.99999	NM_003274.5	1.0	9.99999999995449e-06
TRAPPC11	4.5628e-10	NM_021942.6	4.5163e-18	4.562799954837e-10
TRAPPC12	5.3624e-16	NM_016030.6	6.4066e-17	4.72174e-16
TRAPPC13	0.0024066	NM_024941.4	1.3975e-07	0.00240646025
TRAPPC14		NM_018275.5	0.019617	
TRARG1		NM_172367.3	3.4339e-07	
TRAT1	0.056441	NM_016388.4	0.0023352	0.054105799999999996
TRDMT1	3.5589e-10	NM_004412.7	2.2261e-11	3.33629e-10
TRDN	8.357e-22	NM_006073.4	1.1258000000000001e-24	8.345742000000001e-22
TREH	8.9579e-15	NM_007180.3	1.1508e-23	8.957899988491999e-15
TREM1	0.0062776	NM_018643.5	0.00019279	0.00608481
TREM2	3.2892e-09	NM_018965.4	6.6484e-07	6.615508e-07
TREML1	1.5671e-12	NM_178174.4	2.7698e-10	2.7541290000000003e-10
TREML2	1.1362e-09	NM_024807.4	1.9368e-09	8.006000000000001e-10
TREML4	7.7513e-10	NM_198153.3	7.4593e-09	6.68417e-09
TREX1	0.57528	NM_033629.6	0.00076781	0.57451219
TRH	0.00089084	NM_007117.5	0.0013821	0.0004912600000000001
TRHDE	1.0218e-06	NM_013381.3	1.616e-09	1.020184e-06
TRHR	0.2711	NM_003301.7	0.034831	0.236269
TRIAP1	0.056508	NM_016399.3	0.0027301	0.053777900000000003
TRIB1	0.83343	NM_025195.4	0.018821	0.814609
TRIB2	0.98349	NM_021643.4	0.99998	0.016490000000000005
TRIB3	1.1597e-13	NM_021158.5	8.7344e-09	8.734284030000001e-09
TRIL		NM_014817.4	1.9071e-06	
TRIM2	0.99603	NM_015271.5	0.99998	0.003950000000000009
TRIM3	0.9893	NM_033278.4	1.0	0.010700000000000043
TRIM4	8.502e-12	NM_033091.3	4.1196e-10	4.03458e-10
TRIM5	5.9675e-05	NM_033034.3	1.7911e-06	5.78839e-05
TRIM6	1.1425e-12	NM_001003818.3	9.8507e-11	9.73645e-11
TRIM7	0.02684	NM_203293.3	2.8059e-11	0.026839999971941
TRIM8	0.99438	NM_030912.3	1.0	0.005619999999999958
TRIM9	0.99973	NM_001387360.1	0.99997	0.00024000000000001798
TRIM10	3.7432e-09	NM_006778.4	1.1265e-13	3.74308735e-09
TRIM11	0.91729	NM_145214.3	0.0021048	0.9151852
TRIM13	0.6366	NM_213590.3	0.0067	0.6299
TRIM14	0.004522	NM_014788.4	9.4075e-09	0.0045219905925
TRIM15	7.758e-09	NM_033229.3	5.5885e-13	7.75744115e-09
TRIM16	3.1558e-09	NM_001348119.1	4.5848e-08	4.26922e-08
TRIM17	8.3141e-08	NM_016102.4	1.5527e-07	7.212899999999998e-08
TRIM21	3.3549e-09	NM_003141.4	2.3222e-12	3.3525778e-09
TRIM22	2.1312e-05	NM_006074.5	1.2085e-05	9.226999999999998e-06
TRIM23	0.0003937	NM_001656.4	0.86894	0.8685463
TRIM24	1.0	NM_015905.3	1.0	0.0
TRIM25	0.0041202	NM_005082.5	1.9477e-11	0.004120199980523
TRIM26	0.17836	NM_003449.5	0.89665	0.71829
TRIM27	0.99685	NM_006510.5	1.0	0.003149999999999986
TRIM28	1.0	NM_005762.3	1.0	0.0
TRIM29	8.1158e-08	NM_012101.4	9.4922e-17	8.1157999905078e-08
TRIM31	4.3248e-06	NM_007028.5	1.8111e-07	4.14369e-06
TRIM32	0.0016684	NM_012210.4	0.0070294	0.0053609999999999994
TRIM33	1.0	NM_015906.4	1.0	0.0
TRIM34	1.3303e-06	NM_021616.6	2.2064e-15	1.3302999977936e-06
TRIM35	0.00087781	NM_171982.5	6.2917e-10	0.0008778093708300001
TRIM36	3.415e-05	NM_001300759.2	2.0834e-06	3.20666e-05
TRIM37	9.7042e-12	NM_015294.6	1.4743e-15	9.702725700000001e-12
TRIM38	1.3947e-08	NM_006355.5	8.4989e-11	1.3862011e-08
TRIM40	6.1659e-11	NM_001286633.2	3.2709e-10	2.65431e-10
TRIM41	0.97384	NM_033549.5	0.99324	0.019399999999999973
TRIM42	3.0721e-19	NM_152616.5	6.1825e-18	5.87529e-18
TRIM43	0.010008	NM_138800.3	0.12684	0.116832
TRIM44	0.053808	NM_017583.6	0.85228	0.7984720000000001
TRIM45	2.061e-08	NM_025188.4	5.6909e-14	2.0609943091e-08
TRIM46	0.99925	NM_025058.5	1.0	0.0007500000000000284
TRIM47	0.00033657	NM_033452.3	5.5084e-17	0.00033656999999994493
TRIM48	1.0995e-27	NM_024114.5	1.63e-10	1.63e-10
TRIM49	4.9111e-07	NM_020358.2	0.27969	0.27968950889
TRIM49B	6.3896e-09	NM_001206626.2	0.00016442	0.0001644136104
TRIM49C	0.00014152	NM_001195234.1	0.65387	0.65372848
TRIM50	1.5479e-10	NM_178125.3	4.9613e-10	3.4134000000000003e-10
TRIM51	1.3832e-08	NM_032681.4	5.4428e-07	5.30448e-07
TRIM52	1.1417e-09	NM_001346048.2	6.9945e-08	6.88033e-08
TRIM54	5.5065e-18	NM_187841.3	1.3528e-13	1.3527449350000002e-13
TRIM55	6.9041e-14	NM_184085.2	5.5404e-14	1.3636999999999997e-14
TRIM56	0.00013625	NM_030961.3	0.0073306	0.0071943499999999995
TRIM58	1.345e-10	NM_015431.4	2.4563e-16	1.3449975437e-10
TRIM59	0.0014575	NM_173084.3	0.11664	0.1151825
TRIM60		NM_152620.3	0.31491	
TRIM61	0.00010554	NM_001012414.3	0.71577	0.7156644600000001
TRIM62	3.1787e-08	NM_018207.3	4.5624e-14	3.1786954376e-08
TRIM63	4.3041e-13	NM_032588.4	1.3752e-15	4.290348e-13
TRIM64C	4.0727e-11	NM_001206631.1	9.5859e-07	9.58549273e-07
TRIM65	2.7066e-21	NM_173547.4	5.4894e-23	2.6517060000000003e-21
TRIM66	6.9399e-12	NM_001388022.1	6.7136e-18	6.9398932864e-12
TRIM67	0.96542	NM_001004342.5	4.9459e-08	0.9654199505409999
TRIM68	8.070900000000002e-19	NM_018073.8	1.2094e-11	1.2093999192910001e-11
TRIM69	2.5727e-09	NM_182985.5	7.2514e-09	4.6787e-09
TRIM71	0.99969	NM_001039111.3	1.0	0.00031000000000003247
TRIM72	4.632e-05	NM_001008274.4	2.9864e-14	4.6319999970135994e-05
TRIM74	0.0091423	NM_198853.3	0.22661	0.2174677
TRIM77	1.0217e-05	NM_001146162.1	0.00011322	0.000103003
TRIML1	3.704e-11	NM_178556.5	2.4162e-15	3.70375838e-11
TRIML2	1.154e-05	NM_173553.4	5.4533e-08	1.1485467e-05
TRIO	1.0	NM_007118.4	1.0	0.0
TRIOBP	2.0160999999999998e-28	NM_001039141.3	5.704e-43	2.0160999999999942e-28
TRIP4	5.9901e-07	NM_016213.5	4.2173e-10	5.9858827e-07
TRIP6	0.0032632	NM_003302.3	5.2913e-08	0.0032631470869999997
TRIP10	1.6667e-05	NM_001288962.2	2.7526e-11	1.6666972474e-05
TRIP11	1.714e-12	NM_004239.4	1.8257e-27	1.7139999999999981e-12
TRIP12	1.0	NM_001348323.3	1.0	0.0
TRIP13	0.99606	NM_004237.4	0.19213	0.8039299999999999
TRIQK	0.0099534	NM_001171797.2	0.35773	0.3477766
TRIR		NM_024038.4	0.29449	
TRIT1	4.0895e-11	NM_017646.6	2.7872e-10	2.37825e-10
TRMO		NM_016481.5	4.1072e-05	
TRMT1	1.8899e-12	NM_001136035.4	5.1707e-17	1.8898482929999997e-12
TRMT1L	0.79653	NM_030934.5	0.30628	0.49024999999999996
TRMT2A	1.0841e-08	NM_022727.6	4.6789e-23	1.0840999999999953e-08
TRMT5	0.049774	NM_020810.3	9.3056e-09	0.0497739906944
TRMT6	2.4031e-05	NM_015939.5	8.8155e-06	1.52155e-05
TRMT9B		NM_020844.3	1.2366e-09	
TRMT10A	3.8911e-10	NM_001134665.3	2.4525e-11	3.6458500000000004e-10
TRMT10B	4.9293e-06	NM_144964.4	3.148e-08	4.8978200000000005e-06
TRMT10C	9.7105e-05	NM_017819.4	0.019181	0.019083895
TRMT11	3.9134e-12	NM_001031712.3	6.8699e-09	6.8659866e-09
TRMT12	0.32607	NM_017956.4	0.63621	0.31014
TRMT13	1.039e-07	NM_019083.3	2.0624e-10	1.0369375999999999e-07
TRMT44	2.0315e-22	NM_152544.3	1.5672999999999999e-21	1.3641499999999998e-21
TRMT61A	0.024387	NM_152307.3	7.516e-05	0.024311839999999998
TRMT61B	4.107e-08	NM_017910.4	5.5012e-13	4.106944988e-08
TRMT112	0.13916	NM_016404.3	0.0077807	0.1313793
TRMU	1.5307e-16	NM_018006.5	2.8114e-17	1.24956e-16
TRNAU1AP	0.00024398	NM_017846.5	6.2455e-08	0.000243917545
TRNP1	0.3788	NM_001013642.3	4.9433e-09	0.37879999505670003
TRNT1	0.00015886	NM_182916.3	3.6366e-13	0.00015885999963634
TROAP	3.5061e-11	NM_005480.4	4.7562e-16	3.506052438e-11
TRPA1	7.2309e-35	NM_007332.3	2.7043e-24	2.704299999927691e-24
TRPC1	0.012904	NM_001251845.2	0.00027685	0.01262715
TRPC3	1.0806e-07	NM_001130698.2	3.4207e-09	1.046393e-07
TRPC4	0.48205	NM_016179.4	6.2853e-05	0.481987147
TRPC4AP	0.55209	NM_015638.3	0.018684	0.5334059999999999
TRPC6	3.0274e-07	NM_004621.6	6.5085e-08	2.3765500000000002e-07
TRPC7	0.00019479	NM_020389.3	0.0011747	0.00097991
TRPM1	1.6009e-42	NM_001252024.2	7.0919e-27	7.091899999999999e-27
TRPM2	8.963299999999999e-44	NM_003307.4	1.4278e-49	8.963285722e-44
TRPM3	5.6853e-07	NM_001366145.2	0.89699	0.89698943147
TRPM4	5.653100000000001e-33	NM_017636.4	1.4032e-39	5.653098596800001e-33
TRPM6	2.719e-10	NM_017662.5	0.019828	0.0198279997281
TRPM7	5.2086e-16	NM_017672.6	1.7833e-17	5.030270000000001e-16
TRPM8	4.5964000000000003e-29	NM_024080.5	2.9255e-23	2.9254954035999995e-23
TRPS1	1.0	NM_014112.5	1.0	0.0
TRPT1	0.0022209	NM_001033678.4	1.1786e-07	0.00222078214
TRPV1	1.0103e-16	NM_080704.4	6.344900000000001e-30	1.0102999999999365e-16
TRPV2	7.9184e-13	NM_016113.5	5.4135e-12	4.6216599999999995e-12
TRPV3	4.6013e-20	NM_145068.4	2.6488999999999997e-28	4.6012999735110004e-20
TRPV4	2.237e-16	NM_021625.5	6.1123e-13	6.110063e-13
TRPV5	2.6365e-14	NM_019841.7	1.2413e-17	2.6352587e-14
TRPV6	6.1719e-07	NM_018646.6	8.4763e-05	8.414581e-05
TRRAP	1.0	NM_001375524.1	1.0	0.0
TRUB1	2.3333e-06	NM_139169.5	0.0027988	0.0027964667000000003
TRUB2	3.79e-06	NM_015679.3	4.1325e-11	3.7899586750000003e-06
TSACC	0.017937	NM_001304817.2	0.15497	0.137033
TSC1	1.0	NM_000368.5	1.0	0.0
TSC2	1.0	NM_000548.5	1.0	0.0
TSC22D1	0.9599	NM_183422.4	1.0	0.040100000000000025
TSC22D2	0.96853	NM_001303264.2	1.0	0.03147
TSC22D4	0.96057	NM_030935.5	0.94448	0.01609000000000005
TSEN2	1.0092e-11	NM_025265.4	7.6736e-17	1.0091923264e-11
TSEN15	0.27906	NM_052965.4	0.02955	0.24950999999999998
TSEN34	0.3613	NM_001077446.4	6.5744e-08	0.361299934256
TSEN54	1.7512e-07	NM_207346.3	2.7307e-19	1.7511999999972693e-07
TSFM	1.9197e-09	NM_005726.6	1.8489e-09	7.07999999999998e-11
TSG101	0.34407	NM_006292.4	0.11868	0.22538999999999998
TSGA10	0.10999	NM_025244.4	0.0094321	0.1005579
TSGA13	7.3935e-10	NM_052933.4	1.8693e-13	7.3916307e-10
TSHB	0.0083588	NM_000549.5	0.00097032	0.007388479999999999
TSHR	3.0447e-15	NM_000369.5	7.345e-14	7.04053e-14
TSHZ1	0.9973	NM_001308210.2	1.0	0.0027000000000000357
TSHZ2	0.9814	NM_173485.6	0.99998	0.01857999999999993
TSHZ3	0.99053	NM_020856.4	1.0	0.009469999999999978
TSKS	0.99652	NM_021733.2	0.15686	0.83966
TSKU	0.85418	NM_015516.4	0.16562	0.6885600000000001
TSLP	0.0040357	NM_033035.5	5.9067e-05	0.003976632999999999
TSN	0.78659	NM_004622.3	0.99971	0.21311999999999998
TSNARE1	9.6275e-07	NM_145003.5	3.8665e-14	9.62749961335e-07
TSNAX	0.48922	NM_005999.3	0.46063	0.028590000000000004
TSNAXIP1	5.280700000000001e-29	NM_001288990.3	1.6137e-31	5.264563e-29
TSPAN1	7.3518e-06	NM_005727.4	3.5992e-07	6.991879999999999e-06
TSPAN2	2.3496e-05	NM_005725.6	8.4394e-08	2.3411606e-05
TSPAN3	0.059759	NM_005724.6	0.41229	0.352531
TSPAN4	6.4243e-08	NM_003271.5	7.2541e-16	6.424299927459e-08
TSPAN5	0.90951	NM_005723.4	0.99865	0.08914
TSPAN8	0.0055131	NM_004616.3	0.00027656	0.00523654
TSPAN9	0.65913	NM_006675.5	0.0029193	0.6562107
TSPAN11	6.945e-07	NM_001370302.1	5.9783e-08	6.34717e-07
TSPAN12	0.69473	NM_012338.4	0.14188	0.55285
TSPAN13	0.00011554	NM_014399.4	0.00045223	0.00033669000000000006
TSPAN15	0.0079572	NM_012339.5	0.00054073	0.00741647
TSPAN16	4.0908e-06	NM_001282509.2	9.8496e-07	3.10584e-06
TSPAN17	1.511e-06	NM_130465.5	1.3042e-10	1.51086958e-06
TSPAN18	0.082002	NM_130783.5	0.019956	0.062046000000000004
TSPAN19	1.9829e-12	NM_001100917.2	2.9533e-07	2.9532801709999996e-07
TSPAN31	0.21925	NM_005981.5	0.00073197	0.21851803
TSPAN32	2.1686e-05	NM_139022.3	1.5907e-16	2.168599999984093e-05
TSPAN33	7.0071e-05	NM_178562.5	4.2018e-05	2.8052999999999997e-05
TSPEAR	2.4371e-17	NM_144991.3	9.8848e-23	2.4370901152e-17
TSPO	0.00027398	NM_000714.6	1.7745e-07	0.00027380255
TSPO2	0.0008991	NM_001010873.3	2.7975e-08	0.000899072025
TSPOAP1		NM_004758.4	4.8301e-08	
TSPYL1	5.621e-07	NM_003309.4	0.00013518	0.0001346179
TSPYL4	1.2306e-05	NM_021648.5	0.0014348	0.001422494
TSPYL5	0.84935	NM_033512.3		
TSPYL6		NM_001003937.3	0.38796	
TSR1	5.1572999999999995e-21	NM_018128.5	3.3044000000000002e-24	5.153995599999999e-21
TSR3	0.0011406	NM_001001410.3	1.9541e-13	0.00114059999980459
TSSC4	0.044493	NM_005706.4	0.064321	0.019828000000000005
TSSK1B	0.00013409	NM_032028.4	0.030429	0.03029491
TSSK2	0.003861	NM_053006.5	0.077867	0.074006
TSSK3	0.057013	NM_052841.4	2.4985e-05	0.056988015
TSSK4	5.4619e-09	NM_001184739.2	1.0884e-06	1.0829381e-06
TSSK6	0.741	NM_032037.4	0.00011107	0.74088893
TST	7.8734e-05	NM_003312.6	1.2371e-09	7.87327629e-05
TSTD1	0.38107	NM_001113207.2	0.10178	0.27929000000000004
TSTD2	1.8987e-11	NM_139246.5	2.0075e-08	2.0056013e-08
TSTD3		NM_001195131.2	0.016881	
TTBK1	0.99967	NM_032538.3	0.97199	0.027679999999999927
TTBK2	0.99875	NM_173500.4	1.0	0.0012499999999999734
TTC1	2.5494e-06	NM_003314.3	2.5422e-06	7.200000000000117e-09
TTC4	4.5355e-06	NM_004623.5	1.1908e-06	3.3447e-06
TTC5	4.6155e-06	NM_138376.3	1.7933e-11	4.615482067e-06
TTC7A	1.5359e-31	NM_020458.4	8.8944e-37	1.5358911056e-31
TTC7B	0.99998	NM_001010854.2	0.99999	1.0000000000065512e-05
TTC8	1.1846e-06	NM_144596.4	5.2419e-08	1.132181e-06
TTC9	0.06817	NM_015351.2	0.0039879	0.06418209999999999
TTC9B	0.21638	NM_152479.6	0.0015461	0.2148339
TTC9C	0.00017609	NM_173810.4	0.0012284	0.0010523099999999999
TTC12	1.7871e-17	NM_017868.4	2.9007e-13	2.90052129e-13
TTC13	1.739e-05	NM_024525.5	3.2363e-05	1.4973e-05
TTC14	1.176e-09	NM_133462.4	5.5572e-19	1.17599999944428e-09
TTC16	4.1102e-18	NM_144965.3	9.8806e-19	3.12214e-18
TTC17	0.99996	NM_018259.6	0.97223	0.02772999999999992
TTC19	1.3788e-08	NM_017775.4	1.5422e-09	1.2245800000000002e-08
TTC21A	2.8878e-24	NM_001366900.1	4.5318999999999996e-32	2.887799954681e-24
TTC21B	2.7040000000000005e-26	NM_024753.5	5.2851e-25	5.0147e-25
TTC22	1.7098e-06	NM_001114108.2	1.0322e-13	1.70979989678e-06
TTC23	7.3763e-24	NM_001288615.3	1.282e-20	1.28126237e-20
TTC24	2.3067e-08	NM_001105669.4	3.6452e-16	2.306699963548e-08
TTC27	4.9343e-14	NM_017735.5	3.8474e-12	3.7980569999999996e-12
TTC28	1.0	NM_001145418.2	1.0	0.0
TTC29	1.3375e-08	NM_031956.4	2.5178e-05	2.5164624999999998e-05
TTC31	2.2945e-16	NM_022492.6	1.1004e-20	2.29438996e-16
TTC32	0.031091	NM_001008237.3	2.6664e-06	0.0310883336
TTC33	0.00056941	NM_012382.3	2.9404e-05	0.000540006
TTC36	0.00022268	NM_001080441.4	3.772e-07	0.00022230280000000002
TTC38	3.2628e-13	NM_017931.4	1.2881999999999999e-21	3.262799987118e-13
TTC39A	0.0006305	NM_001297663.2	1.5553e-08	0.000630484447
TTC39C	0.00043602	NM_001135993.2	0.77664	0.77620398
TTF1	6.2102e-13	NM_007344.4	3.176e-17	6.2098824e-13
TTF2	1.0026e-22	NM_003594.4	6.4258e-26	1.0019574200000001e-22
TTI1	4.8982e-10	NM_001303457.2	3.3389e-11	4.5643099999999995e-10
TTI2	3.6074e-07	NM_001102401.4	0.00014488	0.00014451926
TTK	0.0012734	NM_003318.5	2.9898e-07	0.0012731010200000001
TTL	0.35695	NM_153712.5	0.99913	0.64218
TTLL1	5.9095e-06	NM_012263.5	4.1262e-08	5.868238e-06
TTLL2	0.0058508	NM_031949.5	1.302e-05	0.00583778
TTLL3	1.0765e-19	NM_001387446.1	1.0144e-18	9.0675e-19
TTLL4	5.6814e-13	NM_014640.5	3.3807e-16	5.6780193e-13
TTLL5	2.9217e-22	NM_015072.5	1.2848e-30	2.921699987152e-22
TTLL6	9.7742e-20	NM_001130918.3	1.7905e-17	1.7807258e-17
TTLL7	0.0035761	NM_024686.6	0.0047091	0.001133
TTLL9	3.1982e-18	NM_001008409.5	2.1028e-10	2.102799968018e-10
TTLL10	1.2286e-11	NM_001130045.2	6.180199999999999e-21	1.2285999993819799e-11
TTLL11	6.2403e-09	NM_001139442.2	3.4133e-09	2.8269999999999994e-09
TTLL12	2.2425e-15	NM_015140.4	3.5109e-28	2.242499999999649e-15
TTN	2.5582e-96	NM_001267550.2	1.3925e-89	1.3924997441799999e-89
TTPA	0.0014409	NM_000370.3	7.1096e-07	0.00144018904
TTPAL	0.116	NM_001039199.3	3.594e-05	0.11596406000000001
TTR	0.51566	NM_000371.4	0.01296	0.5027
TTYH1	0.99539	NM_020659.4	2.0358e-07	0.99538979642
TTYH2	9.9328e-05	NM_032646.6	3.9495e-12	9.93279960505e-05
TTYH3	0.99916	NM_025250.3	0.0058612	0.9932988
TUB	0.0031466	NM_177972.3	1.6347e-05	0.003130253
TUBA1A	0.96654	NM_006009.4	0.99979	0.03325
TUBA1B	0.96767	NM_006082.3	1.0	0.03232999999999997
TUBA1C	0.0074331	NM_032704.5	0.0629	0.0554669
TUBA3C	0.004574	NM_006001.3	3.5927e-06	0.0045704073
TUBA3D	7.2364e-10	NM_080386.4	2.6336e-06	2.63287636e-06
TUBA3E	2.0308e-08	NM_207312.3	8.9739e-05	8.9718692e-05
TUBA4A	0.15983	NM_006000.3	7.9956e-06	0.1598220044
TUBA4B		NM_001355221.1	0.056556	
TUBA8	3.5702e-05	NM_018943.3	6.9178e-09	3.56950822e-05
TUBAL3	7.4351e-08	NM_024803.3	0.00025945	0.000259375649
TUBB	0.97889	NM_178014.4	1.0	0.021109999999999962
TUBB1	1.0217e-07	NM_030773.4	4.4225e-13	1.0216955774999999e-07
TUBB2A	0.93478	NM_001069.3	0.99392	0.05913999999999997
TUBB2B	0.9884	NM_178012.5	0.99983	0.011430000000000051
TUBB3	2.5676e-10	NM_006086.4	0.042291	0.04229099974324
TUBB4A	0.1091	NM_006087.4	0.60434	0.49524
TUBB4B	0.80877	NM_006088.6	0.99971	0.19094
TUBB6	0.00016645	NM_032525.3	0.0057583	0.00559185
TUBB8	0.017934	NM_177987.3	1.305e-07	0.017933869499999998
TUBB8B		NM_001358689.2	1.7522e-06	
TUBD1	1.1505e-06	NM_016261.4	7.9851e-09	1.1425149000000001e-06
TUBE1	0.026894	NM_016262.5	1.3088e-05	0.026880912
TUBG1	0.12882	NM_001070.5	0.31647	0.18764999999999998
TUBG2	1.2102e-05	NM_016437.3	1.3766e-09	1.21006234e-05
TUBGCP2	2.2003e-08	NM_006659.4	5.6337e-11	2.1946663e-08
TUBGCP3	0.4552	NM_006322.6	0.67024	0.21503999999999995
TUBGCP4	3.6984e-09	NM_014444.5	5.696e-08	5.32616e-08
TUBGCP5	1.2275e-12	NM_052903.6	6.783e-20	1.22749993217e-12
TUBGCP6	2.5559e-31	NM_020461.4	1.4869e-51	2.5559e-31
TUFM	0.004184	NM_003321.5	0.0031196	0.0010644
TUFT1	0.00010612	NM_020127.3	1.4903e-11	0.00010611998509699999
TULP1	0.00056824	NM_003322.6	2.9584e-14	0.000568239999970416
TULP2	2.4676e-16	NM_003323.3	3.3044000000000005e-25	2.4675999966956e-16
TULP3	1.7488e-06	NM_003324.5	1.2493e-09	1.7475507e-06
TULP4	1.0	NM_020245.5	1.0	0.0
TUSC1	0.042737	NM_001004125.3	7.1595e-07	0.04273628405
TUSC2	0.7671	NM_007275.3	0.0092486	0.7578514
TUSC3	3.4606e-06	NM_006765.4	5.0694e-15	3.4605999949306e-06
TUT1	4.5457e-11	NM_022830.3	6.1347e-06	6.134654543e-06
TUT4		NM_001009881.3	1.0	
TUT7		NM_024617.4	1.0	
TVP23A	1.6882e-07	NM_001079512.4	4.2627e-05	4.245818e-05
TVP23B	0.00051742	NM_016078.6	0.90883	0.90831258
TVP23C	2.3189e-05	NM_001135036.2	2.706e-05	3.870999999999997e-06
TWF1	2.087e-05	NM_002822.5	0.8525	0.8524791300000001
TWF2	0.98055	NM_007284.4	0.94641	0.03414000000000006
TWIST1	0.34491	NM_000474.4	0.0067806	0.33812939999999997
TWIST2	0.56004	NM_001271893.4	0.79374	0.23370000000000002
TWNK		NM_021830.5	1.2032e-06	
TWSG1	0.0061123	NM_020648.6	0.0014096	0.004702700000000001
TXK	8.5733e-09	NM_003328.3	1.0129e-07	9.27167e-08
TXLNA	0.99731	NM_175852.4	1.0	0.00268999999999997
TXLNB	4.8053e-12	NM_153235.4	6.4687e-07	6.468651947e-07
TXN	0.20119	NM_003329.4	0.061686	0.13950400000000002
TXN2	2.5584e-05	NM_012473.4	0.00020232	0.000176736
TXNDC2	0.6341	NM_032243.6	0.012745	0.621355
TXNDC5	4.872e-13	NM_030810.5	1.0992e-13	3.7728e-13
TXNDC8	0.0079737	NM_001286946.2	0.00092008	0.00705362
TXNDC9	0.37701	NM_005783.4	0.96306	0.58605
TXNDC11	1.6814e-10	NM_015914.7	7.2024e-19	1.6813999927976e-10
TXNDC12	3.7354e-05	NM_015913.4	0.012434	0.012396646
TXNDC15	0.0096478	NM_024715.4	2.4837e-06	0.0096453163
TXNDC16	9.949e-06	NM_020784.3	2.7136e-17	9.948999999972865e-06
TXNDC17	0.038897	NM_032731.4	0.0003938	0.0385032
TXNIP	0.15918	NM_006472.6	0.0025091	0.1566709
TXNL1	0.88904	NM_004786.3	0.19825	0.69079
TXNL4A	7.2309e-05	NM_006701.5	2.3119e-07	7.207781e-05
TXNL4B	0.0043549	NM_017853.3	7.6032e-05	0.004278868
TXNRD1	1.6062e-06	NM_001093771.3	9.6983e-12	1.6061903017e-06
TXNRD2	3.4688e-11	NM_006440.5	2.0999e-22	3.4687999999790013e-11
TXNRD3	8.3449e-08	NM_052883.3	5.7369e-12	8.34432631e-08
TYK2	4.4963e-08	NM_003331.5	1.5716e-07	1.1219700000000001e-07
TYMP	0.00011694	NM_001953.5	7.118000000000001e-20	0.00011693999999999993
TYMS	0.72247	NM_001071.4	0.00026008	0.72220992
TYR	4.9861e-32	NM_000372.5	1.1138e-21	1.1137999999501389e-21
TYRO3	8.3343e-10	NM_006293.4	0.052889	0.05288899916657
TYROBP	0.20238	NM_003332.4	7.5496e-05	0.202304504
TYRP1	6.557000000000001e-25	NM_000550.3	3.9975999999999995e-21	3.9969442999999996e-21
TYSND1	0.00068197	NM_173555.4	2.7094e-11	0.000681969972906
TYW1	1.9626e-10	NM_018264.4	6.5854e-05	6.585380373999999e-05
TYW1B	5.4289e-20	NM_001145440.3	2.3528e-18	2.2985109999999998e-18
TYW3	0.0016927	NM_138467.3	1.0133e-08	0.001692689867
TYW5	1.9542e-10	NM_001039693.3	7.238e-11	1.2304000000000002e-10
U2AF1L4	6.7118e-06	NM_001040425.3	1.0668e-07	6.60512e-06
U2AF2	0.9996	NM_007279.3	1.0	0.00039999999999995595
U2SURP	1.0	NM_001080415.2	1.0	0.0
UACA	3.2462e-29	NM_018003.4	7.672e-20	7.671999996753801e-20
UAP1L1	3.4123e-06	NM_207309.3	4.4535e-20	3.4122999999999555e-06
UBA2	0.99851	NM_005499.3	1.0	0.0014899999999999913
UBA3	0.50413	NM_003968.4	0.99642	0.49229
UBA5	0.00025218	NM_024818.6	0.00035622	0.00010403999999999996
UBA6	3.7296e-09	NM_018227.6	7.6829e-09	3.9532999999999996e-09
UBA7	3.8164e-17	NM_003335.3	3.9781999999999997e-22	3.816360218e-17
UBA52	0.59849	NM_001033930.3	0.99791	0.39942
UBAC1	0.0014517	NM_016172.3	7.7153e-06	0.0014439847
UBAC2	0.0062623	NM_001144072.2	0.00013582	0.00612648
UBALD1	0.8032	NM_145253.3	0.15636	0.6468400000000001
UBALD2	0.3682	NM_182565.4	0.00049591	0.36770409000000004
UBAP1	0.91168	NM_016525.5	0.99999	0.08831
UBAP1L	0.0060011	NM_001163692.2	5.0745e-12	0.0060010999949255
UBAP2	3.4324e-07	NM_001370062.2	8.5143e-08	2.58097e-07
UBAP2L	1.0	NM_014847.4	1.0	0.0
UBASH3A	1.0489e-10	NM_018961.4	2.4483e-16	1.0488975517e-10
UBASH3B	4.7054e-05	NM_032873.5	0.01847	0.018422946
UBB	0.016904	NM_018955.4	0.00020834	0.016695659999999998
UBC	0.14161	NM_021009.7	0.98521	0.8436
UBD	0.0070467	NM_006398.4	0.35823	0.3511833
UBE2B	0.19663	NM_003337.4	0.056439	0.140191
UBE2C	0.10513	NM_007019.4	0.00011089	0.10501911
UBE2D1	0.11989	NM_003338.5	0.70052	0.58063
UBE2D2	0.96547	NM_003339.3	0.99971	0.03423999999999994
UBE2D3	0.41278	NM_181891.3	0.9977	0.5849200000000001
UBE2D4	1.862e-05	NM_015983.4	0.00025137	0.00023275
UBE2E1	0.70538	NM_003341.5	0.96212	0.25673999999999997
UBE2E2	0.96378	NM_152653.4	0.98144	0.01766000000000001
UBE2E3	0.42649	NM_006357.4	0.98817	0.56168
UBE2F	0.92267	NM_080678.3	0.99991	0.07723999999999998
UBE2G1	0.84382	NM_003342.5	0.86891	0.025089999999999946
UBE2G2	0.099496	NM_003343.6	0.065266	0.03423
UBE2H	0.94063	NM_003344.4	0.99994	0.059310000000000085
UBE2I	0.96496	NM_003345.5	0.99992	0.03495999999999999
UBE2J1	0.43658	NM_016021.3	0.15653	0.28005
UBE2J2	0.90974	NM_058167.3	0.99918	0.08943999999999996
UBE2K	0.98621	NM_005339.5	0.71353	0.27268000000000003
UBE2L3	0.83844	NM_003347.4	0.99725	0.15881
UBE2L5		NM_001355247.2	0.5399	
UBE2L6	0.0077047	NM_004223.5	0.0090735	0.0013687999999999999
UBE2M	0.79769	NM_003969.4	0.99977	0.20208000000000004
UBE2N	0.88156	NM_003348.4	0.99915	0.11758999999999997
UBE2O	1.0	NM_022066.4	1.0	0.0
UBE2Q1	0.99919	NM_017582.7	1.0	0.0008099999999999774
UBE2Q2	8.744e-08	NM_173469.4	1.1737e-11	8.7428263e-08
UBE2QL1	0.6783	NM_001145161.3	0.27811	0.40019
UBE2R2	0.97816	NM_017811.4	0.99997	0.021809999999999996
UBE2S	0.63172	NM_014501.3	0.67662	0.04490000000000005
UBE2T	1.0599e-05	NM_014176.4	0.082991	0.082980401
UBE2U	1.3492e-07	NM_001366232.2	0.00025525	0.00025511508
UBE2V1	0.00012406	NM_001032288.3	0.00099157	0.0008675099999999999
UBE2V2	0.03351	NM_003350.3	0.038432	0.004922000000000003
UBE2W	0.092355	NM_018299.6	0.0010222	0.0913328
UBE2Z	0.93838	NM_023079.5	0.92187	0.016510000000000025
UBE3A	0.9998	NM_130839.5	1.0	0.00019999999999997797
UBE3B	4.1871e-08	NM_130466.4	6.4844e-11	4.1806156e-08
UBE3C	1.0	NM_014671.3	0.99999	9.99999999995449e-06
UBE3D	5.9771e-07	NM_198920.3	4.2545e-11	5.97667455e-07
UBE4A	0.10902	NM_001204077.2	0.90115	0.79213
UBE4B	1.0	NM_001105562.3	1.0	0.0
UBFD1	0.94238	NM_019116.3	0.7214	0.22097999999999995
UBIAD1	0.019529	NM_013319.3	0.0073887	0.012140300000000001
UBL3	0.73544	NM_007106.4	0.61565	0.11978999999999995
UBL4B	0.030024	NM_203412.2	0.40905	0.37902600000000003
UBL5	0.016321	NM_001048241.3	1.6332e-05	0.016304667999999998
UBL7	0.0011746	NM_032907.5	0.0017422	0.0005675999999999999
UBLCP1	0.094508	NM_145049.5	7.5988e-05	0.094432012
UBN1	0.99995	NM_001079514.3	1.0	4.999999999999449e-05
UBN2	0.99993	NM_173569.4	1.0	7.00000000000145e-05
UBOX5	0.00072138	NM_014948.4	4.0469e-07	0.00072097531
UBP1	0.99999	NM_014517.5	0.9861	0.013890000000000069
UBQLN1	0.99884	NM_013438.5	0.99999	0.0011500000000000954
UBQLN3	1.7965e-05	NM_017481.4	0.33861	0.338592035
UBQLN4	0.98252	NM_020131.5	1.0	0.01748000000000005
UBQLNL	2.1123e-12	NM_145053.5		
UBR1	0.0054862	NM_174916.3	0.96721	0.9617238
UBR2	1.0	NM_001363705.2	0.96675	0.03325
UBR3	1.0	NM_172070.4	1.0	0.0
UBR4	1.0	NM_020765.3	1.0	0.0
UBR5	1.0	NM_015902.6	1.0	0.0
UBR7	0.49449	NM_175748.4	0.2913	0.20318999999999998
UBTD1	0.74558	NM_024954.5	1.4412e-06	0.7455785588
UBTD2	0.18693	NM_152277.3	0.10437	0.08256000000000001
UBTF	1.0	NM_014233.4	1.0	0.0
UBTFL1		NM_001143975.1	0.021616	
UBXN1	0.72752	NM_001286077.2	0.0033676	0.7241523999999999
UBXN2A	1.3932e-06	NM_181713.4	1.6435e-05	1.50418e-05
UBXN2B	0.10316	NM_001077619.2	0.00058579	0.10257421
UBXN4	0.14569	NM_014607.4	8.2167e-05	0.145607833
UBXN6	5.4834e-06	NM_025241.3	6.811e-15	5.4833999931889995e-06
UBXN7	0.99988	NM_015562.2	1.0	0.00012000000000000899
UBXN8		NM_005671.4	1.0412e-12	
UBXN10	0.013862	NM_152376.5	0.0072726	0.0065894
UBXN11	1.3973e-13	NM_001389556.1	3.4427e-10	3.4413027e-10
UCHL1	0.99095	NM_004181.5	0.99978	0.008830000000000005
UCHL3	3.3417e-08	NM_006002.5	0.0010021	0.0010020665829999999
UCHL5	0.0012557	NM_001199261.3	0.0012507	5.000000000000013e-06
UCK1	1.0175e-05	NM_031432.5	0.00012264	0.000112465
UCK2	0.72131	NM_012474.5	0.99748	0.27617
UCKL1	4.3613e-15	NM_017859.4	2.5137000000000003e-25	4.36129999974863e-15
UCMA	9.061e-06	NM_145314.3	2.3864e-07	8.82236e-06
UCN	0.44958	NM_003353.4	0.010144	0.439436
UCN2	0.037947	NM_033199.4	0.022384	0.015563
UCN3	0.043878	NM_053049.4	0.064654	0.020776000000000003
UCP1	1.6903e-11	NM_021833.5	9.3115e-10	9.14247e-10
UCP2	1.5497e-10	NM_003355.3	1.2061e-08	1.1906029999999999e-08
UCP3	9.5517e-10	NM_003356.4	7.9603e-08	7.864783e-08
UEVLD	3.7228e-07	NM_001040697.4	6.0888e-09	3.661912e-07
UFC1	0.0036155	NM_016406.4	2.8549e-06	0.0036126451
UFD1		NM_005659.7	0.99902	
UFL1	1.1708e-12	NM_015323.5	6.5162e-12	5.3454e-12
UFM1	0.15655	NM_016617.4	0.62139	0.46484000000000003
UFSP1	0.027072	NM_001015072.4	0.056239	0.029167
UFSP2	3.0583e-06	NM_018359.5	2.8216e-10	3.05801784e-06
UGCG	0.94147	NM_003358.3	0.99987	0.05840000000000001
UGDH	0.00068341	NM_003359.4	1.6807e-07	0.00068324193
UGGT1	5.1934e-10	NM_020120.4	7.4921e-11	4.44419e-10
UGGT2	1.3209e-41	NM_020121.4	2.5434e-34	2.54339986791e-34
UGP2	1.3543e-08	NM_006759.4	2.8756e-09	1.0667399999999999e-08
UGT1A1	3.2577e-06	NM_000463.3	1.8823e-09	3.2558177e-06
UGT1A3	1.3092e-09	NM_019093.4	3.2158e-08	3.08488e-08
UGT1A4	5.9807e-07	NM_007120.3	4.7955e-09	5.932744999999999e-07
UGT1A5	9.3665e-09	NM_019078.2	2.4823e-07	2.388635e-07
UGT1A6	3.0491e-07	NM_001072.4	5.262e-08	2.5229e-07
UGT1A7	8.6636e-14	NM_019077.3	1.4261e-08	1.4260913364e-08
UGT1A8	1.3092e-09	NM_019076.5	1.0939e-11	1.298261e-09
UGT1A9	5.3634e-08	NM_021027.3	1.2406e-09	5.23934e-08
UGT1A10	4.5886e-19	NM_019075.4	1.6842e-17	1.638314e-17
UGT2A1	3.8806e-17	NM_001252275.3	3.7639000000000005e-25	3.880599962361e-17
UGT2A2	4.7525e-14	NM_001105677.2	1.6212e-23	4.7524999983788e-14
UGT2A3	1.2614e-15	NM_024743.4	1.3260999999999999e-21	1.2613986739e-15
UGT2B4	4.3777e-09	NM_021139.3	3.8573e-14	4.377661427e-09
UGT2B7	1.191e-13	NM_001074.4	5.1475e-16	1.1858524999999999e-13
UGT2B10	1.0278e-17	NM_001075.6	7.3202e-20	1.0204798000000001e-17
UGT2B11	5.98e-16	NM_001073.3	9.6336e-14	9.5738e-14
UGT2B15	2.2864e-21	NM_001076.4	6.0378e-11	6.037799999771359e-11
UGT2B17	9.6905e-08	NM_001077.4	0.0010514	0.001051303095
UGT2B28	5.2426e-18	NM_053039.2	3.2403e-17	2.7160400000000002e-17
UGT3A1	3.5366e-13	NM_152404.4	1.5602e-10	1.5566634e-10
UGT3A2	7.1897e-10	NM_174914.4	1.6319e-09	9.129299999999999e-10
UGT8	0.027986	NM_001128174.3	0.99869	0.970704
UHMK1	0.83404	NM_175866.5	0.25893	0.57511
UHRF1		NM_001048201.3	1.0	
UHRF2	0.99928	NM_152896.3	1.0	0.0007200000000000539
UIMC1	8.2815e-07	NM_001199298.2	0.076965	0.07696417185
ULBP1	6.885e-07	NM_025218.4	1.4998e-10	6.883500199999999e-07
ULBP2	1.8392e-09	NM_025217.4	8.0356e-08	7.851679999999999e-08
ULBP3	4.7366e-11	NM_024518.3	4.3629e-08	4.3581634e-08
ULK1	0.99318	NM_003565.4	6.7362e-05	0.9931126379999999
ULK2	1.877e-08	NM_014683.4	4.7394e-13	1.876952606e-08
ULK3	0.0020258	NM_001099436.4	1.5824e-17	0.0020257999999999843
ULK4	4.4336e-38	NM_017886.4	4.7633e-28	4.76329999955664e-28
UMOD	3.0798e-17	NM_003361.4	9.1231e-23	3.0797908769e-17
UMODL1	4.2869e-36	NM_001004416.3	6.5486e-37	3.6320399999999996e-36
UMPS	0.0001051	NM_000373.4	0.0026796	0.0025745
UNC5A	0.99983	NM_133369.3	1.0	0.00017000000000000348
UNC5B	2.6935e-07	NM_170744.5	5.7372e-09	2.636128e-07
UNC5C	0.0008813	NM_003728.4	1.7708e-05	0.000863592
UNC5CL	2.0365e-13	NM_173561.3	1.9055e-11	1.885135e-11
UNC5D	0.92929	NM_080872.4	0.99484	0.06555
UNC13A	1.0	NM_001080421.3	1.0	0.0
UNC13B	3.153e-17	NM_001371189.2	9.2468e-27	3.15299999907532e-17
UNC13C	2.1692e-15	NM_001080534.3	2.4291e-34	2.1692e-15
UNC13D	1.091e-18	NM_199242.3	4.4142000000000005e-31	1.0909999999995586e-18
UNC45A	3.2704e-11	NM_018671.5	1.6182000000000001e-19	3.2703999838180004e-11
UNC45B	2.9085e-15	NM_001267052.2	5.681599999999999e-21	2.9084943183999996e-15
UNC50	0.00019753	NM_014044.7	1.3259e-06	0.0001962041
UNC80	0.052307	NM_001371986.1	0.0041479	0.048159099999999996
UNC93A	1.1634e-15	NM_018974.4	3.6002e-14	3.48386e-14
UNC93B1	0.1428	NM_030930.4	1.2598e-09	0.14279999874020002
UNC119	0.00014831	NM_005148.4	0.00011263	3.568e-05
UNC119B	0.78353	NM_001080533.3	0.00017027	0.7833597299999999
UNCX	0.63399	NM_001080461.3	0.17398	0.46001000000000003
UNG	0.0017247	NM_080911.3	2.5181e-11	0.001724699974819
UNK	0.99994	NM_001080419.3	0.99183	0.008110000000000062
UNKL	0.81729	NM_001372107.1	3.2611e-21	0.81729
UPB1	7.3647e-12	NM_016327.3	7.0966e-11	6.36013e-11
UPF1	1.0	NM_002911.4	1.0	0.0
UPF2	1.0	NM_015542.4	1.0	0.0
UPF3A	9.1728e-07	NM_023011.4	1.769e-11	9.1726231e-07
UPK1B	2.1842e-08	NM_006952.4	1.8431e-06	1.821258e-06
UPK2	2.9877e-08	NM_006760.4	2.9339e-08	5.379999999999979e-10
UPK3A	1.0773e-10	NM_006953.4	5.2534e-13	1.0720466e-10
UPK3B	0.00023426	NM_001347684.2	1.0306e-06	0.0002332294
UPK3BL1		NM_001114403.3	0.57903	
UPP1	0.00037588	NM_003364.4	5.0284e-06	0.0003708516
UPP2	0.0012599	NM_173355.4	2.1521e-05	0.001238379
UQCC1	3.1978e-08	NM_018244.5	4.6718e-09	2.7306199999999997e-08
UQCC2	0.01866	NM_032340.4	2.1776e-07	0.01865978224
UQCC3		NM_001085372.3	0.001616	
UQCR10	0.14162	NM_013387.4	0.0058133	0.1358067
UQCR11	0.00010553	NM_006830.4	4.9043e-05	5.6487e-05
UQCRB	0.016423	NM_006294.5	0.0051472	0.011275799999999999
UQCRC1	0.020028	NM_003365.3	2.8097e-06	0.020025190300000002
UQCRC2	2.8623e-06	NM_003366.4	6.0679e-15	2.8622999939321e-06
UQCRFS1	0.18923	NM_006003.3	0.34234	0.15310999999999997
UQCRH	0.0020194	NM_006004.4	6.9522e-05	0.0019498780000000002
UQCRQ	0.04825	NM_014402.5	0.00040915	0.047840850000000004
URAD	0.0051396	NM_001105577.2	0.026919	0.021779399999999997
URB1	1.2231e-17	NM_014825.3	3.7366e-49	1.2231e-17
URB2	1.2188e-17	NM_014777.4	1.7775e-18	1.04105e-17
URGCP	0.57799	NM_001077663.3	0.1444	0.43359000000000003
URI1	1.1089e-05	NM_003796.3	1.7904e-07	1.090996e-05
URM1	0.031327	NM_030914.4	0.011817	0.01951
UROC1	2.0787e-15	NM_144639.3	3.7795000000000003e-25	2.07869999962205e-15
UROD	1.2563e-08	NM_000374.5	2.0406e-08	7.843000000000001e-09
UROS	0.031627	NM_000375.3	0.0035232	0.0281038
USB1	0.000687	NM_024598.4	3.1388e-05	0.000655612
USE1	2.0712e-05	NM_018467.4	2.1697e-10	2.071178303e-05
USF1	0.023545	NM_007122.5	0.020881	0.0026639999999999997
USF2	0.99253	NM_003367.4	0.037239	0.955291
USF3		NM_001009899.4	1.0	
USH1C	3.9714e-18	NM_153676.4	1.9134999999999998e-22	3.9712086500000004e-18
USH1G	3.7481e-05	NM_173477.5	7.5614e-09	3.74734386e-05
USH2A	1.5692e-94	NM_206933.4	2.7327e-115	1.5692e-94
USHBP1	2.9968e-17	NM_031941.4	4.3688e-20	2.9924312e-17
USO1	0.33417	NM_003715.4	2.5227e-07	0.33416974773
USP1	0.99691	NM_003368.5	1.0	0.003090000000000037
USP2	0.0006905	NM_004205.5	0.0028423	0.0021517999999999997
USP3	0.99989	NM_006537.4	0.99865	0.0012399999999999078
USP4	1.6119e-09	NM_003363.4	4.1083e-12	1.6077917e-09
USP5	0.96396	NM_001098536.2	1.0	0.03603999999999996
USP6	2.9469000000000003e-35	NM_001304284.2	5.822e-29	5.821997053100001e-29
USP6NL	0.12097	NM_014688.5	0.0040365	0.1169335
USP7	1.0	NM_003470.3	1.0	0.0
USP8	1.0	NM_005154.5	1.0	0.0
USP10	0.99411	NM_005153.3	0.99997	0.005859999999999976
USP12	0.97053	NM_182488.4	0.46931	0.50122
USP13	3.0651e-12	NM_003940.3	1.5357e-13	2.91153e-12
USP14	0.90546	NM_005151.4	0.08326	0.8222
USP15	0.99997	NM_001252078.2	1.0	2.999999999997449e-05
USP16	1.8493e-09	NM_006447.3	1.3198e-17	1.849299986802e-09
USP17L1		NM_001256873.1	4.1639e-10	
USP17L2		NM_201402.3	7.4771e-13	
USP17L4		NM_001256874.1	0.003319	
USP17L7		NM_001256869.2	3.7776999999999995e-21	
USP17L17		NM_001256857.1		
USP18	0.0014952	NM_017414.4	0.99638	0.9948848
USP19	0.99999	NM_001199161.2	1.0	9.99999999995449e-06
USP20	7.2852e-05	NM_001110303.4	5.0421e-17	7.285199999994958e-05
USP21	0.0026379	NM_001014443.3	4.9894e-05	0.002588006
USP22	0.55212	NM_015276.2	0.9834	0.43128
USP24	1.0	NM_015306.3	1.0	0.0
USP25	0.7522	NM_001283041.3	3.1757e-08	0.752199968243
USP29		NM_020903.3	0.12362	
USP30	8.2501e-05	NM_032663.5	2.2078e-06	8.02932e-05
USP31	0.062141	NM_020718.4	0.9703	0.908159
USP32	1.0	NM_032582.4	1.0	0.0
USP33	0.86249	NM_201624.3	0.98903	0.12653999999999999
USP34	1.0	NM_014709.4	1.0	0.0
USP35	5.4853e-07	NM_020798.4	3.6602e-21	5.485299999999963e-07
USP36	1.877e-05	NM_001385174.1	1.085e-07	1.86615e-05
USP37	0.99999	NM_020935.3	1.0	9.99999999995449e-06
USP38	3.8483e-07	NM_032557.6	3.3257e-05	3.287217e-05
USP39	0.01038	NM_006590.4	9.2464e-07	0.01037907536
USP40	1.1506e-25	NM_001365479.2	1.3534e-38	1.1505999999998648e-25
USP42	1.0	NM_032172.3	1.0	0.0
USP43	0.16359	NM_153210.5	0.013274	0.150316
USP44	9.8051e-15	NM_032147.5	1.4394e-16	9.66116e-15
USP45	1.363e-17	NM_001346022.3	3.5556e-16	3.4193e-16
USP46	0.79135	NM_022832.4	0.98994	0.19859000000000004
USP47	1.0	NM_001282659.2	1.0	0.0
USP48	1.0	NM_032236.8	1.0	0.0
USP49	0.93828	NM_001286554.2	0.34172	0.59656
USP50	2.6279e-18	NM_203494.5	1.6508e-13	1.6507737209999998e-13
USP53	1.6605e-13	NM_001371395.1	4.8836e-16	1.6556164e-13
USP54	3.3877e-11	NM_001391956.1	6.9719e-09	6.938023e-09
USPL1	0.021819	NM_005800.5	0.0004456	0.0213734
UST	0.43933	NM_005715.3	0.013997	0.425333
UTF1	0.50847	NM_003577.3	6.381e-07	0.5084693619
UTP3	1.9374e-05	NM_020368.3	0.018669	0.018649626000000002
UTP4		NM_032830.3	8.2021e-08	
UTP6	3.113e-08	NM_018428.3	9.4274e-07	9.1161e-07
UTP11		NM_016037.4	6.3009e-08	
UTP14C	0.0053453	NM_021645.6	0.0047356	0.0006096999999999995
UTP15	0.99993	NM_032175.4	1.0	7.00000000000145e-05
UTP18	0.0023345	NM_016001.3	1.0128e-06	0.0023334872
UTP20	3.0008e-15	NM_014503.3	2.9455e-11	2.9451999199999996e-11
UTP23	0.086364	NM_032334.3	0.011332	0.075032
UTP25		NM_014388.7	2.1405e-09	
UTRN	1.0021e-19	NM_007124.3	2.1629e-47	1.0021e-19
UTS2	0.031612	NM_006786.4	0.0028348	0.028777200000000003
UTS2B	0.00022271	NM_198152.5	0.094239	0.09401629
UTS2R	2.3172e-05	NM_018949.3		
UVRAG	0.98942	NM_003369.4	0.99676	0.007340000000000013
UVSSA	5.4127e-25	NM_020894.4	2.9612000000000004e-25	2.4515e-25
UXS1	0.0029371	NM_001253875.2	3.6276e-05	0.002900824
VAC14	0.18554	NM_018052.5	1.7656e-06	0.1855382344
VAMP1	0.0039396	NM_014231.5	0.00015246	0.0037871399999999996
VAMP2	0.88736	NM_014232.3	0.99957	0.11220999999999992
VAMP3	0.0025882	NM_004781.4	0.0073335	0.004745299999999999
VAMP4	0.14407	NM_003762.5	0.0041817	0.1398883
VAMP5	0.011061	NM_006634.3	0.00022399	0.01083701
VAMP8	0.10726	NM_003761.5	0.001028	0.106232
VANGL1	0.020285	NM_138959.3	0.90849	0.888205
VANGL2	0.84283	NM_020335.3	0.99957	0.15674
VAPA	0.35325	NM_194434.3	0.99468	0.64143
VAPB	0.58111	NM_004738.5	0.52375	0.05735999999999997
VARS1		NM_006295.3	2.7777e-14	
VARS2	5.8321e-17	NM_020442.6	2.8434e-23	5.832097156599999e-17
VASH1	0.32566	NM_014909.5	0.0020979	0.3235621
VASH2	0.24217	NM_001301056.2	9.2281e-08	0.242169907719
VASN	0.67248	NM_138440.3	2.3087e-06	0.6724776913
VASP	0.94665	NM_003370.4	0.00013286	0.94651714
VAT1	0.0054627	NM_006373.4	1.1399e-06	0.0054615601
VAT1L	9.9386e-07	NM_020927.3	6.0321e-10	9.9325679e-07
VAV1	0.99993	NM_005428.4	1.0	7.00000000000145e-05
VAV2	3.1086e-06	NM_001134398.2	7.3084e-08	3.035516e-06
VAV3	8.4532e-14	NM_006113.5	4.1733e-15	8.03587e-14
VAX1	0.7705	NM_001112704.2	0.65801	0.11248999999999998
VAX2	0.15981	NM_012476.3	0.00046861	0.15934139
VCAM1	0.79791	NM_001078.4	4.1798e-09	0.7979099958202001
VCAN	1.0	NM_004385.5	1.0	0.0
VCL	0.046788	NM_014000.3	0.99858	0.951792
VCP	0.99999	NM_007126.5	1.0	9.99999999995449e-06
VCPIP1	1.0	NM_025054.5	1.0	0.0
VCPKMT	5.5498e-11	NM_024558.3	1.2538e-09	1.198302e-09
VDAC1	0.97266	NM_003374.3	0.94588	0.026779999999999915
VDAC2	0.63412	NM_001391963.1	0.99998	0.36585999999999996
VDAC3	0.99454	NM_005662.7	0.99812	0.0035800000000000276
VDR	1.6787e-05	NM_000376.3	0.01086	0.010843212999999999
VEGFA	2.4085e-05	NM_003376.6	0.19093	0.19090591499999998
VEGFB	1.3114e-09	NM_003377.5	1.5179e-09	2.0649999999999986e-10
VEGFC	0.49565	NM_005429.5	0.99987	0.5042200000000001
VENTX	2.7462e-05	NM_014468.4	1.837e-05	9.092e-06
VEPH1	2.296e-22	NM_001167912.2	9.2591e-24	2.203409e-22
VEZF1	0.99423	NM_007146.3	1.0	0.005770000000000053
VEZT	0.11018	NM_017599.4	2.5215e-05	0.110154785
VGF	0.56825	NM_003378.4	0.0087665	0.5594835
VGLL2	0.70547	NM_182645.3	5.8253e-06	0.7054641747
VGLL3	0.069692	NM_016206.4	0.00063244	0.06905956
VGLL4	0.072826	NM_001128219.3	0.48617	0.413344
VHL	0.079515	NM_000551.4	0.0019543	0.0775607
VHLL		NM_001004319.3	0.0025936	
VIL1	2.6433e-14	NM_007127.3	5.2569999999999997e-23	2.643299994743e-14
VILL	3.9093e-23	NM_015873.4	7.3624e-33	3.9092999992637605e-23
VIM	0.71255	NM_003380.5	0.86008	0.14752999999999994
VIP	0.00041995	NM_003381.4	8.7112e-06	0.00041123879999999997
VIPAS39	7.2613e-10	NM_001193315.2	3.0665e-15	7.261269334999999e-10
VIPR1	7.4401e-27	NM_004624.4	1.6167e-23	1.61595599e-23
VIPR2	4.718e-11	NM_003382.5	8.4268e-13	4.6337319999999996e-11
VIRMA		NM_015496.5	0.99994	
VIT	5.435e-32	NM_053276.4	4.958499999999999e-40	5.434999950415e-32
VKORC1	0.16163	NM_024006.6	0.00070204	0.16092796
VKORC1L1	0.84443	NM_173517.6	0.91663	0.07219999999999993
VLDLR	1.9617e-11	NM_003383.5	6.079e-18	1.9616993920999998e-11
VMAC	0.041351	NM_001017921.4	3.4094e-05	0.041316906
VMO1	2.1183e-06	NM_182566.3	1.0738e-05	8.6197e-06
VMP1	0.96271	NM_030938.5	1.0	0.037290000000000045
VN1R1		NM_020633.4		
VN1R2		NM_173856.2	0.29297	
VNN1	4.3868e-06	NM_004666.3	6.8163e-07	3.70517e-06
VNN2	4.448e-15	NM_004665.6	2.9929e-13	2.94842e-13
VOPP1	0.32523	NM_030796.5	0.030996	0.294234
VPREB1	0.096491	NM_007128.4	7.8273e-08	0.096490921727
VPREB3	0.094588	NM_013378.3	9.6187e-06	0.0945783813
VPS4A	0.94474	NM_013245.3	0.3968	0.5479400000000001
VPS4B	0.23026	NM_004869.4	0.81961	0.5893499999999999
VPS8	5.1131e-08	NM_001009921.3	4.9293e-15	5.1130995070700005e-08
VPS9D1	7.2069e-20	NM_004913.3	1.2201e-30	7.20689999987799e-20
VPS11	1.8905e-05	NM_021729.6	8.2648e-05	6.3743e-05
VPS13A	9.3125e-22	NM_033305.3	4.2316000000000003e-35	9.312499999999578e-22
VPS13B	2.5029e-45	NM_152564.5	2.3165000000000002e-55	2.5028999997683503e-45
VPS13C	7.6491e-49	NM_020821.3	2.0136999999999997e-66	7.6491e-49
VPS13D	1.0749e-06	NM_015378.4	1.0	0.9999989251
VPS16	2.2652e-15	NM_022575.4	1.8091e-18	2.2633908999999997e-15
VPS18	0.4761	NM_020857.3	0.99984	0.5237399999999999
VPS25	0.077601	NM_032353.4	2.8411e-05	0.077572589
VPS26A	0.61411	NM_004896.5	0.00029718	0.61381282
VPS26B	0.9665	NM_052875.5	0.98826	0.02176
VPS26C		NM_006052.2	0.00082691	
VPS28	0.069338	NM_016208.4	1.8583e-08	0.069337981417
VPS29	0.74696	NM_016226.5	0.99668	0.24972000000000005
VPS33A	0.18206	NM_022916.6	0.082375	0.099685
VPS33B	2.4065e-16	NM_018668.5	3.587e-22	2.4064964129999997e-16
VPS35	0.96921	NM_018206.6	1.0	0.030789999999999984
VPS35L		NM_020314.7	7.7023e-11	
VPS36	0.046442	NM_016075.4	0.019737	0.026704999999999996
VPS37A	0.00067936	NM_152415.3	1.0159e-05	0.0006692009999999999
VPS37B	0.058263	NM_024667.3	0.029273	0.028990000000000002
VPS37C	0.038236	NM_017966.5	0.025541	0.012694999999999998
VPS37D	0.91622	NM_001077621.2	0.26283	0.65339
VPS39	1.7834e-11	NM_015289.5	2.4423e-11	6.589000000000001e-12
VPS41	4.4224e-18	NM_014396.4	4.3391e-14	4.33865776e-14
VPS45	5.094e-06	NM_007259.5	0.0075434	0.007538306
VPS50		NM_017667.4	0.1061	
VPS51	1.052e-08	NM_013265.4	1.1946e-19	1.051999999988054e-08
VPS52	0.00038938	NM_022553.6	1.963e-08	0.00038936037
VPS53	1.3999e-07	NM_001128159.3	1.0426e-13	1.3998989574e-07
VPS54	0.99929	NM_016516.3	0.99787	0.0014199999999999768
VPS72	0.00020208	NM_005997.3	1.3801e-06	0.0002006999
VRK1	0.0021149	NM_003384.3	2.0755e-05	0.002094145
VRK2	1.5681e-11	NM_006296.7	1.3326e-11	2.3549999999999996e-12
VRK3	3.2374e-11	NM_016440.4	4.9346e-14	3.2324654e-11
VRTN	0.98901	NM_018228.3	0.95055	0.03845999999999994
VSIG2	0.00012031	NM_014312.5	1.171e-09	0.00012030882900000001
VSIG8	0.00020192	NM_001013661.1	1.596e-09	0.000201918404
VSIG10	3.4841e-06	NM_019086.6	5.6151e-14	3.484099943849e-06
VSIG10L	1.086e-08	NM_001163922.3	1.7289999999999999e-22	1.0859999999999826e-08
VSIG10L2		NM_001365077.2	1.039e-16	
VSIR		NM_022153.2	0.80265	
VSNL1	0.45742	NM_003385.5	0.91747	0.46005
VSTM1	6.372e-08	NM_198481.4	5.2419e-08	1.1301000000000003e-08
VSTM2A	0.27277	NM_001301009.2	0.05514	0.21763000000000002
VSTM2B	0.0031624	NM_001146339.2	1.1447e-10	0.0031623998855300002
VSTM2L	0.24663	NM_080607.3	0.072084	0.17454599999999998
VSTM4	0.033816	NM_001031746.5	0.064127	0.030311000000000005
VSTM5	6.2537e-08	NM_001144871.2	6.8264e-08	5.726999999999996e-09
VSX1	0.035854	NM_014588.6	3.8245e-10	0.035853999617549995
VSX2	0.00016481	NM_182894.3	4.2463e-10	0.00016480957537
VTA1	0.00039935	NM_016485.5	0.00011177	0.00028757999999999995
VTCN1	1.3669e-12	NM_024626.4	3.4293e-09	3.4279331000000003e-09
VTI1A	0.00054173	NM_145206.4	7.1106e-05	0.000470624
VTI1B	0.10836	NM_006370.3	0.0021559	0.1062041
VTN	1.5014e-10	NM_000638.4	6.4557e-14	1.50075443e-10
VWA1	0.0052878	NM_022834.5	8.5474e-05	0.005202325999999999
VWA2	1.2242e-17	NM_001272046.2	5.704800000000001e-25	1.224199942952e-17
VWA3A	1.6824000000000002e-25	NM_173615.5	1.9201e-38	1.6823999999998083e-25
VWA3B	9.7397e-28	NM_144992.5	7.7438e-39	9.739699999922563e-28
VWA5A	2.5953e-29	NM_001130142.2	9.8288e-22	9.828799740469999e-22
VWA5B1	9.1392e-33	NM_001039500.3	3.5206e-39	9.1391964794e-33
VWA5B2	5.2466e-07	NM_001390846.1	1.8866e-27	5.2466e-07
VWA7	2.3119e-11	NM_025258.3	7.381100000000001e-19	2.311899926189e-11
VWA8	8.4114e-70	NM_015058.2	1.6848e-51	1.6848e-51
VWC2	0.97088	NM_198570.5	0.0003214	0.9705585999999999
VWC2L	0.1298	NM_001080500.4	0.17672	0.04691999999999999
VWCE	3.0509e-12	NM_152718.2	1.5347e-14	3.035553e-12
VWDE	1.3320999999999996e-40	NM_001135924.3	5.6902e-61	1.3320999999999996e-40
VWF	3.2187e-25	NM_000552.5	5.1954e-27	3.166746e-25
VXN		NM_152765.4	0.85726	
WAC	1.0	NM_016628.5	1.0	0.0
WAPL		NM_015045.5	1.0	
WARS1		NM_004184.4	0.99752	
WARS2	0.050885	NM_015836.4	1.9685e-08	0.050884980315
WASF1	0.99757	NM_003931.3	1.0	0.0024300000000000432
WASF2	0.97567	NM_006990.5	0.99632	0.020649999999999946
WASF3	0.54018	NM_006646.6	0.99996	0.45977999999999997
WASHC2A		NM_001005751.3	3.4624e-16	
WASHC2C		NM_001330074.2	6.0236e-14	
WASHC3		NM_016053.4	0.088042	
WASHC4		NM_015275.3	0.001095	
WASHC5		NM_014846.4	5.0212e-14	
WASL	0.87654	NM_003941.4	0.83047	0.046069999999999944
WBP1	6.5841e-08	NM_012477.4	1.805e-07	1.1465900000000001e-07
WBP1L	0.64011	NM_001083913.2	0.005032	0.6350779999999999
WBP2	0.34916	NM_012478.4	8.9376e-07	0.34915910624
WBP2NL	8.182e-08	NM_152613.3	2.128e-10	8.16072e-08
WBP4	3.9769e-08	NM_007187.5	2.4544e-09	3.73146e-08
WBP11	0.99994	NM_016312.3	1.0	5.999999999994898e-05
WDCP		NM_025203.3	0.013362	
WDFY1	6.3352e-05	NM_020830.5	0.00052602	0.00046266799999999996
WDFY2	1.5198e-08	NM_052950.4	3.0549e-05	3.0533802e-05
WDFY3	1.0	NM_014991.6	1.0	0.0
WDFY4	0.34009	NM_001394531.1	9.1057e-11	0.340089999908943
WDHD1	4.3694e-18	NM_007086.4	5.472999999999999e-23	4.36934527e-18
WDPCP	1.0908e-10	NM_015910.7	2.1762e-16	1.0907978238e-10
WDR1	0.99892	NM_017491.5	0.99917	0.00024999999999997247
WDR3	2.0951e-13	NM_006784.3	3.6522e-16	2.0914478e-13
WDR4	1.3806e-08	NM_018669.6	9.0544e-18	1.38059999909456e-08
WDR5	0.99978	NM_017588.3	1.0	0.00021999999999999797
WDR5B	1.7993e-05	NM_019069.4	0.0001223	0.00010430699999999999
WDR6	2.1434e-09	NM_018031.6	9.5259e-13	2.14244741e-09
WDR7	1.0	NM_015285.3	1.0	0.0
WDR11	1.3704e-08	NM_018117.12	5.057e-08	3.6866e-08
WDR12	0.00032559	NM_018256.4	5.1653e-08	0.000325538347
WDR17	9.6547e-25	NM_181265.4	2.0872e-34	9.654699997912799e-25
WDR18	0.99271	NM_024100.4	5.4107e-11	0.9927099999458929
WDR19	4.632e-11	NM_025132.4	2.365e-23	4.631999999997635e-11
WDR20	0.91532	NM_144574.4	1.0	0.08467999999999998
WDR24	2.3533e-05	NM_032259.4	4.0342e-05	1.6809e-05
WDR25	2.1449e-05	NM_001161476.3	3.2678e-08	2.1416322e-05
WDR26	1.0	NM_001379403.1	1.0	0.0
WDR27	3.8042e-17	NM_182552.5	4.3978e-29	3.804199999995602e-17
WDR31	1.5482e-09	NM_001012361.4	2.1466e-06	2.1450518e-06
WDR33	1.0	NM_018383.5	1.0	0.0
WDR35	1.0462e-22	NM_020779.4	1.4175999999999998e-21	1.3129799999999997e-21
WDR36	0.0005724	NM_139281.3	8.0576e-09	0.0005723919424
WDR37	0.56642	NM_014023.4	0.99981	0.43338999999999994
WDR38	1.975e-11	NM_001045476.3	3.1594e-13	1.943406e-11
WDR41	6.4998e-14	NM_018268.4	4.2622e-13	3.61222e-13
WDR43	0.99997	NM_015131.3	1.0	2.999999999997449e-05
WDR45B	0.15624	NM_019613.4	0.087684	0.06855599999999999
WDR46	5.4327e-13	NM_005452.6	1.4779e-15	5.417921e-13
WDR47	0.29213	NM_001142551.2	0.99984	0.70771
WDR48	0.99985	NM_020839.4	1.0	0.00014999999999998348
WDR49	1.0465000000000001e-19	NM_001366157.1	2.997e-29	1.0464999997003001e-19
WDR53	0.0024918	NM_182627.3	4.686e-06	0.0024871140000000003
WDR54	1.5733e-11	NM_032118.4	7.811e-15	1.5725189e-11
WDR55	5.0372e-14	NM_017706.5	9.5204e-12	9.470027999999999e-12
WDR59	3.061e-14	NM_030581.4	3.3383e-25	3.0609999999666175e-14
WDR62	2.3562e-23	NM_001083961.2	1.0718e-25	2.345482e-23
WDR64	4.9565e-32	NM_001367482.1	1.1003000000000001e-24	1.1002999504350001e-24
WDR70	1.5777e-09	NM_018034.4	1.0994e-07	1.083623e-07
WDR72	2.733e-27	NM_182758.4	1.2025000000000001e-34	2.73299987975e-27
WDR73	2.8229e-09	NM_032856.5	0.00019878	0.0001987771771
WDR74	3.4256e-09	NM_001369450.1	2.3917e-07	2.357444e-07
WDR75	1.7127e-05	NM_032168.3	0.036897	0.036879873
WDR76	2.7667e-09	NM_024908.4	5.1504e-12	2.7615496e-09
WDR77	0.0002454	NM_024102.4	2.7871e-09	0.0002453972129
WDR81	6.7458e-08	NM_001163809.2	5.0643e-21	6.745799999999493e-08
WDR82	0.88696	NM_025222.4	0.99658	0.10962000000000005
WDR83	6.4459e-12	NM_001099737.3	1.2943e-13	6.31647e-12
WDR83OS	0.0033142	NM_016145.4	3.7997e-06	0.0033104003
WDR86	1.1648e-09	NM_198285.3	4.7932e-09	3.6284000000000004e-09
WDR87	6.1602e-20	NM_001291088.2	4.1745e-10	4.17449999938398e-10
WDR88	1.5429e-08	NM_173479.4	2.8866e-12	1.54261134e-08
WDR89	7.4832e-05	NM_080666.4	0.00053478	0.000459948
WDR90	1.2637e-64	NM_145294.5	1.2354000000000001e-101	1.2637e-64
WDR91	4.3664e-06	NM_014149.4	2.5365e-08	4.341035e-06
WDR93	4.0651e-17	NM_020212.2	1.0872e-19	4.054228e-17
WDSUB1	6.7458e-14	NM_001128212.3	7.8905e-15	5.95675e-14
WDTC1	0.99915	NM_001276252.2	1.0	0.0008500000000000174
WEE1	0.99973	NM_003390.4	0.99985	0.00012000000000000899
WEE2	4.8102e-06	NM_001105558.1	7.9709e-14	4.8101999202910005e-06
WFDC1	3.4678e-11	NM_021197.4	6.8907e-17	3.4677931093e-11
WFDC2	0.79406	NM_006103.4	0.0027142	0.7913458
WFDC3	9.0781e-08	NM_080614.2	0.0022061	0.002206009219
WFDC6	0.001097	NM_080827.2	0.00015287	0.0009441300000000001
WFDC8	1.3e-08	NM_130896.3	1.644e-07	1.514e-07
WFDC9	0.0097671	NM_147198.4	0.0007233	0.009043800000000001
WFDC10A	0.014415	NM_080753.3	0.036678	0.022263
WFDC10B	0.036238	NM_172006.2	0.35308	0.316842
WFDC11	0.0027408	NM_147197.2	0.001463	0.0012777999999999997
WFDC12	0.04455	NM_080869.2	0.17255	0.128
WFDC13	0.017094	NM_172005.2	0.085587	0.068493
WFIKKN1	7.7014e-06	NM_053284.3	0.00017527	0.00016756859999999998
WFIKKN2	0.0036109	NM_175575.6	2.4154e-05	0.0035867459999999996
WFS1	1.6230999999999999e-38	NM_006005.3	1.7214e-39	1.45096e-38
WHAMM	4.8122e-13	NM_001080435.3	3.6699e-15	4.775501000000001e-13
WHRN		NM_015404.4	1.3057e-08	
WIF1	1.3249e-09	NM_007191.5	9.7248e-08	9.59231e-08
WIPF1	0.90296	NM_001375834.1	0.83225	0.07070999999999994
WIPF2	0.18669	NM_133264.5	0.021136	0.165554
WIPF3	0.002355	NM_001080529.3	6.5015e-10	0.00235499934985
WIPI1	0.0016999	NM_017983.7	2.4675e-12	0.0016998999975325001
WIPI2	0.0063887	NM_015610.4	3.8026e-05	0.006350674
WIZ	0.99865	NM_001371589.1	1.0	0.0013499999999999623
WLS	0.020463	NM_024911.7	0.995	0.974537
WNK1	1.0	NM_018979.4	1.0	0.0
WNK2	1.0	NM_006648.4	0.1219	0.8781
WNK4	6.8806000000000005e-25	NM_032387.5	4.1738000000000005e-25	2.7068e-25
WNT1	0.3263	NM_005430.4	0.0027318	0.3235682
WNT2	0.017811	NM_003391.3	0.97241	0.954599
WNT2B	0.038333	NM_024494.3	0.03178	0.006552999999999996
WNT3	0.87515	NM_030753.5	0.99982	0.12467000000000006
WNT3A	0.96491	NM_033131.4	0.0080708	0.9568392
WNT4	0.12766	NM_030761.5	0.054707	0.07295299999999999
WNT5A	0.98732	NM_003392.7	0.998	0.010680000000000023
WNT5B	0.58535	NM_032642.3	0.0084755	0.5768745000000001
WNT6	0.016431	NM_006522.4	1.7597e-11	0.016430999982403
WNT7A	0.035773	NM_004625.4	0.0030533	0.0327197
WNT7B	0.00074076	NM_058238.3	0.0032654	0.00252464
WNT8A	0.010244	NM_001300939.2	0.00052057	0.00972343
WNT8B	0.010991	NM_003393.4	3.4968e-06	0.0109875032
WNT9A	0.91225	NM_003395.4	0.93937	0.027120000000000033
WNT9B	0.54137	NM_003396.3	0.22808	0.31329
WNT10A	4.1667e-09	NM_025216.3	1.5865e-14	4.166684135e-09
WNT10B	0.0003616	NM_003394.4	8.2304e-08	0.000361517696
WNT11	0.0064383	NM_004626.3	2.314e-05	0.0064151600000000005
WNT16	1.6523e-06	NM_057168.2	0.00075285	0.0007511977
WRAP53	5.3544e-05	NM_001143992.2	0.0034137	0.003360156
WRAP73	1.4988e-06	NM_017818.4	4.6614e-16	1.49879999953386e-06
WRN	2.6432e-34	NM_000553.6	8.3015e-34	5.6583e-34
WRNIP1	0.024592	NM_020135.3	5.0577e-12	0.0245919999949423
WSB1	0.42292	NM_015626.10	0.031689	0.391231
WSB2	0.92938	NM_018639.5	0.99998	0.0706
WSCD1	6.3576e-05	NM_015253.2	5.1041e-09	6.357089590000001e-05
WSCD2	0.78262	NM_014653.4	0.012676	0.769944
WT1	0.99648	NM_024426.6	1.0	0.0035199999999999676
WTAP	0.99966	NM_001270531.2	0.99997	0.00031000000000003247
WTIP	6.6719e-05	NM_001080436.2	7.7674e-06	5.89516e-05
WWC1	0.00039438	NM_015238.3	0.27695	0.27655561999999995
WWC2	1.5899e-07	NM_024949.6	8.2137e-24	1.5899e-07
WWOX	1.2376e-15	NM_016373.4	3.1152e-33	1.2376e-15
WWP1	0.99966	NM_007013.4	0.99673	0.002929999999999988
WWP2	0.16477	NM_001270454.2	0.00024311	0.16452689
WWTR1	0.93914	NM_015472.6	0.92452	0.014619999999999966
XAB2	0.97281	NM_020196.3	7.1218e-07	0.97280928782
XAF1	6.8151e-12	NM_017523.5	1.5419e-12	5.2732e-12
XCL1	0.0012982	NM_002995.3	0.013197	0.011898800000000001
XCL2	0.0090664	NM_003175.4	0.016966	0.007899599999999998
XCR1	0.016001	NM_001024644.2	0.40592	0.389919
XDH	2.589e-22	NM_000379.4	5.9291e-40	2.589e-22
XIRP1	2.2682e-30	NM_194293.4		
XIRP2	2.0803e-52	NM_152381.6	2.9058000000000003e-63	2.0802999999709422e-52
XKR3	0.078713	NM_001386955.1	5.3115e-06	0.07870768850000001
XKR4	0.99912	NM_052898.2	0.99998	0.0008599999999999719
XKR5		NM_207411.5	6.0955e-20	
XKR6	0.99934	NM_173683.4	0.041676	0.957664
XKR7	0.90831	NM_001011718.2	0.82016	0.08814999999999995
XKR8	4.0749e-08	NM_018053.4	0.00066683	0.000666789251
XKR9	4.0628e-09	NM_001011720.2	2.5731e-11	4.037069e-09
XPA	7.8652e-05	NM_000380.4	2.0576e-06	7.65944e-05
XPC	3.6866e-11	NM_004628.5	1.2517e-20	3.6865999987483e-11
XPNPEP1	0.33296	NM_020383.4	0.24399	0.08896999999999997
XPNPEP3	1.8555e-08	NM_022098.4	1.6033e-08	2.522000000000001e-09
XPO1	1.0	NM_003400.4	1.0	0.0
XPO4	1.0	NM_022459.5	1.0	0.0
XPO5	0.99971	NM_020750.3	1.0	0.00029000000000001247
XPO6	1.0	NM_015171.4	1.0	0.0
XPO7	1.0	NM_015024.5	1.0	0.0
XPOT	0.99711	NM_007235.6	1.0	0.002889999999999948
XPR1	0.99999	NM_004736.4	0.99989	0.00010000000000010001
XRCC1	6.3386e-09	NM_006297.3	2.2722e-10	6.11138e-09
XRCC2	3.955e-07	NM_005431.2	1.5001e-07	2.4549e-07
XRCC3	1.9134e-10	NM_005432.4	1.1847e-15	1.913388153e-10
XRCC4	8.2774e-07	NM_003401.5	1.2492e-07	7.0282e-07
XRCC5	0.99999	NM_021141.4	1.0	9.99999999995449e-06
XRCC6	0.99904	NM_001469.5	1.0	0.0009599999999999609
XRN1	1.0	NM_001282857.2	1.0	0.0
XRN2	0.34851	NM_012255.5	1.0	0.65149
XRRA1	8.3651e-09	NM_001378157.1	8.175300000000001e-19	8.365099999182469e-09
XXYLT1	0.0013246	NM_152531.5	3.53e-06	0.00132107
XYLB	1.3597e-22	NM_005108.4	4.4977e-19	4.4963403e-19
XYLT1	0.92418	NM_022166.4	0.9928	0.06862000000000001
XYLT2	0.92576	NM_022167.4	2.0234e-05	0.9257397660000001
YAE1		NM_020192.5	3.384e-08	
YAF2	0.79482	NM_005748.6	0.078893	0.715927
YAP1	0.99918	NM_001130145.3	1.0	0.0008200000000000429
YARS1		NM_003680.4	5.7097e-06	
YARS2	3.0025e-11	NM_001040436.3	6.8516e-11	3.8491e-11
YBEY	1.3393e-07	NM_001314025.2	1.598e-05	1.584607e-05
YBX1	0.94646	NM_004559.5	1.0	0.05354000000000003
YBX2	0.99896	NM_015982.4	1.0	0.001040000000000041
YBX3	8.0641e-06	NM_003651.5	1.8169e-07	7.88241e-06
YDJC	0.062374	NM_001017964.2	1.4783e-11	0.062373999985217
YEATS2	0.99639	NM_018023.5	0.00028733	0.99610267
YEATS4	7.464e-05	NM_006530.4	0.001459	0.00138436
YES1	4.0091e-05	NM_005433.4	1.8126e-05	2.1965e-05
YIF1A	6.1818e-10	NM_020470.3	4.6908e-09	4.072620000000001e-09
YIF1B	3.4314e-05	NM_001039672.3	1.4449e-06	3.28691e-05
YIPF1	0.0031753	NM_018982.5	9.3169e-05	0.0030821309999999997
YIPF2	4.3157e-08	NM_001321439.2	1.549e-08	2.7667000000000002e-08
YIPF3	0.14123	NM_015388.4	0.18043	0.03920000000000001
YIPF4	0.06083	NM_032312.4	8.3219e-05	0.060746781
YIPF5	0.98529	NM_030799.9	0.99332	0.008029999999999982
YIPF7	8.1847e-06	NM_182592.3	5.2151e-12	8.184694784899999e-06
YJEFN3	1.2695e-05	NM_198537.4	4.8062e-11	1.2694951938e-05
YJU2		NM_018074.6	4.4644e-08	
YJU2B		NM_030818.4	0.036371	
YKT6	0.36157	NM_006555.4	0.46222	0.10065000000000002
YLPM1	0.99965	NM_019589.3	1.5179e-07	0.99964984821
YME1L1	0.028988	NM_014263.4	0.13362	0.10463199999999999
YOD1	0.1348	NM_018566.4	0.00012242	0.13467758
YPEL1	0.60986	NM_013313.5	0.30722	0.30263999999999996
YPEL2	0.95044	NM_001005404.4	0.99508	0.04464000000000001
YPEL3	0.041612	NM_031477.5	0.92139	0.8797780000000001
YPEL4	0.1956	NM_145008.3	0.8503	0.6547
YPEL5	0.46474	NM_016061.3	0.97253	0.50779
YRDC	0.0021751	NM_024640.4	1.8417e-06	0.0021732583
YTHDC1	1.0	NM_001031732.4	1.0	0.0
YTHDC2	1.0	NM_022828.5	1.0	0.0
YTHDF1	0.9942	NM_017798.4	0.9599	0.0343
YTHDF2	0.99943	NM_016258.3	1.0	0.0005699999999999594
YTHDF3	0.99704	NM_152758.6	1.0	0.0029599999999999627
YWHAB	0.98314	NM_139323.4	0.99993	0.01678999999999997
YWHAE	0.98479	NM_006761.5	0.99999	0.015199999999999991
YWHAG	0.964	NM_012479.4	0.99994	0.03594000000000008
YWHAH	0.78366	NM_003405.4	0.85983	0.07616999999999996
YWHAQ	0.69755	NM_006826.4	0.99278	0.29523
YWHAZ	0.93965	NM_145690.3	1.0	0.060350000000000015
YY1	0.9938	NM_003403.5	1.0	0.006199999999999983
YY1AP1	1.9461e-18	NM_139119.3	4.1712e-15	4.1692539e-15
ZACN	4.2738999999999995e-22	NM_180990.4	2.7504999999999996e-22	1.5233999999999998e-22
ZAN	1.6432e-62	NM_003386.3	4.9215e-81	1.6432e-62
ZAP70	0.87696	NM_001079.4	0.0095039	0.8674561
ZAR1	4.3531e-05	NM_175619.3	1.6609e-16	4.353099999983391e-05
ZAR1L	0.099305	NM_001136571.2	0.0016702	0.09763480000000001
ZBBX	2.9305999999999997e-21	NM_001199201.2	2.571e-15	2.5709970694e-15
ZBED2	0.00044529	NM_024508.5	0.11826	0.11781471
ZBED3	0.082483	NM_032367.4	0.041671	0.040812
ZBED4	0.50688	NM_014838.3	0.34739	0.15949000000000002
ZBED5	0.71253	NM_001143667.2	2.0781e-05	0.712509219
ZBP1	1.8259e-14	NM_030776.3	3.1077e-15	1.51513e-14
ZBTB1	0.99407	NM_001123329.2	0.99997	0.005900000000000016
ZBTB2	0.9982	NM_020861.3	1.0	0.0018000000000000238
ZBTB3	0.019277	NM_001370809.1	0.04152	0.022243000000000002
ZBTB4	0.99991	NM_001128833.2	0.99997	6.0000000000060005e-05
ZBTB5	0.61772	NM_014872.3	0.70536	0.08763999999999994
ZBTB6	0.13693	NM_006626.6	0.86398	0.72705
ZBTB7A	0.95915	NM_015898.4	0.088077	0.871073
ZBTB7B	0.34362	NM_001256455.2	0.98408	0.64046
ZBTB7C	0.16087	NM_001318841.2	0.71933	0.55846
ZBTB8A	0.0042899	NM_001040441.3	0.0094885	0.0051986
ZBTB8B	0.0012501	NM_001145720.2	0.00033577	0.0009143300000000001
ZBTB8OS	0.70542	NM_178547.5	0.02355	0.6818700000000001
ZBTB9	0.072545	NM_152735.4	0.0003862	0.0721588
ZBTB10	0.99067	NM_001105539.3	0.0033708	0.9872992
ZBTB11	3.2012e-06	NM_014415.4	1.1535e-12	3.2011988465e-06
ZBTB12	0.94882	NM_181842.3	0.70231	0.24651
ZBTB14	0.26111	NM_001243702.2	0.22301	0.038099999999999995
ZBTB16	0.99907	NM_006006.6	1.0	0.0009299999999999864
ZBTB17	0.97933	NM_003443.3	0.99969	0.020359999999999934
ZBTB18	0.99658	NM_205768.3	1.0	0.0034199999999999786
ZBTB20	0.97382	NM_001348800.3	1.0	0.02617999999999998
ZBTB21	0.99778	NM_001098402.2	0.99308	0.0047000000000000375
ZBTB22	0.21918	NM_005453.5	0.46716	0.24798
ZBTB24	0.00020919	NM_014797.3	6.4022e-07	0.00020854977999999999
ZBTB25	2.1949e-06	NM_006977.5	0.00063019	0.0006279950999999999
ZBTB26	0.1378	NM_020924.4	0.75992	0.62212
ZBTB32	0.00025845	NM_014383.3	5.9333e-06	0.0002525167
ZBTB38	0.99949	NM_001376113.1	1.0	0.0005100000000000104
ZBTB39	0.00018848	NM_014830.3	2.1267e-05	0.000167213
ZBTB40	1.0543e-10	NM_014870.4	3.0721e-06	3.0719945700000004e-06
ZBTB41	0.22393	NM_194314.3	0.089305	0.134625
ZBTB42	0.33802	NM_001137601.3	0.0081194	0.3299006
ZBTB43	0.98767	NM_014007.4	0.72759	0.2600800000000001
ZBTB44	0.99929	NM_001301098.2	0.99845	0.0008400000000000629
ZBTB45	2.8819e-05	NM_001316979.2	0.0018787	0.001849881
ZBTB46	0.80852	NM_001369741.1	0.99987	0.19135000000000002
ZBTB47	0.99983	NM_145166.4	0.011159	0.988671
ZBTB48	0.00011507	NM_005341.4	1.1541e-06	0.00011391589999999999
ZBTB49	1.3752e-08	NM_145291.4	3.3696e-05	3.3682248e-05
ZC2HC1A	0.30952	NM_016010.3	2.2279e-05	0.309497721
ZC2HC1B	2.5401e-09	NM_001013623.3	5.7152e-14	2.540042848e-09
ZC2HC1C	1.8005e-09	NM_024643.4	2.2936e-05	2.29341995e-05
ZC3H3	0.46998	NM_015117.3	0.00014958	0.46983042
ZC3H4	1.0	NM_015168.2	1.0	0.0
ZC3H6	0.19197	NM_198581.3	0.88451	0.69254
ZC3H7A	1.0	NM_014153.4	0.99834	0.0016599999999999948
ZC3H7B	0.92932	NM_017590.6	1.0	0.07067999999999997
ZC3H8	0.25738	NM_032494.3	0.0012772	0.2561028
ZC3H10	0.31615	NM_032786.3	0.049498	0.266652
ZC3H11A	0.99996	NM_001376342.1	1.0	4.0000000000040004e-05
ZC3H12A	0.14015	NM_025079.3	0.99776	0.85761
ZC3H12C	0.99838	NM_033390.2	0.99999	0.0016100000000000003
ZC3H12D	0.15589	NM_207360.3	0.026465	0.129425
ZC3H13	1.0	NM_001330564.2	1.0	0.0
ZC3H14	0.88291	NM_024824.5	0.99966	0.11675000000000002
ZC3H15	0.90263	NM_018471.3	0.99987	0.09724
ZC3H18	1.0	NM_144604.4	1.0	0.0
ZC3HAV1	2.3159e-05	NM_020119.4	0.0029223	0.002899141
ZC3HAV1L	0.0010577	NM_080660.4	1.4782e-08	0.001057685218
ZC3HC1	0.00025557	NM_016478.5	1.725e-07	0.0002553975
ZCCHC2	0.99376	NM_017742.6	0.33702	0.65674
ZCCHC3	0.011938	NM_033089.7	3.8678e-06	0.011934132200000001
ZCCHC4	2.1595e-10	NM_024936.3	2.578e-09	2.36205e-09
ZCCHC7	3.8612e-09	NM_032226.3	2.1157e-11	3.840043e-09
ZCCHC8	0.96584	NM_017612.5	0.00074625	0.9650937500000001
ZCCHC9	0.0011065	NM_001131035.2	0.01253	0.0114235
ZCCHC10	0.059669	NM_001300816.3	0.0023419	0.0573271
ZCCHC14	0.97852	NM_015144.3	1.0	0.021480000000000055
ZCCHC17	0.0052857	NM_016505.4	0.0023237	0.002962
ZCCHC24	0.942	NM_153367.4	0.079422	0.862578
ZCRB1	0.0035488	NM_033114.4	6.8985e-05	0.003479815
ZCWPW1	1.1227e-13	NM_001386010.1	1.599e-11	1.5877730000000002e-11
ZCWPW2	1.4095e-06	NM_001040432.4	2.7117e-13	1.40949972883e-06
ZDBF2	0.010294	NM_020923.3	0.037114	0.026820000000000004
ZDHHC1	4.8355e-10	NM_001323627.2	6.1575e-16	4.8354938425e-10
ZDHHC2	0.0010008	NM_016353.5	1.986e-15	0.001000799999998014
ZDHHC3	0.027681	NM_001135179.2	0.98291	0.955229
ZDHHC4	5.2991e-09	NM_001134389.2	6.4677e-16	5.29909935323e-09
ZDHHC5	0.99999	NM_015457.3	0.99954	0.00045000000000006146
ZDHHC6	1.6026e-05	NM_022494.3	6.5859e-05	4.9832999999999995e-05
ZDHHC7	0.00097756	NM_017740.3	0.95018	0.94920244
ZDHHC8	0.85288	NM_013373.4	0.096098	0.756782
ZDHHC11	1.1047e-15	NM_024786.3	3.993e-15	2.8883e-15
ZDHHC11B	3.6787e-13	NM_001351303.2	0.00042241	0.00042240999963213
ZDHHC12	0.00052913	NM_032799.5	4.4102e-09	0.0005291255898
ZDHHC13	1.1955000000000002e-19	NM_019028.3	1.0394e-30	1.1954999999896062e-19
ZDHHC14	0.7151	NM_024630.3	0.96616	0.25106000000000006
ZDHHC16	0.00016495	NM_198046.3	1.3974e-06	0.0001635526
ZDHHC17	0.99989	NM_015336.4	0.0079839	0.9919060999999999
ZDHHC18	0.0024011	NM_032283.3	1.5635e-05	0.0023854650000000002
ZDHHC19	0.0071821	NM_001039617.2	7.4962e-10	0.0071820992503800005
ZDHHC20	0.00051998	NM_001330059.2	2.463e-06	0.000517517
ZDHHC21	0.02838	NM_178566.6	0.042843	0.014463
ZDHHC22	0.054892	NM_174976.2	0.00012426	0.05476774
ZDHHC23	3.8421e-12	NM_001320466.2	2.5445e-14	3.816655000000001e-12
ZDHHC24	0.0004208	NM_207340.3	2.0825e-07	0.00042059175
ZEB1	0.96665	NM_001174096.2	1.0	0.03334999999999999
ZEB2	1.0	NM_014795.4	1.0	0.0
ZER1	0.99992	NM_006336.4	1.0	7.999999999996898e-05
ZFAND1	4.9277e-08	NM_024699.3	1.3927e-11	4.9263072999999996e-08
ZFAND2A	0.0029921	NM_182491.4	6.1725e-09	0.0029920938275000003
ZFAND2B	2.4827e-05	NM_138802.3	1.251e-06	2.3576000000000003e-05
ZFAND3	0.92174	NM_021943.3	0.17398	0.74776
ZFAND4	1.1579e-11	NM_174890.4	1.0371e-08	1.0359421e-08
ZFAND5	0.84575	NM_001102420.3	0.9957	0.14995000000000003
ZFAND6	0.46236	NM_019006.4	0.01033	0.45203
ZFAT	1.275e-08	NM_020863.4	1.9135e-09	1.0836499999999999e-08
ZFC3H1	1.0	NM_144982.5	1.0	0.0
ZFHX2	0.99711	NM_033400.3	2.9545e-07	0.99710970455
ZFHX3	1.0	NM_006885.4	1.0	0.0
ZFHX4	1.0	NM_024721.5	1.0	0.0
ZFP1	0.013918	NM_153688.4	2.3954e-09	0.0139179976046
ZFP2	1.6618e-17	NM_030613.4	9.9494e-12	9.949383382e-12
ZFP3	0.0014304	NM_153018.3	0.042332	0.0409016
ZFP14	0.0002154	NM_020917.3	0.91861	0.9183946000000001
ZFP28	0.00021901	NM_020828.2	5.3258e-09	0.0002190046742
ZFP30	3.8484e-07	NM_001320669.3	1.1043e-06	7.1946e-07
ZFP36	0.75244	NM_003407.5	0.001172	0.751268
ZFP36L1	0.67406	NM_004926.4	0.94848	0.27442
ZFP36L2	0.966	NM_006887.5	2.7454e-06	0.9659972546
ZFP37	6.1213e-13	NM_003408.3	6.7822e-10	6.776078699999999e-10
ZFP41	0.00035717	NM_173832.6	0.00072956	0.00037238999999999995
ZFP42		NM_174900.5	0.1096	
ZFP57	0.00054557	NM_001109809.5	0.00094789	0.00040231999999999996
ZFP62	0.57542	NM_001172638.2	3.2632e-13	0.5754199999996737
ZFP64	0.00016534	NM_018197.3	0.99935	0.99918466
ZFP69	1.5454e-08	NM_001320179.2	2.7063e-07	2.55176e-07
ZFP69B	5.0197e-13	NM_023070.3	7.8626e-06	7.86259949803e-06
ZFP82	0.57889	NM_133466.4	0.00022081	0.57866919
ZFP90	0.031662	NM_001305203.2	1.356e-07	0.0316618644
ZFP91	0.9997	NM_053023.5	1.0	0.00029999999999996696
ZFPL1	0.0087619	NM_006782.4	8.0016e-09	0.008761891998399999
ZFPM1	0.2429	NM_153813.3	7.3927e-09	0.2428999926073
ZFPM2	1.0	NM_012082.4	1.0	0.0
ZFR	1.0	NM_016107.5	1.0	0.0
ZFR2	9.7623e-26	NM_015174.2	3.2944e-44	9.7623e-26
ZFTA		NM_001144936.2	1.3448e-13	
ZFYVE1	0.19867	NM_021260.4	0.56359	0.36492
ZFYVE9	0.90244	NM_004799.4	1.0	0.09755999999999998
ZFYVE16	2.5587e-13	NM_001284236.3	9.6772e-15	2.461928e-13
ZFYVE19	3.2046e-14	NM_001077268.2	2.1171e-14	1.0875000000000001e-14
ZFYVE21	0.3425	NM_024071.4	3.5318e-06	0.3424964682
ZFYVE26	4.6948e-23	NM_015346.4	1.8546e-34	4.694799999981454e-23
ZFYVE27	1.0613e-09	NM_001385875.1	2.1276e-08	2.0214700000000003e-08
ZFYVE28	0.07234	NM_020972.3	1.1342e-05	0.072328658
ZG16	0.62131	NM_152338.4	0.0073648	0.6139452000000001
ZG16B	0.00029994	NM_145252.3	0.00068481	0.00038487
ZGPAT	0.00038328	NM_181485.3	7.0175e-12	0.0003832799929825
ZGRF1		NM_018392.5	3.9049000000000003e-48	
ZHX1	0.80424	NM_007222.5	0.99927	0.19503000000000004
ZHX2	0.03372	NM_014943.5	0.96721	0.93349
ZHX3	0.050815	NM_001384317.1	0.99979	0.9489749999999999
ZIC1	0.93378	NM_003412.4	0.99991	0.06612999999999991
ZIC2	0.97362	NM_007129.5	0.96497	0.008650000000000047
ZIC4	0.00049286	NM_032153.6	0.0056611	0.005168239999999999
ZIC5	0.76534	NM_033132.5	3.4716e-07	0.76533965284
ZIK1	2.7592e-05	NM_001010879.4	9.1065e-06	1.8485499999999998e-05
ZIM2	0.001811	NM_001387356.1	0.96553	0.963719
ZIM3	1.7915e-05	NM_052882.1	0.00099584	0.000977925
ZKSCAN1	0.96937	NM_003439.4	0.99982	0.030450000000000088
ZKSCAN2	2.8416e-05	NM_001012981.5	0.69929	0.6992615839999999
ZKSCAN3	1.9697e-11	NM_024493.4	3.4094e-06	3.4093803029999997e-06
ZKSCAN4	0.00014184	NM_019110.5	5.7412e-08	0.000141782588
ZKSCAN5	0.087589	NM_145102.4	0.021971	0.065618
ZKSCAN7	1.3415e-05	NM_001288590.2	4.3835e-08	1.3371165e-05
ZKSCAN8	1.7574e-07	NM_006298.4	0.01539	0.015389824259999999
ZMAT2	0.98418	NM_144723.3	0.9993	0.015119999999999911
ZMAT3	0.00019034	NM_022470.4	0.0083084	0.00811806
ZMAT4	0.075538	NM_024645.3	0.0011188	0.07441919999999999
ZMAT5	1.5247e-05	NM_001003692.2	3.4565e-08	1.5212435e-05
ZMIZ1	0.99937	NM_020338.4	1.0	0.0006300000000000194
ZMIZ2	0.99981	NM_031449.4	1.0	0.00019000000000002348
ZMPSTE24	8.8702e-16	NM_005857.5	3.3473e-13	3.3384297999999996e-13
ZMYM1	1.317e-08	NM_024772.5	4.0596e-05	4.058283e-05
ZMYM2	0.66648	NM_197968.4	0.96384	0.29736000000000007
ZMYM4	1.0	NM_005095.3	1.0	0.0
ZMYM5	0.00016664	NM_001142684.2	1.9258e-09	0.0001666380742
ZMYM6	6.2703e-13	NM_007167.4	5.3543e-18	6.270246457e-13
ZMYND8	1.0	NM_001281775.3	1.0	0.0
ZMYND10	2.3034e-07	NM_015896.4	1.0961e-14	2.3033998903900001e-07
ZMYND11	1.0	NM_001370100.5	1.0	0.0
ZMYND12	4.084e-05	NM_032257.5	1.5647e-08	4.0824353e-05
ZMYND15	5.2919e-12	NM_001136046.3	5.6437e-13	4.72753e-12
ZMYND19	0.95174	NM_138462.3	0.0021323	0.9496077
ZNF2	0.027216	NM_021088.4	0.0011382	0.0260778
ZNF3	1.9833e-05	NM_032924.5	0.10396	0.103940167
ZNF7	2.1025e-07	NM_003416.4	0.00078315	0.00078293975
ZNF8	0.016971	NM_021089.3	0.0025862	0.0143848
ZNF10	0.0016011	NM_015394.5	0.0095116	0.0079105
ZNF12	0.039662	NM_016265.4	0.00039367	0.039268330000000004
ZNF14	0.10354	NM_021030.3	0.0028133	0.10072669999999999
ZNF16	1.6538e-12	NM_006958.3	0.0002014	0.00020139999834619998
ZNF17	0.23465	NM_001330617.2	0.12558	0.10907
ZNF18	5.3536e-05	NM_001303281.2	1.7683e-10	5.353582317e-05
ZNF19	4.3113e-06	NM_006961.4	0.0017647	0.0017603887
ZNF20	0.096582	NM_021143.4	0.0022251	0.09435690000000001
ZNF22	0.0020997	NM_006963.5	5.6165e-05	0.002043535
ZNF23	1.0831e-07	NM_001381984.1	5.6897e-11	1.08253103e-07
ZNF24	0.98114	NM_006965.4	0.99842	0.017279999999999962
ZNF25	4.0774e-05	NM_145011.4	4.2382e-05	1.6080000000000022e-06
ZNF26		NM_019591.4	3.848e-06	
ZNF28	0.0074328	NM_006969.5	0.26298	0.2555472
ZNF30	0.0023338	NM_194325.3	6.2725e-06	0.0023275275
ZNF32	0.032574	NM_006973.3	0.021293	0.011281
ZNF33A	1.9718e-09	NM_006954.2	0.055437	0.0554369980282
ZNF33B	1.8817e-06	NM_006955.3	1.9245e-06	4.280000000000004e-08
ZNF34	0.00068775	NM_001286769.2	0.013988	0.01330025
ZNF35	0.042004	NM_003420.4	3.4338e-07	0.04200365662
ZNF37A	1.3004e-09	NM_001324250.3	0.0017339	0.0017338986996
ZNF43	0.00050468	NM_003423.4	7.8833e-10	0.00050467921167
ZNF44	0.0025686	NM_016264.4	0.015529	0.0129604
ZNF45	5.6996e-07	NM_003425.4	0.81029	0.81028943004
ZNF48	0.0066783	NM_001214909.2	0.0019272	0.004751099999999999
ZNF57	0.004632	NM_173480.3	0.0037953	0.0008366999999999997
ZNF66	0.066624	NM_001355197.2	0.055196	0.011428
ZNF69	5.1561e-08	NM_001364730.1	7.4022e-15	5.15609925978e-08
ZNF70	0.0023729	NM_021916.4	0.053053	0.050680100000000006
ZNF71	1.835e-08	NM_001370215.1	0.094411	0.09441098164999999
ZNF74	1.5586e-06	NM_003426.4	0.0013126	0.0013110414
ZNF75A	0.0021966	NM_001302109.2	5.6869e-07	0.00219603131
ZNF76	4.764e-19	NM_003427.5	5.4027e-22	4.7585973e-19
ZNF77	0.004558	NM_021217.3	2.8173e-06	0.0045551827
ZNF79	0.0069622	NM_007135.3	0.00041966	0.00654254
ZNF80		NM_007136.4	0.30704	
ZNF84		NM_001289971.2	0.0009585	
ZNF85	4.73e-05	NM_003429.5	1.2631e-12	4.7299998736899994e-05
ZNF90	0.0029038	NM_007138.2	0.0062592	0.0033554000000000006
ZNF91	0.43919	NM_003430.4	0.089313	0.349877
ZNF92	6.2887e-05	NM_152626.4	5.8959e-05	3.9279999999999936e-06
ZNF93	0.00039048	NM_031218.4	1.3851e-07	0.00039034149
ZNF98	0.0034454	NM_001098626.2	0.0012282	0.0022172
ZNF99	0.02495	NM_001080409.3	0.011567	0.013383
ZNF100	0.00018933	NM_173531.4	2.4381e-05	0.000164949
ZNF101	0.77153	NM_033204.4	1.4887e-09	0.7715299985113
ZNF106	0.00010529	NM_001366845.3	1.0	0.99989471
ZNF107	0.021156	NM_001282359.2	1.4008e-06	0.021154599200000002
ZNF112	0.0092003	NM_013380.4	0.013813	0.004612700000000001
ZNF114	0.0067173	NM_153608.4	0.00079629	0.00592101
ZNF121	0.39211	NM_001008727.5	0.08652	0.30559000000000003
ZNF124	0.010911	NM_001297568.2	7.4952e-08	0.010910925048
ZNF131	0.99983	NM_001330707.2	1.0	0.00017000000000000348
ZNF132	1.0294e-12	NM_003433.4	0.015668	0.015667999998970603
ZNF133	0.0026035	NM_001352452.2	0.064614	0.0620105
ZNF134	1.2592e-07	NM_003435.5	0.001962	0.0019618740800000003
ZNF135	1.5569e-12	NM_001289401.2	0.00018829	0.0001882899984431
ZNF136	0.00047939	NM_003437.5	0.00056685	8.746000000000003e-05
ZNF138	0.047594	NM_001271639.2	1.0795e-11	0.047593999989205
ZNF140	1.1679e-06	NM_003440.4	4.9542e-05	4.83741e-05
ZNF141	0.10393	NM_003441.4	0.052931	0.050998999999999996
ZNF142	4.8098e-16	NM_001379659.1	8.1465999999999995e-22	4.8097918534e-16
ZNF143	0.00024403	NM_003442.6	8.7958e-09	0.0002440212042
ZNF146	0.93205	NM_007145.3	0.34954	0.5825100000000001
ZNF148	0.99997	NM_021964.3	1.0	2.999999999997449e-05
ZNF154	2.8224e-07	NM_001085384.3	0.0084401	0.008439817760000001
ZNF155	6.6195e-07	NM_198089.3	3.4975e-06	2.83555e-06
ZNF160	0.028175	NM_001322131.2	0.017263	0.010911999999999998
ZNF165	9.111e-09	NM_001376491.1	0.00059656	0.000596550889
ZNF169	9.5983e-12	NM_194320.4	0.00020925	0.0002092499904017
ZNF174	0.014823	NM_003450.3	1.8072e-06	0.014821192799999999
ZNF175	1.2701e-07	NM_007147.4	0.043405	0.043404872989999996
ZNF177	2.4711e-06	NM_001172651.2	9.0695e-07	1.56415e-06
ZNF180	1.4911e-07	NM_001278509.3	0.003234	0.00323385089
ZNF181	9.4669e-13	NM_001029997.4	0.0024085	0.00240849999905331
ZNF184	0.0036775	NM_001318891.2	0.99986	0.9961825
ZNF189	0.0010884	NM_003452.4	2.9924e-06	0.0010854076
ZNF195	0.0038677	NM_001130520.3	0.094636	0.0907683
ZNF197	5.2329e-13	NM_006991.5	0.0023886	0.0023885999994767097
ZNF200	1.7956e-06	NM_198088.3	3.7491e-12	1.7955962509e-06
ZNF202	0.5263	NM_003455.4	0.033258	0.493042
ZNF205	0.032326	NM_001042428.2	8.531e-06	0.032317469
ZNF207	0.1046	NM_001098507.2	0.12506	0.020460000000000006
ZNF208	5.6261e-05	NM_007153.3	0.0014157	0.001359439
ZNF211	4.9782e-11	NM_006385.5	1.0641e-08	1.0591218e-08
ZNF212	1.9444e-06	NM_012256.4	8.4065e-08	1.860335e-06
ZNF213	9.4572e-08	NM_004220.3	6.3752e-07	5.42948e-07
ZNF214	1.1138e-17	NM_013249.4	9.9837e-13	9.98358862e-13
ZNF215	6.1857e-16	NM_013250.4	2.5386e-07	2.5385999938143e-07
ZNF217	0.99995	NM_006526.3	1.0	4.999999999999449e-05
ZNF219	0.99977	NM_016423.3	0.0072665	0.9925035000000001
ZNF221	0.00076431	NM_001297588.2	0.0032496	0.0024852900000000002
ZNF222	0.00053339	NM_001129996.2	0.0093136	0.00878021
ZNF223	9.9106e-06	NM_013361.6	0.0035897	0.0035797894
ZNF224	0.0031252	NM_001321645.3	0.0038514	0.0007262000000000002
ZNF225	0.11448	NM_013362.4	0.065238	0.049241999999999994
ZNF226	5.2389e-15	NM_001032373.2	0.014056	0.014055999999994762
ZNF227	9.2465e-11	NM_182490.3	0.012233	0.012232999907535002
ZNF229	8.9514e-07	NM_014518.4	0.0025522	0.00255130486
ZNF230	0.083152	NM_006300.4	1.0652e-05	0.083141348
ZNF233	0.00018665	NM_001207005.2	0.037234	0.03704735000000001
ZNF234	1.6875e-12	NM_006630.3	0.056272	0.056271999998312505
ZNF235	3.3787e-10	NM_004234.4	1.4232e-09	1.08533e-09
ZNF236	1.0	NM_001306089.2	1.0	0.0
ZNF239	2.0543e-07	NM_001099282.2	0.0050796	0.00507939457
ZNF248	0.32621	NM_021045.3	0.096419	0.229791
ZNF250	0.2783	NM_001109689.4	0.93256	0.65426
ZNF251	1.8294e-12	NM_138367.2	0.010084	0.0100839999981706
ZNF253	0.0032064	NM_021047.3	0.1174	0.1141936
ZNF254	0.00050407	NM_203282.4	0.0019137	0.0014096299999999998
ZNF256	0.0055297	NM_005773.3	0.27854	0.2730103
ZNF257	0.018857	NM_033468.4	1.8503e-05	0.018838497
ZNF260	6.0163e-05	NM_001166037.2	1.8884e-05	4.1278999999999996e-05
ZNF263	5.4582e-10	NM_005741.5	1.704e-13	5.456495999999999e-10
ZNF264	5.8267e-07	NM_003417.5	2.0429e-05	1.9846330000000002e-05
ZNF266	0.022887	NM_001370374.1	0.00011034	0.02277666
ZNF267	0.017108	NM_003414.6	2.6415e-17	0.017107999999999974
ZNF268	6.3323e-14	NM_003415.3	2.6183e-09	2.618236677e-09
ZNF273	0.027091	NM_021148.3	1.4224e-05	0.027076776
ZNF274	0.14989	NM_133502.3	5.7885e-07	0.14988942115
ZNF276	7.8951e-06	NM_001113525.2	7.2113e-20	7.895099999999927e-06
ZNF277	8.318199999999999e-22	NM_021994.3	5.1405e-13	5.1404999916818e-13
ZNF280A	4.017e-08	NM_080740.5	6.4538e-07	6.0521e-07
ZNF280B	0.036302	NM_080764.4	0.36835	0.332048
ZNF280D	0.046841	NM_017661.4	0.97656	0.929719
ZNF281	0.99624	NM_001281293.2	1.0	0.0037599999999999856
ZNF282	0.16317	NM_003575.4	0.011422	0.15174800000000002
ZNF283	3.4136e-09	NM_181845.2	0.059304	0.0593039965864
ZNF284	0.00010802	NM_001037813.4	0.00015882	5.08e-05
ZNF285	0.0001669	NM_152354.6	0.037931	0.0377641
ZNF286A	3.3664e-06	NM_001130842.2	5.1955e-08	3.314445e-06
ZNF287	0.58262	NM_020653.4	0.84643	0.26381
ZNF292	1.0	NM_015021.3	1.0	0.0
ZNF296	0.95906	NM_145288.3	0.81651	0.14255000000000007
ZNF300	1.1172e-05	NM_052860.4	0.018539	0.018527828
ZNF302	0.00019368	NM_001289187.2	2.1812e-05	0.000171868
ZNF304	0.032902	NM_020657.4	0.0052036	0.0276984
ZNF311	1.2064e-08	NM_001382360.1	0.0027825	0.002782487936
ZNF316		NM_001278559.2	9.2042e-06	
ZNF317	5.7842e-05	NM_020933.5	0.0020395	0.0019816580000000003
ZNF318	0.37383	NM_014345.3	0.010891	0.362939
ZNF319	0.99285	NM_020807.3	0.50749	0.48536
ZNF320	0.2186	NM_001351774.2	0.42624	0.20764000000000002
ZNF322	0.02988	NM_024639.5	0.97426	0.94438
ZNF324	0.038443	NM_014347.3	0.53365	0.49520699999999995
ZNF324B	3.4989e-05	NM_207395.3	0.039471	0.039436011
ZNF326	0.90182	NM_182976.4	0.019482	0.882338
ZNF329	0.00036998	NM_024620.4	0.00010528	0.0002647
ZNF330	0.049087	NM_014487.6	4.7977e-07	0.04908652023
ZNF331	0.97927	NM_001079906.2	0.42197	0.5572999999999999
ZNF333	7.7896e-18	NM_032433.4	6.037e-16	5.959104e-16
ZNF334	1.6122e-09	NM_001353824.2	0.0003731	0.0003730983878
ZNF335	6.8885e-07	NM_022095.4	2.0988e-15	6.888499979011999e-07
ZNF337	0.0036778	NM_015655.4	0.018877	0.015199200000000001
ZNF341	2.4063e-06	NM_001282933.2	5.9594e-10	2.40570406e-06
ZNF343	0.0053489	NM_024325.6	0.00116	0.004188900000000001
ZNF345	1.4292e-08	NM_001242472.2	0.0033111	0.003311085708
ZNF346	0.11649	NM_012279.4	3.1976e-07	0.11648968023999999
ZNF347	5.461e-05	NM_032584.3	3.1303e-09	5.4606869700000004e-05
ZNF350	0.000639	NM_021632.4	0.56514	0.564501
ZNF354A	5.6407e-06	NM_005649.3	0.0022142	0.0022085593
ZNF354B	2.201e-05	NM_058230.3	9.5595e-07	2.1054050000000002e-05
ZNF354C	4.108e-10	NM_014594.3	0.098988	0.0989879995892
ZNF358	0.78754	NM_018083.5	0.27091	0.51663
ZNF362	0.94115	NM_152493.3	0.99805	0.05689999999999995
ZNF365	0.00046761	NM_014951.3	9.0678e-05	0.00037693199999999996
ZNF366	0.070315	NM_152625.3	0.20451	0.134195
ZNF367	0.90568	NM_153695.4	0.89755	0.008130000000000082
ZNF382	0.029397	NM_032825.5	0.0050359	0.0243611
ZNF383	3.6577e-11	NM_001387601.1	1.2836e-07	1.28323423e-07
ZNF384	0.99842	NM_001385745.1	1.0	0.0015800000000000258
ZNF385A	0.2798	NM_015481.3	0.045342	0.234458
ZNF385B	0.0010962	NM_152520.6	0.0026569	0.0015606999999999997
ZNF385C	1.3511e-06	NM_001392013.1	2.6439e-06	1.2927999999999997e-06
ZNF385D	0.65437	NM_024697.3	0.66232	0.007950000000000013
ZNF391	6.4452e-08	NM_001076781.3	0.27488	0.274879935548
ZNF394	2.2429e-06	NM_032164.4	4.7292e-07	1.7699800000000003e-06
ZNF395	0.30888	NM_018660.3	0.83865	0.5297700000000001
ZNF396	8.7621e-06	NM_001322286.2	0.00094707	0.0009383079000000001
ZNF397	3.4902e-05	NM_001135178.3	3.6498e-10	3.490163502e-05
ZNF398	0.14568	NM_170686.3	0.00021519	0.14546481
ZNF404	2.6828e-08	NM_001033719.3	0.0029306	0.002930573172
ZNF407	1.0	NM_017757.3	1.0	0.0
ZNF408	1.1792e-06	NM_024741.3	1.6457e-07	1.01463e-06
ZNF410	0.35337	NM_021188.3	0.99574	0.6423699999999999
ZNF414	0.055057	NM_001146175.2	1.0504e-14	0.055056999999989496
ZNF415	0.21655	NM_018355.4	0.051758	0.164792
ZNF416	0.36706	NM_017879.3	0.14476	0.2223
ZNF417	0.0067514	NM_152475.3	0.013952	0.007200600000000001
ZNF418	1.0016e-09	NM_133460.3	5.4314e-11	9.47286e-10
ZNF419	0.0053294	NM_024691.4	0.059173	0.053843600000000005
ZNF420	1.8575e-11	NM_144689.5	2.0158e-08	2.0139425000000002e-08
ZNF423	0.99996	NM_001379286.1	1.0	4.0000000000040004e-05
ZNF425	3.319e-05	NM_001001661.3	6.7483e-07	3.251517e-05
ZNF426	6.3008e-06	NM_024106.3	2.5051e-05	1.8750200000000002e-05
ZNF428	0.5013	NM_182498.4	0.71091	0.20961000000000007
ZNF429	4.0549e-05	NM_001001415.4	1.1711e-14	4.0548999988289e-05
ZNF430	0.0086151	NM_025189.4	9.312e-07	0.0086141688
ZNF431	0.024969	NM_133473.4	3.9811e-07	0.02496860189
ZNF432	3.0049e-14	NM_014650.4	0.0015139	0.001513899999969951
ZNF433	0.012227	NM_001308348.2	0.0012374	0.0109896
ZNF436	5.1273e-05	NM_001077195.2	0.0092559	0.009204627
ZNF439	0.012179	NM_001348719.2	9.0054e-12	0.0121789999909946
ZNF440	0.014464	NM_152357.3	3.4283e-15	0.014463999999996572
ZNF441	0.3624	NM_152355.3	0.99463	0.6322300000000001
ZNF442	0.03048	NM_030824.3	4.9799e-12	0.0304799999950201
ZNF443	0.00048827	NM_005815.5	0.20304	0.20255172999999999
ZNF444	0.8667	NM_018337.4	0.0003259	0.8663741
ZNF445	0.9997	NM_181489.6	1.0	0.00029999999999996696
ZNF446	5.6695e-08	NM_017908.4	8.1727e-18	5.6694999991827296e-08
ZNF451	1.5111e-12	NM_001031623.3	2.442e-17	1.5110755800000002e-12
ZNF454	3.6416e-06	NM_001178089.3	2.2396e-05	1.87544e-05
ZNF460	0.68181	NM_006635.4	0.91492	0.23310999999999993
ZNF461	3.9571e-08	NM_153257.5	0.01242	0.012419960429000001
ZNF462	1.0	NM_021224.6	1.0	0.0
ZNF467	2.6159e-09	NM_207336.3	4.9458e-23	2.6158999999999504e-09
ZNF468	0.00010049	NM_001008801.2	0.00066454	0.0005640500000000001
ZNF469	0.71866	NM_001367624.2	0.26375	0.45491
ZNF470	1.676e-19	NM_001001668.4	8.5359e-05	8.535899999999983e-05
ZNF471	6.0899e-06	NM_020813.4	0.014091	0.014084910099999999
ZNF473	0.26241	NM_015428.4	0.49897	0.23656000000000005
ZNF474	0.00071798	NM_207317.3	0.30868	0.30796202
ZNF479	9.0123e-05	NM_001370129.2	1.1372e-05	7.8751e-05
ZNF480	0.03557	NM_144684.4	1.5572e-06	0.035568442799999996
ZNF483	0.96736	NM_133464.5	0.96974	0.0023800000000000487
ZNF484	1.156e-08	NM_031486.4	9.7375e-05	9.736344e-05
ZNF485	5.4641e-05	NM_145312.4	0.014324	0.014269359
ZNF486	6.7949e-06	NM_052852.4	6.4492e-05	5.769710000000001e-05
ZNF488	3.0911e-06	NM_153034.4	0.077506	0.0775029089
ZNF490	0.00031512	NM_020714.3	0.035976	0.03566088
ZNF491		NM_152356.4	5.3388e-05	
ZNF492	0.18998	NM_020855.3	0.19418	0.0041999999999999815
ZNF493	5.829e-06	NM_001076678.3	0.00024379	0.000237961
ZNF496	0.99624	NM_032752.3	1.0	0.0037599999999999856
ZNF497		NM_198458.3	0.33506	
ZNF500	9.0776e-06	NM_021646.4	4.581e-11	9.077554189999998e-06
ZNF501	0.28125	NM_001258280.2	6.2814e-06	0.2812437186
ZNF502	4.1603e-08	NM_001134442.3	2.2056e-06	2.163997e-06
ZNF503	0.94589	NM_032772.6	0.00066551	0.94522449
ZNF506	1.6558e-09	NM_001099269.3	0.008692	0.0086919983442
ZNF507	0.057483	NM_001136156.2	0.99811	0.9406270000000001
ZNF510	8.4888e-08	NM_014930.3	7.1729e-05	7.164411200000001e-05
ZNF511	0.00015695	NM_145806.4	2.843e-10	0.0001569497157
ZNF512	0.9765	NM_032434.4	0.98647	0.009969999999999923
ZNF512B	0.99992	NM_020713.3	0.99998	5.999999999994898e-05
ZNF513	0.81634	NM_144631.6	0.41332	0.40301999999999993
ZNF514	1.035e-10	NM_032788.3	1.3428e-05	1.34278965e-05
ZNF516	0.99992	NM_014643.4	0.99995	2.999999999997449e-05
ZNF517	0.00014628	NM_213605.3	0.00010553	4.074999999999999e-05
ZNF518A		NM_001330736.2	0.0080343	
ZNF518B	0.0022867	NM_053042.3	0.6401	0.6378133
ZNF519	0.0075723	NM_145287.4	0.001014	0.0065582999999999995
ZNF521	1.0	NM_015461.3	1.0	0.0
ZNF524	0.081085	NM_153219.4	0.12762	0.04653500000000001
ZNF525	0.23167	NM_001348156.2	1.4505e-05	0.231655495
ZNF526	0.52316	NM_133444.3	0.1073	0.41585999999999995
ZNF527	0.0010036	NM_032453.2	0.41354	0.4125364
ZNF528	0.00071373	NM_032423.3	0.009511	0.008797270000000001
ZNF529	5.3601e-05	NM_020951.5	2.6366e-05	2.7234999999999996e-05
ZNF530	0.007439	NM_001321981.2	0.027102	0.019663
ZNF532	0.98896	NM_001375912.1	1.0	0.01104000000000005
ZNF534	1.2886e-06	NM_001143938.3	2.2087e-08	1.266513e-06
ZNF536	0.99958	NM_014717.3	1.0	0.00041999999999997595
ZNF540	0.39014	NM_001172225.3	0.67446	0.28431999999999996
ZNF541	1.0	NM_001277075.3	1.0	0.0
ZNF543	3.5236e-17	NM_213598.4	0.0012363	0.001236299999999965
ZNF544	0.00099546	NM_014480.4	0.0027432	0.0017477399999999998
ZNF546	5.0239e-12	NM_178544.5	1.2402e-13	4.89988e-12
ZNF547	0.0080575	NM_173631.4	0.16315	0.1550925
ZNF548	0.33982	NM_001172773.2	0.00024138	0.33957862
ZNF549	0.0027791	NM_001199295.2	0.00015618	0.00262292
ZNF551	0.055038	NM_138347.5	0.052432	0.002605999999999997
ZNF552	0.00086839	NM_024762.3	0.36597	0.36510161
ZNF554	3.7213e-10	NM_001102651.2	0.00041992	0.00041991962787
ZNF555	9.7445e-08	NM_152791.5	0.0013655	0.0013654025549999999
ZNF556	9.248e-05	NM_024967.3	0.00013649	4.4009999999999994e-05
ZNF557	0.027968	NM_024341.3	0.00042757	0.02754043
ZNF558	8.8874e-06	NM_144693.3	0.0025677	0.0025588126
ZNF559	1.4172e-05	NM_032497.3	3.768e-07	1.37952e-05
ZNF559-ZNF177	0.00044299	ENST00000683217	9.0695e-07	0.00044208305
ZNF560	9.6685e-06	NM_152476.3	1.7803e-11	9.668482197e-06
ZNF561	3.0091e-05	NM_152289.3	1.0725e-05	1.9366e-05
ZNF562	0.056912	NM_001130031.2	0.00053429	0.05637771
ZNF563	0.7644	NM_145276.3	2.2425e-09	0.7643999977575
ZNF564	0.35507	NM_144976.4	0.20715	0.14792
ZNF565	1.0169e-05	NM_152477.5	1.3732e-08	1.0155268e-05
ZNF566	0.41475	NM_001145344.1	2.7984e-08	0.414749972016
ZNF567	1.084e-07	NM_001322917.1	1.842e-08	8.998e-08
ZNF568	2.2849e-09	NM_198539.4	0.0011896	0.0011895977151
ZNF569	6.5987e-08	NM_152484.3	8.5778e-09	5.740919999999999e-08
ZNF570	6.4629e-05	NM_144694.5	0.0025037	0.002439071
ZNF571	2.5734e-12	NM_016536.5	0.083596	0.0835959999974266
ZNF572	0.012997	NM_152412.3	0.20682	0.193823
ZNF573	1.9945e-11	NM_001172690.2	8.2388e-10	8.03935e-10
ZNF574	0.080197	NM_022752.6	0.091692	0.011494999999999991
ZNF575	0.11491	NM_174945.3	5.491e-07	0.1149094509
ZNF576	0.0016326	NM_001145347.2	0.012695	0.0110624
ZNF577	4.2594e-05	NM_001370449.1	1.8445e-05	2.4149e-05
ZNF578	0.0013064	NM_001099694.2	0.001488	0.00018159999999999986
ZNF579	0.83882	NM_152600.3	0.029749	0.809071
ZNF580	0.53362	NM_207115.2	0.13868	0.39493999999999996
ZNF581	0.094471	NM_016535.4	0.12969	0.035219
ZNF583	0.007156	NM_152478.3	0.00051056	0.00664544
ZNF584	0.00010489	NM_173548.3	0.00012983	2.4940000000000002e-05
ZNF585A	2.7835e-05	NM_001288800.2	0.0035245	0.003496665
ZNF585B	3.6865e-07	NM_152279.4	0.15267	0.15266963135
ZNF586	0.036539	NM_017652.4	0.00066195	0.03587705
ZNF587	0.049557	NM_032828.4	0.0013391	0.048217899999999994
ZNF587B	3.8024e-13	NM_001376223.1	0.0066604	0.00666039999961976
ZNF589	0.0049175	NM_016089.3	3.9868e-07	0.00491710132
ZNF592	0.99998	NM_014630.3	1.0	2.0000000000020002e-05
ZNF593	0.00066476	NM_015871.5	1.3822e-08	0.0006647461780000001
ZNF594	9.2635e-05	NM_032530.2	0.33065	0.330557365
ZNF595	0.3055	NM_182524.4	8.6575e-08	0.305499913425
ZNF596	1.8321e-13	NM_001042416.3	8.7118e-14	9.6092e-14
ZNF597	0.065558	NM_152457.3	0.053214	0.012344000000000008
ZNF599	2.1284e-07	NM_001007248.3	4.6386e-05	4.617316e-05
ZNF605	0.40086	NM_183238.4	0.00032164	0.40053836
ZNF606	0.41765	NM_001348022.3	0.00094629	0.41670371
ZNF607	2.3495e-06	NM_032689.5	0.18983	0.1898276505
ZNF608	0.99999	NM_020747.3	1.0	9.99999999995449e-06
ZNF609	1.0	NM_015042.2	1.0	0.0
ZNF610	0.00010546	NM_001161425.2	2.25e-05	8.295999999999999e-05
ZNF611	0.067163	NM_001161499.2	0.023833	0.04333
ZNF613	0.00081785	NM_001031721.4	0.00442	0.00360215
ZNF614	1.5117e-07	NM_025040.4	0.00046991	0.00046975882999999996
ZNF615	8.376e-12	NM_001199324.2	0.00042227	0.000422269991624
ZNF616	0.0080095	NM_178523.5	0.051443	0.0434335
ZNF618	0.99842	NM_001318042.2	0.99886	0.00043999999999999595
ZNF619	2.3629e-05	NM_001145093.4	0.0050314	0.005007771
ZNF620	0.00041957	NM_175888.4	0.005947	0.00552743
ZNF621	1.0463e-05	NM_198484.5	0.33704	0.337029537
ZNF622	0.11086	NM_033414.3	1.4684e-07	0.11085985316
ZNF623	6.9313e-06	NM_001261843.2	0.00044482	0.0004378887
ZNF624	0.032471	NM_020787.4	1.0511e-06	0.0324699489
ZNF625	0.73415	NM_145233.4	0.0030184	0.7311316
ZNF626	0.40889	NM_001076675.3	0.60139	0.1925
ZNF627	0.33124	NM_145295.4	7.7193e-06	0.3312322807
ZNF628	0.91268	NM_033113.3	0.0053647	0.9073153
ZNF629	0.99978	NM_001080417.3	1.0	0.00021999999999999797
ZNF638	1.0	NM_014497.5	1.0	0.0
ZNF639	0.00054196	NM_001303426.2	0.014457	0.01391504
ZNF641	0.0045726	NM_001172681.2	0.001166	0.0034065999999999996
ZNF644	0.99914	NM_201269.3	1.0	0.0008599999999999719
ZNF646	6.7754e-06	NM_014699.4	0.010569	0.0105622246
ZNF648	1.1993e-12	NM_001009992.1	0.043016	0.0430159999988007
ZNF649	0.073744	NM_023074.4	0.39933	0.32558600000000004
ZNF652	0.82299	NM_001145365.3	0.99472	0.17173000000000005
ZNF653	0.0012866	NM_138783.4	1.2591e-09	0.0012865987409
ZNF654	0.99753	NM_001350134.2	1.0	0.0024699999999999722
ZNF655	0.15423	NM_138494.3	0.78237	0.62814
ZNF658	9.0413e-14	NM_033160.7	2.8429e-11	2.8338587e-11
ZNF660	4.3113e-07	NM_173658.4	2.1343e-08	4.0978700000000004e-07
ZNF662	7.6715e-13	NM_207404.4	0.0061116	0.00611159999923285
ZNF664	0.0013267	NM_152437.3	0.025854	0.0245273
ZNF665	0.0086277	NM_024733.5	0.0037078	0.0049199000000000005
ZNF667	2.3796e-06	NM_001321356.2	0.0039845	0.003982120400000001
ZNF668	0.00029449	NM_024706.5	0.99608	0.9957855099999999
ZNF669	0.001452	NM_001142572.2	0.043183	0.041731
ZNF670	0.00034522	NM_033213.5	0.025141	0.02479578
ZNF671	4.2147e-08	NM_024833.3	7.3313e-09	3.48157e-08
ZNF672	0.076604	NM_024836.3		
ZNF675	0.12265	NM_138330.3	7.0742e-08	0.122649929258
ZNF676	0.18308	NM_001001411.3	0.011335	0.17174499999999998
ZNF677	1.6591e-08	NM_182609.4	0.070982	0.070981983409
ZNF678	0.015898	NM_001367909.1	0.0042931	0.011604899999999998
ZNF679	0.17547	NM_153363.3	0.00088193	0.17458806999999998
ZNF680	0.42	NM_178558.5	0.17178	0.24822
ZNF681	0.0036792	NM_138286.3	4.1168e-08	0.0036791588320000002
ZNF682	0.018503	NM_033196.3	1.1487e-09	0.0185029988513
ZNF683	1.1234e-07	NM_001114759.3	6.4884e-05	6.477166e-05
ZNF684	3.7374e-08	NM_152373.4	0.00047144	0.000471402626
ZNF687	0.97101	NM_020832.3	1.0	0.02898999999999996
ZNF688	7.0023e-06	NM_145271.4	8.9737e-05	8.273469999999999e-05
ZNF689	0.41789	NM_138447.3	0.29599	0.12190000000000001
ZNF691	0.82372	NM_001242739.2	0.15309	0.6706300000000001
ZNF692	1.2582e-11	NM_017865.4	3.1549e-13	1.226651e-11
ZNF695	0.00030547	NM_020394.5	0.00012367	0.00018180000000000003
ZNF696	0.20667	NM_030895.3	9.3257e-10	0.20666999906743
ZNF697	0.0039276	NM_001080470.2	8.0646e-10	0.0039275991935399995
ZNF699	5.7677e-06	NM_198535.3	8.0179e-08	5.687521e-06
ZNF700	0.0027684	NM_144566.3	1.6888e-06	0.0027667112
ZNF701	5.4866e-08	NM_018260.3	0.0057121	0.005712045134
ZNF703	0.35636	NM_025069.3	2.9331e-07	0.35635970669
ZNF704	0.99532	NM_001033723.3	0.99983	0.004510000000000014
ZNF705G	1.6471e-08	NM_001164457.3	6.4669e-13	1.6470353309999998e-08
ZNF706	0.70233	NM_016096.5	0.24214	0.46019
ZNF707	0.00131	NM_001100598.2	0.024677	0.023367000000000002
ZNF708	5.5534e-05	NM_021269.3	2.4274e-15	5.55339999975726e-05
ZNF709	0.00026774	NM_152601.4	4.2594e-07	0.00026731405999999997
ZNF710	0.99003	NM_198526.4	0.99993	0.00990000000000002
ZNF713	4.3462e-06	NM_182633.3	8.7564e-08	4.258636e-06
ZNF714	0.040598	NM_182515.4	5.7929e-07	0.040597420710000005
ZNF716	1.3942e-06	NM_001159279.1	0.00047	0.0004686058
ZNF717	0.018983	NM_001290208.3	0.014822	0.004161
ZNF718		NM_001039127.6	0.062122	
ZNF721	0.094789	NM_133474.4	0.042887	0.051902
ZNF723		NM_001349726.2		
ZNF724		NM_001355404.2	0.51811	
ZNF726	7.4752e-06	NM_001244038.2	1.2447e-05	4.9717999999999996e-06
ZNF727	0.0020573	NM_001159522.3	0.00030865	0.0017486500000000002
ZNF728	0.0004707	NM_001267716.2	1.2701e-05	0.000457999
ZNF729	0.39585	NM_001242680.2	5.8939e-07	0.39584941060999995
ZNF730	6.3597e-05	NM_001277403.2	0.00061925	0.000555653
ZNF732	0.098159	NM_001137608.3	7.9139e-06	0.09815108609999999
ZNF736	0.00031345	NM_001170905.3	0.017717	0.01740355
ZNF737	0.00041409	NM_001159293.2	3.1131e-05	0.000382959
ZNF740	0.18968	NM_001004304.4	0.001154	0.188526
ZNF746	0.65205	NM_001394198.1	0.86526	0.21321
ZNF747	0.072425	NM_001305018.2	2.5435e-06	0.07242245650000001
ZNF749	0.048846	NM_001023561.4	0.00064122	0.04820478
ZNF750	0.86616	NM_024702.3	0.89161	0.025449999999999973
ZNF761		NM_001289951.2	5.2146e-10	
ZNF763	0.018273	NM_001367172.2	3.8478e-10	0.01827299961522
ZNF764	8.2354e-05	NM_001172679.2	0.0010812	0.000998846
ZNF765	8.6566e-06	NM_001040185.3	5.449e-11	8.65654551e-06
ZNF766	9.2466e-06	NM_001010851.3	1.8065e-05	8.8184e-06
ZNF768	0.42411	NM_024671.4	0.98224	0.55813
ZNF770	0.99077	NM_014106.4	0.99973	0.008959999999999968
ZNF771	0.05992	NM_001142305.2	0.00058948	0.05933052
ZNF772	0.00012102	NM_001144068.2	0.015218	0.015096980000000001
ZNF773	4.8394e-06	NM_198542.3	0.0004235	0.0004186606
ZNF774	2.2808e-15	NM_001004309.3	0.00024975	0.00024974999999771924
ZNF775	0.00070042	NM_173680.4	0.086331	0.08563058000000001
ZNF776	0.006507	NM_173632.4	0.20476	0.19825299999999998
ZNF777	0.99998	NM_015694.3	1.0	2.0000000000020002e-05
ZNF778	7.1255e-06	NM_001201407.2	1.3436e-12	7.1254986563999995e-06
ZNF780A	1.5554e-06	NM_001142578.2	5.1525e-09	1.5502475e-06
ZNF780B	0.0032592	NM_001005851.3	2.2852e-11	0.003259199977148
ZNF781		NM_152605.4		
ZNF782	4.215e-10	NM_001001662.3	0.0077394	0.0077393995785
ZNF783	2.1732e-06	NM_001195220.2	8.0312e-08	2.092888e-06
ZNF784	0.82859	NM_203374.2	0.0036906	0.8248994000000001
ZNF785	2.7478e-06	NM_152458.7	2.5433e-07	2.4934700000000004e-06
ZNF786	2.3543e-12	NM_152411.4	2.7403e-18	2.3542972597000003e-12
ZNF787	0.8911	NM_001002836.4	0.0021959	0.8889041
ZNF789	2.9215e-07	NM_213603.3	0.0030514	0.00305110785
ZNF790	9.0679e-16	NM_206894.4	0.014018	0.014017999999999092
ZNF791	0.13394	NM_153358.3	0.42437	0.29043
ZNF792	2.9153e-10	NM_175872.5	1.0976e-05	1.097570847e-05
ZNF793	1.9629e-09	NM_001013659.3	0.31543	0.3154299980371
ZNF799	0.016646	NM_001080821.3	8.7456e-08	0.016645912544
ZNF800	0.99985	NM_176814.5	0.99999	0.000140000000000029
ZNF804A	0.0055255	NM_194250.2	0.99528	0.9897545000000001
ZNF804B	5.3504e-18	NM_181646.5	6.3087e-20	5.2873129999999994e-18
ZNF805	0.38637	NM_001023563.4	0.00081696	0.38555304
ZNF808	0.28866	NM_001039886.4	0.07278	0.21588000000000002
ZNF813	0.63585	NM_001004301.4	0.22358	0.41227
ZNF814	0.044817	NM_001144989.2	0.0013807	0.043436300000000004
ZNF816	0.00014159	NM_001202457.3	1.356e-05	0.00012803
ZNF821	0.0027859	NM_001201552.2	0.94227	0.9394841
ZNF823	0.3764	NM_001080493.4	0.39841	0.022009999999999974
ZNF827	0.99965	NM_001306215.2	1.0	0.00034999999999996145
ZNF829	5.8965e-11	NM_001037232.4	2.4444e-07	2.4438103499999996e-07
ZNF830	0.059572	NM_052857.4	0.015839	0.043733
ZNF831	7.8727e-10	NM_178457.3	3.9368e-13	7.8687632e-10
ZNF835		NM_001005850.3	0.32907	
ZNF836	1.0252e-05	NM_001102657.3	0.0010335	0.0010232479999999998
ZNF837	1.3275e-06	NM_138466.2		
ZNF839	3.8218e-05	NM_018335.6	1.8777e-09	3.8216122299999997e-05
ZNF841	0.023931	NM_001136499.2	0.00033621	0.02359479
ZNF843		NM_001136509.3	0.15339	
ZNF844	0.0020558	NM_001136501.3	0.0010527	0.0010031
ZNF845	0.00095913	NM_138374.3	1.2713e-15	0.0009591299999987287
ZNF850	0.72103	NM_001193552.2	0.16008	0.56095
ZNF853	0.0017819	NM_017560.3	1.6359e-13	0.00178189999983641
ZNF860		NM_001137674.3	0.29275	
ZNF862	6.7801e-12	NM_001099220.3	2.343e-11	1.66499e-11
ZNF865	0.99814	NM_001195605.2	0.63395	0.36419
ZNF875		NM_001353803.2	5.587e-05	
ZNF878	0.081539	NM_001080404.3	0.00077677	0.08076223
ZNF879	5.6652e-07	NM_001136116.3	5.6323e-09	5.608877000000001e-07
ZNF880	0.002911	NM_001145434.2	8.0867e-05	0.002830133
ZNF888		NM_001393938.1	0.0165	
ZNF891	6.1344e-07	NM_001277291.2	0.31325	0.31324938655999995
ZNFX1	0.99983	NM_021035.3	0.63497	0.36485999999999996
ZNHIT1	2.3592e-06	NM_006349.3	5.7016e-07	1.7890399999999998e-06
ZNHIT2	2.2483e-05	NM_014205.4	2.0059e-11	2.2482979941e-05
ZNHIT3	5.5408e-07	NM_004773.4	4.6604e-11	5.54033396e-07
ZNHIT6	7.5337e-12	NM_017953.4	0.00029065	0.0002906499924663
ZNRD2		NM_006396.3	0.00018749	
ZNRF1	0.90588	NM_032268.5	0.9673	0.06142000000000003
ZNRF2	0.072297	NM_147128.4	0.00041914	0.07187786
ZNRF3	0.98884	NM_001206998.2	0.97032	0.018520000000000092
ZNRF4	0.48866	NM_181710.4	0.32007	0.16858999999999996
ZP1	1.8671999999999997e-21	NM_207341.4	2.3351e-17	2.33491328e-17
ZP2	6.2157e-08	NM_001376232.1	3.0097e-09	5.91473e-08
ZP3	0.00028508	NM_001110354.2	1.1845e-05	0.000273235
ZP4	1.7419e-18	NM_021186.5	7.3307e-21	1.7345693e-18
ZPBP	0.00031153	NM_007009.3	0.00012063	0.00019090000000000003
ZPBP2	1.2212e-08	NM_199321.3	2.4693e-09	9.7427e-09
ZPLD1	4.448e-08	NM_001329788.2	5.8538e-08	1.4058e-08
ZPR1		NM_003904.5	7.0253e-07	
ZRANB1	0.99885	NM_017580.3	1.0	0.0011499999999999844
ZRANB2	0.99949	NM_203350.3	0.95847	0.041019999999999945
ZRANB3	4.2341e-21	NM_032143.4	4.1328e-32	4.234099999958672e-21
ZSCAN1	4.3802e-07	NM_182572.4	6.2606e-08	3.75414e-07
ZSCAN2	3.5648e-05	NM_181877.4	0.00011025	7.4602e-05
ZSCAN5A	0.0081938	NM_001322064.3	0.020739	0.012545200000000001
ZSCAN9	1.7236e-11	NM_006299.5	6.8076e-06	6.8075827639999996e-06
ZSCAN10	8.0366e-05	NM_032805.3	7.238700000000001e-19	8.036599999999928e-05
ZSCAN12	2.1145e-07	NM_001163391.2	8.549e-06	8.337550000000001e-06
ZSCAN16	2.1302e-07	NM_025231.3	3.9404e-06	3.7273800000000004e-06
ZSCAN18	0.047469	NM_001145543.2	0.0025063	0.044962699999999994
ZSCAN20	0.00048141	NM_001377376.1	0.83423	0.83374859
ZSCAN21	3.4774e-12	NM_145914.3	1.3754e-10	1.340626e-10
ZSCAN22	8.2509e-08	NM_181846.3	0.064302	0.064301917491
ZSCAN23	4.1094e-10	NM_001012455.2	3.3796e-07	3.3754906e-07
ZSCAN25	0.0001926	NM_145115.3	2.98e-09	0.00019259702
ZSCAN26		NM_001023560.4	1.0644e-11	
ZSCAN29	1.0345e-10	NM_001372080.1	1.079e-14	1.0343921e-10
ZSCAN30	6.9946e-13	NM_001112734.4	1.0034e-10	9.964053999999999e-11
ZSCAN31	3.647e-08	NM_030899.5	0.0019281	0.00192806353
ZSCAN32	2.4299e-11	NM_001284527.2	3.1413e-20	2.4298999968587e-11
ZSWIM1	1.1282e-11	NM_080603.5	1.3452e-06	1.345188718e-06
ZSWIM2	3.8377e-15	NM_182521.3	8.1779e-08	8.177899616229999e-08
ZSWIM3	5.5178e-05	NM_080752.4	0.00034391	0.000288732
ZSWIM4	7.9168e-05	NM_001367834.3	8.3186e-14	7.9167999916814e-05
ZSWIM5	0.03976	NM_020883.2	0.00040742	0.03935258
ZSWIM6	1.0	NM_020928.2	1.0	0.0
ZSWIM7	0.00089609	NM_001042697.2	5.3157e-05	0.000842933
ZSWIM8	1.0	NM_001367799.1	1.0	0.0
ZSWIM9		NM_199341.4	0.026841	
ZUP1		NM_145062.3	5.0857e-13	
ZW10	0.0014855	NM_004724.4	1.7299e-08	0.001485482701
ZWILCH	1.198e-13	NM_017975.5	1.815e-11	1.80302e-11
ZWINT	7.2736e-11	NM_007057.4	4.9812e-14	7.2686188e-11
ZXDC	1.1449e-09	NM_025112.5	2.3522e-19	1.14489999976478e-09
ZYG11A	1.2573e-11	NM_001004339.3	7.3675e-14	1.2499325e-11
ZYG11B	0.99836	NM_024646.3	0.66224	0.33612
ZYX	2.0307e-10	NM_003461.5	1.5909e-08	1.570593e-08
ZZEF1	0.83468	NM_015113.4	3.2959e-09	0.8346799967041
ZZZ3	0.99998	NM_015534.6	1.0	2.0000000000020002e-05
