#Gene	Score	Quant	MOE
A1CF	0.0269	8.2038	3
A2ML1	0.0184	3.9697	1
AACS	0.4116	61.1629	3
AADAT	0.5945	76.534	5
AAK1	0.6649	81.3329	3
AAMP	0.2659	48.2172	2
AATK	0.6018	77.0419	1
ABCA1	0.2713	48.7873	4
ABCA10	0.0773	24.1708	2
ABCA12	0.1148	30.7836	4
ABCA13	0.0738	23.523	1
ABCA4	0.0347	11.9351	4
ABCA5	0.5665	74.3626	3
ABCA7	0.2268	44.6466	3
ABCA8	0.0291	9.2247	2
ABCB1	0.1356	33.9708	4
ABCB11	0.0659	21.8076	2
ABCB6	0.7812	88.1323	4
ABCC1	0.4299	62.842	4
ABCC10	0.4076	60.8209	2
ABCC2	0.0333	11.3236	2
ABCC5	0.5044	69.4289	3
ABCC8	0.8668	92.7291	5
ABCF1	0.5507	73.041	3
ABCG1	0.2208	44.0402	3
ABCG4	0.575	75.057	3
ABHD13	0.7308	85.3907	0
ABHD17A	0.7328	85.484	3
ABHD17B	0.8878	94.0817	3
ABHD17C	0.8577	92.2782	3
ABHD2	0.6579	80.8717	1
ABHD6	0.493	68.4287	3
ABHD8	0.4735	66.7962	2
ABI1	0.3198	52.8866	4
ABI2	0.5492	72.9167	5
ABI3	0.036	12.4534	2
ABL1	0.754	86.6915	5
ABL2	0.4121	61.2199	4
ABLIM1	0.4747	66.931	3
ABLIM2	0.3744	57.9239	3
ABLIM3	0.5655	74.2745	3
ABR	0.7748	87.8265	3
ABTB2	0.3818	58.5717	0
ABTB3	0.2329	45.17	0
ACAA2	0.362	56.7527	4
ACACA	0.9428	97.2119	3
ACACB	0.0197	4.5761	4
ACAD8	0.5858	75.8603	3
ACADSB	0.8094	89.6507	4
ACAP1	0.0483	17.0864	1
ACAP2	0.5436	72.4917	2
ACAP3	0.5305	71.4863	2
ACBD7	0.4952	68.6153	1
ACE	0.0689	22.6109	5
ACE2	0.0427	15.1741	5
ACER3	0.8789	93.5168	4
ACHE	0.5941	76.4977	5
ACIN1	0.4861	67.7498	3
ACKR3	0.0679	22.357	2
ACLY	0.7079	84.1573	5
ACOT7	0.7452	86.2199	4
ACOX2	0.1048	29.1408	5
ACP1	0.4419	63.92	2
ACP4	0.4153	61.4946	2
ACSBG1	0.2908	50.3887	2
ACSL1	0.0838	25.4975	4
ACSL6	0.5634	74.0879	4
ACSM5	0.0464	16.3661	3
ACTBL2	0.0919	26.959	3
ACTC1	0.4553	65.1897	5
ACTG2	0.1604	37.158	3
ACTN1	0.1414	34.7637	5
ACTN2	0.6851	82.6648	4
ACTN4	0.4606	65.7183	4
ACTR1A	0.8872	94.0661	3
ACTR2	0.8346	90.967	4
ACTR3	0.7002	83.6909	4
ACTR3B	0.8971	94.5844	2
ACTR5	0.3523	55.9391	3
ACTR6	0.6948	83.3178	2
ACTR8	0.4387	63.6142	3
ACVR1B	0.5907	76.2179	4
ACVR2A	0.7	83.665	4
ACVR2B	0.6585	80.9235	4
ACY3	0.0917	26.9071	2
ADAM10	0.8405	91.3402	5
ADAM11	0.6523	80.5452	1
ADAM12	0.0302	9.7792	2
ADAM17	0.6403	79.7678	4
ADAM23	0.6901	83.0017	2
ADAM28	0.0414	14.6922	0
ADAM30	0.0218	5.6592	2
ADAM33	0.0414	14.7181	2
ADAM9	0.0842	25.6115	4
ADAMTS1	0.015	2.2854	2
ADAMTS10	0.779	88.0131	2
ADAMTS16	0.2176	43.7293	2
ADAMTS17	0.2774	49.2693	2
ADAMTS18	0.218	43.7811	2
ADAMTS2	0.3696	57.4731	2
ADAMTS4	0.0244	7.0222	3
ADAMTS6	0.4192	61.8729	2
ADAMTS9	0.4973	68.8588	2
ADAMTSL2	0.7064	84.0744	2
ADAMTSL4	0.2898	50.3109	3
ADARB2	0.4206	61.9818	2
ADCY1	0.8541	92.0813	4
ADCY2	0.8824	93.7189	4
ADCY3	0.7333	85.5203	4
ADCY6	0.3837	58.722	4
ADCY8	0.6862	82.7374	5
ADCY9	0.2144	43.4287	2
ADCYAP1	0.2289	44.8383	4
ADD1	0.3339	54.2081	4
ADD2	0.5258	71.0769	4
ADGRA1	0.4022	60.2923	1
ADGRB1	0.5677	74.4507	2
ADGRB2	0.6894	82.955	1
ADGRB3	0.6246	78.7106	1
ADGRG2	0.0975	27.9592	1
ADGRG4	0.0133	1.6065	0
ADGRL2	0.0665	21.989	1
ADGRL3	0.6614	81.1153	2
ADH5	0.5	69.0661	4
ADIPOR1	0.4083	60.8623	4
ADIPOR2	0.6929	83.209	3
ADM	0.0193	4.4154	2
ADNP2	0.5536	73.2742	2
ADORA1	0.5775	75.2125	4
ADORA2A	0.3244	53.3167	3
ADORA2B	0.1639	37.6088	2
ADORA3	0.1098	29.9544	4
ADPRHL1	0.0368	12.7902	0
ADRA1A	0.0272	8.3333	4
ADRA1D	0.0258	7.7063	3
ADRA2A	0.1613	37.2512	4
ADRA2B	0.0598	20.3151	3
ADRA2C	0.0443	15.7183	4
ADRB1	0.1763	39.2465	3
ADRB2	0.0232	6.3018	5
ADRM1	0.3939	59.5408	3
ADSS1	0.6062	77.3528	3
ADSS2	0.3116	52.1922	4
AEBP1	0.0301	9.6808	3
AEBP2	0.6336	79.3273	3
AFAP1L2	0.1206	31.7579	1
AFDN	0.1931	41.2313	5
AFF1	0.0842	25.6219	2
AFTPH	0.2876	50.171	1
AGAP2	0.8432	91.4956	5
AGAP3	0.8361	91.0862	1
AGAP5	0.3003	51.1816	0
AGBL1	0.0803	24.8083	3
AGBL2	0.1225	32.0481	3
AGBL3	0.0539	18.8174	3
AGBL4	0.2835	49.8134	3
AGBL5	0.5158	70.3306	3
AGFG1	0.491	68.2266	2
AGGF1	0.8051	89.4123	2
AGO3	0.9077	95.1337	3
AGO4	0.7356	85.6447	3
AGPAT1	0.6903	83.0327	4
AGPAT3	0.8491	91.8273	4
AGPAT4	0.7158	84.5771	4
AGT	0.1215	31.8823	4
AGTR1	0.0511	17.9571	3
AGTR2	0.0142	1.933	3
AGXT	0.2597	47.6316	5
AHCTF1	0.3753	57.9706	2
AHCYL1	0.9341	96.6314	3
AHCYL2	0.7208	84.8621	2
AHNAK	0.0209	5.1306	3
AHR	0.1423	34.8984	5
AHSA1	0.4018	60.2353	1
AHSG	0.0144	2.0263	3
AICDA	0.0625	20.9266	3
AIDA	0.504	69.3926	2
AIFM3	0.5117	70.0197	1
AIP	0.4048	60.5359	3
AJAP1	0.5525	73.1861	1
AJM1	0.2458	46.2946	2
AJUBA	0.175	39.0858	4
AK2	0.6837	82.5715	2
AK3	0.5843	75.7566	3
AK5	0.5341	71.7299	1
AKAP1	0.1196	31.592	1
AKAP10	0.5012	69.1594	1
AKAP11	0.3701	57.5093	0
AKAP12	0.2001	41.9724	2
AKAP13	0.2114	43.0763	4
AKAP4	0.0194	4.4569	1
AKAP5	0.2114	43.0815	3
AKAP6	0.4657	66.1277	2
AKAP7	0.1629	37.4689	1
AKAP8	0.4713	66.5889	1
AKAP8L	0.3509	55.8354	3
AKAP9	0.701	83.7635	3
AKIRIN1	0.4444	64.2206	2
AKIRIN2	0.5942	76.5029	2
AKR1A1	0.4499	64.63	2
AKR1C2	0.4193	61.8781	4
AKR1C3	0.2107	43.0348	4
AKR1C4	0.1038	29.0267	2
AKR1D1	0.105	29.1978	1
AKT2	0.7078	84.1418	5
ALAS2	0.3956	59.7067	4
ALB	0.0194	4.4517	3
ALCAM	0.2079	42.7498	3
ALDH1A1	0.146	35.3338	3
ALDH1A2	0.3016	51.2801	2
ALDH1L1	0.3858	58.8982	3
ALDH2	0.4165	61.5827	4
ALDH6A1	0.7547	86.7434	4
ALDOC	0.5803	75.4457	4
ALG10	0.7252	85.085	3
ALK	0.1353	33.9449	5
ALKBH1	0.6433	79.9129	3
ALKBH4	0.4915	68.2732	1
ALKBH5	0.7457	86.251	3
ALOX12B	0.0884	26.3112	3
ALOXE3	0.0529	18.5842	2
ALPK1	0.4381	63.5728	3
ALPP	0.0577	19.7709	3
ALYREF	0.3722	57.7218	4
AMACR	0.3409	54.8818	4
AMBN	0.0414	14.7388	3
AMBRA1	0.5168	70.4136	4
AMD1	0.8726	93.1437	2
AMER2	0.5403	72.2481	1
AMH	0.2394	45.7349	3
AMHR2	0.0135	1.6843	4
AMIGO1	0.7447	86.194	2
AMMECR1L	0.7349	85.6084	1
AMOT	0.7018	83.8257	4
AMOTL2	0.206	42.5529	3
AMPD1	0.0141	1.9175	2
AMPD3	0.1097	29.9388	3
AMPH	0.6411	79.8093	2
AMY1C	0.1037	29.0164	2
AMZ1	0.5522	73.1499	0
AMZ2	0.5379	72.0253	0
ANAPC2	0.404	60.4892	3
ANAPC7	0.5008	69.1283	4
ANG	0.0123	1.1764	5
ANGPT1	0.0577	19.7865	4
ANGPT2	0.0652	21.647	3
ANGPTL6	0.0192	4.3688	1
ANK1	0.7574	86.8781	4
ANKFY1	0.4946	68.5738	3
ANKHD1	0.7875	88.5157	0
ANKIB1	0.7629	87.1787	0
ANKMY2	0.7931	88.7749	0
ANKRD10	0.5405	72.2741	0
ANKRD12	0.7163	84.5927	0
ANKRD13C	0.8423	91.4335	1
ANKRD13D	0.416	61.5257	1
ANKRD18B	0.1824	40.0549	0
ANKRD20A1	0.0727	23.3054	0
ANKRD28	0.7871	88.4847	2
ANKRD33B	0.1775	39.3968	0
ANKRD34A	0.6915	83.1001	0
ANKRD34B	0.1049	29.1615	0
ANKRD34C	0.3074	51.8449	0
ANKRD36B	0.1314	33.3955	0
ANKRD36C	0.2427	46.0095	0
ANKRD37	0.1985	41.7962	0
ANKRD44	0.4087	60.8831	0
ANKRD50	0.6903	83.0224	0
ANKRD52	0.8242	90.4384	0
ANKRD61	0.0255	7.5249	0
ANKRD62	0.0362	12.5725	0
ANKRD63	0.2427	45.9992	0
ANKS1A	0.3809	58.4784	2
ANKS3	0.5543	73.3416	1
ANLN	0.2834	49.8031	2
ANO1	0.046	16.2469	4
ANO2	0.0315	10.4737	2
ANO4	0.9289	96.2583	2
ANO6	0.2113	43.0711	4
ANO8	0.7397	85.8779	3
ANOS1	0.8545	92.0968	2
ANP32B	0.2523	46.9113	2
ANP32E	0.4642	66.0033	2
ANTXR2	0.681	82.3435	2
ANXA1	0.0224	5.9546	3
ANXA11	0.2139	43.3717	2
ANXA5	0.0397	14.0288	2
AOC3	0.0327	11.0334	3
AP1G2	0.181	39.858	3
AP1M1	0.8702	92.9726	4
AP2A1	0.8045	89.3812	5
AP2A2	0.6858	82.7063	4
AP2B1	0.9379	96.9216	4
AP3M1	0.4916	68.2888	5
AP3M2	0.7323	85.4581	3
AP3S1	0.6925	83.183	4
AP3S2	0.6821	82.4471	3
APBA1	0.6792	82.2347	2
APBA2	0.5232	70.8852	2
APBA3	0.4062	60.6706	2
APBB1	0.5348	71.8024	4
APBB1IP	0.0241	6.8512	2
APBB2	0.1637	37.5725	2
APCDD1	0.2127	43.2421	1
APEX1	0.1426	34.9554	4
APEX2	0.1716	38.6039	2
APH1A	0.5054	69.5481	3
API5	0.8272	90.6146	2
APLP1	0.4484	64.5419	2
APLP2	0.271	48.7562	3
APMAP	0.6396	79.716	0
APOA4	0.0126	1.2801	4
APOB	0.0581	19.8746	3
APOBEC1	0.0133	1.5962	4
APOBEC2	0.048	16.988	2
APOBEC3A	0.0191	4.3273	4
APOBEC3B	0.0162	2.8659	4
APOBEC3C	0.0192	4.374	4
APOBEC3D	0.0176	3.6329	3
APOBEC3F	0.0147	2.1714	4
APOBEC3G	0.007	0.0363	5
APOBEC3H	0.0246	7.0947	4
APOD	0.0631	21.0717	3
APOE	0.1243	32.4316	5
APOL4	0.2327	45.1285	0
APOO	0.6477	80.2394	2
APP	0.5508	73.0462	5
APPBP2	0.8152	89.9306	2
APPL1	0.4341	63.1944	4
APPL2	0.4087	60.8935	3
AQP1	0.055	19.1024	4
AQP10	0.0349	12.018	2
AQP2	0.0555	19.232	3
AQP4	0.6421	79.8559	2
AQR	0.7581	86.9403	2
ARAF	0.1863	40.5213	4
ARAP1	0.1094	29.8922	4
ARAP3	0.1396	34.5097	4
ARC	0.5291	71.3516	4
AREL1	0.5979	76.8087	1
ARF4	0.488	67.9364	3
ARF5	0.6464	80.1461	3
ARF6	0.5033	69.3097	5
ARFGAP1	0.2935	50.6582	2
ARFGAP3	0.4162	61.5568	2
ARFGEF3	0.5694	74.6009	0
ARFIP2	0.3648	57.0118	4
ARGLU1	0.7117	84.375	0
ARHGAP11B	0.0317	10.5825	3
ARHGAP12	0.4675	66.2624	2
ARHGAP15	0.0374	13.0908	2
ARHGAP21	0.7539	86.6864	2
ARHGAP22	0.0906	26.7465	3
ARHGAP23	0.6504	80.3897	2
ARHGAP24	0.1161	30.9857	2
ARHGAP25	0.0444	15.7649	1
ARHGAP26	0.223	44.2786	3
ARHGAP29	0.2491	46.6211	1
ARHGAP30	0.03	9.6393	2
ARHGAP33	0.7726	87.6866	4
ARHGAP35	0.9826	99.6528	3
ARHGAP36	0.0325	10.9712	0
ARHGAP39	0.5859	75.8706	3
ARHGAP4	0.0555	19.2268	2
ARHGAP42	0.1555	36.5205	1
ARHGAP44	0.8321	90.853	3
ARHGAP5	0.6062	77.3632	2
ARHGAP6	0.0904	26.6946	3
ARHGDIA	0.2732	48.9583	4
ARHGDIG	0.2547	47.103	3
ARHGEF1	0.0368	12.7798	2
ARHGEF10	0.0967	27.757	2
ARHGEF10L	0.4569	65.3348	1
ARHGEF11	0.4487	64.5678	3
ARHGEF12	0.7192	84.7585	3
ARHGEF15	0.0276	8.6028	3
ARHGEF17	0.3242	53.2701	1
ARHGEF18	0.2372	45.5535	3
ARHGEF2	0.5907	76.2075	4
ARHGEF3	0.1758	39.1636	2
ARHGEF33	0.378	58.2297	1
ARHGEF38	0.0278	8.665	1
ARHGEF5	0.0406	14.376	3
ARHGEF6	0.3237	53.2287	3
ARHGEF7	0.5378	72.0097	5
ARID3A	0.057	19.6207	3
ARID3B	0.0681	22.4088	2
ARID4A	0.6664	81.4055	4
ARID4B	0.6059	77.3217	4
ARID5A	0.0457	16.1899	3
ARID5B	0.3587	56.4884	4
ARIH1	0.9387	96.9838	3
ARIH2	0.8838	93.8174	3
ARK2C	0.1629	37.4585	2
ARL14EP	0.6836	82.5663	0
ARL2BP	0.6989	83.608	3
ARL5B	0.7198	84.8	2
ARL6IP1	0.783	88.2463	2
ARL6IP4	0.1818	39.972	2
ARL6IP5	0.6026	77.1144	2
ARL6IP6	0.7893	88.5935	0
ARL8A	0.9107	95.2685	4
ARL8B	0.7325	85.4685	4
ARMC8	0.7282	85.2508	2
ARMCX4	0.1747	38.9822	0
ARNT	0.2593	47.5694	5
ARPC1A	0.5622	74.0153	3
ARPC2	0.6896	82.9706	4
ARPC3	0.2966	50.8655	3
ARPC5	0.5497	72.9478	3
ARPC5L	0.2946	50.7255	2
ARPP19	0.6292	79.0475	1
ARPP21	0.6814	82.385	0
ARRB1	0.8445	91.5889	4
ARRB2	0.6611	81.0842	4
ARRDC3	0.3698	57.4938	1
ARRDC4	0.4055	60.6343	1
ARSG	0.7568	86.8522	4
ARSI	0.1727	38.749	3
ASAP1	0.5048	69.4859	3
ASAP2	0.6289	79.0216	0
ASB11	0.0183	3.9283	1
ASB14	0.1458	35.313	1
ASB7	0.7364	85.6913	1
ASB9	0.0175	3.55	1
ASCC2	0.3884	59.1107	3
ASCC3	0.6159	78.0628	3
ASF1A	0.9017	94.7969	3
ASF1B	0.209	42.9001	2
ASH2L	0.867	92.7498	5
ASIC1	0.9038	94.9005	4
ASIC2	0.8508	91.9102	3
ASIC4	0.2447	46.1806	3
ASMT	0.1205	31.732	4
ASPDH	0.3493	55.6851	0
ASPH	0.5722	74.8238	4
ASPHD2	0.6272	78.9024	0
ASPRV1	0.0193	4.3947	0
ASTN2	0.9399	97.0408	2
ATAD2	0.3687	57.4057	3
ATAD2B	0.5445	72.5539	2
ATAD5	0.364	56.9341	2
ATAT1	0.6588	80.9494	3
ATF2	0.574	75.0104	5
ATF3	0.014	1.8864	4
ATF4	0.1279	32.898	5
ATF7	0.193	41.2002	3
ATF7IP	0.3918	59.375	3
ATG13	0.3418	54.9751	4
ATG16L1	0.3319	53.9905	4
ATG2B	0.6454	80.0736	2
ATG4A	0.6023	77.0781	2
ATG4B	0.6042	77.2129	2
ATG4D	0.4687	66.3557	2
ATG5	0.3991	60.0021	2
ATG9A	0.2223	44.1853	3
ATL3	0.0733	23.409	2
ATOH1	0.2276	44.7295	3
ATOH7	0.26	47.6472	3
ATOH8	0.1278	32.8928	2
ATP10D	0.1265	32.6648	2
ATP11A	0.6067	77.3839	2
ATP11B	0.476	67.0139	2
ATP11C	0.7605	87.0439	2
ATP13A1	0.7279	85.2094	2
ATP13A3	0.5643	74.1604	1
ATP1B1	0.687	82.7995	4
ATP1B2	0.6479	80.255	4
ATP2A1	0.1589	36.9921	5
ATP2A3	0.0347	11.9299	4
ATP2B2	0.9916	99.9896	5
ATP2B3	0.9328	96.5589	4
ATP2B4	0.0945	27.4357	4
ATP2C1	0.7545	86.7226	4
ATP2C2	0.1126	30.4674	3
ATP5F1A	0.9532	97.8078	5
ATP5F1B	0.8615	92.5062	4
ATP5F1D	0.7511	86.5568	5
ATP5MC3	0.4052	60.6032	4
ATP5ME	0.5473	72.7508	4
ATP5MK	0.4054	60.624	3
ATP5PD	0.8276	90.625	4
ATP6AP1	0.8269	90.5835	5
ATP6V0A4	0.049	17.3404	4
ATP6V0B	0.6933	83.24	4
ATP6V0D1	0.7118	84.3854	3
ATP6V0E2	0.7012	83.7738	4
ATP6V1C1	0.7601	87.018	4
ATP6V1C2	0.0389	13.666	4
ATP6V1D	0.8375	91.1692	4
ATP6V1F	0.5261	71.1028	4
ATP6V1G1	0.6178	78.2235	4
ATP6V1G2	0.6069	77.3943	3
ATP6V1H	0.4966	68.7707	4
ATP8A1	0.8138	89.8632	2
ATP9B	0.685	82.6544	2
ATPAF1	0.6028	77.1248	2
ATPAF2	0.8307	90.7649	2
ATRN	0.7099	84.2817	1
ATRNL1	0.7588	86.9869	0
ATXN1L	0.325	53.3686	3
ATXN2L	0.5195	70.5794	1
ATXN3L	0.0224	5.965	3
ATXN7L1	0.2056	42.501	0
ATXN7L2	0.1424	34.9192	0
ATXN7L3	0.8398	91.3039	3
ATXN7L3B	0.6391	79.6901	1
ATXN8	0.2529	46.9735	0
AUP1	0.1557	36.5775	2
AURKA	0.1606	37.1735	4
AURKB	0.1801	39.7336	4
AURKC	0.0644	21.4138	2
AVP	0.3038	51.5133	3
AVPR1A	0.1395	34.4787	4
AVPR1B	0.0304	9.8725	4
AVPR2	0.0678	22.3	3
AXIN1	0.5889	76.1039	5
AXIN2	0.6295	79.0786	5
AXL	0.0218	5.6385	4
AZGP1	0.0106	0.6841	3
AZIN1	0.5896	76.1298	3
B2M	0.0353	12.1735	5
B3GALT1	0.8027	89.2309	2
B3GALT2	0.7193	84.7637	3
B3GAT1	0.8303	90.7546	4
B3GNT4	0.1748	39.0392	4
B3GNT5	0.3192	52.8141	4
B3GNT9	0.1166	31.0738	3
B4GALNT3	0.0553	19.1801	2
B4GALT2	0.6245	78.7002	4
B4GALT5	0.6	76.9175	4
B4GALT6	0.6574	80.8302	4
BAALC	0.3321	54.0216	0
BABAM1	0.3607	56.6542	4
BACC1	0.1549	36.448	0
BACE1	0.6281	78.949	5
BACE2	0.2499	46.7092	2
BACH2	0.6861	82.727	3
BAG3	0.2185	43.8277	3
BAG6	0.2828	49.7357	3
BAHD1	0.1289	33.012	2
BAIAP2	0.634	79.3429	4
BAIAP2L1	0.0239	6.7371	3
BAIAP3	0.2655	48.1706	3
BANF1	0.5275	71.2013	4
BANK1	0.0148	2.2181	1
BANP	0.3555	56.1671	1
BARD1	0.4032	60.4167	5
BARHL1	0.2298	44.9109	3
BARHL2	0.3476	55.5245	3
BARX1	0.0666	22.0097	3
BARX2	0.0261	7.8306	3
BASP1	0.4837	67.5632	4
BAZ1A	0.5313	71.5433	2
BAZ2A	0.4548	65.143	4
BBLN	0.3077	51.876	2
BBX	0.2315	45.0301	3
BCAN	0.4687	66.3609	3
BCAR1	0.3431	55.0943	5
BCAR3	0.217	43.6775	3
BCAS1	0.1966	41.6252	2
BCAT2	0.7012	83.7687	4
BCCIP	0.4213	62.0284	3
BCHE	0.2666	48.3105	1
BCL10	0.1571	36.7382	5
BCL2	0.1267	32.6855	5
BCL2A1	0.0121	1.109	4
BCL2L1	0.1746	38.9614	5
BCL2L13	0.243	46.0303	0
BCL2L2	0.1632	37.5052	3
BCL3	0.0619	20.8022	3
BCL6	0.1445	35.1472	5
BCL7A	0.3421	55.0114	3
BCL7B	0.1972	41.7029	3
BCL7C	0.2144	43.4183	3
BCL9	0.4676	66.278	3
BCL9L	0.4032	60.427	3
BCLAF1	0.4791	67.2108	2
BCR	0.2661	48.2743	5
BDH1	0.3282	53.6484	3
BECN1	0.4153	61.4894	4
BEGAIN	0.6059	77.3321	2
BEND3	0.341	54.8974	3
BEND4	0.2604	47.6886	0
BEND6	0.4175	61.6656	2
BET1	0.6194	78.3789	2
BEX1	0.4063	60.6758	3
BEX2	0.3992	60.0073	2
BEX3	0.2371	45.5431	3
BEX4	0.4289	62.7488	3
BFSP1	0.1128	30.5245	2
BHLHA15	0.1023	28.7987	3
BHLHE22	0.8585	92.3404	4
BHLHE23	0.0452	16.0551	3
BHLHE40	0.1282	32.955	3
BHLHE41	0.3156	52.5135	3
BICC1	0.0535	18.7034	1
BICD1	0.6969	83.4474	4
BICDL1	0.4671	66.2417	2
BICRAL	0.2627	47.9322	2
BID	0.2223	44.1905	4
BIRC2	0.3066	51.8035	5
BIRC3	0.0244	7.0118	4
BIRC6	0.5963	76.6584	4
BIVM	0.5488	72.8959	2
BLCAP	0.7492	86.4635	0
BLK	0.0211	5.2757	2
BLNK	0.0148	2.2233	4
BLOC1S6	0.8476	91.6978	3
BLTP2	0.4305	62.8783	1
BLTP3B	0.1399	34.5616	3
BMAL1	0.2645	48.0825	3
BMERB1	0.2679	48.4245	2
BMI1	0.6941	83.3074	5
BMP1	0.3745	57.9291	2
BMP10	0.0185	4.0164	2
BMP15	0.0163	2.9229	2
BMP2	0.2163	43.5945	3
BMP6	0.1237	32.2968	2
BMP7	0.1858	40.4851	3
BMPR1A	0.3753	57.9913	4
BMPR2	0.4415	63.8733	5
BMS1	0.8191	90.1171	2
BNC1	0.096	27.6379	3
BNC2	0.3022	51.3682	2
BNIP3	0.2628	47.9374	4
BOD1L1	0.5734	74.943	2
BOK	0.443	64.0599	4
BPHL	0.8064	89.49	3
BPIFB6	0.0223	5.8872	0
BRD1	0.5728	74.8808	3
BRD10	0.1477	35.567	0
BRD2	0.3272	53.5707	4
BRD3	0.4252	62.4119	3
BRD7	0.5212	70.7193	5
BRD8	0.4978	68.9003	4
BRD9	0.1921	41.1173	2
BRDT	0.0511	17.9674	3
BRINP1	0.8856	93.9314	2
BRINP2	0.6439	79.9544	2
BRINP3	0.7432	86.1318	2
BRK1	0.4508	64.7336	5
BRMS1	0.1834	40.1949	4
BRMS1L	0.6639	81.2759	2
BRPF3	0.5638	74.1242	3
BRS3	0.0692	22.6627	2
BRSK1	0.8967	94.5688	3
BRWD1	0.863	92.5736	3
BSG	0.1082	29.7212	3
BSN	0.8855	93.9158	3
BSPH1	0.1019	28.7262	0
BST1	0.0364	12.6451	3
BSX	0.2806	49.5025	3
BTAF1	0.704	83.9656	1
BTBD10	0.8091	89.6196	1
BTBD17	0.6547	80.6644	0
BTBD18	0.0691	22.642	2
BTBD2	0.7347	85.5877	1
BTBD3	0.7459	86.2873	2
BTBD7	0.4231	62.2098	1
BTBD8	0.3165	52.5757	1
BTBD9	0.8041	89.3501	1
BTF3	0.4579	65.454	1
BTG1	0.2794	49.4092	4
BTG3	0.3613	56.7009	2
BTN1A1	0.0345	11.8522	1
BTN2A2	0.0578	19.7968	1
BTN3A2	0.0313	10.3648	1
BTNL2	0.0469	16.5526	1
BTNL9	0.0344	11.7952	1
BTRC	0.6594	80.9805	3
BZW1	0.8846	93.8537	0
BZW2	0.4431	64.0703	0
C10orf105	0.5711	74.7046	0
C10orf90	0.1267	32.7063	1
C11orf58	0.4846	67.6461	0
C11orf87	0.3527	55.9546	0
C15orf62	0.1748	39.0495	2
C16orf89	0.1534	36.2614	2
C16orf90	0.0561	19.4341	0
C18orf32	0.6517	80.5141	2
C19orf81	0.3724	57.7633	0
C1GALT1	0.4203	61.9662	3
C1QA	0.0123	1.192	2
C1QB	0.0169	3.2546	2
C1QBP	0.4632	65.9308	3
C1QC	0.0096	0.4094	2
C1QL1	0.6675	81.4884	1
C1QL2	0.5203	70.6468	1
C1QL3	0.8745	93.2577	1
C1QTNF1	0.0215	5.4726	1
C1QTNF4	0.5117	70.0145	1
C1R	0.032	10.7432	1
C1S	0.033	11.194	1
C1orf21	0.4475	64.49	0
C1orf226	0.2191	43.9003	0
C2	0.0213	5.3742	2
C20orf203	0.1364	34.1055	0
C22orf31	0.0498	17.5684	0
C22orf42	0.171	38.4898	0
C2CD2	0.0397	14.0599	1
C2CD2L	0.4212	62.0232	1
C2CD4A	0.0499	17.5891	1
C2orf42	0.2272	44.7036	1
C2orf80	0.5023	69.232	0
C3	0.1772	39.3553	4
C3orf80	0.4091	60.9297	0
C4A	0.0292	9.261	2
C4B	0.025	7.2917	1
C4orf50	0.3245	53.3375	0
C6orf120	0.3859	58.919	1
C6orf136	0.323	53.1561	0
C6orf62	0.4604	65.7027	0
C7	0.0226	6.0012	2
C8orf34	0.2859	50.0	0
CA1	0.0805	24.829	3
CA10	0.8223	90.3348	2
CA11	0.625	78.7365	1
CA14	0.1268	32.7114	2
CA3	0.1287	32.9965	2
CA4	0.2556	47.1859	3
CA6	0.0173	3.4878	3
CA7	0.3721	57.6907	2
CAB39	0.8397	91.2987	4
CABIN1	0.3803	58.4059	3
CABP1	0.5682	74.5077	3
CABP4	0.0391	13.7801	1
CABP7	0.6842	82.6026	1
CACNA1F	0.3915	59.3491	4
CACNA2D4	0.1258	32.5871	4
CACNB1	0.5297	71.4086	5
CACNB2	0.5467	72.6835	5
CACNG2	0.7203	84.8414	5
CACNG3	0.7454	86.2303	5
CACNG4	0.6956	83.3696	5
CACNG5	0.0953	27.529	4
CACNG7	0.6025	77.0989	5
CACNG8	0.8419	91.4024	5
CACTIN	0.4594	65.5991	2
CACUL1	0.6509	80.4415	2
CACYBP	0.5258	71.0665	4
CADM1	0.6788	82.188	4
CADM2	0.7993	89.0444	1
CADM3	0.6285	78.9853	2
CADM4	0.7867	88.4536	2
CADPS	0.9433	97.2481	2
CADPS2	0.6689	81.6231	1
CALB1	0.3455	55.2912	5
CALB2	0.5393	72.1756	1
CALCA	0.0509	17.8638	2
CALCB	0.0439	15.5732	1
CALCR	0.0236	6.5247	4
CALCRL	0.061	20.5328	3
CALD1	0.0408	14.4901	3
CALHM1	0.1492	35.7328	2
CALM1	0.3184	52.7415	5
CALM2	0.3216	53.0784	4
CALM3	0.5328	71.6418	4
CALN1	0.8256	90.5058	1
CALR	0.1062	29.4051	5
CALU	0.1012	28.6277	2
CALY	0.3315	53.9646	2
CAMK1	0.4894	68.0711	5
CAMK1D	0.8824	93.7085	4
CAMK1G	0.44	63.749	2
CAMK2D	0.9619	98.3572	5
CAMK2G	0.9665	98.6733	5
CAMK2N1	0.7661	87.3342	2
CAMK2N2	0.6175	78.2027	1
CAMKK1	0.2807	49.5129	3
CAMKK2	0.1995	41.9102	4
CAMKMT	0.3457	55.312	4
CAMKV	0.9335	96.6107	1
CAMLG	0.185	40.3607	3
CAMSAP2	0.6876	82.8462	2
CAMSAP3	0.583	75.6478	3
CAND1	0.9261	96.0614	3
CANT1	0.5876	76.0002	4
CANX	0.3945	59.5927	4
CAP1	0.1294	33.1001	2
CAP2	0.2445	46.1754	1
CAPG	0.0779	24.3004	2
CAPN1	0.2836	49.8186	4
CAPN12	0.0203	4.8767	1
CAPN2	0.1857	40.4695	4
CAPN3	0.2988	51.0624	4
CAPN8	0.038	13.2722	1
CAPN9	0.0886	26.3992	1
CAPNS1	0.3102	52.0626	3
CAPS	0.3417	54.9596	0
CAPS2	0.2359	45.4343	0
CAPZA1	0.4998	69.061	3
CAPZA2	0.7499	86.505	3
CAPZB	0.494	68.5116	2
CARD11	0.1501	35.8261	3
CARD14	0.0195	4.4672	1
CARM1	0.7465	86.3288	4
CARMIL3	0.5594	73.7718	0
CARNMT1	0.7973	88.9511	4
CARNS1	0.187	40.6043	3
CARTPT	0.1686	38.153	1
CASC3	0.3186	52.7519	3
CASKIN1	0.8114	89.7336	1
CASKIN2	0.1673	38.0234	0
CASP10	0.0221	5.825	3
CASP2	0.8067	89.5004	4
CASP3	0.4487	64.5626	4
CASP8AP2	0.6992	83.6184	2
CASQ2	0.0211	5.2653	4
CASS4	0.011	0.7411	3
CASTOR2	0.4464	64.4279	2
CAT	0.4119	61.1889	5
CATSPER2	0.1911	41.0241	3
CATSPERQ	0.157	36.7123	1
CAV2	0.0532	18.6567	5
CAV3	0.0241	6.8408	4
CBFA2T2	0.4668	66.2262	2
CBFA2T3	0.1474	35.5203	2
CBFB	0.6153	78.0369	3
CBLB	0.6524	80.5504	3
CBLC	0.0129	1.3785	2
CBLL1	0.4357	63.3396	3
CBLN1	0.7256	85.0954	2
CBLN2	0.8084	89.5833	1
CBLN3	0.1471	35.4633	1
CBLN4	0.7813	88.1478	2
CBX1	0.9013	94.7813	3
CBX2	0.0742	23.6215	3
CBX3	0.5366	71.9061	4
CBX4	0.4791	67.216	3
CBX5	0.8776	93.4702	4
CBX6	0.4324	63.0545	3
CBX7	0.1602	37.1269	2
CBX8	0.2861	50.0155	3
CBY3	0.1317	33.437	0
CCAR1	0.5727	74.8756	3
CCAR2	0.2432	46.0458	3
CCDC117	0.3456	55.3068	2
CCDC141	0.0513	18.0037	1
CCDC144A	0.0479	16.9206	0
CCDC171	0.13	33.2193	0
CCDC175	0.2064	42.5788	0
CCDC177	0.3592	56.5247	0
CCDC186	0.7158	84.5719	2
CCDC28B	0.3335	54.1667	1
CCDC39	0.7434	86.137	2
CCDC6	0.4554	65.2052	1
CCDC69	0.0382	13.3499	2
CCDC78	0.204	42.3767	2
CCDC8	0.168	38.0649	1
CCDC85B	0.5552	73.4401	2
CCDC85C	0.4087	60.8779	1
CCDC91	0.3395	54.7678	1
CCDC9B	0.1598	37.0854	0
CCIN	0.0319	10.6447	1
CCK	0.1059	29.3377	4
CCKBR	0.4918	68.3147	3
CCN1	0.1072	29.5605	2
CCN6	0.3769	58.1519	1
CCNA1	0.383	58.6598	3
CCNA2	0.3709	57.5871	4
CCNC	0.7201	84.8311	3
CCND3	0.2437	46.0821	5
CCNE1	0.0644	21.4293	4
CCNE2	0.2082	42.812	4
CCNF	0.1758	39.1739	2
CCNG1	0.2657	48.2017	3
CCNH	0.8354	91.0396	4
CCNI	0.2117	43.1177	1
CCNJ	0.5497	72.9322	1
CCNL1	0.4825	67.4803	2
CCNL2	0.0829	25.2591	2
CCNO	0.1554	36.4998	2
CCNP	0.2202	43.9884	1
CCNT1	0.253	46.9942	5
CCNT2	0.6383	79.6279	5
CCNYL1	0.4873	67.8638	1
CCR1	0.0156	2.529	2
CCR6	0.0236	6.5506	2
CCSER1	0.0656	21.7506	0
CCSER2	0.3352	54.317	2
CCT2	0.6578	80.8509	3
CCT3	0.7515	86.5672	3
CCT4	0.7886	88.552	3
CCT6A	0.437	63.4639	3
CCT7	0.5356	71.8594	3
CCT8	0.7198	84.7948	3
CD151	0.0529	18.579	3
CD163	0.0102	0.5597	2
CD163L1	0.0389	13.6816	0
CD19	0.0168	3.2286	4
CD200	0.5478	72.8078	2
CD22	0.019	4.2807	2
CD24	0.1626	37.4171	3
CD244	0.0121	1.1298	0
CD274	0.0153	2.4306	3
CD276	0.1586	36.9455	1
CD2AP	0.142	34.8621	2
CD34	0.0309	10.1109	3
CD38	0.031	10.1835	4
CD4	0.0273	8.4111	5
CD44	0.0219	5.6696	4
CD47	0.3352	54.3221	4
CD59	0.122	31.9652	2
CD79B	0.0129	1.3941	3
CD81	0.0898	26.591	3
CD86	0.0164	2.9488	4
CD8A	0.0352	12.1269	1
CD9	0.0298	9.5978	2
CD99L2	0.2854	49.9689	1
CDC14B	0.2929	50.596	4
CDC16	0.505	69.517	4
CDC23	0.4177	61.7019	3
CDC25A	0.1198	31.6024	5
CDC25B	0.1368	34.1573	5
CDC27	0.7468	86.334	3
CDC34	0.4868	67.8224	4
CDC37	0.219	43.8847	5
CDC37L1	0.2931	50.6012	1
CDC40	0.7895	88.609	2
CDC42BPA	0.7689	87.4793	3
CDC42EP3	0.4165	61.5879	3
CDC5L	0.8518	91.9828	4
CDC73	0.9694	98.834	3
CDCA7	0.3915	59.3439	3
CDH1	0.1151	30.8302	4
CDH10	0.6824	82.4627	3
CDH13	0.0703	22.8648	3
CDH18	0.2618	47.8441	3
CDH20	0.405	60.567	2
CDH22	0.4401	63.7593	2
CDH4	0.7961	88.8941	3
CDH6	0.4632	65.9256	3
CDH7	0.3035	51.4925	3
CDH9	0.1909	41.0085	3
CDHR1	0.2719	48.8547	1
CDK1	0.5423	72.4192	5
CDK12	0.6699	81.7061	4
CDK16	0.8713	93.0245	3
CDK17	0.8621	92.5321	2
CDK18	0.3997	60.0643	3
CDK2	0.3113	52.1611	5
CDK2AP1	0.776	87.8628	3
CDK2AP2	0.6232	78.6277	2
CDK3	0.2161	43.5531	3
CDK5	0.8768	93.4131	5
CDK5R1	0.7541	86.6967	5
CDK5R2	0.7867	88.4639	4
CDK7	0.3519	55.9028	5
CDKL1	0.0639	21.2687	3
CDKN1A	0.0689	22.6005	5
CDKN1B	0.5472	72.7405	5
CDKN2A	0.1152	30.851	5
CDKN2AIP	0.4441	64.1687	2
CDKN2B	0.0577	19.7658	5
CDKN2C	0.3355	54.3636	5
CDKN2D	0.4851	67.698	5
CDV3	0.3133	52.3424	0
CDX2	0.0498	17.5477	5
CDY1	0.0788	24.4403	1
CDY1B	0.0986	28.1302	0
CDY2A	0.0164	2.9592	1
CDY2B	0.0995	28.2908	0
CDYL	0.407	60.7328	1
CDYL2	0.6103	77.6897	1
CEACAM18	0.0331	11.2459	0
CECR2	0.5134	70.1441	2
CELF1	0.8722	93.1126	2
CELF3	0.9079	95.1441	2
CELF5	0.9296	96.3153	1
CELF6	0.6672	81.4573	1
CELSR1	0.6677	81.5195	2
CELSR2	0.8828	93.7552	2
CELSR3	0.9751	99.1915	2
CEMIP2	0.3269	53.5292	2
CENATAC	0.2823	49.6994	0
CEND1	0.388	59.0744	1
CENPA	0.1801	39.7388	3
CENPB	0.3863	58.9604	2
CENPC	0.2134	43.3043	4
CENPI	0.2195	43.9417	3
CENPT	0.3639	56.9185	3
CENPW	0.1396	34.489	3
CEP126	0.3116	52.2129	1
CEP131	0.5616	73.9687	4
CEP164	0.641	79.8041	2
CEP170	0.6476	80.2031	0
CEP170B	0.6678	81.5298	0
CEP350	0.3098	52.016	0
CEP44	0.4119	61.2044	1
CEP76	0.8951	94.4704	2
CEP78	0.8748	93.268	2
CEP85	0.0981	28.0576	1
CEP89	0.6839	82.5923	3
CEP97	0.7862	88.4225	1
CEPT1	0.4851	67.6928	3
CER1	0.0446	15.8323	3
CERKL	0.2107	43.04	3
CERS1	0.9159	95.512	4
CERS2	0.357	56.2811	4
CERS3	0.0398	14.0755	3
CERS4	0.4029	60.3752	3
CERS6	0.6024	77.0885	3
CFAP144	0.1118	30.3224	1
CFAP410	0.7688	87.4741	1
CFAP44	0.7386	85.795	0
CFAP47	0.0688	22.5591	2
CFAP52	0.3758	58.0172	1
CFAP53	0.2613	47.7871	2
CFC1	0.1241	32.3901	2
CFH	0.0988	28.182	2
CFHR1	0.0337	11.4842	0
CFHR3	0.0285	8.9863	1
CFL1	0.4346	63.2255	4
CFL2	0.7669	87.3808	2
CFLAR	0.1487	35.6758	3
CFTR	0.0522	18.3302	5
CGNL1	0.1202	31.6853	0
CHAF1A	0.5378	72.0201	2
CHAF1B	0.3689	57.4264	2
CHCHD10	0.6798	82.2761	4
CHCHD2	0.3897	59.1936	4
CHD1L	0.2582	47.4347	3
CHD9	0.8279	90.6457	1
CHEK1	0.2201	43.9728	5
CHEK2	0.1021	28.7521	5
CHERP	0.8299	90.7235	3
CHGA	0.0964	27.7052	1
CHGB	0.1441	35.1057	2
CHI3L1	0.2297	44.8901	2
CHL1	0.6605	81.0583	2
CHMP2A	0.5731	74.9171	3
CHMP2B	0.6335	79.3118	4
CHMP3	0.4474	64.4849	3
CHMP4B	0.7378	85.7483	4
CHMP4C	0.0252	7.4109	4
CHMP6	0.6174	78.1924	3
CHMP7	0.4549	65.1482	3
CHN2	0.6862	82.7425	1
CHORDC1	0.4841	67.615	2
CHP1	0.8524	92.0242	4
CHRAC1	0.3692	57.4368	2
CHRD	0.2268	44.6517	2
CHRFAM7A	0.1488	35.681	3
CHRM1	0.8424	91.4386	5
CHRM2	0.0857	25.9225	5
CHRM3	0.6029	77.13	5
CHRM4	0.6212	78.4981	5
CHRM5	0.1734	38.8267	5
CHRNA10	0.0622	20.8592	4
CHRNA3	0.1379	34.2973	5
CHRNA5	0.2807	49.5077	4
CHRNA6	0.0364	12.6192	5
CHRNA9	0.0118	0.995	5
CHRNB3	0.0351	12.1165	4
CHRNB4	0.1957	41.5216	5
CHST11	0.6652	81.3381	4
CHST2	0.6282	78.9697	4
CHST5	0.3214	53.0525	3
CHST8	0.1505	35.8831	4
CHST9	0.0464	16.3505	4
CHTOP	0.4029	60.3648	3
CIAO2B	0.582	75.5804	3
CIBAR1	0.4212	62.018	2
CIMAP1B	0.1226	32.0999	1
CIMIP5	0.1618	37.329	1
CINP	0.6439	79.9648	2
CIP2A	0.1839	40.2622	3
CIRBP	0.249	46.6055	2
CIROP	0.255	47.1289	1
CIROZ	0.2777	49.29	1
CIRSR	0.1533	36.2458	3
CITED2	0.1555	36.5257	4
CIZ1	0.7196	84.7844	2
CKAP5	0.9166	95.5535	4
CKB	0.5294	71.3619	3
CKMT1B	0.3971	59.8103	0
CLASP1	0.9773	99.3211	4
CLASP2	0.9118	95.3306	4
CLCF1	0.0972	27.8866	1
CLCN1	0.0784	24.3626	3
CLCN5	0.3416	54.944	3
CLCNKA	0.0323	10.852	2
CLCNKB	0.0437	15.5369	2
CLDN1	0.0535	18.7085	3
CLDN16	0.0294	9.3439	3
CLDN19	0.072	23.1551	3
CLDN6	0.1216	31.8926	1
CLDN9	0.1774	39.3916	1
CLDND1	0.4378	63.552	0
CLDND2	0.0756	23.8702	0
CLEC16A	0.7093	84.2299	2
CLEC18B	0.2302	44.942	0
CLEC18C	0.0215	5.4675	0
CLEC19A	0.1033	28.9231	0
CLEC2L	0.6733	81.8615	0
CLEC4C	0.0157	2.5705	1
CLEC4G	0.102	28.7313	0
CLEC7A	0.0149	2.2388	1
CLHC1	0.3723	57.7425	0
CLIC2	0.0807	24.8549	3
CLIC6	0.0235	6.4832	1
CLINT1	0.3117	52.2233	1
CLIP1	0.3645	56.9807	4
CLIP3	0.7173	84.6548	4
CLK2	0.6696	81.6905	3
CLK3	0.4877	67.9001	3
CLMN	0.1386	34.3905	1
CLMP	0.3065	51.7879	1
CLNS1A	0.3984	59.9243	2
CLOCK	0.332	54.0008	5
CLPTM1	0.7602	87.0232	1
CLPX	0.8196	90.1741	4
CLSPN	0.093	27.1611	3
CLSTN1	0.4262	62.5052	2
CLSTN2	0.2439	46.1028	2
CLSTN3	0.5079	69.7657	2
CLTA	0.361	56.6698	4
CLTB	0.1109	30.1824	4
CLTCL1	0.1936	41.2935	3
CLTRN	0.0963	27.6689	4
CLU	0.0907	26.7672	3
CLUH	0.6208	78.4722	1
CLVS1	0.692	83.1519	4
CLVS2	0.8101	89.6663	4
CMAS	0.6173	78.1872	4
CMBL	0.3297	53.8039	2
CMC2	0.6029	77.1352	1
CMIP	0.9311	96.4086	0
CMPK2	0.156	36.5983	1
CMTR1	0.5721	74.8186	2
CNDP1	0.2969	50.9017	1
CNGA1	0.0764	24.005	3
CNGB1	0.1183	31.3588	5
CNGB3	0.0181	3.8765	3
CNIH2	0.9387	96.989	3
CNIH3	0.7933	88.7904	3
CNN1	0.0101	0.539	1
CNN3	0.4368	63.4276	2
CNNM4	0.9145	95.4446	1
CNOT10	0.4742	66.8791	2
CNOT11	0.3142	52.3839	1
CNOT12	0.2112	43.0607	2
CNOT4	0.8195	90.1689	1
CNOT6	0.6542	80.6333	4
CNOT6L	0.6713	81.7631	4
CNOT7	0.8576	92.273	4
CNP	0.6625	81.1878	2
CNPY1	0.3622	56.7734	0
CNR1	0.5674	74.4299	2
CNR2	0.0175	3.5396	2
CNRIP1	0.7372	85.7276	0
CNST	0.1763	39.2672	1
CNTFR	0.7118	84.3802	1
CNTN2	0.5852	75.8292	3
CNTN3	0.6416	79.8352	2
CNTN4	0.3595	56.5609	3
CNTN5	0.3059	51.6998	3
CNTN6	0.2421	45.9525	3
CNTNAP3	0.1187	31.4262	1
CNTNAP4	0.5819	75.5597	1
CNTNAP5	0.4809	67.3456	1
CNTROB	0.1777	39.4175	1
COA3	0.3658	57.1414	4
COA5	0.7605	87.0388	4
COA6	0.7077	84.1366	5
COA7	0.8313	90.7857	3
COBL	0.3313	53.9386	2
COBLL1	0.0937	27.2699	1
COG2	0.6106	77.7104	3
COG3	0.4576	65.4073	3
COL14A1	0.0211	5.3016	4
COL17A1	0.0656	21.7662	4
COL20A1	0.3839	58.7531	3
COL28A1	0.0742	23.6163	4
COL4A5	0.3764	58.0846	4
COL4A6	0.151	35.966	4
COL5A1	0.2985	51.0261	5
COL5A2	0.1318	33.4577	4
COL6A2	0.4249	62.386	3
COL7A1	0.111	30.1928	4
COL8A2	0.0161	2.7726	4
COLEC12	0.193	41.2106	3
COP1	0.1373	34.1988	1
COPA	0.9118	95.3358	3
COPE	0.5048	69.4911	2
COPG1	0.405	60.5721	2
COPS2	0.9439	97.2792	3
COPS3	0.5095	69.8694	3
COPS4	0.7623	87.1269	2
COPS5	0.8041	89.3449	3
COPS6	0.5906	76.2023	2
COPS7A	0.4339	63.1789	2
COPS7B	0.4946	68.5686	1
COPZ1	0.3687	57.4005	3
COQ5	0.7857	88.3758	3
COQ7	0.9338	96.6211	3
COQ8B	0.5817	75.5493	2
CORO1B	0.3797	58.3644	2
CORO1C	0.5159	70.3462	2
CORO6	0.1594	37.0388	1
COTL1	0.4808	67.3404	1
COX11	0.5521	73.1395	4
COX14	0.323	53.1457	4
COX16	0.7648	87.2927	4
COX20	0.8542	92.0916	4
COX4I1	0.5602	73.8547	4
COX5A	0.8118	89.7544	4
COX5B	0.444	64.148	4
COX6A1	0.2768	49.2174	4
COX6A2	0.0469	16.5475	4
COX8A	0.1466	35.4218	4
COXFA4	0.4325	63.0597	2
CPAMD8	0.3084	51.933	1
CPEB1	0.2443	46.1495	2
CPEB2	0.2987	51.052	1
CPEB3	0.7739	87.785	2
CPEB4	0.689	82.9395	2
CPLX2	0.8437	91.5216	2
CPLX3	0.1139	30.6644	2
CPLX4	0.0914	26.876	2
CPNE4	0.8205	90.2415	1
CPNE6	0.7411	85.9919	3
CPNE7	0.2591	47.5487	3
CPNE9	0.6455	80.0788	2
CPOX	0.409	60.9194	4
CPSF2	0.4585	65.5162	2
CPSF4	0.8373	91.1484	2
CPSF6	0.8215	90.3037	3
CPT1A	0.502	69.2164	4
CPT1B	0.49	68.1437	4
CPT1C	0.6644	81.2915	2
CPXM1	0.3009	51.2179	0
CPZ	0.0504	17.7394	0
CR2	0.0473	16.7237	3
CRACDL	0.2085	42.8379	0
CREB1	0.4007	60.1576	5
CREB3L2	0.0524	18.3924	5
CREB5	0.3534	56.022	4
CREBL2	0.7798	88.0752	2
CREBRF	0.6777	82.0844	4
CREBZF	0.4245	62.3342	2
CREG2	0.2678	48.409	0
CRELD1	0.7348	85.5981	1
CREM	0.0724	23.2639	4
CRH	0.1086	29.8041	3
CRHR1	0.4649	66.0862	4
CRIM1	0.1861	40.5006	1
CRK	0.6265	78.8454	5
CRKL	0.4373	63.5002	4
CRMP1	0.8798	93.5842	2
CRNKL1	0.9029	94.8694	2
CRTAC1	0.22	43.9573	2
CRTAM	0.1189	31.478	1
CRTAP	0.7575	86.8833	3
CRTC1	0.6846	82.6389	5
CRTC2	0.125	32.5042	5
CRTC3	0.2718	48.8391	5
CRY2	0.4303	62.868	3
CRYBA2	0.0717	23.067	1
CRYBG3	0.1332	33.6287	1
CRYGA	0.14	34.5875	1
CRYGB	0.1019	28.7158	1
CRYGS	0.4967	68.7759	1
CRYL1	0.4757	66.9983	3
CRYM	0.5216	70.7608	4
CS	0.7526	86.6086	4
CSAG1	0.1081	29.7005	0
CSE1L	0.8262	90.5473	3
CSF1	0.0591	20.1389	5
CSF2	0.0203	4.8611	2
CSF2RB	0.0089	0.285	3
CSK	0.7421	86.0541	3
CSMD1	0.815	89.9202	0
CSMD2	0.8401	91.3246	0
CSMD3	0.8678	92.8068	1
CSNK1A1	0.851	91.9154	5
CSNK1D	0.4569	65.3244	5
CSNK1E	0.6702	81.7216	5
CSNK1G2	0.5685	74.5284	5
CSNK1G3	0.797	88.9355	4
CSNK2A2	0.705	84.0174	5
CSPG5	0.5352	71.8232	3
CSRNP2	0.6389	79.659	3
CSRNP3	0.6205	78.4619	3
CSRP1	0.1962	41.5578	4
CST3	0.0974	27.9333	3
CSTA	0.024	6.7786	2
CSTF1	0.7867	88.4484	1
CSTF2	0.7989	89.0236	2
CSTF2T	0.488	67.9312	1
CSTF3	0.8796	93.5634	3
CTAGE6	0.0415	14.7699	1
CTBP2	0.5047	69.4652	5
CTCFL	0.0343	11.7641	3
CTDNEP1	0.6684	81.5869	3
CTDSP1	0.134	33.7842	2
CTDSP2	0.1951	41.4801	1
CTDSPL	0.4325	63.0752	1
CTDSPL2	0.7549	86.7589	2
CTH	0.1321	33.5044	5
CTIF	0.5977	76.7776	0
CTLA4	0.0302	9.8	2
CTNNA1	0.9083	95.1855	4
CTNNA3	0.0774	24.2019	3
CTPS1	0.5547	73.4038	4
CTSB	0.087	26.1401	4
CTSC	0.1527	36.1629	3
CTSH	0.0549	19.0661	4
CTTN	0.133	33.5924	4
CTXN1	0.5744	75.0311	0
CTXN2	0.4221	62.1217	0
CTXN3	0.4316	62.9768	0
CUEDC2	0.5716	74.7461	0
CUL1	0.9172	95.5742	4
CUL2	0.8167	90.0031	4
CUL4A	0.5652	74.2382	4
CUL5	0.9197	95.683	4
CUL9	0.31	52.0522	1
CWC15	0.7475	86.3858	2
CX3CL1	0.0831	25.3109	2
CX3CR1	0.3357	54.3895	3
CXADR	0.3494	55.711	2
CXCL14	0.1177	31.2656	0
CXCR4	0.3839	58.7479	4
CXXC1	0.4778	67.1124	4
CXXC4	0.6511	80.4623	5
CXXC5	0.4134	61.3288	4
CYB5R2	0.2041	42.3818	4
CYBB	0.2954	50.7826	4
CYCS	0.4577	65.4125	4
CYFIP1	0.275	49.1034	5
CYLC1	0.0335	11.4065	1
CYLC2	0.0882	26.2801	1
CYLD	0.9319	96.4915	5
CYP11A1	0.121	31.8045	4
CYP11B1	0.0526	18.465	4
CYP17A1	0.0421	15.0238	3
CYP19A1	0.1662	37.8939	3
CYP21A2	0.0707	22.9063	3
CYP26C1	0.1744	38.9511	3
CYP27B1	0.032	10.7069	4
CYP2A6	0.0333	11.3184	3
CYP2C19	0.0456	16.1691	3
CYP2C9	0.0454	16.1225	4
CYP2D6	0.08	24.7046	3
CYP2E1	0.0549	19.0713	3
CYP2J2	0.119	31.5039	4
CYP2R1	0.8668	92.7394	4
CYP3A4	0.0234	6.3744	4
CYP3A5	0.021	5.2394	3
CYP46A1	0.615	78.0058	3
CYP4F22	0.0703	22.8597	2
CYRIB	0.5315	71.5537	3
CYS1	0.1045	29.0993	2
CYTH1	0.2822	49.6787	3
CYTH2	0.3293	53.7624	4
CYTH3	0.383	58.665	4
CYTH4	0.0236	6.5713	3
DAAM1	0.6988	83.5873	4
DAAM2	0.3353	54.3273	3
DAB2	0.0729	23.3364	3
DAB2IP	0.6477	80.2343	5
DACH1	0.6025	77.0937	3
DACH2	0.1645	37.6658	2
DACT2	0.1162	31.0012	2
DAD1	0.4238	62.2927	4
DALRD3	0.2486	46.5433	1
DAO	0.1315	33.4214	5
DAPK1	0.4548	65.1327	4
DAPK3	0.1759	39.1947	4
DAPP1	0.0411	14.5989	2
DAXX	0.1573	36.7848	5
DAZ1	0.0348	11.9921	2
DAZ2	0.0237	6.5972	1
DAZ3	0.1218	31.9185	1
DAZ4	0.1326	33.5614	1
DAZAP1	0.695	83.3333	1
DAZAP2	0.3835	58.7013	2
DAZL	0.0307	10.0383	1
DBF4	0.1648	37.7021	4
DBN1	0.4122	61.2458	3
DBNDD2	0.3019	51.3163	0
DBNL	0.7089	84.2195	3
DBX1	0.0731	23.3675	1
DBX2	0.2748	49.0879	1
DCAF1	0.3481	55.5763	4
DCAF12L1	0.0209	5.1617	0
DCAF15	0.3766	58.126	0
DCAF4L1	0.0944	27.4202	0
DCAF5	0.5483	72.8597	2
DCAF6	0.371	57.6026	3
DCAF7	0.8647	92.6254	2
DCAF8	0.6717	81.7786	3
DCDC2	0.0394	13.9355	2
DCHS2	0.1215	31.8719	3
DCLK1	0.9644	98.5126	2
DCLK2	0.8716	93.0607	1
DCLRE1B	0.6386	79.6435	4
DCP1A	0.3785	58.2608	2
DCSTAMP	0.0139	1.8708	3
DCTD	0.4961	68.7137	2
DCTN2	0.5577	73.6577	5
DCTN4	0.4628	65.8841	3
DCTN5	0.8092	89.6248	2
DCTN6	0.5937	76.4666	3
DCUN1D1	0.8336	90.9152	2
DCUN1D2	0.4358	63.3499	2
DCUN1D3	0.3507	55.8199	3
DCUN1D5	0.6102	77.6741	3
DCXR	0.1735	38.8578	3
DDA1	0.6551	80.7007	1
DDAH2	0.4176	61.6812	2
DDI2	0.6191	78.353	1
DDN	0.3696	57.4834	0
DDRGK1	0.6088	77.5498	3
DDX1	0.7708	87.5829	3
DDX17	0.7998	89.091	3
DDX18	0.5318	71.5796	1
DDX19A	0.4425	63.977	1
DDX21	0.4252	62.4171	3
DDX24	0.6206	78.467	1
DDX25	0.3458	55.3172	3
DDX27	0.3468	55.4364	2
DDX31	0.3727	57.7995	1
DDX39A	0.4613	65.7649	3
DDX39B	0.6767	82.0274	3
DDX3Y	0.7368	85.7121	2
DDX4	0.0861	25.9743	2
DDX42	0.8709	92.9934	3
DDX46	0.8861	93.9832	2
DDX47	0.3047	51.6117	3
DDX5	0.4387	63.6194	5
DDX50	0.4022	60.2975	1
DDX53	0.0139	1.8605	0
DDX54	0.8839	93.8226	3
DECR2	0.2002	41.9983	4
DEDD	0.6882	82.8825	1
DEF6	0.0982	28.0784	2
DEK	0.1854	40.4281	3
DENND1A	0.6162	78.0784	1
DENND2A	0.7525	86.5931	1
DENND2B	0.7114	84.3646	0
DENND4A	0.816	89.9772	2
DENND4B	0.8055	89.433	1
DENND4C	0.6779	82.1103	1
DENND5B	0.876	93.3509	2
DENR	0.7062	84.0589	0
DERL2	0.6181	78.2701	3
DES	0.0553	19.1853	4
DESI2	0.837	91.1277	0
DGAT2	0.0462	16.3091	3
DGCR2	0.4683	66.3298	1
DGCR6	0.3616	56.7164	0
DGCR8	0.3461	55.3638	4
DGKA	0.0619	20.7919	4
DGKB	0.7426	86.0852	5
DGKD	0.6845	82.6233	5
DGKE	0.6978	83.5199	4
DGKI	0.9119	95.3462	5
DGKK	0.0869	26.1246	4
DGKQ	0.2663	48.2794	5
DGKZ	0.5682	74.4973	5
DGUOK	0.4734	66.7807	2
DHH	0.0322	10.8002	4
DHRS3	0.2286	44.8072	3
DHX15	0.9044	94.9471	3
DHX16	0.8722	93.1229	3
DHX29	0.4596	65.6198	0
DHX32	0.3192	52.8037	0
DHX34	0.3998	60.0902	0
DHX36	0.6569	80.7939	3
DHX38	0.9012	94.7709	2
DHX40	0.4673	66.2521	0
DHX57	0.634	79.3584	0
DHX58	0.0851	25.8033	2
DHX8	0.9126	95.3876	3
DIAPH2	0.162	37.3601	3
DIDO1	0.5338	71.6884	2
DIO3	0.1041	29.063	2
DIP2B	0.8754	93.2939	2
DIP2C	0.9326	96.5433	0
DIPK1C	0.1943	41.3557	0
DIPK2A	0.3235	53.2079	1
DIRAS2	0.7171	84.6393	1
DISC1	0.0838	25.482	2
DISP2	0.6397	79.7212	2
DISP3	0.52	70.6312	1
DIXDC1	0.5874	75.9795	2
DKK3	0.1003	28.4619	1
DKK4	0.0305	9.9451	3
DLC1	0.3938	59.5253	3
DLEU7	0.2968	50.8862	0
DLG1	0.6685	81.592	5
DLG2	0.9396	97.0253	5
DLG5	0.7634	87.1942	4
DLGAP1	0.8947	94.4496	4
DLGAP2	0.5369	71.9268	3
DLGAP3	0.8054	89.4279	3
DLGAP4	0.5483	72.87	3
DLK2	0.5758	75.1088	0
DLST	0.1935	41.2832	4
DLX1	0.8099	89.6559	3
DLX2	0.6072	77.4202	3
DLX3	0.0612	20.6157	3
DLX4	0.0597	20.284	3
DLX5	0.6408	79.7937	5
DLX6	0.7551	86.7641	4
DMAP1	0.4157	61.5102	4
DMBT1	0.0406	14.3916	3
DMBX1	0.1597	37.075	3
DMGDH	0.0745	23.7096	3
DMKN	0.0254	7.4782	0
DMRT1	0.1035	28.9645	4
DMRT2	0.0854	25.8707	2
DMRT3	0.1264	32.6493	3
DMRTA2	0.4463	64.4175	3
DMRTC2	0.0215	5.4623	2
DMTF1	0.3583	56.4262	2
DMTN	0.6099	77.6482	3
DMWD	0.4605	65.7131	1
DMXL1	0.4922	68.3665	1
DNAAF11	0.8018	89.1843	2
DNAAF19	0.7931	88.7852	2
DNAAF3	0.1235	32.2243	1
DNAH10	0.3941	59.5512	1
DNAH17	0.1464	35.4063	1
DNAH3	0.0297	9.5097	1
DNAH9	0.2975	50.9588	2
DNAJA1	0.6584	80.908	4
DNAJA2	0.6433	79.9181	3
DNAJA3	0.4733	66.7703	4
DNAJB1	0.2283	44.7917	3
DNAJB11	0.4019	60.2508	3
DNAJB12	0.3892	59.1418	2
DNAJB14	0.3325	54.0578	2
DNAJB2	0.3171	52.6379	3
DNAJB4	0.3486	55.6333	1
DNAJC1	0.2524	46.9268	1
DNAJC11	0.7525	86.6034	2
DNAJC13	0.3215	53.0628	2
DNAJC14	0.3433	55.1202	0
DNAJC2	0.3314	53.949	3
DNAJC5	0.7871	88.4898	3
DNAJC7	0.3348	54.2651	3
DNAJC8	0.7867	88.4587	2
DNAL4	0.6571	80.7991	2
DNASE1	0.6073	77.4306	2
DNASE1L3	0.0364	12.6088	2
DNASE2	0.749	86.4531	3
DND1	0.2784	49.3574	1
DNER	0.735	85.624	3
DNHD1	0.1	28.3997	1
DNM3	0.9217	95.7867	5
DNMBP	0.2563	47.2896	3
DNMT3L	0.0114	0.8758	3
DNTTIP2	0.4312	62.9457	2
DOC2A	0.5218	70.7815	1
DOC2B	0.7585	86.9507	1
DOCK1	0.4575	65.4022	5
DOCK10	0.4348	63.267	3
DOCK2	0.1073	29.5657	3
DOCK4	0.9279	96.1961	3
DOCK9	0.8795	93.5531	1
DOK5	0.6462	80.1306	2
DOP1A	0.8042	89.3657	1
DOT1L	0.858	92.2989	5
DPF1	0.9216	95.7711	5
DPF3	0.4318	62.9923	5
DPM2	0.9075	95.1182	4
DPP10	0.6921	83.1571	2
DPP3	0.3957	59.7274	3
DPP4	0.0747	23.7355	5
DPP8	0.6577	80.8458	1
DPP9	0.7284	85.2612	2
DPPA3	0.0162	2.8451	2
DPY30	0.4836	67.5477	3
DPYS	0.1666	37.9509	4
DPYSL3	0.413	61.308	2
DPYSL4	0.7678	87.4326	2
DQX1	0.0233	6.3329	0
DR1	0.7288	85.2871	3
DRAXIN	0.4554	65.1949	1
DRC2	0.383	58.6702	1
DRC4	0.3236	53.2131	2
DRD1	0.5532	73.2276	4
DRD3	0.082	25.1192	3
DRD4	0.3226	53.1198	4
DRD5	0.0676	22.243	4
DRG1	0.858	92.3041	4
DRGX	0.3243	53.3012	3
DROSHA	0.9034	94.8798	4
DRP2	0.3187	52.7726	2
DSCAML1	0.9155	95.4965	4
DSG1	0.0157	2.6016	3
DSG2	0.1872	40.6302	5
DSG3	0.013	1.4096	3
DSP	0.0863	26.0313	5
DSPP	0.0355	12.2305	4
DST	0.9455	97.3621	4
DSTN	0.0689	22.5954	1
DTNA	0.6754	81.9652	2
DTNB	0.6	76.9123	2
DTNBP1	0.6181	78.2753	3
DTX3	0.6461	80.1254	2
DTX3L	0.0279	8.7013	4
DUOX1	0.0499	17.5736	3
DUOX2	0.2206	44.0195	3
DUOXA2	0.0591	20.1441	1
DUSP1	0.0555	19.2475	5
DUSP15	0.1059	29.3481	0
DUSP16	0.2552	47.1445	4
DUSP28	0.5178	70.455	0
DUSP4	0.2063	42.5684	4
DUSP6	0.2342	45.2788	3
DUSP7	0.4054	60.6292	3
DUX4	0.0159	2.7156	4
DVL2	0.5707	74.6683	4
DYDC1	0.0671	22.103	1
DYDC2	0.1405	34.6652	0
DYNC1LI1	0.2683	48.4764	5
DYNC1LI2	0.5398	72.2222	3
DYNC2LI1	0.9233	95.9059	4
DYNLL1	0.7737	87.7643	4
DYNLL2	0.8711	93.0089	4
DYRK1B	0.2637	47.9996	3
DYRK2	0.5498	72.9581	4
DYRK4	0.082	25.0881	2
DYSF	0.1286	32.9809	3
DZIP3	0.4341	63.1893	0
E2F1	0.223	44.289	5
E2F3	0.4988	68.9832	5
E2F5	0.392	59.3854	5
E2F6	0.3132	52.3321	4
E2F7	0.396	59.7533	3
E2F8	0.1751	39.091	4
EBF1	0.677	82.0481	3
EBF2	0.2894	50.2799	3
EBF4	0.3708	57.5715	3
ECE1	0.2809	49.5232	4
ECE2	0.3659	57.1517	2
ECI1	0.6981	83.5458	4
ECI2	0.3974	59.831	4
ECM2	0.035	12.044	1
ECPAS	0.4725	66.7237	1
EDA2R	0.0401	14.1895	1
EDAR	0.0644	21.4189	0
EDARADD	0.1926	41.164	0
EDC3	0.4299	62.8369	1
EDC4	0.4889	68.0296	2
EDEM1	0.0358	12.3601	2
EDF1	0.5838	75.7152	2
EDN1	0.0555	19.2371	3
EDRF1	0.6298	79.1097	1
EEA1	0.1691	38.2255	2
EEF1A1	0.1945	41.3868	4
EEF1AKMT3	0.2493	46.647	1
EEF1AKMT4	0.2684	48.4919	1
EEF1G	0.159	37.0077	3
EEF2K	0.0634	21.1546	4
EEIG2	0.1463	35.3959	0
EEPD1	0.2938	50.6737	1
EFCAB5	0.0699	22.7871	0
EFEMP1	0.0245	7.0636	3
EFEMP2	0.4686	66.3505	4
EFHC2	0.2115	43.0866	1
EFNA1	0.0288	9.1055	4
EFNA2	0.2242	44.4237	3
EFNA5	0.3971	59.8	3
EFNB2	0.598	76.819	4
EFNB3	0.6827	82.4834	4
EFR3A	0.5786	75.311	1
EFR3B	0.8586	92.3456	1
EGF	0.024	6.7942	4
EGFR	0.4094	60.9608	5
EGLN1	0.6777	82.0999	4
EGLN2	0.1015	28.6484	4
EGLN3	0.4494	64.6144	4
EGR1	0.0682	22.4191	5
EGR3	0.6798	82.2813	5
EGR4	0.2949	50.7514	4
EHBP1	0.5164	70.3669	1
EHD1	0.4731	66.7548	4
EHD3	0.655	80.6955	3
EHF	0.0715	23.0514	3
EHMT2	0.7977	88.977	5
EI24	0.7951	88.8423	1
EID1	0.2163	43.5842	2
EID2	0.5798	75.425	2
EID2B	0.2088	42.8845	2
EIF1	0.5421	72.4036	1
EIF1AX	0.8951	94.4652	1
EIF1AY	0.3597	56.5817	0
EIF2A	0.4958	68.693	1
EIF2AK1	0.4993	69.0247	5
EIF2S1	0.7969	88.9252	4
EIF2S2	0.594	76.4925	3
EIF3A	0.6596	80.9961	1
EIF3B	0.6391	79.6797	2
EIF3D	0.6288	79.0112	1
EIF3E	0.7642	87.2409	4
EIF3I	0.5464	72.6576	3
EIF3J	0.5482	72.8441	1
EIF3L	0.4147	61.4376	1
EIF4A1	0.5029	69.2734	3
EIF4B	0.2527	46.9527	3
EIF4E	0.8452	91.6097	5
EIF4E1B	0.3798	58.38	1
EIF4E2	0.7158	84.5823	3
EIF4EBP1	0.2987	51.0468	3
EIF4EBP2	0.5461	72.642	1
EIF4ENIF1	0.3034	51.4718	3
EIF4G1	0.4298	62.8213	4
EIF4G2	0.6695	81.675	3
EIF4G3	0.7999	89.1014	2
EIF5	0.7035	83.95	2
EIF5B	0.6657	81.3692	3
EIF6	0.3772	58.183	2
ELAVL1	0.7585	86.9558	4
ELAVL2	0.9373	96.8491	1
ELAVL4	0.9514	97.7249	2
ELF2	0.7108	84.3284	4
ELF3	0.0798	24.6631	4
ELFN1	0.5373	71.9735	2
ELFN2	0.7616	87.1113	1
ELK1	0.5429	72.4606	5
ELL	0.0861	25.9691	3
ELL2	0.1109	30.1721	3
ELMO1	0.8223	90.3452	3
ELMOD1	0.8452	91.6045	2
ELOA	0.2592	47.5539	2
ELOB	0.2849	49.9482	4
ELOC	0.7601	87.0129	4
ELOVL1	0.4813	67.3767	2
ELOVL2	0.6918	83.126	2
ELOVL6	0.8962	94.5377	3
ELP1	0.8857	93.9366	1
ELP3	0.5818	75.5545	3
ELP4	0.2508	46.7765	2
ELP5	0.1896	40.8893	4
ELP6	0.6977	83.4992	3
EMC3	0.5578	73.6681	2
EMC7	0.626	78.8194	1
EMC8	0.6362	79.488	1
EMD	0.8079	89.5574	5
EMILIN1	0.1218	31.9237	3
EMILIN2	0.1214	31.8667	3
EML3	0.1614	37.2616	2
EML5	0.412	61.2148	2
EMSY	0.3337	54.1822	0
EMX1	0.5102	69.916	3
EN1	0.2768	49.2123	3
EN2	0.4721	66.6822	3
ENAH	0.4033	60.4322	4
ENC1	0.6825	82.4679	2
ENDOU	0.0344	11.8107	2
ENGASE	0.1125	30.4623	3
ENHO	0.2681	48.4453	1
ENKUR	0.1548	36.4376	1
ENO1	0.366	57.1621	5
ENO2	0.6488	80.3068	5
ENO3	0.1392	34.4424	5
ENOSF1	0.2936	50.6634	2
ENOX2	0.3213	53.0369	0
ENPP2	0.3571	56.2863	3
ENPP6	0.0885	26.3526	2
ENTREP2	0.2006	42.0502	0
ENY2	0.5618	73.9894	2
EP400	0.7874	88.5054	3
EPAS1	0.0692	22.6679	4
EPB41L1	0.7331	85.5048	2
EPB41L2	0.3193	52.8296	2
EPB41L3	0.8514	91.9569	3
EPB41L4A	0.6167	78.1406	1
EPB41L4B	0.3293	53.7573	2
EPC1	0.6779	82.1155	3
EPC2	0.7383	85.7742	1
EPCAM	0.3584	56.4417	2
EPHA1	0.0082	0.1451	4
EPHA2	0.0147	2.1662	5
EPHA3	0.3111	52.13	4
EPHA4	0.9069	95.1026	5
EPHA5	0.7418	86.0282	4
EPHA7	0.7888	88.5676	4
EPHB1	0.8836	93.7966	4
EPHB2	0.7753	87.842	4
EPHB3	0.2077	42.7343	4
EPHB6	0.2365	45.5172	5
EPHX1	0.102	28.7365	3
EPHX4	0.4363	63.3914	1
EPN1	0.3717	57.6648	1
EPN2	0.339	54.7005	2
EPPK1	0.1887	40.8167	2
EPS15	0.1809	39.8528	2
EPS15L1	0.4335	63.1374	1
EPS8	0.185	40.3711	4
EPX	0.0448	15.9152	1
ERAL1	0.4435	64.1169	2
ERAP1	0.1488	35.6861	3
ERAS	0.1834	40.2	1
ERBB2	0.2204	44.0143	5
ERBB3	0.4701	66.4905	3
ERBB4	0.9433	97.2326	5
ERBIN	0.3613	56.6957	2
ERC1	0.6247	78.721	3
ERC2	0.857	92.2212	0
ERCC6L	0.0633	21.1184	2
ERG	0.2088	42.8794	4
ERGIC1	0.4348	63.2618	1
ERH	0.7819	88.1893	3
ERI3	0.6607	81.0738	1
ERLIN1	0.5032	69.3045	2
ERMN	0.4071	60.7535	1
ERMP1	0.6677	81.5091	0
ERN1	0.0677	22.2637	5
ERP44	0.3797	58.3593	2
ERRFI1	0.1205	31.7216	2
ERVV-1	0.12	31.649	0
ESCO1	0.217	43.6671	4
ESF1	0.6375	79.5657	1
ESPL1	0.1734	38.8474	4
ESPN	0.0901	26.6532	2
ESR1	0.0555	19.2216	5
ESR2	0.1116	30.3016	4
ESRP1	0.0813	24.9585	3
ESRRA	0.1634	37.5415	4
ESRRB	0.064	21.2997	5
ESRRG	0.7789	88.0079	4
ESS2	0.3076	51.8657	2
ETF1	0.8347	90.9722	3
ETNK1	0.6872	82.8151	3
ETS1	0.34	54.8041	5
ETS2	0.0973	27.9177	5
ETV1	0.7347	85.5825	4
ETV3	0.2997	51.1298	3
ETV3L	0.0735	23.4608	2
ETV4	0.0441	15.6354	5
ETV5	0.5678	74.4714	4
ETV6	0.251	46.7869	5
EVI2A	0.1359	34.0589	0
EVI5	0.3469	55.4467	2
EVI5L	0.8712	93.0193	1
EVL	0.5144	70.2477	4
EVX2	0.2643	48.0514	3
EWSR1	0.167	37.9975	2
EXOC2	0.6138	77.9333	4
EXOC3	0.607	77.415	3
EXOC3L2	0.0279	8.7376	0
EXOC3L4	0.0363	12.5985	0
EXOC4	0.6576	80.8406	3
EXOC5	0.6183	78.2857	4
EXOC6	0.2308	44.9731	2
EXOC6B	0.9634	98.4608	1
EXOC8	0.7531	86.6501	4
EXOSC1	0.6665	81.421	3
EXOSC4	0.3211	53.0213	4
EXOSC6	0.4409	63.8163	3
EXOSC7	0.4532	64.9668	4
EXTL1	0.2471	46.4138	5
EXTL2	0.3636	56.8874	4
EYA2	0.1634	37.5518	3
EYA3	0.5244	70.9992	3
EYA4	0.1059	29.3584	3
EYS	0.1701	38.3551	2
EZR	0.3221	53.1043	5
F10	0.0828	25.2332	3
F2	0.1364	34.1003	4
F5	0.0549	19.0817	2
F7	0.0737	23.5127	3
F8	0.341	54.8922	2
F9	0.0596	20.2477	2
FAAH	0.2397	45.7452	4
FAAH2	0.2747	49.0775	2
FABP3	0.1378	34.2765	3
FABP4	0.0517	18.1903	3
FABP5	0.0518	18.2162	3
FABP7	0.5814	75.5234	3
FADD	0.3478	55.5348	3
FADS1	0.8146	89.8943	3
FADS2	0.785	88.3292	2
FADS6	0.1082	29.7315	0
FAF1	0.5683	74.5129	3
FAF2	0.6783	82.1517	3
FAIM2	0.4865	67.812	2
FAM107A	0.3945	59.5875	2
FAM110B	0.5706	74.658	0
FAM110C	0.0673	22.1393	2
FAM120A	0.5012	69.1646	1
FAM120AOS	0.6092	77.5912	0
FAM120B	0.5767	75.1762	3
FAM120C	0.6782	82.1414	1
FAM131B	0.6479	80.2602	1
FAM131C	0.2764	49.176	0
FAM135A	0.4643	66.0137	1
FAM135B	0.6726	81.8356	0
FAM13B	0.5355	71.8439	1
FAM163B	0.4425	63.9873	0
FAM168A	0.73	85.3493	1
FAM169A	0.5497	72.9529	1
FAM171A1	0.6471	80.1721	0
FAM171A2	0.5562	73.523	0
FAM171B	0.6507	80.4208	0
FAM177A1	0.8439	91.5526	0
FAM184B	0.4389	63.6298	0
FAM193A	0.5035	69.3304	2
FAM193B	0.4125	61.251	1
FAM219A	0.7997	89.0651	0
FAM222A	0.1654	37.7591	0
FAM222B	0.3416	54.9492	0
FAM229B	0.2813	49.5854	0
FAM234B	0.5167	70.3928	0
FAM32A	0.4827	67.501	2
FAM43A	0.1009	28.5603	0
FAM43B	0.4652	66.0914	0
FAM47A	0.0241	6.8719	0
FAM53B	0.4113	61.1267	2
FAM53C	0.2179	43.7655	2
FAM76B	0.5502	72.9944	0
FAM78A	0.2059	42.5373	0
FAM81A	0.6057	77.3114	1
FAM8A1	0.5436	72.4813	0
FAM91A1	0.6282	78.9749	3
FAM98C	0.5602	73.865	0
FAN1	0.6632	81.2448	4
FAR2	0.5037	69.346	4
FARP1	0.6001	76.9279	3
FARSA	0.9225	95.8489	4
FARSB	0.9292	96.2894	4
FAS	0.1348	33.893	5
FASLG	0.0144	2.0315	4
FASN	0.5164	70.3721	4
FASTKD3	0.4156	61.505	2
FAT2	0.235	45.3462	1
FAT3	0.8159	89.9668	1
FAU	0.1722	38.6609	3
FAXC	0.7898	88.6142	0
FBH1	0.2272	44.6984	3
FBL	0.2351	45.3514	3
FBLL1	0.6889	82.9343	2
FBN3	0.5719	74.7772	2
FBP2	0.0435	15.4851	4
FBRS	0.4054	60.6188	0
FBXL13	0.0267	8.126	1
FBXL14	0.7902	88.6505	2
FBXL16	0.7166	84.6186	1
FBXL17	0.7637	87.2253	3
FBXL19	0.7414	86.0023	3
FBXL20	0.8301	90.7287	1
FBXL5	0.7798	88.0701	2
FBXL7	0.3127	52.301	2
FBXO10	0.462	65.8116	2
FBXO15	0.0467	16.4645	1
FBXO2	0.3323	54.0423	3
FBXO21	0.6741	81.9082	1
FBXO22	0.7434	86.1422	2
FBXO3	0.655	80.6903	1
FBXO30	0.4062	60.6602	1
FBXO31	0.7442	86.1733	2
FBXO32	0.0793	24.518	3
FBXO33	0.3412	54.9129	0
FBXO38	0.3453	55.2757	2
FBXO40	0.0119	1.0209	1
FBXO41	0.8859	93.9469	1
FBXO42	0.574	75.0156	0
FBXO43	0.0365	12.671	1
FBXO44	0.4615	65.7701	3
FBXO45	0.95	97.6576	1
FBXO47	0.0516	18.1592	0
FBXO5	0.1473	35.51	4
FBXO8	0.4705	66.5319	0
FBXW2	0.505	69.5066	1
FBXW4	0.1964	41.6097	2
FCGR2A	0.0172	3.4308	3
FCGR2B	0.0205	4.9648	2
FCGR3A	0.0222	5.8458	4
FCGR3B	0.0362	12.5415	3
FCHO1	0.4756	66.9828	2
FCHO2	0.6212	78.5033	3
FCHSD2	0.4871	67.8431	3
FCRL6	0.0479	16.9465	0
FDPS	0.403	60.3959	3
FEM1C	0.804	89.3398	1
FERMT2	0.3203	52.9384	4
FERMT3	0.0169	3.2597	3
FEV	0.2219	44.1646	4
FEZ1	0.6786	82.1725	2
FEZF1	0.7208	84.857	2
FEZF2	0.9682	98.7562	2
FGA	0.0916	26.9019	4
FGB	0.014	1.8812	4
FGD5	0.0955	27.5705	3
FGD6	0.4098	61.023	2
FGF16	0.1948	41.4335	3
FGF17	0.4861	67.7446	3
FGF18	0.4626	65.8478	4
FGF19	0.0399	14.1169	3
FGF20	0.2933	50.6323	3
FGF21	0.0156	2.5549	3
FGF22	0.1612	37.2461	3
FGF23	0.0149	2.2336	4
FGF7	0.0234	6.4055	3
FGF9	0.7629	87.1735	3
FGFRL1	0.327	53.55	2
FGG	0.0447	15.8738	4
FGL2	0.0377	13.1582	1
FGR	0.0287	9.064	4
FHIP1B	0.2711	48.7666	1
FHIP2A	0.3313	53.9335	1
FHIT	0.3546	56.1101	1
FHL5	0.0417	14.858	2
FHOD3	0.5851	75.824	1
FIBCD1	0.0444	15.7442	0
FIGLA	0.0216	5.5089	3
FIGN	0.1016	28.6691	1
FIP1L1	0.2895	50.2902	1
FJX1	0.528	71.2635	1
FKBP10	0.1398	34.5357	0
FKBP15	0.4193	61.8937	0
FKBP1A	0.212	43.1488	3
FKBP4	0.2028	42.2471	4
FKBP8	0.1826	40.086	2
FLCN	0.4648	66.0811	4
FLG	0.1735	38.8526	2
FLI1	0.1365	34.1314	5
FLII	0.3961	59.7585	1
FLNC	0.1853	40.4229	2
FLOT1	0.1805	39.7751	3
FLOT2	0.2129	43.2629	3
FLRT1	0.5654	74.2537	3
FLRT2	0.4181	61.7537	3
FLRT3	0.5722	74.8445	4
FLT1	0.2563	47.2844	5
FLT3	0.049	17.3559	5
FLT3LG	0.0776	24.2486	3
FMNL1	0.1103	30.0736	3
FMNL2	0.7612	87.0958	1
FMNL3	0.1738	38.8837	2
FMO4	0.1036	28.9801	0
FMOD	0.0208	5.0943	4
FN1	0.3198	52.8814	4
FNBP1	0.2862	50.0259	1
FNBP4	0.5279	71.2479	0
FNDC3A	0.6133	77.9073	1
FNDC3B	0.5531	73.2173	0
FNDC9	0.2246	44.4755	0
FNIP1	0.3671	57.2554	4
FNIP2	0.4848	67.6669	3
FNTA	0.6163	78.0887	3
FOCAD	0.7356	85.6551	1
FOLH1	0.1957	41.5319	4
FOS	0.0672	22.1289	5
FOSB	0.1087	29.8093	5
FOSL1	0.0107	0.6944	5
FOXA1	0.0268	8.1571	4
FOXA2	0.1473	35.5048	4
FOXA3	0.0213	5.3431	4
FOXB1	0.4321	63.0286	3
FOXB2	0.0918	26.9175	2
FOXD4	0.2557	47.1963	3
FOXD4L1	0.1457	35.3026	2
FOXD4L3	0.1167	31.1308	2
FOXD4L4	0.1336	33.7168	2
FOXD4L5	0.129	33.0587	2
FOXD4L6	0.1457	35.2975	2
FOXF2	0.2626	47.9115	3
FOXI1	0.1489	35.7017	3
FOXI2	0.1	28.3945	2
FOXJ1	0.5676	74.4403	3
FOXJ2	0.5133	70.1285	3
FOXJ3	0.682	82.4368	3
FOXK1	0.5288	71.3205	4
FOXL1	0.0963	27.6741	3
FOXM1	0.4188	61.8418	5
FOXN3	0.422	62.1009	3
FOXN4	0.0688	22.5746	3
FOXO1	0.169	38.2048	5
FOXO3	0.2094	42.9674	5
FOXQ1	0.1505	35.8779	3
FOXR1	0.0172	3.4411	3
FOXR2	0.013	1.4563	2
FREM3	0.1092	29.8559	1
FRG1	0.6392	79.7005	1
FRG2	0.0864	26.0468	0
FRG2B	0.1065	29.4569	0
FRK	0.0336	11.4376	3
FRMD3	0.5009	69.1335	1
FRMPD2	0.0594	20.2166	0
FRMPD3	0.5946	76.5444	1
FRS2	0.2699	48.6059	4
FRS3	0.4768	67.0605	2
FRYL	0.9318	96.4811	1
FSCN1	0.7393	85.8624	3
FSCN2	0.0929	27.1248	2
FSD1	0.7124	84.4216	2
FSHR	0.0664	21.9631	3
FST	0.4201	61.9455	3
FSTL3	0.0484	17.1175	3
FSTL4	0.1918	41.107	1
FSTL5	0.5876	75.995	1
FTH1	0.6499	80.3638	4
FTO	0.618	78.2597	3
FTSJ3	0.5811	75.4923	2
FUBP1	0.7478	86.391	3
FUBP3	0.5509	73.0618	3
FURIN	0.1321	33.5095	3
FUS	0.3659	57.1569	4
FUT9	0.6579	80.8665	5
FXR1	0.8896	94.1387	4
FXR2	0.7542	86.7123	3
FXYD1	0.0529	18.5738	3
FXYD2	0.0318	10.6032	4
FXYD6	0.6069	77.3995	2
FXYD7	0.329	53.721	2
FYB1	0.1027	28.8402	2
FYN	0.8928	94.3563	5
FYTTD1	0.4612	65.7546	2
FZD1	0.1061	29.3895	4
FZD10	0.0385	13.5106	3
FZD3	0.7851	88.3447	3
FZD4	0.2456	46.2687	5
FZD5	0.3163	52.5653	4
FZD8	0.5598	73.8029	3
FZD9	0.2496	46.6781	5
G2E3	0.5539	73.3054	2
G3BP1	0.4008	60.1731	3
G3BP2	0.7461	86.2977	2
G6PC3	0.4375	63.5313	3
G6PD	0.9258	96.0406	5
GAB1	0.2709	48.7199	4
GAB2	0.266	48.2639	4
GAB3	0.0212	5.3379	0
GABARAP	0.4318	62.9975	4
GABARAPL1	0.5666	74.3781	3
GABARAPL2	0.7212	84.8829	5
GABBR1	0.9212	95.7608	3
GABPA	0.8324	90.8686	4
GABPB1	0.6163	78.1094	4
GABRA3	0.9242	95.937	5
GABRA4	0.6163	78.0939	4
GABRA6	0.2269	44.6621	4
GABRB1	0.8816	93.6826	5
GABRE	0.0322	10.8054	4
GABRG1	0.7473	86.3702	3
GABRG3	0.7884	88.5469	5
GABRQ	0.0697	22.756	5
GABRR1	0.017	3.3375	5
GABRR2	0.064	21.2842	5
GABRR3	0.0478	16.8843	5
GAD2	0.6905	83.0587	3
GADD45A	0.038	13.2566	5
GADD45B	0.0092	0.342	3
GADD45G	0.2126	43.2214	3
GAK	0.6144	77.9747	4
GAL	0.0517	18.2059	2
GALNT1	0.5493	72.927	4
GALNT10	0.1883	40.7649	3
GALNT13	0.7884	88.5365	3
GALNT14	0.1222	31.9963	3
GALNT16	0.7002	83.6857	2
GALNT18	0.4547	65.1275	2
GALNT3	0.0648	21.5226	4
GALNT7	0.385	58.836	3
GALNT8	0.1818	39.9616	3
GALNT9	0.2919	50.4975	3
GALNTL6	0.4102	61.0437	2
GALR1	0.058	19.859	2
GALR3	0.1198	31.618	3
GANAB	0.5633	74.0775	4
GAP43	0.287	50.0829	3
GAPDH	0.3501	55.7577	5
GAPVD1	0.6185	78.3012	3
GAREM1	0.5347	71.7817	1
GARNL3	0.6811	82.3746	0
GARRE1	0.2412	45.8644	2
GART	0.7284	85.256	4
GAS2	0.1248	32.4886	1
GAS2L2	0.1195	31.5661	3
GAS7	0.7181	84.6808	1
GAST	0.0393	13.8682	2
GATA3	0.5279	71.2427	5
GATA5	0.1052	29.2392	4
GATAD1	0.7662	87.3393	2
GATAD2A	0.6505	80.4001	3
GATB	0.6377	79.5813	2
GBA1	0.9041	94.9316	4
GBE1	0.6682	81.5713	3
GBX1	0.2902	50.3369	3
GBX2	0.7444	86.1785	4
GCC2	0.3293	53.7521	5
GCG	0.0108	0.7255	4
GCGR	0.0236	6.5039	2
GCK	0.5792	75.3731	4
GCLC	0.2267	44.6362	4
GCLM	0.3478	55.5296	3
GCM1	0.0632	21.0924	4
GCM2	0.1453	35.2612	4
GCN1	0.6572	80.8095	2
GCNA	0.268	48.4401	2
GCNT2	0.1617	37.2875	2
GCSAML	0.1706	38.4173	0
GDA	0.3131	52.3269	3
GDAP1L1	0.7963	88.9096	0
GDF3	0.0288	9.0952	2
GDF7	0.0372	12.925	2
GDI2	0.7096	84.261	2
GDNF	0.0831	25.3213	4
GEMIN7	0.2034	42.3248	1
GEMIN8	0.2804	49.4869	2
GEN1	0.2438	46.0924	3
GET3	0.4533	64.9772	3
GET4	0.5411	72.3155	2
GFI1	0.1064	29.4517	4
GFI1B	0.0409	14.516	3
GFOD1	0.4844	67.6254	1
GFPT2	0.3143	52.4046	3
GFRA1	0.4263	62.5363	3
GFRA4	0.0679	22.3414	2
GFUS	0.541	72.3051	4
GGA1	0.1837	40.2519	5
GGN	0.0355	12.2564	0
GGNBP2	0.7459	86.2769	1
GGPS1	0.7422	86.0696	1
GGT1	0.2125	43.2007	3
GGT7	0.3561	56.2189	1
GH1	0.0093	0.3472	4
GHITM	0.2922	50.5286	2
GHR	0.109	29.8352	3
GHRH	0.0112	0.7981	3
GHRL	0.0485	17.159	4
GHSR	0.0151	2.3269	4
GID4	0.474	66.8429	1
GID8	0.79	88.6401	3
GIMAP1	0.0506	17.7602	0
GIMAP8	0.0371	12.8887	0
GINS1	0.2239	44.3823	3
GIT1	0.785	88.3344	5
GIT2	0.3443	55.1876	4
GJA5	0.0493	17.4129	3
GJB4	0.0191	4.3377	1
GJB6	0.4542	65.0757	4
GJC1	0.332	54.0112	3
GJD4	0.0805	24.8393	1
GLB1L2	0.208	42.7602	1
GLB1L3	0.2053	42.4648	1
GLCCI1	0.3721	57.7063	0
GLCE	0.6075	77.4409	4
GLDN	0.1294	33.1053	0
GLG1	0.7116	84.3698	1
GLI1	0.0902	26.6636	5
GLIS1	0.1184	31.3744	3
GLO1	0.5865	75.9173	4
GLP1R	0.0163	2.8918	2
GLRA1	0.4446	64.2413	4
GLRA3	0.4015	60.2146	3
GLRB	0.6693	81.6542	2
GLRX3	0.3505	55.7991	2
GLRX5	0.5786	75.3213	3
GLS	0.8296	90.7079	4
GLT8D1	0.5175	70.4343	0
GLYCTK	0.033	11.1785	3
GLYR1	0.7077	84.1262	1
GMDS	0.5546	73.3727	5
GMEB1	0.752	86.5775	3
GMEB2	0.2968	50.8914	3
GMNC	0.1282	32.9447	1
GMPS	0.5545	73.3675	1
GNA12	0.6252	78.7624	4
GNA13	0.6004	76.9382	3
GNA14	0.2026	42.2315	4
GNAI2	0.8036	89.3087	4
GNAZ	0.9307	96.3827	2
GNB1L	0.3048	51.6377	2
GNB4	0.7133	84.4787	3
GNE	0.9041	94.9264	4
GNG12	0.0565	19.5326	3
GNG13	0.1351	33.9241	2
GNG2	0.5384	72.0823	4
GNG3	0.5291	71.3464	2
GNG4	0.4258	62.4741	4
GNG7	0.3584	56.4573	3
GNL1	0.6261	78.8246	2
GNL3L	0.3387	54.6642	1
GOLGA3	0.24	45.766	2
GOLGA6A	0.0508	17.8483	2
GOLGA6C	0.0326	10.9919	2
GOLGA6L10	0.0868	26.0987	0
GOLGB1	0.3158	52.5238	3
GOLPH3	0.3914	59.3284	3
GON4L	0.7648	87.2823	2
GOT1	0.2232	44.3149	4
GP1BA	0.0541	18.8847	3
GP9	0.0499	17.5943	2
GPAT4	0.5182	70.4861	3
GPATCH8	0.6354	79.4413	1
GPBP1	0.6897	82.9758	2
GPC1	0.3059	51.7154	5
GPC5	0.2499	46.6988	3
GPC6	0.4522	64.8632	2
GPCPD1	0.5286	71.2998	2
GPD2	0.6689	81.6283	2
GPER1	0.1744	38.9459	4
GPHA2	0.0184	3.9956	1
GPHB5	0.0508	17.8224	1
GPI	0.7389	85.8209	4
GPIHBP1	0.2282	44.7761	2
GPM6A	0.8897	94.1439	2
GPM6B	0.7497	86.4946	1
GPR101	0.0939	27.3165	1
GPR12	0.7737	87.7747	0
GPR137C	0.4627	65.8686	1
GPR139	0.3365	54.4828	0
GPR143	0.2825	49.7098	3
GPR148	0.0747	23.7303	0
GPR149	0.1555	36.5309	1
GPR151	0.0892	26.4718	0
GPR158	0.3567	56.2604	1
GPR161	0.2458	46.2894	4
GPR19	0.4642	65.9981	1
GPR22	0.7452	86.2148	0
GPR26	0.4135	61.3391	0
GPR37	0.4409	63.8008	3
GPR37L1	0.3305	53.8764	2
GPR45	0.2188	43.8692	3
GPR52	0.1106	30.1306	0
GPR6	0.2194	43.9314	0
GPR61	0.4646	66.0551	0
GPR62	0.3656	57.1103	1
GPR83	0.1311	33.3748	3
GPR85	0.8848	93.8796	0
GPR88	0.6214	78.5241	2
GPRASP2	0.5946	76.5599	1
GPRIN1	0.5902	76.1764	2
GPS1	0.5547	73.3935	3
GPX1	0.271	48.751	5
GPX4	0.2487	46.5589	3
GRAMD1B	0.7956	88.8682	2
GRAMD4	0.5429	72.4554	1
GRB2	0.6938	83.2763	5
GREB1	0.0894	26.5133	3
GREB1L	0.2357	45.4032	1
GREM1	0.0133	1.5703	4
GRHL1	0.0911	26.819	4
GRHL2	0.3646	56.9911	3
GRID1	0.8112	89.7233	3
GRID2IP	0.1987	41.817	0
GRIK1	0.681	82.3539	5
GRIK3	0.8735	93.1955	5
GRIK4	0.7073	84.1107	5
GRIK5	0.8389	91.2521	5
GRIN2C	0.1514	36.0178	5
GRIN3A	0.1318	33.4474	5
GRIN3B	0.1242	32.416	5
GRINA	0.2758	49.1501	2
GRIP2	0.417	61.6397	1
GRIPAP1	0.6345	79.3895	2
GRK1	0.0741	23.6008	1
GRK2	0.672	81.7993	5
GRK3	0.6008	76.959	3
GRK4	0.2203	43.9988	1
GRK5	0.3648	57.0014	4
GRM2	0.6016	77.0263	4
GRM3	0.7547	86.7485	4
GRM4	0.5482	72.8545	3
GRM5	0.8034	89.2879	5
GRM6	0.0961	27.6534	5
GRM8	0.461	65.739	3
GRP	0.0955	27.5653	3
GRTP1	0.2129	43.268	0
GSC	0.1278	32.8773	4
GSDMC	0.0344	11.8159	1
GSE1	0.4501	64.6559	0
GSG1L	0.5027	69.2631	1
GSK3A	0.8244	90.454	5
GSK3B	0.8609	92.4751	5
GSN	0.0513	17.9986	5
GSPT1	0.9173	95.5898	2
GSPT2	0.8795	93.5479	2
GSTM1	0.2529	46.9838	3
GSTT1	0.2408	45.8489	3
GSX1	0.0931	27.1714	3
GTF2A1	0.7086	84.204	5
GTF2E1	0.5709	74.6839	4
GTF2H1	0.6638	81.2656	4
GTF3C1	0.8267	90.5732	3
GTF3C2	0.5954	76.6065	3
GTF3C3	0.8526	92.0294	3
GTF3C4	0.5393	72.16	3
GTPBP1	0.8368	91.1225	2
GTPBP4	0.4916	68.2991	2
GTSF1	0.0384	13.4536	1
GUCA1A	0.1938	41.3091	1
GUCA1B	0.4189	61.8522	2
GUCD1	0.4257	62.4689	0
GUCY1A1	0.3155	52.5031	2
GUCY1A2	0.4581	65.4643	2
GUCY1B1	0.3893	59.1625	2
GUCY2C	0.0287	9.0848	1
GUCY2D	0.1215	31.8771	3
GUF1	0.5754	75.0829	1
GUK1	0.2842	49.8756	2
GYG1	0.3416	54.9544	3
GYS1	0.3936	59.5046	2
GYS2	0.0478	16.874	4
GZF1	0.7928	88.7593	3
H1-0	0.1511	35.9815	4
H1-10	0.2612	47.7716	2
H1-2	0.2165	43.6256	4
H2AC6	0.5039	69.3667	4
H2AZ1	0.5188	70.5327	5
H2BC11	0.4573	65.3814	4
H2BC26	0.3259	53.4567	3
H3-4	0.2558	47.217	4
H3-7	0.1832	40.1793	2
H3C14	0.2674	48.3727	1
H3Y1	0.2357	45.398	2
H3Y2	0.2123	43.1696	2
H4C1	0.4009	60.1835	4
H4C11	0.6599	81.0064	1
H4C12	0.3993	60.0176	1
H4C13	0.3902	59.2506	1
H4C14	0.2718	48.8495	1
H4C15	0.2718	48.8495	1
H4C16	0.3303	53.8557	0
H4C2	0.4116	61.1681	1
H4C4	0.4131	61.3132	1
H4C6	0.3277	53.607	1
H4C8	0.403	60.3907	1
H6PD	0.1068	29.5087	2
HAAO	0.1133	30.5918	3
HABP4	0.3135	52.3476	2
HACD1	0.1382	34.3387	3
HACL1	0.5771	75.1969	5
HADHB	0.7692	87.5	5
HAMP	0.0338	11.4998	2
HAND2	0.1258	32.5819	4
HAO2	0.0181	3.8713	3
HAP1	0.2143	43.4131	3
HAPLN1	0.0477	16.8481	2
HAPLN2	0.3962	59.7637	1
HAPLN4	0.3402	54.8145	1
HAPSTR1	0.2149	43.4701	2
HARS2	0.586	75.8862	5
HAS2	0.5136	70.17	4
HAS3	0.3833	58.6961	3
HASPIN	0.133	33.608	3
HAT1	0.2887	50.2228	4
HAUS7	0.1845	40.34	3
HBB	0.1159	30.9546	2
HBG2	0.097	27.8192	1
HBM	0.0977	27.9799	0
HCFC2	0.518	70.4654	3
HCN4	0.7779	87.9509	5
HCRT	0.4866	67.8172	2
HCRTR2	0.3392	54.7315	2
HDAC1	0.4136	61.3443	5
HDAC10	0.2265	44.6051	5
HDAC11	0.4799	67.2678	5
HDAC2	0.7645	87.2668	5
HDAC3	0.7272	85.1783	5
HDAC5	0.647	80.1669	5
HDAC7	0.1017	28.6899	5
HDAC9	0.6699	81.7009	5
HDGF	0.151	35.9712	4
HDGFL2	0.2341	45.2581	2
HDGFL3	0.2865	50.057	3
HEATR1	0.7708	87.5726	3
HEATR5B	0.902	94.8176	0
HECA	0.4983	68.9262	2
HECTD1	0.9537	97.8234	2
HECTD2	0.7192	84.7533	0
HECW1	0.8605	92.4648	2
HELLS	0.4305	62.8835	3
HELQ	0.542	72.3932	2
HELT	0.0775	24.233	2
HELZ	0.828	90.6561	1
HEMK1	0.2303	44.9471	1
HENMT1	0.1097	29.9285	2
HERC3	0.6773	82.0636	1
HERC4	0.7709	87.5881	2
HERPUD1	0.3895	59.1833	3
HERPUD2	0.6189	78.3427	0
HES2	0.078	24.3056	4
HES3	0.2017	42.1486	3
HES5	0.4895	68.0763	5
HES7	0.1409	34.7067	5
HEXIM1	0.2661	48.2691	2
HEY2	0.0913	26.8553	5
HGF	0.0497	17.5321	3
HGFAC	0.039	13.749	1
HHAT	0.519	70.5483	4
HHATL	0.3671	57.2502	1
HHIP	0.258	47.414	5
HIC2	0.3345	54.2496	2
HIF1A	0.2517	46.8595	5
HIF1AN	0.2608	47.7197	4
HINFP	0.5088	69.8279	3
HIP1	0.2172	43.693	5
HIP1R	0.3424	55.0269	4
HIPK1	0.7279	85.2146	5
HIPK2	0.7163	84.5978	5
HIPK3	0.1865	40.5732	4
HIPK4	0.1454	35.2767	3
HIRIP3	0.1882	40.7546	2
HIVEP1	0.4308	62.9146	3
HJURP	0.304	51.5236	3
HK2	0.1625	37.4119	5
HLA-A	0.0267	8.0794	3
HLA-B	0.0156	2.5653	3
HLA-DPA1	0.0169	3.2442	3
HLA-DPB1	0.0213	5.3793	3
HLA-DQA1	0.0224	5.9494	3
HLA-DQB1	0.0185	4.0112	3
HLA-DRB1	0.0119	1.0572	4
HLA-DRB5	0.0152	2.3787	3
HLA-F	0.0091	0.311	3
HLA-G	0.0167	3.1406	5
HLF	0.4458	64.3605	3
HLTF	0.3956	59.7119	4
HLX	0.0743	23.6474	1
HM13	0.5303	71.4656	4
HMBOX1	0.7287	85.2767	3
HMCN1	0.0584	19.9471	2
HMCN2	0.0546	19.0039	2
HMG20A	0.289	50.2488	2
HMG20B	0.0678	22.2948	3
HMGA1	0.2449	46.2168	4
HMGB2	0.4197	61.9144	3
HMGB3	0.6672	81.4677	3
HMGCLL1	0.5474	72.7664	3
HMGCR	0.8271	90.6043	4
HMGCS1	0.4603	65.6768	3
HMGN1	0.3493	55.6799	2
HMGN2	0.265	48.1032	2
HMGN3	0.3193	52.8244	3
HMGN4	0.4238	62.3031	2
HMGN5	0.0551	19.1335	2
HMGXB3	0.3782	58.2452	0
HMGXB4	0.4508	64.7233	1
HMX1	0.4363	63.381	3
HMX3	0.1484	35.6499	3
HNF1A	0.0748	23.751	4
HNF4G	0.0594	20.2011	4
HNRNPA0	0.6339	79.3377	3
HNRNPA1	0.2605	47.699	5
HNRNPA2B1	0.6588	80.9442	5
HNRNPA3	0.7168	84.6238	3
HNRNPAB	0.3719	57.6803	2
HNRNPC	0.6937	83.266	3
HNRNPDL	0.3195	52.84	3
HNRNPF	0.6286	78.9956	3
HNRNPH3	0.7485	86.4376	2
HNRNPL	0.6841	82.5974	4
HNRNPLL	0.5888	76.0883	2
HNRNPM	0.6112	77.7571	3
HNRNPUL1	0.5663	74.3418	2
HOMER1	0.8121	89.7699	4
HOMER2	0.4096	61.0023	4
HOMER3	0.4308	62.9094	4
HOMEZ	0.1792	39.6144	2
HOOK3	0.5423	72.4295	3
HORMAD1	0.0291	9.2195	2
HOXA10	0.026	7.7684	4
HOXA11	0.043	15.2726	5
HOXA2	0.2241	44.4134	4
HOXA3	0.071	22.9944	3
HOXA5	0.0379	13.2359	3
HOXA6	0.0354	12.2046	4
HOXA9	0.0427	15.2156	4
HOXB3	0.061	20.5379	4
HOXB5	0.0543	18.9107	3
HOXB7	0.0336	11.448	3
HOXB8	0.2336	45.2166	3
HOXB9	0.034	11.6345	3
HOXC10	0.0151	2.3165	3
HOXC11	0.0263	7.9291	4
HOXC6	0.0427	15.1949	2
HOXC8	0.0341	11.7019	4
HOXC9	0.0231	6.2656	3
HOXD10	0.0209	5.1928	4
HOXD11	0.0342	11.7226	4
HOXD3	0.0592	20.1492	4
HOXD4	0.033	11.1992	3
HOXD8	0.0379	13.2152	3
HOXD9	0.0442	15.6405	3
HP1BP3	0.5617	73.9739	2
HPCAL4	0.694	83.3022	1
HPN	0.0567	19.5585	4
HPS1	0.8622	92.5425	3
HRH2	0.1135	30.6229	4
HRH3	0.6281	78.9438	3
HRK	0.3377	54.5916	2
HS3ST4	0.72	84.8259	2
HS3ST5	0.6984	83.5665	4
HS3ST6	0.0529	18.5583	3
HS6ST1	0.5736	74.9534	4
HS6ST2	0.4515	64.801	4
HS6ST3	0.7707	87.5674	3
HSBP1	0.7409	85.9764	3
HSBP1L1	0.6205	78.4567	1
HSD11B1	0.0514	18.0659	4
HSD17B13	0.0619	20.7815	3
HSD17B2	0.019	4.3221	2
HSD17B3	0.0906	26.7361	3
HSD3B1	0.0391	13.7904	3
HSD3B2	0.0998	28.3478	3
HSD3B7	0.2414	45.8955	2
HSDL1	0.5361	71.8854	0
HSF2	0.4251	62.3963	3
HSF5	0.2839	49.8497	3
HSFX3	0.1078	29.6435	2
HSFY2	0.0411	14.6041	0
HSP90AA1	0.6622	81.1619	5
HSP90AB1	0.4898	68.1177	5
HSP90B1	0.3499	55.7421	5
HSPA12A	0.5977	76.7827	2
HSPA12B	0.0783	24.347	1
HSPA14	0.1288	33.0068	2
HSPA1A	0.3358	54.4154	5
HSPA1B	0.4034	60.4478	5
HSPA2	0.6654	81.3485	3
HSPA4	0.4429	64.0236	4
HSPA4L	0.2324	45.1026	3
HSPA5	0.5007	69.1231	5
HSPA8	0.5341	71.7247	5
HSPA9	0.8679	92.8172	3
HSPB1	0.0709	22.9737	4
HSPB3	0.0113	0.824	1
HSPB8	0.0511	17.926	4
HSPBP1	0.5126	70.0715	0
HSPH1	0.4207	61.9973	3
HTATSF1	0.5142	70.2374	3
HTR1A	0.4574	65.3918	4
HTR1B	0.0148	2.2077	4
HTR1D	0.064	21.3049	4
HTR1E	0.1942	41.335	4
HTR2A	0.1971	41.6874	4
HTR2C	0.2328	45.1441	4
HTR3A	0.0294	9.3646	5
HTR3B	0.0302	9.7844	5
HTR3C	0.0461	16.2728	5
HTR4	0.1074	29.5813	4
HTR5A	0.2376	45.5794	4
HTR6	0.0433	15.3711	4
HTR7	0.017	3.296	4
HTRA1	0.3662	57.188	3
HUNK	0.5606	73.8754	1
HYAL2	0.1438	35.0694	5
HYAL4	0.0224	5.939	3
HYCC2	0.1441	35.1109	1
HYOU1	0.2031	42.3041	2
IBA57	0.7803	88.0908	2
ICA1	0.3943	59.5719	2
ICAM5	0.2615	47.8026	3
ICE1	0.3331	54.1356	2
ICE2	0.2186	43.8588	2
ICMT	0.7084	84.1936	2
ICOSLG	0.0172	3.4256	2
ID2	0.3328	54.0993	5
ID4	0.5269	71.1598	4
IDE	0.2424	45.9681	5
IDH3A	0.7415	86.0126	4
IDH3B	0.7301	85.3597	4
IDI1	0.5298	71.4138	3
IFFO2	0.3243	53.3064	0
IFI6	0.2728	48.9324	3
IFITM3	0.0504	17.7446	2
IFNA1	0.025	7.2865	2
IFNA21	0.0885	26.3837	2
IFNA6	0.0427	15.1793	2
IFNA8	0.0257	7.67	2
IFNAR2	0.2651	48.1292	3
IFNGR1	0.3611	56.6801	3
IFNGR2	0.2913	50.4405	2
IFRD1	0.4667	66.2158	1
IFT20	0.6176	78.2131	4
IFT52	0.8563	92.1745	3
IFT54	0.4252	62.4067	2
IFT56	0.4115	61.137	2
IFT57	0.246	46.3205	4
IFT88	0.2381	45.6208	3
IGDCC3	0.526	71.0976	0
IGF2BP1	0.6373	79.5605	4
IGF2BP2	0.0673	22.1497	3
IGF2BP3	0.4405	63.7749	3
IGF2R	0.417	61.6449	3
IGFBP2	0.2588	47.5073	3
IGFBP3	0.0221	5.8095	4
IGFBP4	0.0486	17.216	3
IGFBP5	0.0502	17.6721	3
IGFL4	0.1711	38.5106	0
IGLON5	0.5541	73.3209	1
IGSF11	0.3696	57.4679	1
IGSF21	0.4658	66.1432	2
IGSF3	0.3971	59.8051	1
IGSF8	0.3555	56.1619	2
IGSF9	0.2638	48.0151	2
IGSF9B	0.4826	67.4959	1
IHO1	0.1829	40.1638	2
IK	0.8233	90.3866	2
IKBKB	0.2226	44.232	4
IKZF1	0.118	31.3225	3
IKZF2	0.1274	32.8358	1
IKZF3	0.0473	16.7392	3
IKZF4	0.6275	78.9179	3
IKZF5	0.9056	95.0145	3
IL10	0.0307	10.0487	3
IL11	0.0976	27.9695	1
IL12A	0.031	10.2042	3
IL12B	0.0137	1.7776	3
IL13RA1	0.0429	15.2622	1
IL17F	0.0138	1.8138	3
IL17RA	0.1202	31.6905	1
IL17RC	0.0828	25.2436	1
IL17RD	0.3111	52.1352	3
IL1B	0.01	0.5131	3
IL1R2	0.0268	8.1779	1
IL1RAP	0.0367	12.728	3
IL1RAPL2	0.1217	31.903	3
IL1RN	0.0153	2.4202	1
IL21	0.0384	13.4795	1
IL21R	0.0169	3.2338	0
IL22	0.0186	4.0682	1
IL23R	0.0066	0.0207	2
IL2RG	0.0373	12.9716	3
IL32	0.0488	17.2782	2
IL6	0.03	9.6445	4
IL6ST	0.1581	36.8885	4
IL7	0.0236	6.5558	2
ILDR2	0.4067	60.7069	2
ILF2	0.8317	90.8064	3
ILF3	0.7741	87.8006	3
ILKAP	0.4298	62.8058	0
ILRUN	0.4572	65.3503	2
IMMP2L	0.3895	59.1781	2
IMPDH1	0.6268	78.8765	2
IMPG1	0.1464	35.4011	1
IMPG2	0.1298	33.1675	1
INA	0.4863	67.7861	1
INCENP	0.2392	45.7245	3
INF2	0.2563	47.2948	2
ING1	0.3748	57.9447	2
ING2	0.3488	55.6488	4
ING3	0.4879	67.9208	3
ING4	0.4629	65.8945	3
ING5	0.3778	58.2038	3
INHBA	0.2681	48.4608	3
INHBB	0.0735	23.4764	4
INIP	0.5767	75.171	2
INO80	0.8765	93.3976	4
INO80B	0.1689	38.1893	3
INO80C	0.0798	24.6787	3
INO80D	0.5258	71.0821	3
INO80E	0.153	36.2148	3
INPP1	0.2062	42.5632	2
INPP4B	0.0504	17.7239	3
INPP5A	0.4989	68.9884	3
INPP5D	0.0666	21.9994	3
INS	0.3206	52.9851	5
INSIG1	0.3772	58.1779	3
INSM1	0.6477	80.2239	3
INSM2	0.3449	55.2446	2
INSR	0.9167	95.5587	5
INSYN1	0.2899	50.3213	2
INSYN2A	0.183	40.1741	2
INSYN2B	0.1799	39.7233	0
INTS10	0.5826	75.6115	3
INTS12	0.5264	71.1391	3
INTS13	0.5963	76.6532	3
INTS15	0.3704	57.5197	2
INTS2	0.6845	82.6182	3
INTS3	0.672	81.8045	3
INTS6	0.8435	91.5112	3
INTS6L	0.3655	57.0999	0
INTS7	0.5137	70.1855	3
INTS8	0.7854	88.3603	3
INTU	0.7607	87.0543	4
INVS	0.3958	59.7326	3
IP6K1	0.6393	79.7108	4
IP6K2	0.5957	76.6221	4
IPMK	0.4719	66.6356	4
IPO11	0.3335	54.1563	1
IPO13	0.8855	93.921	1
IPO4	0.1682	38.096	2
IPO5	0.74	85.9038	4
IPO7	0.7755	87.8472	2
IPO9	0.8286	90.6768	1
IPPK	0.23	44.916	3
IQCB1	0.9079	95.1492	3
IQCE	0.3537	56.0479	4
IQGAP1	0.2308	44.9679	5
IQGAP2	0.3254	53.4152	5
IQGAP3	0.1779	39.4279	2
IQSEC3	0.5416	72.3518	2
IRAG1	0.1788	39.5471	2
IRAK1	0.358	56.3899	5
IREB2	0.6162	78.0732	2
IRF1	0.0379	13.2204	5
IRF2	0.1099	29.9751	4
IRF2BP1	0.6437	79.9389	2
IRF3	0.0623	20.8748	5
IRF4	0.075	23.7873	4
IRF5	0.018	3.7935	4
IRF8	0.052	18.268	4
IRF9	0.0501	17.6461	5
IRS2	0.274	49.0153	3
IRX1	0.1606	37.1839	4
IRX2	0.1562	36.6034	4
IRX3	0.0553	19.1594	3
IRX4	0.0664	21.9683	2
IRX6	0.0357	12.3445	2
ISCA1	0.8373	91.1588	3
ISCU	0.276	49.1656	3
ISG15	0.0664	21.9786	4
ISL1	0.3765	58.1053	5
ISL2	0.1035	28.9594	3
ISLR2	0.6478	80.2498	1
ISM1	0.0283	8.8982	1
IST1	0.6798	82.2709	3
ISY1	0.3074	51.8501	2
ITGA11	0.0123	1.1712	4
ITGA2	0.0486	17.2056	4
ITGA5	0.1677	38.0338	4
ITGA6	0.2474	46.4449	4
ITGA8	0.0721	23.2069	4
ITGA9	0.0702	22.8545	2
ITGAL	0.0105	0.6737	3
ITGAM	0.0174	3.5085	4
ITGB1	0.3885	59.1159	5
ITGB1BP1	0.3858	58.9138	2
ITGB3	0.2425	45.9784	4
ITGB4	0.0993	28.2649	4
ITGB5	0.0268	8.1468	4
ITGB6	0.0172	3.4204	3
ITGB8	0.451	64.744	4
ITIH6	0.0286	9.033	0
ITM2B	0.2732	48.9635	3
ITM2C	0.3743	57.9084	2
ITPK1	0.5193	70.569	2
ITPKA	0.4116	61.1474	4
ITPKB	0.2829	49.7512	4
ITPR3	0.1393	34.4527	5
ITSN2	0.0732	23.3986	3
IVNS1ABP	0.6178	78.2287	1
IWS1	0.5738	74.9896	3
IYD	0.0354	12.1942	4
JADE1	0.426	62.4896	3
JADE2	0.5576	73.6422	3
JADE3	0.4188	61.8366	3
JAG2	0.8382	91.2158	3
JAGN1	0.8059	89.4693	2
JAK1	0.7284	85.2664	3
JAK2	0.1991	41.8792	5
JAK3	0.131	33.3541	3
JAKMIP1	0.8068	89.5056	1
JAKMIP2	0.9412	97.1341	0
JAKMIP3	0.4374	63.5157	0
JAZF1	0.5777	75.2384	2
JCAD	0.1709	38.4588	2
JDP2	0.1131	30.5607	3
JMJD6	0.5531	73.2121	4
JMY	0.396	59.7481	4
JPH1	0.5508	73.0514	2
JPH3	0.6693	81.6491	2
JPH4	0.6517	80.4934	2
JPT1	0.2513	46.8335	1
JRK	0.2833	49.7927	2
JUND	0.1198	31.6128	5
JUP	0.242	45.9422	5
KALRN	0.9376	96.8854	4
KANK1	0.1985	41.791	3
KANSL1L	0.5312	71.5381	1
KANSL2	0.2706	48.6785	2
KANSL3	0.4801	67.2886	2
KASH5	0.1462	35.3752	0
KAT2A	0.6655	81.3537	5
KAT2B	0.6998	83.6598	5
KAT7	0.8932	94.3823	4
KATNAL1	0.6297	79.0941	1
KAZN	0.8001	89.1169	2
KBTBD2	0.6119	77.8348	1
KBTBD6	0.5263	71.1339	2
KCMF1	0.7628	87.1631	1
KCNA3	0.8954	94.4911	4
KCNA4	0.6604	81.0479	5
KCNA6	0.6669	81.4417	4
KCNAB1	0.6015	77.0004	4
KCNB2	0.8058	89.4538	4
KCNC4	0.4095	60.9764	4
KCNE2	0.0235	6.4728	5
KCNE3	0.0327	11.0437	5
KCNF1	0.6995	83.6391	3
KCNG1	0.5534	73.238	3
KCNG2	0.2973	50.9484	3
KCNG4	0.1475	35.541	3
KCNH2	0.8581	92.3145	4
KCNH3	0.8695	92.9053	3
KCNH4	0.4166	61.6034	4
KCNH7	0.5588	73.7148	3
KCNIP1	0.7951	88.8474	3
KCNIP4	0.791	88.6971	3
KCNJ1	0.0344	11.7848	4
KCNJ12	0.3211	53.0265	4
KCNJ13	0.2313	45.0093	3
KCNJ15	0.0401	14.205	4
KCNJ16	0.1085	29.7782	5
KCNJ18	0.0309	10.142	3
KCNJ2	0.7131	84.4631	5
KCNJ3	0.8136	89.8424	5
KCNJ4	0.8716	93.0556	5
KCNJ5	0.0721	23.1913	5
KCNJ9	0.8122	89.7751	4
KCNK1	0.3951	59.66	4
KCNK10	0.6358	79.4569	4
KCNK12	0.5282	71.279	4
KCNK18	0.0277	8.6184	3
KCNK2	0.2632	47.9529	5
KCNK3	0.5563	73.5437	4
KCNK6	0.0479	16.9154	4
KCNK7	0.0267	8.0846	3
KCNMB1	0.0107	0.6996	5
KCNMB2	0.122	31.96	5
KCNMB3	0.2197	43.9469	5
KCNMB4	0.5729	74.9067	5
KCNQ4	0.6834	82.5508	5
KCNS1	0.1308	33.323	3
KCNS2	0.354	56.0634	3
KCNS3	0.1085	29.773	4
KCNV1	0.7726	87.6969	3
KCTD10	0.2973	50.9432	0
KCTD12	0.5605	73.8702	1
KCTD13	0.6443	79.9855	2
KCTD16	0.639	79.6642	1
KCTD17	0.7348	85.5929	1
KCTD18	0.5027	69.2579	0
KCTD4	0.4441	64.1843	0
KCTD5	0.4974	68.864	0
KCTD8	0.4314	62.956	1
KCTD9	0.2893	50.2695	0
KDELR2	0.3798	58.3748	2
KDF1	0.0638	21.2376	1
KDM1B	0.2327	45.1337	3
KDM2A	0.9902	99.9689	3
KDM3A	0.3062	51.7465	5
KDM4A	0.649	80.3275	4
KDM4C	0.2487	46.5692	4
KDM4D	0.1044	29.0837	4
KDM4E	0.0397	14.0495	4
KDM5D	0.3605	56.6387	4
KDM7A	0.3243	53.3116	4
KDM8	0.1382	34.318	4
KDR	0.1557	36.5672	4
KDSR	0.6119	77.84	4
KEAP1	0.3174	52.6638	4
KERA	0.031	10.2094	2
KHDC1L	0.3854	58.8516	0
KHDC3L	0.1411	34.7378	2
KHDC4	0.3002	51.1764	1
KHDRBS1	0.3208	52.9903	4
KHDRBS2	0.5342	71.7403	2
KHDRBS3	0.6531	80.5815	2
KHSRP	0.7775	87.9353	3
KIAA0319	0.6026	77.1093	2
KIAA0319L	0.2289	44.8435	2
KIAA0825	0.3288	53.7054	0
KIAA1217	0.0862	25.995	1
KIAA1549	0.8667	92.7239	1
KIAA1549L	0.7316	85.4322	0
KIAA1586	0.5276	71.2168	0
KIAA1671	0.2743	49.0568	1
KIAA1958	0.6152	78.0265	0
KIF13A	0.4657	66.1329	4
KIF13B	0.2182	43.807	4
KIF16B	0.4494	64.6093	4
KIF17	0.0631	21.0562	3
KIF18A	0.0877	26.2438	3
KIF1B	0.598	76.8294	4
KIF21B	0.8664	92.7083	3
KIF23	0.3593	56.5506	5
KIF25	0.3975	59.857	4
KIF26A	0.5367	71.9113	3
KIF26B	0.5382	72.0564	2
KIF2C	0.1243	32.4264	3
KIF3A	0.8717	93.0763	5
KIF3B	0.7238	85.0073	4
KIF3C	0.7715	87.6088	3
KIF5B	0.9276	96.1598	5
KIF6	0.1826	40.0912	3
KIFAP3	0.7239	85.0124	3
KIFC1	0.0312	10.2819	4
KIFC2	0.2797	49.4248	4
KIN	0.3239	53.2546	4
KIRREL1	0.191	41.0137	1
KISS1R	0.1037	29.0216	4
KITLG	0.1026	28.8246	3
KIZ	0.7408	85.9453	1
KL	0.0824	25.1814	4
KLC1	0.8713	93.0296	2
KLC2	0.5034	69.3149	2
KLF1	0.1629	37.4534	3
KLF11	0.5519	73.1291	3
KLF12	0.634	79.3636	3
KLF13	0.4424	63.9511	3
KLF15	0.0949	27.5031	3
KLF16	0.4792	67.2264	4
KLF18	0.0341	11.6967	2
KLF3	0.4201	61.9403	4
KLF4	0.0313	10.3441	5
KLF5	0.1358	34.0537	5
KLF6	0.7644	87.2564	3
KLF8	0.5012	69.175	2
KLF9	0.2431	46.0406	2
KLHDC10	0.9114	95.2995	0
KLHDC3	0.9044	94.9523	1
KLHL1	0.7734	87.7436	1
KLHL10	0.0931	27.1766	0
KLHL12	0.5482	72.8493	2
KLHL14	0.4455	64.3398	1
KLHL17	0.5756	75.1037	0
KLHL2	0.9022	94.8228	1
KLHL22	0.4747	66.9206	3
KLHL24	0.8486	91.7807	1
KLHL29	0.2895	50.3006	0
KLHL3	0.7049	84.0122	2
KLHL32	0.6213	78.5137	0
KLHL33	0.0619	20.7556	0
KLHL35	0.4698	66.4438	0
KLHL36	0.5242	70.9784	0
KLHL41	0.0594	20.1959	3
KLHL9	0.5673	74.4248	2
KLK1	0.0207	5.0425	3
KLK6	0.2463	46.336	1
KLK7	0.0266	8.0535	2
KLLN	0.166	37.8472	1
KLRC2	0.2478	46.507	1
KLRC3	0.1661	37.8628	0
KLRC4	0.1005	28.4981	0
KMT5A	0.2771	49.2434	5
KMT5C	0.4203	61.961	5
KNCN	0.1836	40.2259	0
KNDC1	0.4394	63.6816	2
KNG1	0.0152	2.358	5
KPNA1	0.7404	85.9194	3
KPNA2	0.0678	22.3311	4
KPNA3	0.9569	98.067	4
KPNA4	0.8948	94.46	4
KPNA6	0.7004	83.7117	2
KPNB1	0.9257	96.0303	5
KPRP	0.041	14.5678	1
KRABD4	0.1339	33.7583	2
KRR1	0.6516	80.4882	2
KRT1	0.0198	4.6279	3
KRT10	0.0164	2.9799	4
KRT14	0.0316	10.484	4
KRT16	0.0155	2.4927	4
KRT17	0.0076	0.0829	4
KRT18	0.0167	3.1509	4
KRT222	0.2235	44.3512	0
KRT26	0.0262	7.8825	4
KRT31	0.2259	44.574	4
KRT33B	0.0185	4.0423	4
KRT34	0.048	16.9828	4
KRT5	0.0166	3.0939	3
KRT6A	0.0284	8.919	3
KRT6B	0.0453	16.107	2
KRT74	0.0292	9.2506	2
KRT85	0.029	9.1988	1
KRTAP5-1	0.1151	30.8406	1
KRTAP5-11	0.0797	24.6269	1
KRTAP5-4	0.0739	23.5645	1
KRTAP5-5	0.0531	18.6204	1
KSR1	0.3632	56.8667	4
KSR2	0.4708	66.5578	4
KY	0.0568	19.6051	1
L3MBTL1	0.1363	34.09	3
L3MBTL2	0.645	80.0425	3
L3MBTL3	0.3837	58.7168	2
L3MBTL4	0.111	30.1876	2
LACTB2	0.2779	49.3107	2
LAMA3	0.1049	29.1718	4
LAMA4	0.1306	33.3074	4
LAMA5	0.8678	92.812	4
LAMB3	0.0451	15.9981	4
LAMC1	0.5656	74.29	4
LAMC2	0.0936	27.2543	3
LAMP1	0.0599	20.341	3
LAMP5	0.4585	65.5265	1
LAMTOR2	0.2894	50.285	4
LAPTM5	0.0406	14.3501	3
LARP1	0.7155	84.5667	2
LARP4	0.3537	56.0531	1
LARP4B	0.6828	82.5041	1
LARS1	0.9807	99.5129	5
LASP1	0.2363	45.4913	1
LAT	0.0991	28.2494	4
LATS1	0.7195	84.7792	5
LATS2	0.173	38.7956	5
LBX1	0.443	64.0444	3
LBX2	0.0733	23.4349	3
LCA5	0.874	93.2266	2
LCAT	0.1107	30.141	3
LCE1F	0.0359	12.3912	1
LCE2A	0.0442	15.6613	1
LCE2B	0.0372	12.9301	1
LCE2D	0.0358	12.3549	1
LCK	0.0347	11.9558	5
LCN1	0.0403	14.2931	2
LCN15	0.1307	33.3126	1
LCN8	0.1093	29.8663	0
LCN9	0.0519	18.2577	1
LCNL1	0.3022	51.363	0
LCOR	0.266	48.2483	3
LCORL	0.5204	70.6571	2
LCP1	0.0267	8.0898	3
LCP2	0.0159	2.6741	3
LDB2	0.5842	75.7515	2
LDHA	0.2091	42.9053	4
LDHB	0.3144	52.415	3
LDHD	0.3473	55.483	2
LDLR	0.4538	65.0342	4
LEF1	0.5506	73.0203	5
LEFTY2	0.0187	4.1356	3
LEMD2	0.778	87.9612	2
LENG8	0.2604	47.6835	1
LEP	0.1207	31.7682	3
LEPR	0.4337	63.153	3
LGALS1	0.0341	11.6812	3
LGALS16	0.0978	28.0058	0
LGALS9C	0.0227	6.0531	2
LGI2	0.2994	51.1142	2
LGI3	0.4783	67.1383	1
LGR4	0.5311	71.533	3
LHB	0.0422	15.0446	4
LHCGR	0.0764	24.0413	3
LHFPL3	0.7844	88.3085	1
LHFPL4	0.8795	93.5427	1
LHFPL5	0.2794	49.4144	2
LHPP	0.3805	58.4318	4
LHX1	0.6977	83.5044	4
LHX5	0.7005	83.7272	4
LHX6	0.8807	93.6463	3
LHX8	0.2213	44.092	3
LHX9	0.448	64.5263	4
LIFR	0.6082	77.4772	4
LILRB2	0.0111	0.7566	3
LIM2	0.0161	2.8089	1
LIMCH1	0.6743	81.9133	1
LIMD1	0.2609	47.7353	4
LIMK2	0.1699	38.324	4
LIN28A	0.0563	19.4704	3
LIN28B	0.2233	44.3356	3
LIN52	0.7321	85.4478	4
LIN54	0.5676	74.4455	5
LIN7A	0.4665	66.1951	3
LIN7B	0.683	82.5093	3
LIN7C	0.7643	87.2512	3
LIN9	0.404	60.4944	4
LINGO2	0.5031	69.2993	0
LINGO3	0.6215	78.5292	0
LINGO4	0.0795	24.5699	0
LIPN	0.0376	13.1271	2
LIPT1	0.6876	82.8358	2
LIX1	0.5131	70.113	1
LMAN1	0.2785	49.3729	3
LMAN2L	0.8854	93.9003	2
LMBR1	0.5327	71.6211	0
LMCD1	0.0407	14.4279	2
LMLN	0.5555	73.4712	0
LMO1	0.3009	51.2231	3
LMO3	0.8875	94.0713	2
LMO4	0.8425	91.449	3
LMO7	0.3818	58.5769	4
LMOD1	0.0141	1.9279	3
LMOD2	0.0266	8.0483	2
LMOD3	0.0407	14.4175	2
LMTK2	0.6058	77.3165	2
LMTK3	0.9076	95.1233	0
LMX1A	0.1616	37.272	3
LNPEP	0.2372	45.5483	3
LNX1	0.1568	36.6967	0
LONRF1	0.4984	68.9366	0
LOX	0.3159	52.529	4
LOXHD1	0.0645	21.4552	1
LOXL3	0.3518	55.8976	4
LPAR1	0.5519	73.1188	3
LPAR2	0.188	40.7235	2
LPCAT1	0.3848	58.8205	3
LPCAT3	0.4744	66.8999	3
LPGAT1	0.6616	81.1256	3
LPIN1	0.7995	89.0547	4
LPIN2	0.7889	88.5728	4
LPIN3	0.0985	28.125	4
LPP	0.0663	21.9372	1
LRAT	0.1517	36.0541	2
LRBA	0.7004	83.7013	2
LRCH1	0.3438	55.1565	0
LRCH2	0.7773	87.925	0
LRCH3	0.5246	71.0147	0
LRFN1	0.675	81.9341	2
LRFN2	0.7428	86.0956	2
LRFN3	0.3417	54.9648	1
LRFN4	0.4901	68.154	3
LRFN5	0.6452	80.0529	2
LRIG2	0.9047	94.9731	2
LRP1	0.7854	88.3551	4
LRP1B	0.9333	96.5952	0
LRP2BP	0.1	28.41	0
LRP6	0.9489	97.5694	4
LRP8	0.6934	83.2452	2
LRRC1	0.2554	47.1652	1
LRRC25	0.0145	2.1092	0
LRRC28	0.5779	75.2591	0
LRRC37A2	0.8687	92.8794	0
LRRC37A3	0.3065	51.7776	0
LRRC37B	0.5242	70.9836	0
LRRC3B	0.7961	88.8889	0
LRRC4	0.757	86.8626	3
LRRC40	0.5979	76.8035	0
LRRC41	0.6973	83.4681	2
LRRC47	0.339	54.6901	0
LRRC4B	0.8947	94.4444	3
LRRC53	0.0814	24.9741	0
LRRC55	0.4196	61.904	3
LRRC7	0.9543	97.8545	4
LRRC8A	0.5962	76.648	3
LRRC8B	0.4848	67.6721	2
LRRC8C	0.5574	73.6215	3
LRRC8D	0.8489	91.8066	3
LRRFIP1	0.1292	33.0794	4
LRRIQ3	0.0644	21.3982	0
LRRK1	0.0564	19.4911	2
LRRN1	0.8354	91.0448	0
LRRN2	0.6687	81.6076	0
LRRN3	0.5811	75.4975	0
LRRTM1	0.669	81.6335	3
LRRTM2	0.7396	85.8727	2
LRRTM3	0.6916	83.1053	3
LRRTM4	0.6787	82.1776	2
LRSAM1	0.7663	87.3445	1
LRTM2	0.4818	67.4129	0
LRWD1	0.1447	35.1886	3
LSAMP	0.7356	85.6499	2
LSG1	0.7288	85.2819	0
LSM1	0.7239	85.0176	3
LSM11	0.6084	77.5083	3
LSM12	0.7409	85.9712	0
LSM14A	0.3293	53.7469	2
LSM14B	0.5246	71.0095	1
LSM7	0.8486	91.7651	2
LTBR	0.0251	7.359	2
LTC4S	0.1934	41.2624	2
LTN1	0.4852	67.7083	0
LUC7L	0.429	62.7591	0
LUC7L3	0.674	81.8926	3
LUZP2	0.4236	62.272	0
LY6D	0.0346	11.8781	1
LY6H	0.5508	73.0566	2
LYN	0.0934	27.2284	5
LYNX1	0.0572	19.6725	1
LYPD1	0.6803	82.3072	2
LYPLA2	0.6362	79.4983	3
LYRM4	0.5534	73.2483	3
LYSET	0.3114	52.1714	1
LZTS1	0.2329	45.1544	1
LZTS2	0.2115	43.0918	1
LZTS3	0.5686	74.5336	2
M1AP	0.053	18.6101	1
MACO1	0.3625	56.7942	3
MACROD2	0.2622	47.8856	2
MACROH2A1	0.4292	62.7695	4
MACROH2A2	0.2021	42.1745	4
MAD1L1	0.3642	56.9496	4
MAEA	0.768	87.443	3
MAF1	0.503	69.2942	3
MAFK	0.1405	34.6704	4
MAGEA11	0.0121	1.1401	2
MAGED1	0.6259	78.8091	4
MAGED2	0.7041	83.9811	2
MAGEE1	0.5701	74.6269	2
MAGEE2	0.3047	51.6169	2
MAGI1	0.4532	64.9617	3
MAGI2	0.9275	96.1546	3
MAGI3	0.4357	63.3344	2
MAGOH	0.5546	73.3779	3
MAGT1	0.6949	83.3281	3
MAK	0.1878	40.6872	3
MAK16	0.6716	81.7734	1
MAL	0.0863	26.0209	1
MAL2	0.2076	42.7032	2
MALT1	0.7034	83.9397	3
MAMDC2	0.0476	16.8118	0
MAML1	0.2862	50.0311	5
MAML2	0.169	38.2204	4
MAML3	0.3328	54.1045	4
MAN1A1	0.135	33.9034	3
MAN1A2	0.7899	88.635	4
MAN1C1	0.4225	62.1476	4
MAN2B2	0.7105	84.3076	4
MANSC4	0.1841	40.2881	1
MAOB	0.3978	59.8725	4
MAP1LC3A	0.5215	70.7349	2
MAP1LC3B	0.4362	63.3758	4
MAP2	0.7785	87.982	3
MAP2K4	0.9432	97.2274	4
MAP2K6	0.6146	77.9851	4
MAP2K7	0.397	59.7896	5
MAP3K10	0.6286	79.0008	3
MAP3K12	0.7789	88.0027	3
MAP3K13	0.7282	85.2353	3
MAP3K14	0.1267	32.6907	3
MAP3K15	0.0286	9.0381	2
MAP3K2	0.4452	64.3035	3
MAP3K3	0.2786	49.3781	3
MAP3K4	0.5479	72.8182	3
MAP3K5	0.335	54.2807	5
MAP3K8	0.0378	13.1996	3
MAP4	0.3977	59.8621	3
MAP4K1	0.032	10.7483	3
MAP4K3	0.4718	66.6252	3
MAP4K5	0.6432	79.8974	1
MAP7D1	0.3428	55.0684	1
MAP7D2	0.3128	52.3114	3
MAPK10	0.9396	97.0201	4
MAPK14	0.5223	70.8126	5
MAPK3	0.7409	85.966	5
MAPK6	0.3213	53.0421	2
MAPK7	0.4499	64.6352	5
MAPK8	0.7067	84.0952	5
MAPK8IP1	0.5458	72.6265	3
MAPK8IP2	0.68	82.2917	4
MAPK9	0.6813	82.3798	5
MAPKAP1	0.6572	80.8147	5
MAPKAPK2	0.2872	50.1037	5
MAPKAPK3	0.0508	17.8275	5
MAPKBP1	0.7977	88.9718	1
MAPRE1	0.4908	68.2058	4
MAPRE3	0.8225	90.3607	3
MARCHF4	0.2588	47.5176	1
MARCHF5	0.5646	74.176	3
MARCHF6	0.596	76.6376	2
MARCHF7	0.219	43.8951	2
MARCKS	0.5196	70.5898	4
MARCKSL1	0.4278	62.6555	2
MARF1	0.3422	55.0166	2
MARK1	0.8365	91.107	3
MARK2	0.9593	98.1758	3
MARK3	0.6594	80.9753	4
MARK4	0.6881	82.8721	4
MARS1	0.9405	97.0875	5
MAS1	0.058	19.8383	0
MAST2	0.3772	58.1882	3
MAST4	0.725	85.0798	3
MASTL	0.4491	64.5989	4
MAT2A	0.7639	87.2305	4
MAT2B	0.2504	46.761	3
MATK	0.2604	47.6783	3
MATN4	0.0312	10.2923	2
MATR3	0.8695	92.9001	3
MAU2	0.9821	99.6217	3
MAVS	0.1879	40.6975	5
MAX	0.4933	68.4546	5
MAZ	0.5453	72.5902	2
MB21D2	0.6109	77.7467	0
MBD1	0.3233	53.1924	4
MBD2	0.2688	48.5282	4
MBD3	0.4514	64.7803	4
MBD4	0.8399	91.3194	4
MBD6	0.1358	34.0226	2
MBIP	0.3044	51.5755	3
MBNL1	0.1663	37.9094	2
MBNL2	0.6188	78.3271	2
MBNL3	0.1124	30.4415	1
MBOAT2	0.7282	85.2405	3
MBP	0.2323	45.0974	2
MBTD1	0.741	85.9815	2
MC1R	0.2233	44.3304	3
MC3R	0.0192	4.3792	1
MC4R	0.1823	40.0446	3
MCC	0.1834	40.2052	2
MCF2	0.0797	24.6217	2
MCF2L	0.7846	88.3136	3
MCF2L2	0.2703	48.6422	0
MCHR1	0.3914	59.3335	2
MCHR2	0.1116	30.2861	1
MCL1	0.0895	26.534	4
MCM4	0.3533	56.0012	5
MCM8	0.3203	52.9229	4
MCM9	0.187	40.6146	3
MCMBP	0.5072	69.7087	2
MCRIP1	0.5227	70.8437	2
MCRS1	0.4981	68.9158	3
MCTP1	0.6823	82.4575	2
MCTP2	0.1729	38.7749	1
MCU	0.6227	78.607	4
MDC1	0.432	63.0079	3
MDGA1	0.6026	77.1041	3
MDGA2	0.8199	90.1897	2
MDH1	0.5338	71.6988	4
MDM2	0.3573	56.3174	5
MDM4	0.2551	47.1393	5
MDN1	0.6303	79.1252	1
MEAF6	0.6926	83.1934	3
MECOM	0.3336	54.1718	5
MED1	0.53	71.4449	5
MED14	0.6957	83.3748	5
MED15	0.5019	69.2112	3
MED19	0.4414	63.8578	3
MED26	0.3115	52.187	3
MEF2A	0.5153	70.3047	5
MEF2D	0.1922	41.1277	5
MEFV	0.0355	12.2461	4
MEGF11	0.494	68.5168	1
MEGF9	0.5694	74.5958	0
MEIOC	0.066	21.8906	1
MEIS1	0.6705	81.7371	5
MELK	0.2573	47.3673	2
MEMO1	0.8027	89.2258	2
MEN1	0.3785	58.266	5
MEOX1	0.0732	23.3935	3
MEOX2	0.1039	29.0423	3
MEPCE	0.3397	54.7782	2
MEPE	0.0464	16.335	3
MERTK	0.3332	54.1407	3
MEST	0.375	57.955	2
MET	0.3116	52.2025	3
METAP1	0.717	84.6341	1
METRN	0.4512	64.7595	1
METTL13	0.6237	78.6432	2
METTL14	0.5796	75.4094	3
METTL16	0.4927	68.3924	2
METTL21A	0.1658	37.7902	3
METTL21C	0.1419	34.8414	2
METTL26	0.6497	80.3483	0
METTL3	0.2504	46.7506	3
METTL4	0.7026	83.8671	2
METTL9	0.7281	85.2301	0
MEX3A	0.3078	51.8812	0
MEX3B	0.1873	40.6457	0
MEX3C	0.3675	57.2865	0
MEX3D	0.2048	42.4337	2
MFAP1	0.5793	75.3835	2
MFAP3L	0.2364	45.5017	1
MFN2	0.5046	69.4548	4
MFSD11	0.8338	90.9308	0
MGA	0.6695	81.6801	3
MGAT1	0.4257	62.4637	5
MGAT4B	0.448	64.5211	5
MGAT5	0.6865	82.7736	5
MGAT5B	0.6092	77.5964	4
MGLL	0.2798	49.4403	4
MGMT	0.1571	36.7278	3
MIA3	0.7815	88.1633	3
MIB1	0.9612	98.3105	1
MIB2	0.2839	49.8549	3
MICAL1	0.4675	66.2676	4
MICAL3	0.6543	80.6385	3
MICU2	0.5394	72.1963	3
MID2	0.2619	47.8545	3
MIDEAS	0.2072	42.6669	1
MIER3	0.3912	59.318	2
MIF	0.4144	61.3961	2
MINAR1	0.2596	47.6109	1
MINK1	0.8201	90.2104	4
MIP	0.0756	23.8754	1
MIS18A	0.2426	45.9888	3
MIS18BP1	0.2227	44.2423	2
MIXL1	0.1199	31.6387	4
MKI67	0.2232	44.3201	1
MKLN1	0.7419	86.0386	2
MKRN1	0.4467	64.4538	1
MKRN3	0.1898	40.91	0
MLANA	0.0338	11.5102	2
MLEC	0.4746	66.9102	2
MLF2	0.5978	76.7879	2
MLH1	0.3867	58.9811	5
MLH3	0.5835	75.6789	4
MLLT1	0.6136	77.9281	3
MLLT10	0.2713	48.7925	2
MLLT11	0.5542	73.3313	1
MLLT3	0.6962	83.4059	4
MLLT6	0.3195	52.8451	2
MLPH	0.0346	11.8988	4
MLX	0.6539	80.6229	5
MLXIP	0.3024	51.4096	4
MLXIPL	0.0621	20.8282	5
MMD	0.8313	90.7908	1
MMD2	0.4702	66.4956	2
MME	0.1383	34.3491	5
MMGT1	0.5271	71.1702	3
MMP1	0.0264	7.9654	4
MMP14	0.1702	38.3706	5
MMP16	0.9064	95.0663	5
MMP19	0.033	11.1629	2
MMP2	0.1186	31.4055	4
MMP24	0.7891	88.5883	4
MMP7	0.0112	0.7929	4
MMP9	0.0414	14.7233	5
MMS22L	0.2361	45.455	3
MNT	0.2322	45.0715	3
MOAP1	0.2793	49.404	2
MOB1A	0.4073	60.7846	3
MOB4	0.8173	90.0446	0
MOBP	0.3496	55.7214	2
MOG	0.1805	39.7595	1
MON2	0.6857	82.6959	2
MORC1	0.0541	18.8692	1
MORC3	0.6763	82.017	2
MORC4	0.2402	45.7763	1
MORF4L1	0.5208	70.6675	2
MORF4L2	0.3169	52.6016	3
MOSPD1	0.4189	61.8574	2
MOSPD2	0.4595	65.6146	3
MOV10	0.0426	15.169	3
MPC2	0.7784	87.9716	3
MPHOSPH10	0.5093	69.8487	3
MPHOSPH8	0.4217	62.0802	3
MPL	0.043	15.2778	0
MPND	0.4926	68.3872	1
MPP1	0.4272	62.6192	2
MPP2	0.5509	73.0773	2
MPP4	0.0745	23.6992	2
MPPED1	0.8696	92.926	0
MPPED2	0.8537	92.0657	1
MPRIP	0.6863	82.7581	2
MRAP	0.024	6.8097	1
MRC1	0.0227	6.0375	2
MRC2	0.1293	33.0846	1
MRFAP1	0.3151	52.4772	0
MRGBP	0.3039	51.5185	2
MRM2	0.8166	89.9979	3
MRO	0.3274	53.581	0
MROH5	0.0729	23.3416	0
MRPL10	0.355	56.1308	3
MRPL12	0.8193	90.1482	3
MRPL13	0.3042	51.534	3
MRPL24	0.4915	68.268	3
MRPL28	0.5038	69.3512	3
MRPL3	0.6672	81.4728	3
MRPL54	0.439	63.6557	3
MRPS14	0.7525	86.5983	3
MRPS16	0.6192	78.3686	3
MRPS2	0.9334	96.6003	3
MRPS25	0.639	79.6745	3
MRPS28	0.5966	76.6895	3
MRPS35	0.6079	77.4668	3
MRPS7	0.6578	80.8561	3
MRRF	0.5314	71.5485	3
MRTFA	0.2549	47.1186	3
MRTFB	0.4682	66.3246	2
MRTO4	0.3644	56.9755	2
MSANTD2	0.6192	78.3582	0
MSH2	0.4626	65.8634	5
MSH4	0.0242	6.9185	3
MSH6	0.7293	85.3078	5
MSI1	0.8979	94.6155	2
MSI2	0.9088	95.2114	2
MSL1	0.3586	56.4728	3
MSL2	0.8908	94.2371	3
MSN	0.3167	52.5808	5
MSR1	0.0606	20.4758	3
MSRA	0.5886	76.0831	3
MSS51	0.0776	24.2382	0
MST1	0.018	3.8454	2
MSTN	0.0557	19.3201	2
MT-CYB	0.634	79.3481	1
MT-ND2	0.7764	87.8835	1
MT-ND3	0.6933	83.2349	1
MT1E	0.0622	20.8541	3
MT1G	0.094	27.3269	4
MT1M	0.1393	34.4683	3
MT2A	0.0901	26.648	3
MT3	0.4298	62.8109	4
MTA1	0.5895	76.1246	4
MTA2	0.7398	85.8935	4
MTA3	0.7608	87.075	3
MTAP	0.1152	30.8561	4
MTCH1	0.2825	49.715	1
MTCL2	0.1798	39.7129	2
MTDH	0.1172	31.1826	3
MTF1	0.4836	67.5425	4
MTF2	0.8581	92.3196	4
MTFR1L	0.4025	60.3286	1
MTG1	0.5258	71.0717	2
MTHFD1	0.8847	93.8692	4
MTHFS	0.3938	59.5305	5
MTIF2	0.6952	83.3437	2
MTMR1	0.6336	79.3325	4
MTMR12	0.4395	63.7023	2
MTMR14	0.3291	53.7313	3
MTMR3	0.8057	89.4486	3
MTMR4	0.5645	74.1708	4
MTMR9	0.7723	87.671	2
MTNR1A	0.0438	15.5628	2
MTPN	0.6257	78.7987	2
MTSS1	0.6628	81.2137	1
MTUS2	0.3431	55.0995	2
MTX2	0.577	75.1917	3
MUC12	0.0304	9.8984	2
MUC3A	0.0371	12.8628	2
MUC4	0.0454	16.1381	2
MUC5B	0.0319	10.6654	2
MUC6	0.069	22.6213	2
MUTYH	0.2162	43.579	3
MVB12B	0.6903	83.0276	3
MXRA8	0.0854	25.8603	3
MYB	0.4052	60.5929	5
MYBBP1A	0.2674	48.3779	4
MYBL1	0.5978	76.7931	4
MYBL2	0.3181	52.7208	5
MYBPHL	0.1117	30.3068	0
MYC	0.4102	61.0489	5
MYCL	0.0473	16.7185	2
MYD88	0.3682	57.3642	4
MYF6	0.0819	25.0777	4
MYH11	0.1069	29.5242	4
MYH13	0.0641	21.3309	2
MYH15	0.3405	54.8507	1
MYH2	0.1481	35.6188	3
MYH4	0.0645	21.4449	2
MYL1	0.0287	9.0744	2
MYL12A	0.1001	28.4204	3
MYL12B	0.2678	48.4142	3
MYL2	0.0164	2.9643	4
MYL3	0.0191	4.3429	3
MYL6	0.1139	30.654	4
MYLIP	0.0797	24.6476	2
MYLK	0.094	27.3217	4
MYLK3	0.0224	5.9598	2
MYNN	0.5236	70.9266	2
MYO10	0.7562	86.8263	2
MYO15A	0.3483	55.597	3
MYO16	0.7119	84.3957	1
MYO18A	0.6363	79.5087	4
MYO1A	0.0116	0.9225	1
MYO1B	0.2821	49.632	3
MYO1C	0.0628	20.994	4
MYO1E	0.1577	36.8366	2
MYO1F	0.0111	0.767	1
MYO1H	0.0599	20.3358	0
MYO5C	0.097	27.8141	1
MYO6	0.4862	67.7653	5
MYO9B	0.6373	79.5554	4
MYOC	0.047	16.5682	2
MYOCD	0.0305	9.9347	4
MYOD1	0.0295	9.4216	5
MYOM1	0.0388	13.6142	2
MYORG	0.7697	87.5259	2
MYOT	0.0243	6.9496	2
MYPN	0.0223	5.8976	2
MYT1	0.7863	88.4328	3
N4BP1	0.3044	51.5703	2
NAA25	0.825	90.4903	1
NAA30	0.7863	88.4276	4
NAA35	0.8614	92.4907	2
NAA60	0.8741	93.2318	3
NAALADL2	0.1126	30.4726	0
NAB2	0.5713	74.7253	3
NABP2	0.7303	85.3648	4
NACA2	0.0265	8.0276	0
NACC2	0.5049	69.4963	3
NADK2	0.7687	87.4585	3
NADSYN1	0.6938	83.2711	1
NAF1	0.561	73.9065	2
NAIP	0.0208	5.1151	3
NALF1	0.3727	57.7892	1
NAMPT	0.133	33.6028	3
NANOG	0.1003	28.467	5
NANOGNB	0.0441	15.6302	1
NANOS3	0.7124	84.4268	2
NAP1L1	0.3571	56.2915	2
NAP1L2	0.428	62.671	2
NAP1L4	0.3998	60.0798	2
NAPA	0.5894	76.1142	4
NAPEPLD	0.4706	66.5526	4
NAPG	0.7149	84.5408	3
NAPRT	0.3652	57.0688	2
NASP	0.2653	48.1343	2
NAT10	0.5647	74.1967	4
NAT16	0.2246	44.4704	0
NAT8L	0.7637	87.215	4
NAV1	0.8765	93.3924	2
NAV2	0.8193	90.1327	1
NAV3	0.9376	96.8802	3
NBL1	0.0373	13.0234	2
NBPF1	0.4925	68.3769	0
NBR1	0.2162	43.5738	3
NCAM1	0.7876	88.5261	4
NCAM2	0.7749	87.8317	2
NCAN	0.7419	86.0437	3
NCAPD2	0.4784	67.1538	3
NCAPG	0.2767	49.2071	3
NCAPH	0.4064	60.6861	2
NCAPH2	0.849	91.8221	2
NCBP1	0.8294	90.6976	4
NCBP2	0.5851	75.8188	3
NCBP3	0.2003	42.0035	2
NCDN	0.9325	96.533	2
NCEH1	0.4181	61.7589	3
NCKAP1L	0.0353	12.158	4
NCKAP5	0.4184	61.7745	0
NCKIPSD	0.1858	40.4903	3
NCOA2	0.6298	79.1045	5
NCOA3	0.4438	64.1273	5
NCOA5	0.664	81.2811	1
NCOA6	0.6114	77.7881	4
NCOA7	0.2472	46.419	3
NCOR2	0.5711	74.6994	4
NCS1	0.8717	93.0815	2
NCSTN	0.2653	48.1395	3
NDC1	0.1795	39.6662	3
NDC80	0.2528	46.9631	4
NDEL1	0.1712	38.5209	3
NDFIP1	0.6924	83.1727	1
NDNF	0.3753	57.9809	1
NDOR1	0.632	79.234	2
NDRG2	0.5152	70.2944	1
NDRG3	0.6325	79.2548	2
NDRG4	0.6779	82.1051	2
NDST2	0.5575	73.6267	4
NDST3	0.6949	83.323	3
NDUFA10	0.9318	96.4863	4
NDUFA12	0.9518	97.756	4
NDUFA13	0.7575	86.8885	5
NDUFA5	0.855	92.1124	4
NDUFA8	0.8036	89.3139	4
NDUFAF1	0.7529	86.6449	4
NDUFB10	0.6995	83.6339	4
NDUFB7	0.6777	82.0947	4
NDUFB9	0.679	82.2139	4
NDUFS5	0.4875	67.8845	4
NDUFS6	0.9438	97.2689	4
NECAB2	0.4223	62.132	1
NECAP2	0.338	54.6123	1
NECTIN2	0.0451	16.0292	4
NECTIN3	0.1033	28.9127	4
NEDD4	0.0519	18.2629	4
NEDD8	0.7455	86.2407	2
NEDD9	0.1724	38.6868	3
NEFM	0.3898	59.204	3
NEGR1	0.6552	80.7058	3
NEK2	0.5506	73.0255	4
NEK6	0.3525	55.9494	4
NEK8	0.129	33.0379	3
NEK9	0.7051	84.033	2
NELFB	0.3676	57.302	3
NELFCD	0.2215	44.1283	3
NELL1	0.5044	69.4185	2
NELL2	0.7332	85.51	3
NEMP1	0.1289	33.0276	1
NEO1	0.6792	82.2243	3
NETO1	0.6605	81.0531	2
NETO2	0.6141	77.9643	1
NEU4	0.1606	37.1891	4
NEURL1	0.7457	86.2562	3
NEURL1B	0.1591	37.0129	2
NEUROD1	0.6533	80.5918	4
NEUROD6	0.6785	82.1673	2
NEUROG2	0.2612	47.7767	3
NEUROG3	0.0686	22.5176	4
NFAT5	0.2338	45.2322	3
NFATC1	0.0413	14.6714	5
NFATC2	0.0558	19.3615	5
NFATC3	0.2022	42.1953	4
NFATC4	0.0374	13.0545	4
NFE2L1	0.2908	50.3939	3
NFE2L3	0.294	50.6789	2
NFIC	0.2736	48.9998	4
NFIL3	0.3463	55.3845	3
NFKB1	0.1373	34.204	5
NFKB2	0.1361	34.0848	5
NFKBIZ	0.059	20.113	3
NFRKB	0.4431	64.0755	3
NFS1	0.5831	75.653	3
NFX1	0.6482	80.2809	4
NFXL1	0.8577	92.2834	3
NFYA	0.5394	72.1808	5
NFYB	0.4094	60.966	5
NFYC	0.2486	46.5485	4
NGB	0.3102	52.0574	1
NGDN	0.6173	78.182	1
NGEF	0.3993	60.0124	3
NGF	0.0466	16.4438	4
NGFR	0.0947	27.4772	4
NGRN	0.5308	71.5122	2
NHERF1	0.1599	37.1009	2
NHLH2	0.6205	78.4463	3
NHSL1	0.4887	67.9985	0
NIBAN2	0.2521	46.8802	2
NICOL1	0.1403	34.6289	0
NINJ2	0.1463	35.3856	1
NINL	0.5663	74.3522	1
NIPA2	0.4369	63.4432	2
NIPAL4	0.2641	48.0359	2
NISCH	0.4829	67.5166	1
NKAIN1	0.8565	92.2005	0
NKAIN2	0.6418	79.8456	0
NKAIN3	0.6293	79.0578	0
NKAIN4	0.4971	68.8433	0
NKAPD1	0.2293	44.8798	0
NKD1	0.0691	22.6472	2
NKD2	0.0801	24.7357	2
NKG7	0.0132	1.5599	1
NKRF	0.6456	80.0943	3
NKTR	0.5078	69.745	1
NKX1-1	0.1339	33.7635	2
NKX1-2	0.1208	31.7786	2
NKX2-2	0.4847	67.6617	4
NKX2-3	0.055	19.0972	3
NKX2-6	0.0964	27.6949	3
NKX6-3	0.2892	50.2643	3
NLGN1	0.7997	89.0703	3
NLGN4Y	0.5983	76.8398	3
NLK	0.9405	97.0927	5
NLRP4	0.0348	11.9973	0
NME2	0.1568	36.6812	5
NME4	0.2994	51.109	4
NME7	0.4525	64.9098	5
NMNAT2	0.8803	93.6308	3
NMS	0.0464	16.3713	1
NMT1	0.521	70.6882	1
NMT2	0.5153	70.2995	1
NNAT	0.4476	64.5056	1
NNT	0.6784	82.1621	3
NOB1	0.446	64.3812	2
NOC2L	0.504	69.3771	4
NOL10	0.6806	82.3331	1
NOL3	0.2257	44.5481	2
NOL4	0.8343	90.9515	1
NOL4L	0.4381	63.5831	0
NOL6	0.5362	71.8906	3
NOMO1	0.773	87.7177	1
NOMO2	0.3663	57.2139	1
NOMO3	0.564	74.1345	2
NOP14	0.5821	75.5908	3
NOP53	0.3411	54.9026	2
NOS1	0.673	81.8512	5
NOS1AP	0.5874	75.9743	3
NOS3	0.1211	31.8253	5
NOVA1	0.8675	92.7809	2
NOX3	0.0194	4.4361	2
NOXO1	0.0498	17.5632	2
NPAP1	0.1075	29.602	1
NPAS1	0.3338	54.1926	3
NPAS2	0.5319	71.5952	4
NPAS3	0.94	97.0512	3
NPAS4	0.0668	22.046	4
NPAT	0.1646	37.6866	2
NPBWR2	0.055	19.092	2
NPDC1	0.2704	48.6578	0
NPEPPS	0.7428	86.1008	1
NPFF	0.1141	30.6903	3
NPFFR1	0.1163	31.0168	2
NPFFR2	0.0356	12.3082	1
NPHP4	0.9319	96.4967	3
NPHS1	0.1165	31.0634	2
NPHS2	0.0412	14.63	2
NPLOC4	0.5404	72.2585	3
NPM2	0.2587	47.4917	3
NPPA	0.0099	0.4872	3
NPPC	0.2459	46.3101	2
NPR1	0.0272	8.38	3
NPSR1	0.0321	10.7587	2
NPTN	0.8532	92.0502	3
NPTX1	0.4757	67.0035	2
NPTX2	0.1256	32.5663	2
NPTXR	0.3753	57.9757	1
NPVF	0.0307	10.0435	0
NPY	0.5056	69.5636	3
NPY1R	0.2972	50.938	3
NPY2R	0.1135	30.6126	3
NPY4R	0.0274	8.4629	2
NPY5R	0.2083	42.8224	3
NQO2	0.3517	55.8872	3
NR0B1	0.1044	29.0941	5
NR1D1	0.2798	49.4351	4
NR1H2	0.1773	39.3708	4
NR1H3	0.046	16.2573	5
NR1H4	0.0272	8.3437	4
NR1I3	0.0131	1.4925	5
NR2C1	0.6019	77.0522	4
NR2C2	0.7113	84.3594	4
NR2E1	0.955	97.9115	4
NR2E3	0.2232	44.3097	4
NR3C1	0.3	51.1712	4
NR4A3	0.21	42.9934	5
NR5A2	0.0529	18.5634	4
NR6A1	0.2595	47.6005	4
NRBP1	0.8599	92.4233	3
NREP	0.4956	68.6723	1
NRF1	0.8455	91.62	5
NRG1	0.5677	74.4558	5
NRG2	0.4108	61.0852	3
NRG3	0.3468	55.4415	4
NRGN	0.183	40.169	2
NRIP1	0.2984	51.0002	4
NRIP3	0.3047	51.6065	0
NRK	0.0779	24.2848	0
NRL	0.5723	74.8497	3
NRN1	0.5656	74.2848	2
NRP1	0.3934	59.4787	4
NRP2	0.3362	54.4672	3
NRSN1	0.3578	56.364	2
NRSN2	0.5116	70.0093	2
NSD3	0.5742	75.0207	5
NSF	0.8084	89.5781	5
NSFL1C	0.4374	63.5209	3
NSG1	0.4473	64.4797	2
NSG2	0.3236	53.2183	2
NSL1	0.2092	42.926	2
NSMCE3	0.7154	84.5616	3
NSMF	0.4019	60.2405	2
NSUN3	0.7745	87.8161	1
NSUN6	0.776	87.8679	3
NT5C	0.3547	56.1256	3
NT5C1A	0.0466	16.4335	2
NTF3	0.1153	30.8665	3
NTM	0.7503	86.5205	3
NTMT1	0.2803	49.4818	2
NTMT2	0.272	48.865	1
NTN1	0.3541	56.0842	3
NTN4	0.1322	33.5147	3
NTNG1	0.64	79.7471	3
NTRK3	0.7496	86.4894	5
NTS	0.1099	29.9648	2
NTSR2	0.3214	53.0576	2
NUAK1	0.2937	50.6685	4
NUCKS1	0.7957	88.8785	3
NUCLEOLIN	0.2352	45.3617	3
NUDC	0.4445	64.2361	3
NUDCD2	0.5269	71.165	1
NUDCD3	0.4264	62.5466	1
NUDT14	0.5502	72.984	2
NUDT17	0.4418	63.8993	1
NUDT21	0.9009	94.7502	4
NUDT3	0.7668	87.3756	3
NUDT4	0.5587	73.7096	3
NUFIP1	0.1913	41.0551	2
NUFIP2	0.3851	58.8464	1
NUMA1	0.2681	48.4556	4
NUMB	0.2594	47.5798	4
NUMBL	0.3114	52.1766	2
NUP153	0.4888	68.0089	4
NUP160	0.5094	69.8642	3
NUP205	0.585	75.8085	3
NUP210L	0.0594	20.227	1
NUP50	0.2207	44.0299	3
NUP54	0.7021	83.8308	3
NUP58	0.33	53.8246	2
NUP62	0.302	51.3267	4
NUP88	0.3496	55.7266	3
NUP98	0.5524	73.1758	4
NUSAP1	0.5993	76.8864	3
NUTF2	0.8619	92.5166	3
NUTM1	0.0391	13.7956	0
NUTM2B	0.1204	31.7164	0
NUTM2D	0.3545	56.1049	0
NVL	0.506	69.5896	3
NWD1	0.3875	59.0433	0
NWD2	0.4426	63.9925	0
NXF1	0.3492	55.6748	4
NXF5	0.0597	20.3047	1
NXPH1	0.843	91.4697	0
NXPH2	0.3227	53.1354	0
NXPH4	0.3252	53.3945	0
NYAP1	0.6665	81.4158	1
NYAP2	0.3917	59.3595	1
NYX	0.0516	18.1229	1
OAT	0.8989	94.6828	3
OAZ1	0.2489	46.59	2
OBSCN	0.5101	69.8953	3
OC90	0.1021	28.7573	0
OCM2	0.0494	17.4544	0
ODF1	0.0228	6.1256	1
ODF2	0.5118	70.0249	4
OGA	0.4429	64.034	2
OIP5	0.0849	25.7359	3
OLA1	0.7474	86.3754	3
OLFM1	0.7898	88.6194	2
OLFM2	0.787	88.4795	1
OLFM3	0.6783	82.1569	0
OLIG1	0.5327	71.6262	2
OLIG2	0.6199	78.41	3
OLIG3	0.1056	29.2859	3
OMG	0.222	44.175	2
ONECUT1	0.0303	9.8259	5
ONECUT2	0.2672	48.3623	3
ONECUT3	0.1333	33.6443	4
OPALIN	0.2045	42.3974	1
OPCML	0.4617	65.7857	3
OPN1LW	0.0445	15.8219	2
OPN4	0.1537	36.2873	2
OPRD1	0.2488	46.5848	4
OPRK1	0.5647	74.2071	3
OPRM1	0.0906	26.7413	5
OPTN	0.2408	45.8437	4
OR11H4	0.1351	33.919	0
OR13A1	0.111	30.2032	0
OR14I1	0.0755	23.8547	0
OR1C1	0.093	27.1559	0
OR1F1	0.1448	35.2042	0
OR1J4	0.0245	7.0688	0
OR2A12	0.0686	22.5124	0
OR2H2	0.0964	27.7	0
OR2L13	0.2615	47.8182	0
OR2L3	0.0972	27.8918	0
OR2M4	0.1035	28.9749	0
OR2T10	0.1133	30.597	0
OR2T4	0.1556	36.5464	0
OR51Q1	0.0688	22.5643	0
OR52A1	0.0541	18.8951	0
OR52A5	0.0343	11.7434	0
OR52I1	0.0894	26.5236	0
OR52M1	0.0574	19.7139	0
OR9A2	0.0619	20.7608	0
ORAI1	0.1064	29.431	4
ORC2	0.3582	56.4055	5
OSBP	0.6814	82.3901	3
OSBPL11	0.5899	76.1557	3
OSBPL2	0.5455	72.6005	3
OSBPL3	0.0658	21.8025	2
OSBPL6	0.7526	86.6138	2
OSBPL8	0.7005	83.722	3
OSBPL9	0.6113	77.7778	3
OSGIN2	0.3288	53.7106	1
OSR1	0.236	45.4447	4
OSR2	0.0974	27.9488	3
OST4	0.2111	43.0504	2
OSTC	0.132	33.4784	2
OSTM1	0.3558	56.2034	3
OSTN	0.1916	41.0966	0
OTOF	0.281	49.5284	3
OTOGL	0.1229	32.188	1
OTOL1	0.083	25.285	1
OTOP2	0.0152	2.3684	1
OTP	0.5802	75.4353	2
OTUB1	0.5784	75.285	4
OTUD4	0.6627	81.2085	1
OTUD7A	0.6231	78.6173	2
OTUD7B	0.0755	23.8443	3
OTULIN	0.3048	51.6428	2
OTX1	0.5794	75.3887	4
OVOL2	0.1054	29.2703	3
OXSR1	0.4522	64.8735	3
OXT	0.2704	48.6526	3
OXTR	0.2742	49.0464	3
P2RX1	0.0112	0.7877	4
P2RX2	0.0467	16.4697	3
P2RX3	0.0815	25.0	3
P2RX4	0.1375	34.2351	5
P2RX5	0.065	21.5952	3
P2RX6	0.0922	26.9693	3
P2RX7	0.1402	34.6238	4
P2RY1	0.1018	28.6951	5
P2RY11	0.2144	43.4339	2
P2RY2	0.0326	11.0023	2
P2RY4	0.0322	10.8313	2
P4HA1	0.3459	55.3327	3
P4HA2	0.0467	16.4749	2
P4HA3	0.0301	9.7274	2
P4HB	0.0636	21.2013	3
PA2G4	0.8685	92.8638	2
PABIR1	0.2612	47.7819	2
PABPC1	0.4005	60.1472	3
PABPC1L2A	0.6905	83.0483	1
PABPC1L2B	0.6042	77.1974	0
PABPC4	0.6097	77.6223	2
PABPN1L	0.3302	53.8454	1
PACSIN1	0.6954	83.3541	2
PACSIN2	0.4244	62.329	4
PADI1	0.0521	18.3043	2
PADI2	0.4323	63.039	4
PADI3	0.0254	7.473	2
PADI4	0.0375	13.1115	3
PAF1	0.5258	71.0873	3
PAFAH1B2	0.704	83.9708	4
PAFAH1B3	0.7365	85.7017	3
PAGR1	0.3966	59.7741	4
PAICS	0.6827	82.4938	2
PAIP1	0.207	42.6461	2
PAIP2	0.7807	88.1115	2
PAK1IP1	0.5797	75.4198	2
PAK2	0.9524	97.7767	5
PAK5	0.4534	64.9824	4
PAK6	0.2592	47.5591	4
PALLD	0.1274	32.841	2
PALM	0.4993	69.0143	1
PALS1	0.5348	71.7921	3
PALS2	0.5984	76.8501	2
PAM16	0.7791	88.0234	3
PAMR1	0.0834	25.4042	0
PAN3	0.7188	84.717	2
PANK3	0.7846	88.3188	3
PANK4	0.739	85.8261	3
PAPOLA	0.8321	90.8478	3
PAPOLG	0.7095	84.2506	1
PAPPA	0.0558	19.3356	2
PAPPA2	0.6896	82.9654	3
PAQR6	0.3109	52.1248	0
PARD3	0.4165	61.5931	5
PARD3B	0.1157	30.9339	2
PARD6B	0.2118	43.1281	4
PARD6G	0.326	53.467	2
PARG	0.3291	53.7262	3
PARP1	0.4447	64.2517	5
PARP14	0.0287	9.0796	4
PARP2	0.1719	38.6194	5
PARP3	0.134	33.779	3
PARP6	0.8723	93.1333	2
PASK	0.2455	46.2583	3
PATJ	0.2285	44.802	3
PATL1	0.3586	56.478	1
PATZ1	0.7051	84.0226	2
PAX7	0.1865	40.568	5
PAXBP1	0.6794	82.245	2
PAXIP1	0.6506	80.4104	3
PBK	0.1378	34.2817	2
PBOV1	0.1106	30.1099	0
PBRM1	0.8799	93.5997	4
PBX2	0.4451	64.2827	3
PBX3	0.7998	89.0755	4
PCBP1	0.6392	79.7056	4
PCBP2	0.7702	87.5415	4
PCBP3	0.5541	73.3157	2
PCBP4	0.5213	70.7297	3
PCDH1	0.6983	83.5614	2
PCDH10	0.8757	93.325	0
PCDH11X	0.1863	40.5473	0
PCDH11Y	0.1344	33.836	1
PCDH15	0.5296	71.3775	2
PCDH17	0.7769	87.9042	1
PCDH7	0.4032	60.4218	2
PCDH8	0.4611	65.7442	0
PCDH9	0.7277	85.199	1
PCF11	0.7203	84.8362	2
PCGF1	0.7712	87.5985	3
PCGF3	0.6567	80.7836	3
PCGF5	0.6458	80.115	4
PCGF6	0.2554	47.1704	4
PCID2	0.5061	69.6103	3
PCIF1	0.7715	87.614	2
PCK1	0.0858	25.938	5
PCM1	0.6237	78.6484	3
PCMTD1	0.585	75.8033	0
PCNX1	0.5457	72.6213	0
PCNX3	0.781	88.1219	0
PCOLCE	0.0415	14.7958	2
PCP4	0.3249	53.3634	2
PCSK1	0.2048	42.4181	2
PCSK1N	0.3142	52.3891	0
PCSK2	0.9489	97.5643	2
PCSK6	0.3345	54.2548	3
PCSK9	0.108	29.6642	3
PDC	0.0477	16.8532	0
PDCD1	0.0217	5.5815	2
PDCD11	0.3264	53.4981	3
PDCD2	0.7814	88.1582	2
PDCD4	0.1207	31.7631	3
PDE11A	0.0818	25.0622	3
PDE1B	0.3284	53.6743	2
PDE1C	0.6827	82.4886	3
PDE3A	0.0801	24.7253	3
PDE3B	0.1013	28.6329	4
PDE4A	0.2523	46.9165	3
PDE4B	0.8847	93.864	4
PDE4DIP	0.3751	57.9602	2
PDE6A	0.1045	29.1045	2
PDE6B	0.4346	63.2307	2
PDE6H	0.1122	30.3949	1
PDE8A	0.266	48.2432	5
PDE8B	0.4572	65.3555	2
PDE9A	0.3041	51.5288	1
PDGFA	0.2268	44.6414	5
PDGFC	0.1821	39.9979	5
PDGFRA	0.0879	26.2593	5
PDHB	0.944	97.2844	5
PDIA2	0.2149	43.4753	0
PDIA3	0.0797	24.6424	3
PDIA6	0.0686	22.528	2
PDIK1L	0.774	87.7954	1
PDK2	0.5046	69.4496	5
PDLIM3	0.03	9.66	2
PDLIM4	0.0463	16.3194	3
PDLIM5	0.0358	12.3704	4
PDP1	0.8721	93.097	2
PDPK1	0.5946	76.5547	4
PDPR	0.5817	75.5442	2
PDS5A	0.8934	94.3874	3
PDS5B	0.8662	92.6824	3
PDSS1	0.9286	96.2479	4
PDXK	0.3994	60.0487	3
PDXP	0.6105	77.7	1
PDZD2	0.6638	81.2707	1
PDZD4	0.4819	67.4233	0
PDZD7	0.1471	35.4581	2
PDZRN3	0.2675	48.3935	2
PEA15	0.736	85.6758	1
PEAK1	0.3409	54.8715	3
PEBP1	0.5918	76.3111	3
PEBP4	0.0929	27.1144	1
PECR	0.1638	37.5985	3
PEG10	0.6675	81.4936	2
PELI1	0.511	69.9627	2
PELI2	0.6602	81.0375	1
PELP1	0.3586	56.4677	3
PENK	0.1709	38.4795	3
PER1	0.1923	41.1484	4
PER2	0.3211	53.011	4
PER3	0.2874	50.1244	4
PERP	0.028	8.7687	3
PES1	0.4359	63.3603	3
PET117	0.763	87.1839	2
PEX5L	0.8116	89.744	4
PFDN2	0.4768	67.0554	3
PFDN5	0.2478	46.4863	3
PFDN6	0.5106	69.942	2
PFKM	0.4635	65.9515	5
PFKP	0.4048	60.5462	3
PFN1	0.2307	44.9627	4
PFN2	0.7267	85.1627	4
PGA3	0.0398	14.0651	3
PGA5	0.0273	8.4162	3
PGAM2	0.5016	69.2009	4
PGAM5	0.3905	59.2713	3
PGBD5	0.5015	69.1905	1
PGD	0.3494	55.7007	2
PGLYRP3	0.0217	5.5659	0
PGR	0.0207	5.058	5
PGRMC1	0.6898	82.9809	2
PGRMC2	0.4261	62.4948	2
PHACTR1	0.9375	96.8646	2
PHACTR2	0.1063	29.4206	0
PHACTR3	0.6857	82.7011	0
PHAF1	0.635	79.4102	1
PHB1	0.8692	92.8949	2
PHB2	0.2967	50.8706	4
PHC2	0.2159	43.5427	3
PHC3	0.4001	60.1109	3
PHEX	0.3544	56.0997	2
PHF1	0.238	45.6053	4
PHF10	0.2575	47.3777	3
PHF13	0.3811	58.5199	2
PHF14	0.8192	90.1223	3
PHF19	0.5051	69.5222	3
PHF20	0.6828	82.499	2
PHF20L1	0.523	70.8593	2
PHF21B	0.3869	59.0019	0
PHF23	0.5853	75.8344	1
PHF24	0.5973	76.7568	1
PHF7	0.0257	7.6078	1
PHKA1	0.1679	38.0493	2
PHKB	0.4544	65.1016	2
PHKG1	0.1408	34.7015	2
PHLDB1	0.3784	58.2556	1
PHLPP1	0.4631	65.9152	3
PHRF1	0.5749	75.0518	0
PHYH	0.8021	89.1946	5
PHYHIP	0.8722	93.1022	1
PHYHIPL	0.8199	90.1949	0
PI16	0.039	13.7438	0
PI4K2A	0.6426	79.8767	5
PI4KB	0.6682	81.5661	4
PIANP	0.7996	89.0599	0
PIAS1	0.7435	86.1474	5
PIAS2	0.3957	59.717	5
PIAS3	0.1603	37.1424	3
PIAS4	0.4503	64.6714	5
PICALM	0.1304	33.2608	4
PICK1	0.5036	69.3408	4
PIEZO1	0.5793	75.3783	1
PIGF	0.7625	87.1424	4
PIGM	0.9283	96.2117	5
PIGR	0.0104	0.6478	1
PIK3AP1	0.032	10.7017	3
PIK3C2B	0.4465	64.4434	4
PIK3C3	0.6319	79.2289	5
PIK3CB	0.6845	82.6285	4
PIK3CG	0.0192	4.3532	3
PIK3R4	0.3589	56.5039	5
PIK3R5	0.0171	3.3789	3
PIKFYVE	0.5807	75.4716	5
PIM1	0.3014	51.2542	5
PIM2	0.129	33.0483	3
PIM3	0.1744	38.9407	2
PIN1	0.6254	78.7728	4
PIP4K2B	0.7456	86.2459	5
PIP5K1A	0.5588	73.7199	5
PIRT	0.3521	55.9287	1
PITPNA	0.8377	91.1795	4
PITPNB	0.6665	81.4262	4
PITPNC1	0.9132	95.4084	1
PITPNM2	0.4961	68.7189	3
PITPNM3	0.292	50.5079	2
PITX1	0.0799	24.6942	3
PIWIL1	0.0471	16.6304	3
PIWIL4	0.0911	26.8398	3
PJA1	0.4896	68.0918	0
PJA2	0.5462	72.6472	1
PKD1	0.4617	65.7908	4
PKD2	0.3232	53.1768	4
PKD2L1	0.0323	10.9038	3
PKDCC	0.0774	24.1967	1
PKIA	0.5062	69.631	3
PKIB	0.1962	41.5734	2
PKM	0.5782	75.2798	5
PKN1	0.2848	49.9378	5
PKN2	0.5631	74.062	5
PKNOX1	0.5029	69.2838	4
PKNOX2	0.6714	81.7682	3
PKP1	0.013	1.4614	3
PKP4	0.5286	71.2946	3
PLA1A	0.0415	14.7855	2
PLA2G4F	0.0139	1.8449	2
PLA2G5	0.0537	18.7448	3
PLAAT3	0.2454	46.2324	4
PLAC8L1	0.1711	38.5054	0
PLAGL1	0.1812	39.8943	3
PLAGL2	0.3075	51.8553	3
PLAUR	0.0334	11.3547	4
PLCB2	0.0553	19.1698	3
PLCB4	0.9131	95.4032	3
PLCD1	0.3156	52.5083	4
PLCD4	0.0189	4.2289	4
PLCG1	0.3595	56.5713	4
PLCG2	0.0242	6.8926	5
PLCH2	0.2415	45.9111	3
PLCL1	0.6509	80.4467	2
PLCL2	0.8682	92.8483	1
PLCXD3	0.3756	58.0017	0
PLD1	0.2945	50.7152	4
PLD3	0.1583	36.9196	2
PLD5	0.201	42.0813	0
PLEKHA5	0.6407	79.7886	2
PLEKHA7	0.1025	28.8091	2
PLEKHA8	0.4412	63.8526	4
PLEKHB1	0.343	55.0891	1
PLEKHD1	0.2997	51.1246	0
PLEKHG1	0.2638	48.0048	2
PLEKHG4	0.0262	7.8876	2
PLEKHG5	0.2999	51.1557	4
PLEKHM1	0.2948	50.7411	3
PLG	0.0279	8.6961	4
PLGLB1	0.2511	46.7973	0
PLIN1	0.0164	2.9333	3
PLIN4	0.0575	19.7347	2
PLK1	0.5316	71.564	5
PLK2	0.7034	83.9293	5
PLK5	0.2874	50.1296	2
PLN	0.0272	8.3489	5
PLOD3	0.8679	92.8275	5
PLPP2	0.2525	46.9372	2
PLPP3	0.1996	41.931	4
PLPPR1	0.6627	81.2034	3
PLPPR2	0.5943	76.5185	1
PLPPR4	0.7527	86.6242	3
PLRG1	0.7521	86.5827	2
PLS3	0.4425	63.9666	2
PLXNA2	0.8764	93.3821	3
PLXNA4	0.8303	90.7442	3
PLXNB1	0.4033	60.4374	3
PLXNB2	0.7966	88.9148	3
PLXNC1	0.7806	88.1063	3
PMCH	0.0446	15.853	2
PMEPA1	0.2137	43.3509	3
PMP2	0.5024	69.2371	1
PMS1	0.2289	44.8331	2
PNISR	0.2932	50.6271	0
PNLIPRP1	0.0257	7.6182	0
PNMA1	0.3648	57.017	2
PNMA2	0.338	54.6227	1
PNMA5	0.0623	20.8955	2
PNN	0.2885	50.2125	3
PNP	0.5498	72.9633	5
PNPLA1	0.0132	1.5547	1
PNPLA2	0.0479	16.9362	3
PNPLA5	0.1047	29.1148	2
PNPLA7	0.2907	50.3835	1
PNPLA8	0.7419	86.0334	3
PNRC1	0.1397	34.5305	1
PNRC2	0.3115	52.1818	2
POC1B	0.8537	92.0605	1
PODXL	0.154	36.334	3
PODXL2	0.5386	72.103	2
POFUT1	0.4146	61.4272	2
POGK	0.7543	86.7174	1
POGLUT1	0.4003	60.1213	4
POLA2	0.1666	37.9301	2
POLD3	0.2475	46.4604	3
POLDIP2	0.6738	81.8823	1
POLDIP3	0.2433	46.0614	3
POLE	0.6307	79.1615	4
POLE3	0.2472	46.4293	4
POLG2	0.2609	47.7301	4
POLH	0.2554	47.1756	5
POLR1B	0.7484	86.4272	4
POLR1H	0.5475	72.7716	3
POLR2B	0.8979	94.6206	4
POLR2C	0.6741	81.8978	4
POLR2E	0.6534	80.597	4
POLR3E	0.3837	58.7116	3
POLR3GL	0.5946	76.5495	3
POLR3H	0.819	90.1068	3
POLR3K	0.7643	87.2461	4
POM121C	0.3517	55.8924	3
POMC	0.0718	23.1188	4
POMP	0.514	70.2114	3
PON1	0.0432	15.3607	3
PON2	0.4091	60.9245	2
PON3	0.0854	25.8758	3
POP1	0.2058	42.5062	3
POPDC1	0.5397	72.2067	2
POPDC3	0.1144	30.7421	2
POT1	0.6889	82.9291	3
POTEB3	0.0483	17.0761	0
POTEE	0.0388	13.6194	4
POTEG	0.0337	11.4583	0
POTEH	0.0541	18.864	0
POTEM	0.0401	14.1998	0
POU2AF3	0.0894	26.5185	1
POU2F1	0.4207	61.9921	4
POU2F2	0.4089	60.909	4
POU2F3	0.0193	4.3999	3
POU3F1	0.556	73.5126	4
POU3F4	0.4584	65.5006	2
POU4F2	0.0991	28.2442	4
POU4F3	0.3118	52.2492	3
POU5F1	0.036	12.443	5
POU6F1	0.5276	71.2272	2
POU6F2	0.2126	43.2162	1
PPA1	0.7221	84.9192	3
PPARA	0.1077	29.6279	5
PPARD	0.4526	64.9357	5
PPARGC1A	0.1786	39.5056	5
PPARGC1B	0.085	25.7774	4
PPAT	0.4037	60.484	2
PPDPF	0.3615	56.7112	0
PPEF1	0.1486	35.6706	1
PPEF2	0.0639	21.2479	3
PPFIA1	0.4896	68.097	3
PPFIA2	0.9511	97.7042	3
PPFIA4	0.6844	82.613	2
PPFIBP2	0.2015	42.1331	2
PPIA	0.3789	58.2867	3
PPIAL4A	0.1252	32.5352	1
PPIAL4G	0.1479	35.5981	0
PPIB	0.3222	53.1095	3
PPIG	0.2967	50.8758	3
PPIL3	0.6453	80.0632	1
PPM1A	0.7243	85.0332	4
PPM1B	0.4307	62.9042	4
PPM1E	0.8314	90.796	2
PPM1G	0.6301	79.1148	1
PPM1H	0.7743	87.8058	1
PPM1K	0.5648	74.2123	4
PPME1	0.8306	90.7597	1
PPP1CA	0.5459	72.6316	5
PPP1CC	0.818	90.0653	5
PPP1R10	0.6902	83.0172	2
PPP1R13B	0.4032	60.4115	3
PPP1R16B	0.6237	78.6536	2
PPP1R17	0.2874	50.1347	2
PPP1R1B	0.2881	50.1814	2
PPP1R26	0.4234	62.2357	0
PPP1R35	0.2821	49.6372	1
PPP1R37	0.3368	54.5243	0
PPP1R7	0.494	68.5064	1
PPP1R8	0.6928	83.2038	2
PPP1R9A	0.6863	82.7633	2
PPP2CB	0.8158	89.9617	4
PPP2R1B	0.6525	80.5659	3
PPP2R2A	0.8037	89.3294	2
PPP2R2C	0.9003	94.7295	1
PPP2R2D	0.6107	77.7311	2
PPP2R3A	0.2181	43.7966	2
PPP2R5A	0.5804	75.4509	4
PPP2R5B	0.7834	88.2826	3
PPP2R5C	0.955	97.9011	4
PPP2R5E	0.9125	95.3825	3
PPP3CB	0.9498	97.642	3
PPP3CC	0.2086	42.8483	2
PPP3R1	0.8805	93.636	3
PPP4C	0.8156	89.9565	3
PPP4R1	0.4311	62.9353	0
PPP4R2	0.36	56.6024	3
PPP4R3A	0.4272	62.614	1
PPP4R4	0.3935	59.4942	0
PPP6C	0.879	93.5272	2
PPP6R1	0.1642	37.6399	3
PPP6R2	0.4389	63.6401	1
PPP6R3	0.3709	57.5922	2
PPRC1	0.5608	73.8806	3
PPTC7	0.7854	88.3499	1
PRAF2	0.5572	73.6111	0
PRAMEF6	0.021	5.2291	0
PRB1	0.1341	33.7946	0
PRB2	0.3309	53.8972	0
PRCC	0.1857	40.4747	3
PRCD	0.3325	54.0734	1
PRDM1	0.0618	20.7193	4
PRDM10	0.6289	79.0319	3
PRDM11	0.3401	54.8093	2
PRDM14	0.1102	30.0373	4
PRDM2	0.6796	82.2554	4
PRDM4	0.443	64.0392	5
PRDM5	0.1693	38.2618	3
PRDM6	0.0519	18.2318	3
PRDM7	0.0292	9.2662	3
PRDM8	0.6359	79.4724	3
PRDM9	0.0274	8.4266	5
PRDX1	0.2663	48.2846	4
PRDX2	0.287	50.0777	3
PRDX3	0.3946	59.6082	4
PRDX4	0.3343	54.234	1
PRDX5	0.1693	38.2514	4
PREP	0.7047	84.0071	0
PREX1	0.5417	72.3673	1
PRF1	0.0678	22.3051	4
PRIM1	0.5987	76.8553	3
PRIMA1	0.0582	19.9057	0
PRKAA1	0.3172	52.643	5
PRKAA2	0.3152	52.4824	5
PRKAB1	0.3464	55.4104	5
PRKAB2	0.2154	43.5012	5
PRKACA	0.8675	92.7861	5
PRKAG1	0.3571	56.307	4
PRKAG2	0.3136	52.3528	4
PRKAG3	0.0104	0.6323	4
PRKAR2A	0.3227	53.125	4
PRKAR2B	0.6791	82.2191	4
PRKCA	0.8571	92.2315	5
PRKCB	0.8965	94.5585	5
PRKCD	0.0509	17.8742	5
PRKCE	0.8597	92.4077	4
PRKCH	0.1619	37.3445	4
PRKCI	0.6833	82.5404	5
PRKCQ	0.2045	42.4026	4
PRKD2	0.1962	41.5941	5
PRKDC	0.4694	66.4231	5
PRKG1	0.1609	37.2201	2
PRKG2	0.6033	77.1507	4
PRLR	0.01	0.5027	3
PRM1	0.0325	10.9556	2
PRM2	0.0547	19.0091	4
PRM3	0.0735	23.466	0
PRMT1	0.3963	59.7689	5
PRMT2	0.5098	69.885	3
PRMT5	0.5839	75.7204	4
PRMT6	0.3367	54.5087	4
PRMT8	0.8882	94.1024	3
PRNP	0.2984	51.0157	5
PROC	0.111	30.2083	3
PROCA1	0.0642	21.3412	0
PROK2	0.0953	27.5394	2
PROM1	0.4411	63.8371	3
PROS1	0.1344	33.8412	2
PROX1	0.4643	66.0189	3
PROX2	0.1304	33.266	2
PROZ	0.023	6.2085	2
PRP4K	0.1826	40.0964	3
PRPF18	0.8207	90.2571	3
PRPF19	0.879	93.522	4
PRPF3	0.9646	98.5437	3
PRPF31	0.8295	90.7027	2
PRPF38A	0.713	84.4527	2
PRPF38B	0.5449	72.5746	0
PRPF39	0.5894	76.1194	1
PRPF4	0.7405	85.9245	3
PRPF40A	0.582	75.5752	1
PRPF40B	0.2268	44.6569	0
PRPF6	0.946	97.3932	3
PRPH	0.0508	17.8586	2
PRPH2	0.2928	50.5908	1
PRPS2	0.4214	62.0388	2
PRR14	0.3478	55.5452	0
PRR15	0.0455	16.1536	0
PRR18	0.3338	54.1874	0
PRR7	0.7659	87.329	3
PRR9	0.0443	15.7131	0
PRRC2A	0.4717	66.6148	1
PRRC2B	0.6281	78.9386	0
PRRC2C	0.7163	84.603	1
PRRT1	0.4152	61.4791	2
PRSS3	0.0386	13.5728	3
PRSS51	0.1776	39.4071	0
PRTN3	0.1245	32.4471	2
PRUNE2	0.1309	33.3385	0
PSD	0.5498	72.9685	0
PSD2	0.5943	76.5133	0
PSD3	0.6724	81.8201	0
PSEN2	0.4335	63.1426	3
PSENEN	0.3375	54.5761	3
PSG11	0.0872	26.1712	0
PSG6	0.041	14.5471	0
PSIP1	0.423	62.2046	4
PSKH1	0.6592	80.9702	1
PSMA1	0.8527	92.0398	4
PSMA2	0.7327	85.4789	4
PSMA3	0.7314	85.4167	4
PSMA4	0.8014	89.1791	4
PSMA5	0.8573	92.2575	4
PSMA6	0.7647	87.2772	5
PSMA7	0.5534	73.2535	4
PSMB1	0.6093	77.6171	4
PSMB2	0.547	72.7249	4
PSMB3	0.5765	75.1503	4
PSMB4	0.2406	45.8074	4
PSMB5	0.4705	66.5371	4
PSMB7	0.4944	68.5479	4
PSMC1	0.8947	94.4393	3
PSMC2	0.8696	92.9208	3
PSMC3IP	0.1306	33.2815	3
PSMC4	0.894	94.4133	3
PSMC5	0.8662	92.6772	5
PSMC6	0.8592	92.3611	4
PSMD1	0.8875	94.0765	3
PSMD13	0.5423	72.4243	3
PSMD14	0.8702	92.9674	4
PSMD2	0.6776	82.0792	3
PSMD3	0.3848	58.8257	3
PSMD4	0.6179	78.2546	3
PSME1	0.0992	28.2597	3
PSME3	0.8381	91.2002	4
PSME4	0.3541	56.0893	3
PSMF1	0.6353	79.431	2
PSMG3	0.459	65.5576	2
PSMG4	0.6292	79.0423	1
PSPC1	0.6185	78.296	2
PSRC1	0.2174	43.7137	3
PTAR1	0.4151	61.4739	0
PTBP1	0.7715	87.6244	3
PTBP2	0.9123	95.3669	2
PTBP3	0.4396	63.7231	2
PTCD3	0.9116	95.3151	3
PTGDS	0.0943	27.3787	2
PTGER4	0.0557	19.3097	3
PTGES3	0.3355	54.3688	5
PTGFRN	0.2992	51.0831	0
PTGR3	0.1733	38.8163	2
PTGS2	0.1181	31.3277	3
PTH	0.0171	3.3893	3
PTH2	0.0558	19.3563	1
PTH2R	0.086	25.9587	2
PTK2	0.8699	92.9519	5
PTK2B	0.236	45.4395	5
PTMA	0.0926	27.0678	3
PTMS	0.3045	51.5806	2
PTN	0.6092	77.586	3
PTOV1	0.6007	76.9538	1
PTP4A2	0.8119	89.7647	2
PTPA	0.6474	80.198	5
PTPMT1	0.7245	85.0539	1
PTPN1	0.3649	57.0222	5
PTPN12	0.414	61.3547	3
PTPN14	0.0432	15.3244	2
PTPN2	0.168	38.0701	4
PTPN21	0.2927	50.5804	2
PTPN22	0.0133	1.6428	3
PTPN3	0.0293	9.318	2
PTPN4	0.9219	95.8074	1
PTPN5	0.4955	68.6567	2
PTPN6	0.1421	34.8777	5
PTPN9	0.6515	80.483	1
PTPRA	0.9065	95.0767	2
PTPRB	0.0987	28.1509	1
PTPRC	0.0434	15.4073	5
PTPRD	0.9249	95.9784	3
PTPRE	0.2918	50.4871	1
PTPRF	0.6695	81.6698	4
PTPRG	0.4889	68.0245	2
PTPRK	0.5864	75.9069	4
PTPRM	0.5718	74.772	3
PTPRN	0.4005	60.142	2
PTPRN2	0.56	73.8236	2
PTPRO	0.9154	95.4861	4
PTPRR	0.1727	38.7542	3
PTPRS	0.7998	89.0858	3
PTPRT	0.8826	93.7344	2
PTPRU	0.5139	70.2063	3
PTPRZ1	0.792	88.7334	2
PUM2	0.6687	81.5972	3
PURG	0.8242	90.4488	3
PVALB	0.1419	34.8362	1
PVALEF	0.1973	41.7185	1
PWWP2A	0.6819	82.4316	2
PWWP2B	0.2164	43.6049	2
PWWP3B	0.0971	27.8348	1
PXK	0.6101	77.6689	3
PXMP2	0.3197	52.8659	3
PYDC1	0.1109	30.1669	3
PYGL	0.0919	26.9538	3
PYGO1	0.426	62.4845	2
PYGO2	0.3808	58.4577	1
PYHIN1	0.0249	7.2554	3
QKI	0.8914	94.2682	3
QRFPR	0.0425	15.1482	1
QRSL1	0.8796	93.5686	2
QSER1	0.7065	84.09	0
R3HDM1	0.6555	80.7369	0
R3HDM2	0.7494	86.4739	0
RAB10	0.8089	89.5937	4
RAB11FIP2	0.4583	65.4903	3
RAB11FIP3	0.4119	61.194	4
RAB11FIP4	0.7385	85.7898	1
RAB11FIP5	0.1522	36.1111	3
RAB14	0.8276	90.6302	4
RAB17	0.0637	21.222	4
RAB1A	0.8234	90.397	4
RAB1B	0.5922	76.3474	3
RAB21	0.7715	87.6192	4
RAB22A	0.765	87.3134	4
RAB24	0.4918	68.3302	3
RAB26	0.4267	62.5829	3
RAB27B	0.5134	70.1492	4
RAB2A	0.7704	87.5518	4
RAB30	0.849	91.8118	3
RAB33B	0.8515	91.9621	4
RAB35	0.6035	77.1663	4
RAB37	0.2548	47.1134	3
RAB3A	0.8267	90.568	4
RAB3B	0.5444	72.5383	3
RAB3C	0.6508	80.426	1
RAB40C	0.6204	78.436	2
RAB43	0.2587	47.5021	3
RAB4A	0.6083	77.5031	3
RAB4B	0.5455	72.6057	2
RAB5A	0.6744	81.9185	5
RAB5B	0.7176	84.6652	5
RAB5C	0.8362	91.0914	5
RAB6A	0.8443	91.5786	3
RAB6B	0.9183	95.6364	3
RAB7A	0.4485	64.5522	5
RAB8A	0.7333	85.5151	5
RAB8B	0.8052	89.4227	4
RABAC1	0.2418	45.9214	0
RABEP1	0.5981	76.8346	3
RABGAP1L	0.6995	83.6443	3
RABGEF1	0.4872	67.8586	2
RABGGTA	0.3375	54.5709	3
RABGGTB	0.506	69.5947	3
RAC2	0.1533	36.2355	5
RACGAP1	0.3027	51.4355	4
RACK1	0.0887	26.42	4
RAD17	0.1225	32.0688	3
RAD18	0.0863	26.0365	4
RAD21L1	0.0335	11.3651	2
RAD23A	0.1809	39.8476	5
RAD23B	0.5631	74.0516	5
RAD50	0.6902	83.012	5
RAD51AP1	0.2141	43.3924	4
RAD52	0.3288	53.6951	5
RAD54B	0.0304	9.8673	3
RAD54L	0.0996	28.296	3
RAD54L2	0.8437	91.5319	2
RADIL	0.2611	47.756	2
RAE1	0.7006	83.7324	5
RAG1	0.1627	37.4326	5
RAG2	0.0322	10.8209	4
RAI14	0.444	64.1428	0
RALBP1	0.2332	45.1855	4
RALGDS	0.3024	51.42	3
RALGPS1	0.8878	94.0869	0
RALYL	0.5922	76.3526	1
RAMP1	0.0468	16.5319	2
RAN	0.7977	88.9822	5
RANBP10	0.4451	64.2879	2
RANBP17	0.3167	52.5912	1
RANBP2	0.6522	80.54	5
RANBP3	0.339	54.6953	4
RANBP3L	0.1646	37.6762	1
RANBP6	0.6053	77.2958	2
RANBP9	0.6473	80.1876	4
RAP1A	0.7119	84.3906	4
RAP1GAP	0.6359	79.4673	4
RAP1GAP2	0.6279	78.9335	1
RAP2A	0.9172	95.5846	3
RAPGEF1	0.5394	72.1911	3
RAPGEF2	0.8854	93.9055	5
RAPGEF4	0.6093	77.6068	4
RAPGEF5	0.5082	69.7865	3
RAPGEF6	0.7677	87.4223	3
RAPH1	0.4382	63.5883	0
RARA	0.0884	26.3215	5
RARG	0.1612	37.2357	4
RASA3	0.7003	83.6961	2
RASAL2	0.584	75.7359	2
RASGEF1A	0.6959	83.3852	2
RASGEF1B	0.389	59.1314	0
RASGEF1C	0.5786	75.3265	0
RASGRF1	0.8733	93.1799	4
RASGRF2	0.6925	83.1779	2
RASGRP1	0.3631	56.8512	4
RASGRP3	0.0389	13.7282	3
RASIP1	0.1008	28.5344	3
RASSF5	0.0115	0.8862	2
RASSF8	0.2638	48.01	0
RAVER1	0.1946	41.3972	0
RB1	0.7884	88.5417	5
RBBP4	0.8394	91.2883	4
RBBP5	0.8594	92.3767	5
RBBP6	0.762	87.1165	4
RBBP7	0.7905	88.6712	3
RBCK1	0.5384	72.0771	2
RBFA	0.5722	74.8393	1
RBFOX1	0.8069	89.516	3
RBFOX2	0.4027	60.3493	4
RBFOX3	0.5261	71.108	3
RBM11	0.3127	52.2958	2
RBM12B	0.5121	70.0456	1
RBM14	0.3084	51.9175	3
RBM15	0.359	56.5091	2
RBM15B	0.5302	71.4604	2
RBM17	0.8639	92.5891	2
RBM20	0.1574	36.8004	2
RBM22	0.8727	93.154	3
RBM24	0.3372	54.5502	2
RBM25	0.8434	91.506	2
RBM26	0.7816	88.1737	1
RBM27	0.4719	66.6304	1
RBM28	0.8346	90.9619	2
RBM33	0.7414	86.0075	1
RBM39	0.8492	91.8377	2
RBM4	0.3475	55.5089	2
RBM41	0.2631	47.9478	0
RBM42	0.3515	55.882	2
RBM46	0.1592	37.0232	1
RBM47	0.0793	24.5129	1
RBM5	0.8151	89.9254	3
RBM6	0.3487	55.6385	2
RBM7	0.3842	58.779	2
RBMS1	0.0841	25.5804	3
RBMS3	0.0452	16.0448	2
RBMX2	0.5047	69.4704	2
RBMY1A1	0.026	7.7736	0
RBP3	0.1358	34.0122	2
RBP4	0.0323	10.8572	3
RBP7	0.0802	24.7772	1
RBPMS	0.085	25.7566	3
RBPMS2	0.0599	20.3669	3
RBX1	0.8193	90.1275	5
RC3H1	0.5595	73.7769	2
RC3H2	0.723	84.9502	0
RCAN1	0.4887	68.0037	3
RCAN2	0.4385	63.6039	3
RCC1	0.4663	66.1795	4
RCC2	0.8075	89.5471	3
RCL1	0.5546	73.3831	2
RCOR1	0.4824	67.4544	4
RCOR2	0.6209	78.4878	1
RCOR3	0.6087	77.5446	1
RD3	0.0231	6.2293	2
RD3L	0.0433	15.4022	0
RDH10	0.4306	62.8887	3
RDH12	0.0982	28.068	2
RDH14	0.7559	86.8211	2
RDX	0.319	52.783	4
REC8	0.2439	46.108	3
RECQL	0.3108	52.1041	3
REDIC1	0.1405	34.6756	0
REEP3	0.3148	52.4461	3
REEP6	0.1513	36.0075	2
REG4	0.0331	11.251	1
REL	0.0727	23.3105	4
RELA	0.2991	51.0779	5
RELB	0.0433	15.3866	5
RELCH	0.3482	55.5918	1
RELL1	0.495	68.6049	0
REN	0.0205	4.9803	3
RENBP	0.1034	28.949	3
REPS1	0.6282	78.9594	1
RERGL	0.1007	28.524	0
RESF1	0.1864	40.5576	1
RESP18	0.332	54.006	0
REST	0.5376	72.0046	5
REV1	0.467	66.2365	5
REXO1	0.2247	44.4911	1
RFC1	0.7146	84.5305	5
RFK	0.602	77.0626	2
RFPL2	0.2214	44.118	1
RFX1	0.2238	44.3771	3
RFX2	0.1104	30.0891	3
RFX4	0.8526	92.0346	3
RFX8	0.0546	18.978	2
RGCC	0.131	33.3644	4
RGL1	0.5327	71.6366	3
RGMA	0.4945	68.5583	3
RGMB	0.2609	47.7456	3
RGPD8	0.0816	25.0311	1
RGR	0.1232	32.2036	2
RGS10	0.027	8.2556	3
RGS11	0.1536	36.2769	2
RGS12	0.336	54.4413	2
RGS14	0.1156	30.9131	5
RGS16	0.0614	20.6468	2
RGS19	0.0306	10.0124	2
RGS20	0.1635	37.557	2
RGS4	0.2777	49.2952	2
RGS7	0.6454	80.0684	2
RGS7BP	0.51	69.8901	1
RGS8	0.7005	83.7168	3
RGS9	0.3038	51.5081	4
RHBDD2	0.4078	60.8364	1
RHBDF2	0.0448	15.8997	3
RHCG	0.0177	3.664	3
RHEB	0.7916	88.7127	5
RHNO1	0.381	58.4888	3
RHO	0.1714	38.5624	3
RHOA	0.6343	79.3688	5
RHOB	0.3762	58.0483	4
RHOG	0.3124	52.2803	5
RHOQ	0.3765	58.1105	4
RHOT1	0.4447	64.2568	4
RHOV	0.1468	35.4322	2
RHOXF1	0.0719	23.124	3
RIBC1	0.0156	2.5394	0
RIC8B	0.6312	79.1978	0
RICTOR	0.6978	83.5251	5
RIF1	0.8042	89.3553	4
RIGI	0.3978	59.8777	3
RILPL2	0.0853	25.8447	3
RIMBP2	0.4911	68.2473	1
RIMBP3	0.0835	25.4353	2
RIMKLA	0.5998	76.9019	3
RIMKLB	0.5544	73.3572	3
RIMS3	0.538	72.0305	1
RIMS4	0.9362	96.761	2
RING1	0.2618	47.8389	3
RINT1	0.9328	96.5485	2
RIOX1	0.4705	66.5267	3
RIPK1	0.2095	42.9778	5
RIPK2	0.227	44.6673	5
RIPOR1	0.2635	47.984	2
RIPOR2	0.2934	50.6478	2
RIPPLY1	0.0387	13.5987	2
RIPPLY2	0.4295	62.8006	3
RIT2	0.6473	80.1772	3
RLBP1	0.368	57.3383	3
RLF	0.8373	91.1536	3
RMC1	0.5176	70.4395	2
RMDN1	0.5679	74.4766	3
RMDN3	0.2454	46.2479	2
RMI1	0.2371	45.5379	4
RMP64	0.2022	42.2005	2
RNASE1	0.0626	20.9525	1
RND1	0.4165	61.5983	5
RND3	0.4459	64.3657	4
RNF10	0.5854	75.8447	3
RNF103	0.5845	75.7826	3
RNF11	0.5904	76.1868	2
RNF111	0.3835	58.7065	3
RNF114	0.3611	56.6853	0
RNF126	0.3454	55.2861	2
RNF138	0.4648	66.0759	3
RNF139	0.1894	40.8738	3
RNF144A	0.6208	78.4774	2
RNF145	0.6318	79.2237	0
RNF146	0.4561	65.2467	2
RNF168	0.4075	60.8002	3
RNF17	0.1376	34.2454	0
RNF170	0.8161	89.9824	1
RNF182	0.6092	77.6016	0
RNF187	0.4887	67.9882	2
RNF19A	0.4227	62.1735	0
RNF19B	0.3372	54.545	1
RNF2	0.7899	88.6298	4
RNF20	0.419	61.8626	3
RNF208	0.5917	76.2956	0
RNF213	0.3721	57.6959	3
RNF214	0.443	64.0651	0
RNF224	0.0889	26.4459	0
RNF25	0.4783	67.1331	2
RNF26	0.2774	49.2641	3
RNF31	0.6117	77.8244	2
RNF32	0.0528	18.5375	0
RNF34	0.5344	71.7558	3
RNF38	0.4838	67.5788	1
RNF4	0.2081	42.7912	3
RNF40	0.5215	70.7452	4
RNF41	0.7254	85.0902	3
RNF43	0.1537	36.2821	3
RNF5	0.2031	42.2886	3
RNF8	0.1155	30.908	4
RNGTT	0.7244	85.0435	3
RNPS1	0.4183	61.7693	3
RO60	0.3596	56.5765	1
ROBO2	0.8308	90.7753	4
ROCK1	0.3278	53.6121	5
ROCK2	0.8172	90.0394	5
ROM1	0.0934	27.2129	1
ROR1	0.1565	36.6345	5
RORC	0.0306	9.9606	4
ROS1	0.0383	13.4069	2
RP1	0.0396	14.0081	2
RP1L1	0.2585	47.4813	1
RP2	0.8093	89.63	3
RP9	0.7428	86.1059	1
RPA1	0.2689	48.5489	5
RPAP2	0.197	41.6718	3
RPGR	0.7656	87.3238	2
RPIA	0.6168	78.1457	1
RPL10A	0.2311	44.9938	3
RPL12	0.3377	54.5968	3
RPL13	0.4073	60.7794	3
RPL13A	0.2129	43.2577	3
RPL14	0.31	52.0419	3
RPL17	0.4626	65.8427	3
RPL18A	0.2064	42.584	2
RPL19	0.3296	53.7884	3
RPL21	0.501	69.1387	2
RPL22	0.3351	54.2962	3
RPL23	0.2048	42.4389	4
RPL23A	0.1445	35.1627	3
RPL24	0.2454	46.2427	3
RPL27A	0.4356	63.3188	2
RPL28	0.4086	60.8727	3
RPL29	0.0667	22.0201	3
RPL3	0.3283	53.6588	3
RPL30	0.3928	59.432	3
RPL32	0.3642	56.9548	2
RPL34	0.1651	37.7384	3
RPL36	0.1386	34.3957	3
RPL36A	0.2766	49.1967	3
RPL36AL	0.3162	52.5601	3
RPL37	0.4105	61.0645	3
RPL37A	0.2932	50.6115	3
RPL38	0.5066	69.6621	3
RPL4	0.3504	55.794	3
RPL6	0.2733	48.9687	3
RPL7	0.3063	51.7517	3
RPL7A	0.2345	45.2944	3
RPLP0	0.2643	48.0566	3
RPLP1	0.1329	33.5821	3
RPLP2	0.2106	43.0296	3
RPN1	0.3572	56.3122	4
RPN2	0.2488	46.5796	4
RPRD1A	0.6682	81.561	2
RPRD1B	0.5722	74.8342	3
RPRD2	0.8069	89.5211	1
RPRM	0.3618	56.7371	0
RPRML	0.3242	53.2857	0
RPS11	0.2565	47.3103	3
RPS12	0.1812	39.9046	2
RPS13	0.3756	58.0068	3
RPS14	0.1462	35.3597	3
RPS15	0.1446	35.1783	4
RPS16	0.2093	42.9364	3
RPS18	0.2468	46.3775	3
RPS2	0.1642	37.6244	3
RPS21	0.4181	61.7486	2
RPS23	0.5824	75.6063	3
RPS25	0.5299	71.4293	3
RPS27A	0.1332	33.6391	4
RPS3	0.2817	49.6113	5
RPS3A	0.1851	40.3918	3
RPS4X	0.4705	66.5216	3
RPS5	0.1999	41.9569	3
RPS6	0.3459	55.3275	5
RPS6KA1	0.1549	36.4428	4
RPS6KA2	0.7076	84.1159	5
RPS6KA4	0.5345	71.7662	5
RPS6KA5	0.8	89.1065	5
RPS6KA6	0.7818	88.1841	4
RPS6KB1	0.7293	85.313	5
RPS6KC1	0.8203	90.2259	1
RPS8	0.2573	47.3725	3
RPS9	0.2341	45.2633	3
RPSA	0.3765	58.1157	3
RPTOR	0.7574	86.8729	5
RPUSD3	0.5486	72.8856	2
RRAGC	0.8754	93.3043	5
RRAGD	0.8777	93.4753	5
RRM1	0.823	90.3762	4
RRM2	0.4816	67.4026	4
RRP12	0.6517	80.5037	1
RRP1B	0.3192	52.7985	2
RRP7A	0.7698	87.5311	3
RRP8	0.368	57.3435	3
RS1	0.1758	39.1687	1
RSBN1	0.6186	78.3167	1
RSBN1L	0.4847	67.6565	0
RSF1	0.7609	87.0802	3
RSL24D1	0.6046	77.2336	1
RSPH1	0.1794	39.63	2
RSPH10B	0.0487	17.2419	1
RSPH3	0.3887	59.1211	1
RSPO1	0.0209	5.1461	3
RSPO2	0.2326	45.1233	3
RSRC2	0.713	84.4579	0
RTBDN	0.082	25.1036	1
RTF1	0.8084	89.573	4
RTL8C	0.1809	39.8424	0
RTL9	0.1169	31.1567	0
RTN1	0.5368	71.9216	2
RTN3	0.3941	59.546	4
RTN4	0.3409	54.8663	5
RTN4R	0.5083	69.7969	3
RTN4RL1	0.6804	82.3124	3
RTP1	0.1247	32.4731	1
RUBCN	0.8045	89.376	3
RUNDC3A	0.6297	79.0993	1
RUNX1	0.1182	31.3329	5
RUNX3	0.155	36.4583	4
RUSC1	0.555	73.4142	1
RUVBL1	0.8197	90.1845	4
RUVBL2	0.435	63.2774	4
RWDD1	0.5614	73.9583	2
RXFP1	0.0431	15.314	2
RXRA	0.4793	67.2367	5
RXRB	0.3449	55.2498	5
RXRG	0.4266	62.557	5
RYBP	0.632	79.2392	3
RYK	0.5235	70.9007	5
RYR2	0.9556	97.9374	5
RYR3	0.8565	92.2056	5
S100A1	0.3066	51.7983	4
S100A4	0.0139	1.8657	2
S100A6	0.0337	11.4791	3
S100B	0.1012	28.6225	4
S100PBP	0.5642	74.1501	1
S1PR1	0.3637	56.8926	3
S1PR2	0.2198	43.9521	3
S1PR3	0.0355	12.2512	3
S1PR4	0.0169	3.2857	2
S1PR5	0.323	53.1613	2
SAA1	0.0159	2.6845	3
SACK1H	0.339	54.7108	2
SACM1L	0.5652	74.2434	4
SAE1	0.4247	62.3549	3
SAFB	0.3574	56.3485	4
SAFB2	0.4309	62.925	2
SAG	0.1061	29.3999	1
SALL2	0.7391	85.8364	3
SALL3	0.5145	70.2581	2
SAMD11	0.0515	18.1126	2
SAMD4A	0.3696	57.4782	1
SAMD4B	0.6879	82.8669	0
SAMD9L	0.116	30.9753	0
SAMTOR	0.1618	37.3134	1
SAP130	0.7453	86.2251	3
SAP18	0.668	81.5506	3
SAP25	0.1837	40.2363	0
SAP30	0.3358	54.4051	3
SAP30L	0.623	78.6121	4
SAR1A	0.7389	85.8157	2
SAR1B	0.6092	77.5808	3
SARDH	0.056	19.4134	3
SARM1	0.7927	88.7541	3
SARNP	0.4753	66.9673	3
SARS2	0.7216	84.8984	5
SART1	0.342	54.9907	3
SASH1	0.6738	81.8771	2
SAT1	0.1376	34.2506	1
SBK1	0.8236	90.4022	1
SBNO1	0.9017	94.8072	2
SBNO2	0.2448	46.1857	2
SCAF1	0.477	67.0709	0
SCAF11	0.3729	57.8255	2
SCAF8	0.6164	78.1146	2
SCAI	0.883	93.7707	3
SCAMP1	0.8677	92.7964	1
SCAND3	0.1419	34.8518	1
SCARA3	0.1632	37.5104	0
SCD	0.6345	79.3843	4
SCD5	0.4644	66.0292	3
SCFD1	0.4248	62.3808	3
SCFD2	0.6612	81.0997	1
SCG2	0.2118	43.1229	3
SCG3	0.2958	50.824	3
SCG5	0.4679	66.3039	1
SCGN	0.179	39.5833	1
SCHIP1	0.821	90.283	1
SCLY	0.4084	60.8675	2
SCMH1	0.3863	58.9552	3
SCML1	0.2914	50.4509	2
SCML2	0.2741	49.0361	2
SCML4	0.0403	14.2983	2
SCN2B	0.2943	50.6944	3
SCN4B	0.2218	44.1542	5
SCN5A	0.3256	53.4359	5
SCN7A	0.0511	17.9364	5
SCNN1G	0.0748	23.7562	5
SCP2	0.6583	80.8821	4
SCRIB	0.6132	77.9022	5
SCRN1	0.5796	75.4042	1
SCRT1	0.7907	88.6764	3
SCRT2	0.6246	78.7054	3
SCUBE1	0.6489	80.3224	2
SCUBE2	0.1057	29.3014	3
SCUBE3	0.5201	70.6364	2
SDC1	0.1445	35.1576	4
SDC2	0.0858	25.9276	4
SDC3	0.2829	49.7409	2
SDCBP	0.1185	31.3951	3
SDHC	0.5358	71.8646	4
SDK1	0.5983	76.8449	1
SDK2	0.6192	78.3634	1
SDR16C5	0.0362	12.557	4
SDR9C7	0.0275	8.5147	0
SDS	0.0646	21.4604	4
SEC14L5	0.4567	65.3192	0
SEC16A	0.5147	70.2685	3
SEC22B	0.273	48.948	3
SEC23A	0.5798	75.4301	3
SEC23IP	0.261	47.7508	2
SEC24B	0.4425	63.9822	3
SEC24D	0.6112	77.7674	3
SEC31A	0.2352	45.3669	3
SEC61A1	0.8675	92.7757	3
SEC62	0.6388	79.6538	2
SEC63	0.6169	78.1613	0
SECISBP2L	0.5243	70.994	0
SEL1L	0.5391	72.1445	3
SELENOI	0.7399	85.8986	3
SELENON	0.6918	83.1209	2
SELENOW	0.2545	47.0978	0
SEM1	0.142	34.857	3
SEMA3F	0.4514	64.7854	2
SEMA4A	0.2562	47.2741	3
SEMA4B	0.2821	49.6528	2
SEMA4C	0.4796	67.2523	3
SEMA4D	0.0969	27.7985	3
SEMA4F	0.5231	70.8644	3
SEMA5A	0.5568	73.58	4
SEMA6A	0.7281	85.2197	4
SEMA6D	0.6694	81.6594	3
SEMA7A	0.3107	52.0937	3
SENP1	0.2696	48.5852	3
SENP2	0.4234	62.2253	4
SENP3	0.5672	74.404	2
SENP5	0.4366	63.4069	2
SENP6	0.4883	67.9571	2
SENP7	0.814	89.8735	1
SEPHS1	0.9373	96.8594	1
SEPTIN10	0.2901	50.3317	1
SEPTIN11	0.4189	61.847	1
SEPTIN14	0.1948	41.4231	2
SEPTIN2	0.7607	87.0595	3
SEPTIN3	0.3092	51.99	2
SEPTIN4	0.1883	40.7597	3
SEPTIN5	0.2544	47.0823	3
SEPTIN6	0.4563	65.2778	2
SEPTIN7	0.3305	53.8661	3
SEPTIN8	0.3304	53.8609	2
SEPTIN9	0.2184	43.8174	2
SERBP1	0.6327	79.2651	2
SERINC1	0.5132	70.1233	2
SERPINA1	0.0344	11.8004	2
SERPINA3	0.0276	8.5665	1
SERPINB8	0.0798	24.6735	1
SERPINB9	0.0701	22.8286	3
SERPINC1	0.0585	19.9938	2
SERPINE1	0.0137	1.7983	4
SERPINE2	0.3266	53.5137	2
SERPINF1	0.084	25.5441	3
SERPINF2	0.0314	10.4011	3
SERPING1	0.2742	49.0516	2
SERPINH1	0.1822	40.029	3
SERPINI1	0.4751	66.9569	2
SERTAD2	0.3911	59.3128	2
SESN3	0.5916	76.2904	2
SESTD1	0.6016	77.0211	2
SETD3	0.3084	51.9279	3
SETD6	0.6709	81.7475	4
SETD7	0.2261	44.5896	5
SETDB1	0.5789	75.342	5
SETDB2	0.2055	42.4958	5
SETMAR	0.5532	73.2328	4
SEZ6	0.768	87.4378	1
SEZ6L	0.8422	91.4283	0
SEZ6L2	0.7017	83.8049	0
SF3A1	0.9256	96.0199	3
SF3A2	0.4593	65.5939	3
SF3A3	0.9069	95.0974	3
SF3B1	0.9642	98.5075	3
SF3B2	0.888	94.0972	3
SF3B3	0.9195	95.6779	3
SF3B6	0.6119	77.8503	2
SFMBT1	0.19	40.9256	2
SFMBT2	0.3982	59.9088	2
SFN	0.0261	7.8203	5
SFPQ	0.5044	69.4237	4
SFRP1	0.1479	35.5825	4
SFRP4	0.0192	4.348	3
SFSWAP	0.6614	81.1204	0
SFT2D1	0.5474	72.7612	0
SFTPA1	0.0279	8.7272	2
SFTPD	0.0174	3.4981	3
SGCA	0.0196	4.5191	3
SGCB	0.8238	90.4229	3
SGCD	0.2526	46.9475	3
SGCG	0.0235	6.4988	3
SGCZ	0.1134	30.6022	2
SGF29	0.4472	64.4693	3
SGIP1	0.5677	74.461	2
SGMS1	0.5159	70.341	4
SGSM2	0.4534	64.9927	1
SGSM3	0.7228	84.9451	2
SGTA	0.2379	45.6001	2
SGTB	0.6311	79.1874	0
SH2B1	0.1496	35.7743	3
SH2D3C	0.2491	46.6159	1
SH2D5	0.3393	54.7367	1
SH3BP2	0.1795	39.6611	0
SH3BP4	0.1846	40.3503	4
SH3GL1	0.1904	40.9619	3
SH3GL2	0.5442	72.5124	3
SH3GL3	0.6576	80.8354	3
SH3GLB1	0.4145	61.4117	3
SH3GLB2	0.3252	53.4049	1
SH3KBP1	0.2413	45.8748	1
SH3PXD2A	0.1727	38.7593	2
SH3RF1	0.3244	53.3271	2
SH3RF3	0.2708	48.6992	1
SHANK1	0.9644	98.523	4
SHARPIN	0.0947	27.472	2
SHB	0.403	60.3856	1
SHC3	0.2987	51.0365	3
SHD	0.2288	44.8228	0
SHE	0.0963	27.6845	0
SHISA6	0.6617	81.136	2
SHISA7	0.5547	73.3986	2
SHISA8	0.35	55.7473	2
SHISA9	0.3828	58.6391	2
SHISAL2B	0.2708	48.7044	0
SHOX2	0.0863	26.0261	3
SHPK	0.3675	57.2917	2
SHPRH	0.3706	57.5508	2
SHROOM3	0.2719	48.8599	1
SIAH2	0.4687	66.3661	2
SIAH3	0.4845	67.6358	0
SIGLEC6	0.0263	7.9343	0
SIGLEC8	0.0594	20.2063	0
SIK2	0.5964	76.6687	2
SIK3	0.8083	89.5678	1
SIKE1	0.4121	61.2251	2
SIM2	0.0727	23.3157	3
SINHCAF	0.2534	47.0305	2
SIPA1L1	0.8337	90.9256	4
SIPA1L2	0.5171	70.4239	2
SIPA1L3	0.7344	85.567	2
SIRPA	0.1988	41.8532	4
SIRT1	0.235	45.341	5
SIRT2	0.1726	38.7231	4
SIRT3	0.1967	41.6356	5
SIRT7	0.1141	30.7007	2
SIX2	0.1494	35.7483	4
SIX4	0.0776	24.2434	4
SIX6	0.3063	51.7568	3
SKA1	0.084	25.5493	3
SKIC2	0.7904	88.666	1
SKIC8	0.3215	53.068	3
SKIDA1	0.4807	67.3196	1
SKIL	0.2315	45.0197	4
SKOR2	0.4281	62.6866	3
SKP1	0.7771	87.9198	4
SKP2	0.3192	52.8089	4
SLAIN1	0.6175	78.1976	0
SLC10A4	0.1525	36.1267	0
SLC12A1	0.0677	22.2585	4
SLC12A3	0.0541	18.8899	4
SLC12A7	0.2735	48.9739	2
SLC13A3	0.5108	69.9523	2
SLC13A4	0.0386	13.5779	1
SLC14A1	0.1081	29.7056	1
SLC15A5	0.07	22.8234	0
SLC16A1	0.8062	89.4849	2
SLC16A14	0.5938	76.4718	0
SLC16A7	0.2693	48.5645	1
SLC17A6	0.6777	82.0896	4
SLC17A7	0.9191	95.6675	3
SLC17A8	0.3128	52.3062	3
SLC18A1	0.0726	23.2898	3
SLC19A2	0.7151	84.5512	1
SLC1A1	0.5339	71.7143	4
SLC1A3	0.7455	86.2355	4
SLC1A5	0.1037	29.0008	4
SLC1A6	0.7734	87.7539	3
SLC1A7	0.0892	26.477	3
SLC22A15	0.3485	55.6281	1
SLC22A17	0.4539	65.0446	1
SLC22A2	0.0465	16.3868	4
SLC22A23	0.7143	84.5097	0
SLC22A31	0.4147	61.4428	0
SLC22A9	0.0274	8.4474	0
SLC23A1	0.0507	17.7964	3
SLC23A2	0.8418	91.3868	1
SLC24A2	0.7196	84.7896	2
SLC24A3	0.4695	66.4283	2
SLC25A10	0.2072	42.6721	2
SLC25A11	0.8356	91.0603	2
SLC25A13	0.8433	91.5008	3
SLC25A14	0.7259	85.1161	4
SLC25A23	0.3452	55.2653	1
SLC25A24	0.5114	69.9886	0
SLC25A27	0.7695	87.5104	3
SLC25A28	0.5388	72.1134	2
SLC25A3	0.7856	88.3706	1
SLC25A32	0.5177	70.4498	3
SLC25A36	0.719	84.7378	0
SLC25A38	0.7624	87.1372	1
SLC25A39	0.2561	47.2689	1
SLC25A4	0.6535	80.6022	4
SLC25A41	0.1499	35.795	0
SLC25A48	0.1366	34.1418	1
SLC25A5	0.6626	81.193	4
SLC25A6	0.5012	69.1698	3
SLC26A11	0.6308	79.1667	3
SLC26A4	0.214	43.3769	3
SLC26A9	0.0222	5.8769	3
SLC29A1	0.1189	31.4625	3
SLC29A3	0.422	62.1061	3
SLC29A4	0.7294	85.3234	2
SLC2A14	0.0292	9.2869	2
SLC2A2	0.1513	36.0023	2
SLC2A3	0.1461	35.3493	2
SLC2A4	0.017	3.3167	4
SLC30A1	0.3768	58.1364	3
SLC30A10	0.429	62.7539	3
SLC30A3	0.2595	47.6057	3
SLC30A5	0.5903	76.1816	3
SLC30A7	0.7265	85.142	1
SLC31A1	0.6862	82.7529	3
SLC34A1	0.0372	12.9353	3
SLC34A3	0.0935	27.2492	4
SLC35B1	0.686	82.7166	1
SLC35D3	0.3388	54.6694	2
SLC35F1	0.7826	88.2255	0
SLC35F3	0.5555	73.4764	0
SLC35F4	0.5641	74.1397	0
SLC35G1	0.5385	72.0927	2
SLC37A4	0.6692	81.6439	3
SLC38A1	0.4905	68.1851	4
SLC38A10	0.2874	50.1399	0
SLC38A2	0.1655	37.7747	3
SLC38A4	0.0428	15.2363	2
SLC38A5	0.6865	82.7685	2
SLC38A8	0.3816	58.551	0
SLC39A10	0.6723	81.8149	2
SLC39A12	0.2149	43.465	2
SLC39A4	0.0857	25.9173	3
SLC3A1	0.041	14.5626	3
SLC3A2	0.2596	47.6213	4
SLC40A1	0.1924	41.1536	2
SLC41A1	0.5045	69.4341	2
SLC41A2	0.4708	66.5682	2
SLC4A2	0.2257	44.5326	4
SLC4A3	0.4514	64.7751	2
SLC4A7	0.4792	67.2212	2
SLC4A8	0.9321	96.5174	4
SLC5A11	0.2566	47.3207	1
SLC5A3	0.4545	65.1171	2
SLC5A4	0.0598	20.3255	1
SLC5A6	0.7639	87.2357	2
SLC67A1	0.2037	42.3559	0
SLC6A11	0.8602	92.4389	3
SLC6A12	0.3412	54.9233	3
SLC6A13	0.1999	41.9517	4
SLC6A15	0.8056	89.4382	2
SLC6A2	0.1333	33.665	4
SLC6A4	0.2128	43.2473	5
SLC6A6	0.6165	78.1302	3
SLC6A7	0.4188	61.8263	3
SLC71A1	0.1776	39.4019	0
SLC75A1	0.2086	42.8586	1
SLC7A1	0.576	75.114	3
SLC7A10	0.4187	61.8211	1
SLC7A14	0.5867	75.9225	1
SLC7A3	0.2778	49.3004	1
SLC7A5	0.7039	83.9604	4
SLC7A6OS	0.5288	71.3101	0
SLC7A7	0.1869	40.5939	2
SLC7A8	0.674	81.8874	3
SLC8A1	0.6872	82.8255	4
SLC8A2	0.9421	97.186	4
SLC8A3	0.8213	90.2985	4
SLC9A1	0.777	87.9094	4
SLC9A3	0.085	25.7618	5
SLC9A9	0.5434	72.471	3
SLC9D1	0.168	38.0597	2
SLCO1A2	0.1855	40.4436	1
SLCO1B1	0.021	5.2187	1
SLCO1B3	0.0247	7.1466	1
SLCO1C1	0.2589	47.5332	2
SLCO2A1	0.1167	31.1153	1
SLFN5	0.0787	24.4299	0
SLIRP	0.5476	72.7819	2
SLIT1	0.8736	93.211	3
SLIT2	0.1942	41.3298	5
SLIT3	0.1361	34.0796	3
SLITRK1	0.6179	78.2494	3
SLITRK3	0.6224	78.5811	3
SLITRK4	0.473	66.7496	3
SLITRK5	0.833	90.8893	2
SLITRK6	0.2049	42.444	2
SLK	0.7938	88.8111	4
SLMAP	0.1404	34.6497	1
SLTM	0.6288	79.0164	1
SLU7	0.703	83.8982	4
SMAD1	0.7546	86.733	5
SMAD2	0.9442	97.3051	5
SMAD5	0.7029	83.8879	5
SMAD6	0.061	20.5638	5
SMAD7	0.0468	16.5112	4
SMAP1	0.5917	76.3008	0
SMAP2	0.2584	47.4606	0
SMARCAD1	0.578	75.2643	3
SMARCC1	0.9379	96.9268	4
SMARCD2	0.2362	45.4757	4
SMARCD3	0.689	82.9498	5
SMC1B	0.0674	22.1808	3
SMC2	0.3786	58.2711	3
SMC4	0.4685	66.3402	4
SMC5	0.7706	87.557	4
SMC6	0.3692	57.442	4
SMG1	0.8068	89.5108	4
SMG5	0.3405	54.8456	4
SMG6	0.4526	64.9306	4
SMG7	0.6434	79.9233	4
SMIM43	0.238	45.6157	0
SMN1	0.8112	89.7284	3
SMN2	0.4235	62.2512	0
SMNDC1	0.7966	88.92	2
SMOC2	0.0341	11.6656	2
SMOX	0.7549	86.7537	3
SMU1	0.9006	94.7347	3
SMURF1	0.2512	46.8025	4
SMURF2	0.7106	84.318	4
SMYD1	0.0278	8.6495	5
SMYD2	0.3982	59.914	5
SMYD3	0.3997	60.0694	5
SMYD4	0.5929	76.4252	3
SMYD5	0.7342	85.5618	2
SNAI2	0.4538	65.0394	5
SNAP23	0.0586	20.0093	4
SNAP47	0.3688	57.416	2
SNAP91	0.8482	91.7444	2
SNAPC5	0.3063	51.7724	2
SNAPIN	0.8193	90.143	3
SNCAIP	0.142	34.8725	3
SNCB	0.3091	51.9745	3
SNCG	0.2265	44.6206	2
SND1	0.7766	87.8887	4
SNED1	0.0829	25.2488	0
SNN	0.6499	80.3586	0
SNPH	0.519	70.5535	1
SNRK	0.7128	84.4424	3
SNRNP200	0.9709	98.9272	2
SNRNP40	0.4508	64.7284	3
SNRNP70	0.4511	64.7492	3
SNRPA1	0.5222	70.8074	3
SNRPD2	0.6498	80.3534	3
SNRPD3	0.6412	79.8196	3
SNRPE	0.679	82.2036	2
SNTA1	0.1335	33.7013	2
SNTB2	0.0923	27.0211	1
SNTG1	0.5183	70.5017	1
SNTG2	0.1131	30.5556	1
SNU13	0.709	84.2247	3
SNURF	0.5288	71.3153	1
SNW1	0.7648	87.2875	5
SNX1	0.1219	31.9444	3
SNX10	0.3791	58.2971	2
SNX13	0.5685	74.5232	2
SNX16	0.5227	70.8489	3
SNX18	0.1616	37.2823	5
SNX2	0.4219	62.0958	4
SNX25	0.3345	54.2444	1
SNX3	0.3404	54.83	4
SNX32	0.484	67.5943	2
SNX4	0.2664	48.2898	2
SNX5	0.3669	57.2398	4
SNX6	0.5371	71.9476	3
SNX9	0.1034	28.9386	5
SOCS2	0.1171	31.1723	3
SOCS3	0.0633	21.1391	3
SOCS6	0.3295	53.778	2
SOCS7	0.472	66.6563	2
SOD1	0.5778	75.2488	5
SOD2	0.2212	44.0661	5
SOD3	0.0154	2.4513	3
SOHLH1	0.3016	51.2852	2
SOHLH2	0.0796	24.6165	3
SORBS2	0.031	10.1783	2
SORCS1	0.5692	74.5647	0
SORCS2	0.338	54.6175	0
SORCS3	0.7341	85.5566	3
SORD	0.2144	43.4235	5
SORL1	0.3015	51.2593	4
SORT1	0.257	47.3414	4
SOST	0.0488	17.2678	4
SOWAHA	0.3566	56.25	0
SOX1	0.7978	88.9925	4
SOX12	0.7008	83.7531	3
SOX13	0.1224	32.0377	4
SOX14	0.2271	44.688	3
SOX18	0.1957	41.5267	3
SOX21	0.7314	85.4219	3
SOX30	0.0316	10.4996	3
SOX7	0.0319	10.6551	4
SP1	0.4105	61.0593	5
SP100	0.0258	7.6855	5
SP110	0.099	28.2027	2
SP140	0.0523	18.3613	2
SP2	0.4781	67.1175	3
SP3	0.5815	75.539	4
SP4	0.6752	81.9444	3
SP7	0.0604	20.4446	4
SP8	0.4203	61.9558	3
SP9	0.8245	90.4643	3
SPAG1	0.1822	40.0342	1
SPAG17	0.0452	16.0707	1
SPAG5	0.0686	22.5073	3
SPAG9	0.7995	89.0495	4
SPAM1	0.0142	1.9434	1
SPARC	0.1335	33.7065	3
SPARCL1	0.0924	27.0263	3
SPATA13	0.2165	43.6204	4
SPATA2	0.2651	48.1136	1
SPATA31A7	0.0725	23.2846	0
SPATA31F1	0.108	29.6694	1
SPATA7	0.6154	78.0421	2
SPATS2	0.3989	59.9813	0
SPATS2L	0.4235	62.2616	1
SPCS2	0.6045	77.2284	3
SPCS3	0.6503	80.3794	3
SPDEF	0.018	3.8402	3
SPDL1	0.188	40.7131	2
SPDYA	0.0267	8.1312	3
SPDYE18	0.2413	45.88	1
SPDYE6	0.0718	23.0981	1
SPEF1	0.199	41.874	3
SPHK1	0.038	13.2826	5
SPHKAP	0.3493	55.6903	0
SPI1	0.0423	15.1068	5
SPIB	0.0214	5.4156	3
SPICE1	0.1935	41.2728	2
SPIDR	0.593	76.4304	3
SPIN1	0.8863	94.0039	2
SPINDOC	0.2292	44.859	2
SPINK6	0.0847	25.71	2
SPINK9	0.1467	35.427	2
SPINT2	0.1402	34.6134	2
SPOCK1	0.4629	65.8893	2
SPOCK2	0.3296	53.7935	1
SPOCK3	0.4396	63.7127	2
SPOPL	0.2478	46.4915	3
SPOUT1	0.9427	97.2067	2
SPP1	0.0883	26.2956	4
SPP2	0.0311	10.2249	3
SPPL3	0.865	92.6358	2
SPRTN	0.4263	62.5155	4
SPRY2	0.4982	68.921	5
SPRY4	0.246	46.3153	2
SPRYD3	0.6128	77.8762	0
SPSB1	0.2553	47.16	1
SPTA1	0.2081	42.7964	2
SPTB	0.3511	55.8406	2
SPTBN5	0.5104	69.9316	2
SPTLC1	0.8454	91.6148	4
SPTSSA	0.6384	79.6331	3
SPTY2D1	0.3593	56.535	2
SQLE	0.4357	63.3447	5
SQOR	0.3295	53.7728	2
SRARP	0.2	41.9672	3
SRC	0.3829	58.6495	4
SRCIN1	0.5647	74.1915	3
SRD5A1	0.4348	63.2566	3
SRD5A2	0.0825	25.1969	4
SREBF2	0.3346	54.26	4
SREK1	0.259	47.5435	0
SRF	0.444	64.1532	5
SRGAP1	0.3447	55.2291	3
SRGAP2	0.4463	64.4071	5
SRGAP2B	0.4054	60.6084	2
SRGAP2C	0.3181	52.7156	3
SRGAP3	0.8676	92.7913	3
SRI	0.6945	83.3126	4
SRM	0.7032	83.9138	3
SRP14	0.4954	68.6412	3
SRP68	0.7178	84.6704	3
SRP72	0.2394	45.7297	2
SRP9	0.6102	77.6793	2
SRPK2	0.8512	91.9361	4
SRR	0.5283	71.2842	4
SRRM1	0.4129	61.2873	3
SRRM4	0.6109	77.7519	2
SRRT	0.484	67.5891	2
SRSF10	0.2324	45.1078	3
SRSF11	0.5699	74.6217	3
SRSF12	0.5148	70.2736	1
SRSF2	0.6296	79.0889	3
SRSF3	0.7095	84.2454	3
SRSF4	0.5079	69.7606	3
SRSF5	0.1852	40.4177	2
SRSF6	0.2615	47.8078	2
SRSF7	0.7001	83.6702	4
SRSF9	0.6325	79.2496	2
SS18	0.187	40.6198	4
SS18L1	0.266	48.2535	3
SS18L2	0.4722	66.6926	0
SSB	0.3954	59.6911	4
SSBP2	0.6901	83.0068	3
SSBP3	0.806	89.4797	2
SSH2	0.5274	71.1857	1
SSNA1	0.677	82.0533	4
SSR1	0.5917	76.306	3
SSR3	0.4654	66.1121	2
SSRP1	0.7134	84.4838	3
SST	0.3197	52.8711	3
SSTR1	0.3988	59.971	4
SSTR4	0.0942	27.3736	3
ST13	0.4096	61.0075	2
ST14	0.0411	14.5833	2
ST18	0.6349	79.4051	2
ST3GAL1	0.2829	49.7461	4
ST3GAL2	0.4782	67.1279	5
ST3GAL6	0.4129	61.2977	3
ST6GAL1	0.1877	40.6665	5
ST6GALNAC6	0.4698	66.449	3
ST7	0.9148	95.455	1
ST8SIA2	0.5547	73.3883	3
ST8SIA3	0.7527	86.619	3
ST8SIA5	0.4184	61.79	3
STAB2	0.0251	7.3746	2
STAG3	0.0525	18.4442	3
STAM	0.2898	50.3161	2
STAM2	0.2558	47.2067	2
STARD7	0.7699	87.5363	3
STARD9	0.2398	45.7504	2
STAT2	0.2645	48.0721	4
STAT3	0.5908	76.2231	5
STAT4	0.1297	33.1468	3
STAT5A	0.0842	25.6012	5
STAT5B	0.659	80.9598	5
STAT6	0.0736	23.4867	5
STAU1	0.3709	57.5767	2
STAU2	0.6752	81.9496	2
STC1	0.2408	45.8541	2
STC2	0.0222	5.8561	4
STEAP2	0.105	29.1874	1
STH	0.0973	27.9073	1
STIM2	0.4672	66.2469	2
STING1	0.1864	40.5628	5
STIP1	0.3941	59.5616	3
STK10	0.1336	33.7272	3
STK11	0.3353	54.3325	5
STK24	0.1697	38.3085	3
STK32C	0.6559	80.7421	1
STK38	0.5101	69.9057	4
STK38L	0.3438	55.1461	2
STK39	0.7338	85.5462	2
STK4	0.1715	38.5935	5
STK40	0.2222	44.1801	0
STMN1	0.8466	91.6615	5
STMN2	0.8932	94.3771	4
STMN3	0.499	68.9936	3
STMN4	0.7492	86.4687	3
STN1	0.2422	45.9629	4
STON2	0.2399	45.7556	2
STOX2	0.6214	78.5189	3
STRAP	0.5615	73.9635	1
STRBP	0.8955	94.5118	1
STRC	0.0905	26.705	1
STRN	0.3159	52.5394	4
STRN3	0.4971	68.8277	3
STRN4	0.3552	56.1463	1
STT3B	0.8498	91.8584	3
STX11	0.0799	24.6994	2
STX12	0.5135	70.1596	1
STX16	0.3711	57.6078	3
STX18	0.6156	78.0524	3
STX2	0.3923	59.4009	3
STX3	0.5252	71.0458	3
STX4	0.4149	61.4583	3
STX5	0.5635	74.1086	3
STX6	0.4023	60.3026	3
STX7	0.7123	84.4113	2
STXBP2	0.061	20.5483	2
STXBP5	0.839	91.2573	1
STXBP5L	0.803	89.2517	0
STYK1	0.0525	18.408	0
STYXL1	0.3427	55.0529	1
SUB1	0.7804	88.1012	3
SUCLG2	0.3358	54.4102	4
SUCO	0.2513	46.818	1
SUDS3	0.6119	77.8452	3
SUGCT	0.1227	32.1258	0
SUGP1	0.3056	51.6895	1
SUGP2	0.5579	73.6785	0
SUGT1	0.4036	60.4633	2
SULF1	0.1099	29.9699	2
SULF2	0.413	61.3029	2
SULT2B1	0.0195	4.4828	3
SULT4A1	0.8778	93.4805	1
SUMF2	0.6104	77.6949	3
SUMO1	0.4959	68.7034	3
SUMO2	0.7144	84.5201	2
SUMO3	0.5212	70.7141	3
SUN1	0.3705	57.5404	1
SUPT3H	0.3901	59.2247	4
SUPT5H	0.5602	73.8599	3
SUPT6H	0.8709	92.9985	2
SUPT7L	0.4121	61.2303	3
SUPV3L1	0.7487	86.4428	4
SURF4	0.4288	62.728	3
SUSD4	0.3643	56.9652	0
SUV39H1	0.6867	82.7892	5
SUV39H2	0.594	76.4874	5
SV2A	0.8668	92.7343	4
SV2B	0.5813	75.5079	3
SV2C	0.5788	75.3317	3
SVEP1	0.2131	43.2836	1
SVIL	0.4433	64.0962	2
SVOP	0.8982	94.6621	0
SWAP70	0.097	27.8037	2
SWT1	0.4931	68.4442	1
SYAP1	0.3724	57.7581	2
SYBU	0.4228	62.1942	1
SYCE1	0.0659	21.8335	3
SYCE2	0.3178	52.6845	3
SYCE3	0.0838	25.5079	3
SYCN	0.0249	7.2502	0
SYCP1	0.0414	14.7077	4
SYCP2	0.1827	40.1119	3
SYDE1	0.0675	22.2222	3
SYDE2	0.1186	31.4003	3
SYK	0.0451	16.0137	5
SYMPK	0.6998	83.6495	2
SYN2	0.6406	79.7834	3
SYN3	0.7265	85.1368	3
SYNDIG1	0.3614	56.706	3
SYNDIG1L	0.4287	62.7125	1
SYNE2	0.6432	79.9026	3
SYNGR1	0.5628	74.0413	2
SYNGR3	0.5601	73.8288	1
SYNJ2	0.0798	24.6683	3
SYNM	0.0422	15.0653	1
SYNPO	0.0474	16.7599	2
SYNPR	0.5101	69.9109	0
SYNRG	0.4214	62.0491	1
SYPL1	0.1493	35.7432	2
SYT10	0.052	18.2836	2
SYT11	0.6977	83.5147	3
SYT12	0.2115	43.097	1
SYT13	0.4772	67.0813	2
SYT14	0.507	69.6828	0
SYT15	0.449	64.5937	0
SYT16	0.456	65.2363	0
SYT17	0.3421	55.001	2
SYT3	0.8101	89.6714	1
SYT4	0.5631	74.0568	2
SYT5	0.7524	86.5879	3
SYT6	0.5647	74.2019	1
SYT7	0.7259	85.1213	3
SYT9	0.4571	65.34	2
SYTL2	0.1032	28.9024	1
SYVN1	0.3139	52.3787	4
TAC1	0.1154	30.8872	1
TAC3	0.1556	36.5568	1
TACC1	0.1425	34.9451	1
TACC2	0.1894	40.8634	1
TACC3	0.0467	16.4542	3
TACR1	0.076	23.948	2
TACR3	0.1288	33.0017	2
TADA1	0.4176	61.6864	3
TADA2A	0.3289	53.7158	3
TADA2B	0.4479	64.516	3
TADA3	0.4325	63.0856	5
TAF10	0.4198	61.9196	4
TAF12	0.5079	69.7554	4
TAF15	0.2082	42.8172	4
TAF1C	0.6327	79.2703	4
TAF1L	0.0241	6.8356	3
TAF3	0.5876	75.9898	3
TAF5	0.5964	76.6739	3
TAF5L	0.4506	64.7077	3
TAF6L	0.2454	46.2376	3
TAF7	0.4008	60.1627	4
TAF7L	0.019	4.3066	1
TAF9	0.2862	50.0207	4
TAF9B	0.5656	74.2796	2
TAFA1	0.4761	67.0191	1
TAFA2	0.5036	69.3356	2
TAFA3	0.3415	54.9337	0
TAFA4	0.3151	52.472	0
TAGLN3	0.726	85.1316	1
TAL1	0.0384	13.4328	4
TAMALIN	0.3901	59.2299	0
TAMM41	0.6932	83.2245	2
TANC1	0.1712	38.5157	2
TANK	0.1106	30.1151	3
TAOK2	0.8431	91.4853	4
TAOK3	0.8597	92.4026	4
TAPT1	0.9473	97.4813	2
TAS2R42	0.0914	26.8709	1
TAS2R8	0.085	25.7826	1
TAS2R9	0.0798	24.6891	1
TASOR	0.3485	55.6177	1
TBC1D10B	0.5217	70.7711	2
TBC1D14	0.5658	74.3159	3
TBC1D2	0.0976	27.9747	2
TBC1D22A	0.3722	57.7114	2
TBC1D22B	0.6433	79.9077	1
TBC1D31	0.6113	77.7726	1
TBC1D3B	0.0335	11.4169	0
TBC1D5	0.3359	54.4258	2
TBC1D8	0.1287	32.9913	1
TBC1D9	0.7729	87.7073	0
TBC1D9B	0.494	68.4961	1
TBCB	0.681	82.3642	3
TBK1	0.7826	88.2359	4
TBL1X	0.5422	72.4088	5
TBPL1	0.857	92.216	3
TBRG1	0.5732	74.9274	2
TBX18	0.054	18.8381	3
TBX19	0.0292	9.2403	3
TBX21	0.0338	11.5153	3
TBX6	0.1989	41.8636	4
TCAP	0.0157	2.6275	2
TCEAL6	0.2834	49.7979	0
TCERG1	0.8797	93.579	4
TCERG1L	0.2543	47.0771	1
TCF15	0.27	48.6163	3
TCF21	0.1036	28.9853	3
TCF7L1	0.2502	46.7351	5
TCFL5	0.4703	66.5164	3
TCIRG1	0.2233	44.3408	4
TCP1	0.8354	91.0344	3
TDG	0.154	36.3288	4
TDO2	0.0683	22.4606	3
TDP1	0.6024	77.0833	4
TDRD1	0.0628	20.9888	2
TDRD3	0.442	63.9303	2
TDRD5	0.0301	9.7067	1
TDRD6	0.1905	40.967	2
TDRD7	0.6009	76.9641	1
TDRKH	0.3519	55.908	2
TDRP	0.5078	69.7502	1
TEAD1	0.2752	49.119	5
TEAD3	0.1396	34.4994	4
TEAD4	0.1058	29.3325	4
TECPR1	0.6178	78.2183	2
TECTA	0.6623	81.1723	3
TEDC1	0.2472	46.4397	2
TEF	0.4501	64.6507	3
TENM1	0.5352	71.8284	3
TENM2	0.8925	94.346	3
TENM4	0.7413	85.9971	3
TENT2	0.2657	48.1965	0
TENT4A	0.7083	84.1833	3
TENT4B	0.3513	55.8561	2
TENT5A	0.5265	71.1443	1
TENT5C	0.3534	56.0116	2
TERB2	0.0228	6.1463	0
TERF1	0.1427	34.9658	4
TERF2	0.3697	57.4886	4
TERF2IP	0.4752	66.9621	4
TESK1	0.4077	60.8261	3
TESK2	0.2374	45.5639	2
TESPA1	0.1629	37.4793	1
TET1	0.6226	78.5914	4
TET2	0.6275	78.9127	4
TEX10	0.5047	69.4755	2
TEX11	0.0439	15.568	2
TF	0.2476	46.4708	3
TFAM	0.6115	77.7933	5
TFAP2C	0.2872	50.0985	4
TFAP2D	0.3182	52.7311	4
TFAP2E	0.364	56.9289	4
TFAP4	0.497	68.807	4
TFB1M	0.3512	55.8458	3
TFB2M	0.2361	45.4498	3
TFCP2	0.581	75.4871	3
TFCP2L1	0.0494	17.4492	3
TFDP1	0.5779	75.2539	5
TFDP2	0.3202	52.9177	5
TFEB	0.0444	15.7701	4
TFPI	0.1547	36.4221	0
TFPT	0.2651	48.124	3
TFRC	0.1341	33.7894	5
TG	0.0231	6.2241	1
TGFBR3	0.0294	9.3491	4
TGFBRAP1	0.3792	58.3074	1
TGM1	0.0479	16.9672	3
TGM3	0.0393	13.8526	1
TGM7	0.0236	6.5143	0
TGOLN2	0.1655	37.7643	2
THAP11	0.6851	82.67	2
THAP12	0.3771	58.1675	1
THAP4	0.5076	69.7243	1
THBS1	0.2559	47.2222	5
THBS2	0.0385	13.5468	3
THOC1	0.7692	87.4948	3
THPO	0.0427	15.2208	1
THRAP3	0.3857	58.8879	4
THRB	0.9561	97.9892	5
THSD7A	0.4489	64.5833	1
THY1	0.1582	36.8988	3
TIA1	0.3138	52.3684	3
TIAL1	0.8441	91.5682	3
TIAM2	0.4218	62.0854	3
TICAM1	0.0514	18.0504	5
TIGD3	0.084	25.5701	1
TIMM21	0.3584	56.4521	3
TIMM22	0.8622	92.5373	2
TIMP2	0.0893	26.4925	3
TIMP3	0.1722	38.6505	2
TINAGL1	0.0635	21.165	1
TIPARP	0.2224	44.2112	3
TIPRL	0.7471	86.3495	0
TJP1	0.5669	74.3937	4
TJP3	0.0399	14.1221	2
TKTL1	0.2406	45.8126	0
TLCD3B	0.4	60.1057	0
TLCD4	0.3663	57.2088	0
TLE1	0.5845	75.7722	5
TLE2	0.1762	39.2309	4
TLE4	0.8051	89.4071	4
TLE5	0.2531	47.0097	3
TLK1	0.8811	93.6619	3
TLL1	0.2135	43.3147	2
TLN1	0.4358	63.3551	4
TLN2	0.8005	89.1376	3
TLNRD1	0.2743	49.0672	0
TLR3	0.0806	24.8445	4
TLR4	0.1159	30.9598	4
TLR7	0.0619	20.8074	3
TLX1	0.1063	29.4258	3
TLX2	0.0785	24.3729	3
TLX3	0.6976	83.4888	4
TM2D3	0.8671	92.7653	1
TM4SF19	0.0415	14.8114	1
TM9SF2	0.8212	90.2933	2
TM9SF3	0.8647	92.6202	0
TMA7	0.4037	60.4789	0
TMBIM6	0.1911	41.0292	2
TMC2	0.3022	51.3526	3
TMCC1	0.6738	81.8719	1
TMCC2	0.618	78.2649	0
TMED10	0.4829	67.5114	3
TMED2	0.6508	80.4364	3
TMEFF1	0.6363	79.5139	0
TMEFF2	0.4268	62.5881	1
TMEM100	0.0287	9.0537	1
TMEM108	0.5753	75.0777	2
TMEM11	0.4187	61.8159	3
TMEM114	0.1084	29.7523	0
TMEM121B	0.258	47.4192	0
TMEM130	0.3275	53.6018	0
TMEM131	0.4862	67.7705	0
TMEM131L	0.2414	45.8903	1
TMEM132B	0.6631	81.2344	0
TMEM132C	0.4029	60.37	0
TMEM132D	0.1576	36.8263	0
TMEM132E	0.3048	51.6325	0
TMEM134	0.3702	57.5145	0
TMEM135	0.5909	76.2386	2
TMEM144	0.2824	49.7046	0
TMEM145	0.5632	74.0672	0
TMEM151A	0.5307	71.5071	1
TMEM151B	0.5417	72.3725	1
TMEM163	0.8393	91.2832	3
TMEM164	0.6127	77.8711	0
TMEM169	0.5215	70.7504	0
TMEM176A	0.0207	5.027	0
TMEM178A	0.7529	86.6345	1
TMEM178B	0.7554	86.7745	0
TMEM179	0.4537	65.0238	0
TMEM184A	0.0434	15.4229	1
TMEM184C	0.6117	77.8192	0
TMEM185A	0.3479	55.5607	1
TMEM185B	0.5888	76.0935	0
TMEM186	0.6249	78.7313	3
TMEM196	0.5228	70.8541	1
TMEM201	0.3954	59.6963	1
TMEM203	0.7407	85.9297	0
TMEM204	0.0665	21.9942	0
TMEM229A	0.5089	69.8331	0
TMEM230	0.4008	60.1679	1
TMEM235	0.5716	74.7409	0
TMEM248	0.3841	58.7583	0
TMEM255B	0.1884	40.7857	0
TMEM259	0.3249	53.353	0
TMEM260	0.9262	96.0717	2
TMEM278	0.1396	34.5046	1
TMEM38B	0.5062	69.6414	3
TMEM39A	0.3829	58.6546	1
TMEM39B	0.4523	64.8891	1
TMEM42	0.2812	49.575	0
TMEM43	0.2817	49.6165	2
TMEM51	0.2427	46.0044	0
TMEM53	0.5171	70.4187	2
TMEM59L	0.403	60.4011	0
TMEM74	0.3985	59.9347	1
TMEM74B	0.2804	49.4921	0
TMEM92	0.0466	16.4386	0
TMEM98	0.1956	41.506	2
TMLHE	0.7627	87.158	3
TMOD1	0.2708	48.7096	3
TMPRSS2	0.0124	1.2075	3
TMPRSS4	0.0282	8.8619	1
TMPRSS6	0.033	11.2044	2
TMPRSS9	0.0389	13.692	0
TMSB10	0.2426	45.9836	1
TMSB15B	0.0618	20.709	1
TMSB4X	0.1763	39.262	3
TMUB1	0.3822	58.5873	0
TNC	0.4984	68.9314	4
TNF	0.0202	4.8093	4
TNFAIP2	0.0637	21.2272	0
TNFAIP3	0.0465	16.4179	3
TNFRSF11B	0.0813	24.9482	2
TNFRSF1A	0.1533	36.251	4
TNFRSF25	0.1816	39.9409	1
TNFRSF8	0.013	1.4459	2
TNFSF11	0.0252	7.4212	2
TNFSF13B	0.0422	15.0394	0
TNFSF4	0.0383	13.3758	1
TNFSF8	0.0116	0.9276	0
TNIP1	0.0488	17.2834	3
TNK2	0.3507	55.825	3
TNKS	0.7001	83.6754	4
TNKS2	0.5596	73.7873	3
TNN	0.025	7.3331	3
TNNI3	0.0326	11.0075	4
TNNT1	0.0298	9.5875	2
TNP1	0.0154	2.4565	2
TNP2	0.0381	13.3188	2
TNPO1	0.8861	93.9884	3
TNPO3	0.9386	96.9735	2
TNRC18	0.3933	59.4735	1
TNRC6A	0.4954	68.6204	1
TNRC6C	0.8775	93.4546	1
TNS1	0.0466	16.4231	1
TNS2	0.0508	17.8431	3
TNS3	0.2139	43.3665	3
TNXB	0.1408	34.6963	4
TOB1	0.2895	50.2954	2
TOB2	0.3482	55.5866	2
TOMM20	0.6333	79.3014	3
TOMM22	0.3087	51.9538	3
TOMM40	0.4647	66.0655	4
TOMM7	0.2493	46.6522	2
TOMM70	0.4943	68.5375	3
TONSL	0.3675	57.2813	1
TOP1	0.7665	87.3549	4
TOP2A	0.2773	49.2589	4
TOP2B	0.9209	95.7452	3
TOP3B	0.3906	59.2817	3
TOPAZ1	0.129	33.0535	0
TOPBP1	0.4128	61.2821	4
TOR3A	0.3429	55.0788	1
TOX	0.5222	70.8022	2
TOX2	0.1179	31.2966	2
TOX3	0.2659	48.2224	3
TOX4	0.5658	74.3211	2
TP53	0.5526	73.1913	5
TP53BP1	0.7106	84.3128	4
TP53BP2	0.6508	80.4312	5
TP53INP2	0.3147	52.4306	3
TP53TG5	0.085	25.767	2
TPBGL	0.43	62.8524	1
TPCN1	0.2243	44.4496	5
TPCN2	0.4377	63.5417	5
TPD52	0.4578	65.4177	3
TPGS1	0.3724	57.7529	2
TPH2	0.1812	39.8995	3
TPM1	0.2001	41.9776	5
TPM4	0.0614	20.6571	5
TPO	0.4628	65.8789	2
TPPP	0.5247	71.0251	3
TPR	0.8392	91.278	5
TPRG1L	0.3026	51.4303	2
TPRN	0.327	53.5551	2
TPT1	0.3243	53.296	2
TPX2	0.44	63.7542	4
TRABD2B	0.0707	22.9115	1
TRAF2	0.1903	40.9567	4
TRAF3	0.4072	60.7743	4
TRAF3IP2	0.0572	19.6621	2
TRAF4	0.3958	59.7378	2
TRAF6	0.4416	63.8785	5
TRAM1	0.1716	38.609	3
TRAM2	0.0519	18.2421	2
TRANK1	0.5502	72.9892	0
TRAP1	0.5921	76.3423	5
TRAPPC1	0.8377	91.1899	3
TRAPPC5	0.8335	90.91	2
TRAPPC8	0.724	85.0228	2
TRDMT1	0.4822	67.4337	3
TRDN	0.1949	41.4386	4
TRERF1	0.4143	61.391	3
TRH	0.1397	34.5201	1
TRIB1	0.068	22.3932	4
TRIB2	0.4805	67.3145	3
TRIM11	0.3268	53.5241	1
TRIM16	0.0583	19.9316	2
TRIM17	0.0757	23.8961	2
TRIM2	0.9417	97.16	3
TRIM24	0.8381	91.2054	4
TRIM26	0.3356	54.3792	3
TRIM27	0.2954	50.7929	3
TRIM28	0.3934	59.4838	4
TRIM29	0.0091	0.3058	2
TRIM3	0.8661	92.6721	2
TRIM33	0.8521	92.0035	3
TRIM36	0.3507	55.8147	2
TRIM39	0.357	56.2759	2
TRIM41	0.3528	55.965	1
TRIM44	0.4426	63.9977	1
TRIM46	0.7978	88.9874	2
TRIM47	0.386	58.9293	0
TRIM52	0.2949	50.7463	2
TRIM64B	0.0796	24.5854	1
TRIM67	0.8986	94.6725	1
TRIM7	0.1271	32.784	1
TRIM72	0.1074	29.5916	3
TRIM73	0.2588	47.5228	0
TRIM9	0.9025	94.8383	2
TRIR	0.3164	52.5705	2
TRMT10C	0.6447	80.0218	4
TRMT1L	0.5896	76.135	2
TRMU	0.9279	96.1857	1
TRPA1	0.0472	16.6615	3
TRPC1	0.4263	62.5259	5
TRPC3	0.3043	51.5599	5
TRPC4	0.2635	47.9892	5
TRPC4AP	0.3418	54.9699	2
TRPC5	0.7481	86.4169	5
TRPC6	0.206	42.5425	5
TRPC7	0.1802	39.7492	4
TRPM5	0.0197	4.5968	3
TRPM7	0.7595	87.0077	5
TRPV1	0.4013	60.2094	3
TRPV3	0.1078	29.6383	4
TRPV6	0.0755	23.8495	2
TRUB2	0.5003	69.0817	2
TSC22D1	0.5319	71.5848	3
TSC22D2	0.4993	69.0298	1
TSC22D4	0.3432	55.1047	2
TSG101	0.4724	66.7081	4
TSGA10	0.0626	20.9422	1
TSHR	0.3013	51.249	3
TSHZ2	0.1472	35.4789	2
TSKS	0.0104	0.6167	1
TSN	0.7671	87.4015	3
TSPAN12	0.0454	16.1329	1
TSPAN13	0.7321	85.4426	0
TSPAN14	0.5236	70.9214	3
TSPAN17	0.4395	63.692	0
TSPAN18	0.306	51.7309	1
TSPAN4	0.1862	40.5058	2
TSPAN5	0.8302	90.739	3
TSPAN9	0.2575	47.3881	1
TSPEAR	0.0469	16.5578	1
TSPY1	0.0286	9.0278	1
TSPYL1	0.539	72.1289	1
TSPYL2	0.115	30.8199	4
TSSK6	0.0803	24.7823	3
TTBK1	0.9011	94.7657	3
TTC1	0.4959	68.6982	1
TTC13	0.5872	75.9484	0
TTC17	0.6595	80.9909	1
TTC21B	0.6352	79.4206	3
TTC23	0.1628	37.443	2
TTC28	0.6818	82.4264	1
TTC3	0.5708	74.6735	1
TTC31	0.4178	61.7123	0
TTC39C	0.3203	52.9333	1
TTC7B	0.8147	89.9098	1
TTC9B	0.6085	77.5238	0
TTK	0.2823	49.6891	4
TTL	0.6855	82.6855	2
TTLL3	0.3744	57.9136	3
TTLL7	0.707	84.1055	2
TTR	0.0215	5.4519	2
TTYH1	0.6587	80.9339	3
TTYH3	0.62	78.4152	3
TUB	0.8448	91.5941	2
TUBA1B	0.472	66.6511	4
TUBA1C	0.1742	38.9148	4
TUBA3E	0.025	7.3228	3
TUBA4A	0.6375	79.5709	5
TUBAL3	0.0174	3.524	3
TUBB4B	0.7183	84.7015	3
TUBG2	0.7861	88.4173	4
TUBGCP3	0.6572	80.8043	3
TUBGCP5	0.1651	37.7436	2
TUFM	0.5304	71.4759	3
TULP1	0.1868	40.5887	2
TULP3	0.8816	93.6723	4
TULP4	0.8596	92.3922	1
TUT1	0.5619	73.9998	2
TUT4	0.2821	49.6424	2
TUT7	0.4625	65.8375	1
TVP23B	0.4271	62.6037	1
TWF2	0.2459	46.2998	4
TXLNA	0.4269	62.5985	0
TXLNG	0.5224	70.8281	2
TXN2	0.4895	68.0867	3
TXNDC11	0.3764	58.0794	0
TXNDC9	0.2366	45.5224	0
TXNL1	0.7889	88.5779	1
TXNRD2	0.232	45.0611	4
TYRO3	0.6097	77.6327	3
TYRP1	0.0865	26.0624	4
TYW5	0.4706	66.5475	3
U2AF1	0.8493	91.8429	2
U2AF2	0.9748	99.1656	3
U2SURP	0.8695	92.9104	2
UACA	0.2659	48.2276	3
UAP1	0.4664	66.1847	3
UAP1L1	0.4927	68.4028	2
UBA3	0.3045	51.5858	3
UBA52	0.4322	63.0338	4
UBA7	0.0522	18.3406	3
UBAC2	0.2362	45.4654	1
UBAP1	0.7667	87.3653	3
UBAP2	0.3712	57.6233	2
UBASH3B	0.3901	59.2403	1
UBB	0.3305	53.8816	5
UBC	0.2988	51.0676	3
UBE2B	0.346	55.3431	4
UBE2D1	0.6858	82.7114	4
UBE2D2	0.8348	90.9929	3
UBE2D3	0.6311	79.1822	4
UBE2E1	0.7822	88.1996	4
UBE2E2	0.6994	83.6287	3
UBE2E3	0.6529	80.5711	3
UBE2F	0.6234	78.6329	3
UBE2H	0.9062	95.0508	3
UBE2I	0.646	80.1202	5
UBE2J2	0.2126	43.211	3
UBE2K	0.8126	89.7854	3
UBE2L3	0.8353	91.0292	4
UBE2M	0.6803	82.302	3
UBE2N	0.6584	80.8976	4
UBE2O	0.7509	86.5516	3
UBE2Q1	0.9162	95.5276	2
UBE2QL1	0.9263	96.0769	2
UBE2R2	0.8604	92.444	2
UBE2V1	0.4041	60.4996	3
UBE2Z	0.7064	84.0848	4
UBE3C	0.7665	87.3601	1
UBFD1	0.6618	81.1463	0
UBL5	0.4525	64.915	2
UBN1	0.5478	72.813	3
UBN2	0.666	81.3847	2
UBP1	0.7761	87.8731	3
UBQLN1	0.5415	72.3466	4
UBQLN2	0.6719	81.7942	3
UBQLN4	0.7469	86.3391	3
UBR2	0.6515	80.4778	1
UBR3	0.7458	86.2666	0
UBR4	0.9028	94.859	2
UBR5	0.9576	98.0929	3
UBTD2	0.6663	81.3951	0
UBXN7	0.5631	74.0464	2
UCHL1	0.7737	87.7695	3
UCHL5	0.6511	80.4571	3
UCK2	0.7557	86.8056	2
UCN	0.4192	61.8677	2
UCP2	0.3557	56.1982	4
UGCG	0.6083	77.4979	3
UGGT1	0.6317	79.2133	3
UGT2B7	0.0129	1.3682	4
UGT8	0.5326	71.6159	3
UHRF1	0.2952	50.7774	4
UHRF2	0.6763	82.0222	4
UIMC1	0.2545	47.0875	4
ULBP1	0.1934	41.2573	0
ULK1	0.5612	73.9324	5
ULK2	0.7282	85.2456	3
ULK4	0.0718	23.1084	2
UNC13A	0.9802	99.4921	3
UNC13B	0.3227	53.1302	5
UNC13C	0.8699	92.9467	3
UNC13D	0.0643	21.3775	2
UNC45B	0.065	21.5848	0
UNC5A	0.7129	84.4476	3
UNC5B	0.2866	50.0622	3
UNC5D	0.6211	78.4929	3
UNC93B1	0.0285	9.0019	3
UNCX	0.6837	82.5819	2
UNK	0.5347	71.7869	1
UPB1	0.1428	34.9865	5
UPF1	0.9695	98.8391	4
UPF2	0.797	88.9304	4
UPK3A	0.0381	13.2929	2
UPP2	0.1601	37.1217	2
UQCC3	0.7579	86.9248	4
UQCR10	0.4777	67.0968	4
UQCR11	0.3177	52.6741	4
UQCRB	0.7372	85.7328	4
UQCRC2	0.9344	96.6522	4
UQCRFS1	0.4185	61.7952	4
UQCRH	0.3018	51.306	4
UQCRQ	0.6163	78.1043	4
URI1	0.3087	51.959	2
USF2	0.3861	58.9345	4
USF3	0.5921	76.3371	3
USH1C	0.2524	46.932	3
USH1G	0.0841	25.5856	3
USP1	0.2028	42.2419	4
USP10	0.266	48.2587	3
USP11	0.777	87.9146	3
USP12	0.7094	84.2403	2
USP13	0.2343	45.284	3
USP14	0.6976	83.494	2
USP15	0.3876	59.0485	2
USP16	0.445	64.2724	4
USP17L2	0.0492	17.387	3
USP18	0.0449	15.9515	2
USP19	0.5956	76.6117	3
USP2	0.1979	41.7392	2
USP21	0.5383	72.0616	1
USP22	0.6922	83.1623	3
USP24	0.9092	95.2218	2
USP25	0.4919	68.3354	2
USP28	0.2415	45.9059	3
USP3	0.6212	78.5085	3
USP30	0.5201	70.6416	3
USP31	0.52	70.626	1
USP32	0.6832	82.5197	0
USP33	0.541	72.3103	3
USP34	0.8287	90.682	3
USP36	0.4173	61.6553	2
USP37	0.5465	72.6627	3
USP38	0.4367	63.4173	1
USP42	0.4445	64.2309	3
USP44	0.018	3.7883	3
USP45	0.2618	47.8493	3
USP46	0.9539	97.8286	2
USP47	0.8825	93.7293	3
USP48	0.4886	67.983	2
USP49	0.3215	53.0732	1
USP5	0.7246	85.0591	2
USP53	0.1049	29.1459	2
USP54	0.4881	67.9467	0
USP6	0.0154	2.4824	1
USP6NL	0.4396	63.7179	4
USP8	0.6967	83.437	4
USP9Y	0.6513	80.4674	2
UST	0.2464	46.3516	4
UTF1	0.0402	14.2257	2
UTP14A	0.3864	58.9656	2
UTP15	0.6091	77.5705	3
UTP20	0.6054	77.3062	3
UTP6	0.6203	78.4256	2
UTRN	0.4162	61.562	4
UTY	0.272	48.8806	3
UVRAG	0.1156	30.9183	4
VAMP3	0.2736	49.005	3
VAMP4	0.4432	64.0806	3
VAMP7	0.4549	65.1534	3
VAPA	0.5859	75.8758	4
VAPB	0.3015	51.2645	5
VASH1	0.75	86.5102	2
VASP	0.0198	4.6486	4
VAT1	0.3654	57.0792	2
VAT1L	0.5536	73.2794	0
VAV1	0.0844	25.6634	3
VAX1	0.2823	49.6942	3
VCAN	0.2595	47.5954	3
VCF1	0.1009	28.55	0
VCL	0.3311	53.9076	4
VCP	0.9365	96.7869	4
VCPIP1	0.6886	82.9084	3
VDAC1	0.3863	58.9449	5
VDAC2	0.3858	58.9086	4
VDAC3	0.3739	57.8773	5
VEGFC	0.0419	14.8995	3
VEZT	0.4223	62.1372	0
VGF	0.4709	66.5786	2
VGLL2	0.0447	15.8789	2
VHLL	0.0559	19.3874	0
VIL1	0.0244	7.0325	3
VIM	0.0585	19.9679	4
VIP	0.0764	24.0205	4
VIPR1	0.041	14.5782	2
VIRMA	0.2903	50.342	2
VKORC1L1	0.3421	55.0062	2
VMA12	0.3444	55.198	2
VMA21	0.7931	88.7801	2
VMP1	0.3565	56.2396	3
VPS13C	0.5449	72.5798	2
VPS18	0.6656	81.3588	4
VPS26A	0.4573	65.3659	3
VPS26B	0.7204	84.8466	2
VPS29	0.6972	83.4525	3
VPS36	0.4142	61.3806	3
VPS39	0.4248	62.3756	5
VPS45	0.8971	94.5792	3
VPS4B	0.4067	60.7017	4
VPS50	0.9373	96.8387	1
VPS51	0.7585	86.961	3
VPS52	0.506	69.5999	3
VPS54	0.5901	76.166	3
VPS72	0.5189	70.5379	2
VRTN	0.0687	22.5384	2
VSIG4	0.0268	8.1519	0
VSIR	0.0206	5.0062	1
VSNL1	0.8755	93.3147	0
VSTM2A	0.6545	80.654	2
VSTM2B	0.535	71.8128	0
VSTM2L	0.6282	78.9542	1
VSTM5	0.4444	64.2102	2
VSX1	0.1943	41.3505	3
VTI1A	0.4145	61.4065	3
VTI1B	0.3381	54.6331	2
VWA1	0.2821	49.6476	2
VWA3B	0.0375	13.1219	0
VWA5B2	0.3662	57.1776	0
VWA7	0.0501	17.6565	0
VWA8	0.8836	93.8018	1
VWC2	0.4021	60.2819	1
VWC2L	0.809	89.5989	1
VWF	0.1166	31.0842	4
WAPL	0.4966	68.7656	2
WAS	0.0628	21.0147	5
WASF2	0.0855	25.8966	4
WASF3	0.4957	68.6878	4
WASL	0.3357	54.3947	5
WBP11	0.9288	96.2531	4
WBP2	0.1692	38.2463	3
WDFY4	0.0212	5.3275	0
WDR1	0.4486	64.5574	2
WDR13	0.639	79.6694	0
WDR18	0.6782	82.1362	3
WDR20	0.6562	80.7577	3
WDR25	0.2822	49.6735	0
WDR33	0.7416	86.0178	3
WDR43	0.4158	61.5205	3
WDR44	0.8431	91.4801	3
WDR47	0.8971	94.5896	1
WDR48	0.7248	85.0694	5
WDR49	0.1035	28.9697	0
WDR7	0.8187	90.0912	1
WDR72	0.0404	14.319	0
WDR75	0.4907	68.2007	3
WDR77	0.1808	39.801	3
WDR82	0.8269	90.5887	2
WDR87	0.0394	13.9407	0
WDR91	0.3952	59.6652	2
WDR93	0.0275	8.4888	0
WDTC1	0.9045	94.9679	2
WEE1	0.3656	57.1155	4
WFDC1	0.1428	34.9762	1
WHRN	0.4661	66.1692	3
WIF1	0.2425	45.9733	3
WIPF1	0.072	23.1602	3
WIPF3	0.3711	57.613	1
WIZ	0.5254	71.0562	3
WNK1	0.6376	79.5761	4
WNK2	0.596	76.6428	3
WNT2	0.0179	3.7262	3
WNT3A	0.0604	20.4498	4
WNT4	0.3796	58.3541	4
WNT5B	0.2634	47.9685	4
WNT6	0.0979	28.0214	4
WNT9A	0.0651	21.6262	3
WNT9B	0.039	13.7593	3
WRN	0.3927	59.4165	4
WRNIP1	0.5193	70.5639	2
WSB2	0.7576	86.8937	1
WSCD2	0.3433	55.1099	1
WTAP	0.4916	68.2836	3
WWC1	0.7423	86.0748	5
WWC2	0.34	54.7989	2
WWC3	0.3764	58.0898	2
WWP1	0.6335	79.317	4
WWP2	0.3601	56.618	5
WWTR1	0.0971	27.8452	4
XAB2	0.6878	82.8617	3
XIAP	0.8503	91.8895	5
XIRP1	0.0469	16.5423	1
XK	0.1577	36.8418	2
XKR4	0.4429	64.0288	0
XKR6	0.1317	33.4318	0
XKR7	0.4193	61.8885	0
XPNPEP1	0.6142	77.9695	3
XPNPEP2	0.0306	9.9917	3
XPNPEP3	0.9034	94.885	1
XPO1	0.9554	97.9322	4
XPO4	0.5989	76.8657	3
XPO5	0.5809	75.482	4
XPO6	0.505	69.5118	2
XPO7	0.9436	97.2533	2
XPOT	0.418	61.7382	2
XPR1	0.9233	95.9007	1
XRCC5	0.3498	55.7369	4
XRCC6	0.2407	45.823	4
XRN1	0.4826	67.4907	3
XRN2	0.3792	58.3126	4
XRRA1	0.1507	35.9297	1
YAF2	0.391	59.3025	3
YARS2	0.8918	94.2942	5
YBX1	0.1794	39.6352	4
YBX2	0.0551	19.1231	2
YBX3	0.0225	5.9961	3
YEATS2	0.5593	73.7614	3
YEATS4	0.6987	83.5769	3
YES1	0.341	54.887	4
YLPM1	0.7541	86.7019	2
YME1L1	0.663	81.2189	3
YPEL2	0.806	89.4745	0
YPEL3	0.7718	87.6399	1
YPEL5	0.8512	91.9258	1
YTHDC1	0.4655	66.1225	2
YTHDC2	0.417	61.6345	0
YTHDF1	0.4145	61.4221	1
YTHDF2	0.6173	78.1768	2
YTHDF3	0.4214	62.044	1
YWHAB	0.7258	85.1109	4
YWHAH	0.7711	87.5933	5
YWHAQ	0.5928	76.4096	4
YWHAZ	0.8646	92.615	5
ZBBX	0.1447	35.1938	0
ZBED11	0.1767	39.3087	0
ZBED8L	0.1738	38.8941	0
ZBTB1	0.4604	65.6976	3
ZBTB10	0.6594	80.9857	3
ZBTB12	0.6222	78.5759	2
ZBTB14	0.6078	77.4513	3
ZBTB16	0.1956	41.5164	5
ZBTB17	0.3678	57.3176	4
ZBTB2	0.6441	79.9803	2
ZBTB26	0.671	81.7527	2
ZBTB33	0.4004	60.1264	3
ZBTB34	0.7532	86.6553	1
ZBTB35	0.1708	38.438	1
ZBTB37	0.5535	73.2691	2
ZBTB38	0.3953	59.6756	3
ZBTB4	0.4382	63.5935	3
ZBTB40	0.4737	66.8221	2
ZBTB41	0.7692	87.4896	2
ZBTB42	0.1949	41.4594	2
ZBTB43	0.4741	66.8532	3
ZBTB44	0.5859	75.8655	0
ZBTB46	0.437	63.4588	3
ZBTB47	0.4739	66.8325	2
ZBTB6	0.4036	60.4737	2
ZBTB7B	0.0836	25.4405	3
ZBTB7C	0.0902	26.6739	2
ZBTB8B	0.3288	53.7002	2
ZC3H10	0.2076	42.7083	2
ZC3H11A	0.4348	63.2722	3
ZC3H12A	0.0202	4.7937	3
ZC3H12B	0.5398	72.217	1
ZC3H12C	0.3902	59.2558	1
ZC3H13	0.3796	58.3437	2
ZC3H14	0.3374	54.5657	1
ZC3H15	0.5875	75.9847	2
ZC3H18	0.5646	74.1864	0
ZC3H4	0.5997	76.8968	1
ZC3H6	0.5062	69.6362	1
ZC3H7A	0.624	78.6795	1
ZC3H7B	0.7257	85.1057	1
ZC3HAV1	0.1188	31.4573	3
ZCCHC14	0.5947	76.5651	0
ZCCHC2	0.5081	69.7813	0
ZCCHC24	0.4612	65.7494	0
ZCCHC8	0.8528	92.045	3
ZCWPW1	0.0168	3.1924	2
ZDHHC14	0.7308	85.3804	0
ZDHHC15	0.8244	90.4592	3
ZDHHC17	0.9042	94.9368	2
ZDHHC2	0.6979	83.5303	4
ZDHHC22	0.593	76.4355	0
ZDHHC3	0.6587	80.9287	4
ZDHHC5	0.3633	56.8719	3
ZDHHC7	0.4295	62.7954	3
ZDHHC8	0.2827	49.7305	2
ZEB1	0.6507	80.4156	4
ZER1	0.8118	89.7595	0
ZFAND2B	0.3653	57.074	0
ZFAND3	0.4907	68.1955	0
ZFAND5	0.4187	61.8056	0
ZFAT	0.2412	45.8696	2
ZFC3H1	0.862	92.5218	1
ZFHX2	0.658	80.8769	2
ZFP14	0.5878	76.0209	3
ZFP36L1	0.13	33.209	4
ZFP36L2	0.2464	46.3464	4
ZFP64	0.5297	71.3879	3
ZFP91	0.6273	78.9076	2
ZFPM1	0.2146	43.4494	4
ZFPM2	0.668	81.5558	5
ZFR	0.9075	95.113	0
ZFR2	0.4425	63.9718	0
ZFTA	0.25	46.7143	2
ZFX	0.868	92.8379	3
ZFYVE1	0.545	72.585	4
ZFYVE28	0.1927	41.1692	0
ZFYVE9	0.36	56.6076	3
ZGPAT	0.5776	75.228	3
ZHX1	0.4879	67.926	2
ZHX2	0.3312	53.9127	3
ZHX3	0.3999	60.0954	3
ZIC5	0.6663	81.4003	3
ZIM2	0.139	34.4268	3
ZKSCAN1	0.4598	65.6302	3
ZKSCAN2	0.4319	63.0027	2
ZKSCAN5	0.4822	67.4389	4
ZMAT2	0.8717	93.0659	2
ZMAT4	0.7124	84.4165	0
ZMIZ2	0.4966	68.7448	2
ZMYM4	0.8605	92.4492	0
ZMYM5	0.5837	75.7048	1
ZMYM6	0.4093	60.9556	0
ZMYND19	0.428	62.6762	0
ZNF106	0.3254	53.41	0
ZNF112	0.5938	76.477	4
ZNF141	0.6792	82.2295	3
ZNF143	0.4833	67.5269	4
ZNF146	0.6954	83.3593	3
ZNF157	0.1106	30.1358	1
ZNF18	0.3233	53.182	3
ZNF182	0.537	71.932	2
ZNF184	0.605	77.2699	4
ZNF207	0.4287	62.7177	3
ZNF217	0.4888	68.0141	4
ZNF219	0.3779	58.2141	2
ZNF236	0.8266	90.5628	2
ZNF24	0.5101	69.9005	3
ZNF250	0.4939	68.4805	4
ZNF280C	0.5252	71.0406	2
ZNF280D	0.5209	70.6779	2
ZNF281	0.7346	85.5721	3
ZNF287	0.6051	77.2751	3
ZNF296	0.0895	26.5392	3
ZNF3	0.4637	65.967	4
ZNF318	0.2285	44.7968	2
ZNF319	0.4873	67.8742	3
ZNF322	0.4345	63.2152	2
ZNF326	0.5564	73.5541	2
ZNF331	0.1887	40.8064	4
ZNF362	0.7322	85.4529	2
ZNF365	0.1945	41.3764	2
ZNF367	0.2046	42.4129	2
ZNF384	0.4657	66.1381	3
ZNF385B	0.1767	39.2983	1
ZNF395	0.318	52.7	3
ZNF408	0.6133	77.9125	2
ZNF410	0.5274	71.1909	3
ZNF420	0.4321	63.0182	3
ZNF428	0.5995	76.8916	0
ZNF441	0.6265	78.8609	4
ZNF445	0.6079	77.472	4
ZNF460	0.3528	55.9598	4
ZNF469	0.4143	61.3858	1
ZNF483	0.3378	54.602	3
ZNF488	0.2383	45.6364	2
ZNF496	0.6815	82.4057	3
ZNF503	0.1687	38.1582	2
ZNF507	0.5328	71.647	3
ZNF512	0.528	71.2583	1
ZNF512B	0.5626	74.0309	3
ZNF513	0.7015	83.7998	3
ZNF516	0.2456	46.2635	4
ZNF517	0.5281	71.2687	4
ZNF518A	0.5923	76.3733	2
ZNF518B	0.5564	73.5489	2
ZNF521	0.8908	94.232	4
ZNF528	0.6247	78.7158	3
ZNF532	0.7687	87.4689	0
ZNF534	0.2004	42.0346	3
ZNF536	0.7337	85.541	2
ZNF541	0.0464	16.3298	2
ZNF548	0.6129	77.8814	3
ZNF556	0.1291	33.0639	4
ZNF559	0.5692	74.5699	4
ZNF589	0.3582	56.421	4
ZNF599	0.4535	64.9979	4
ZNF608	0.779	88.0182	2
ZNF609	0.7098	84.2765	2
ZNF618	0.5907	76.2127	2
ZNF622	0.4755	66.9724	2
ZNF626	0.4918	68.3199	3
ZNF628	0.1913	41.0448	2
ZNF629	0.7033	83.9189	3
ZNF638	0.6189	78.3323	4
ZNF639	0.5476	72.7871	3
ZNF644	0.8517	91.9776	3
ZNF646	0.2869	50.0725	2
ZNF652	0.5694	74.6061	2
ZNF654	0.508	69.7709	2
ZNF668	0.5304	71.4708	4
ZNF687	0.4549	65.1586	0
ZNF692	0.4602	65.6665	3
ZNF697	0.1559	36.5931	3
ZNF704	0.4329	63.1063	4
ZNF710	0.5062	69.6466	3
ZNF713	0.5492	72.9219	4
ZNF746	0.2343	45.2892	4
ZNF750	0.0176	3.6432	4
ZNF768	0.5026	69.2527	3
ZNF770	0.1927	41.1743	4
ZNF774	0.6085	77.5135	3
ZNF777	0.7028	83.8775	3
ZNF800	0.3753	57.9861	1
ZNF804A	0.5401	72.2274	2
ZNF81	0.3199	52.8918	2
ZNF821	0.4377	63.5468	2
ZNF827	0.6741	81.903	3
ZNFX1	0.7445	86.1837	2
ZNG1B	0.1518	36.0593	3
ZNG1E	0.1114	30.2705	3
ZNHIT1	0.3874	59.0381	2
ZNRF1	0.6354	79.4361	1
ZNRF3	0.6462	80.1358	3
ZP2	0.0534	18.693	2
ZPR1	0.5116	70.0041	2
ZRANB1	0.8106	89.6922	3
ZRANB2	0.4665	66.1899	0
ZRANB3	0.175	39.0806	1
ZRSR2	0.8684	92.8586	2
ZSCAN10	0.3659	57.1466	4
ZSCAN20	0.2855	49.9793	2
ZSCAN25	0.4372	63.4743	3
ZSWIM5	0.633	79.2807	0
ZSWIM7	0.5968	76.7154	1
ZSWIM8	0.7983	89.0133	1
ZSWIM9	0.2053	42.4751	0
ZWILCH	0.106	29.3636	1
ZXDB	0.1484	35.6551	2
ZYG11B	0.9136	95.4291	0
ZZEF1	0.5728	74.886	0
ZZZ3	0.4931	68.4339	3
